Index,data,codice,id_hash,URL,Title,Min Words Matched,Percent Matched,Words Matched (Full),Text Snippet,View URL
1,2026-09-28T11:42:13.264155,OCCDISPROGIU2026,74be3b8beb34752637237ef85d70d850fddfd66b58247b637349562242eec3bf,https://www.giornaledellepmi.it/occupati-fermi-ma-crescono-i-disoccupati-giugno-segna-linversione-di-tendenza-per-il-lavoro/,"Occupati fermi, ma crescono i disoccupati: giugno segna l'inversione di tendenza per il lavoro - Il Giornale delle PMI",172,,,"... La stabilità degli occupati è sintesi dell'aumento tra gli uomini, i dipendenti a termine, i 25-34enni e chi ha almeno 50 anni, e del calo tra le donne, i dipendenti permanenti, gli autonomi, i 15-24enni e i 35-49enni.... La crescita delle persone in cerca di lavoro (+7,2%, pari a +97mila unità) coinvolge gli uomini, le donne e tutte le classi d'età.... Rispetto a giugno 2025, diminuisce sia il numero di persone in cerca di lavoro (-3,6%, pari a -54mila unità) sia quello degli inattivi tra i 15 e i 64 anni (-0,7%, pari a -92mila unità). ... A giugno 2026 il numero di occupati, pari a 24 milioni 310mila, è stabile rispetto al mese precedente. La crescita dei dipendenti a termine (2 milioni 542mila) è compensata dal calo dei dipendenti permanenti (16 milioni 491mila) e degli autonomi (5 milioni 277mila). L'occupazione cresce rispetto a giugno 2025 (+131mila occupati in un anno) per effetto dell'aumento dei dipendenti, permanenti (+98mila) e a termine (+33mila), e della stabilità degli autonomi.",https://eview.copyscape.com/compare/omwg19tyk6/1
2,2026-09-28T11:42:13.264155,OCCDISPROGIU2026,74be3b8beb34752637237ef85d70d850fddfd66b58247b637349562242eec3bf,https://www.confael.net/primo-piano/istat-a-giugno-la-disoccupazione-sale-al-54/,"Istat, a giugno la disoccupazione sale al 5,4% - Confael",62,,,"... Il tasso di occupazione è invariato al 62,9%. La crescita delle persone in cerca di lavoro (+7,2%, pari a +97mila unità) coinvolge gli uomini, le donne e tutte le classi d'età.... milioni 277mila). L'occupazione cresce rispetto a giugno 2025 (+131mila occupati in un anno) per effetto ... dell'aumento dei dipendenti, permanenti (+98mila) e a termine (+33mila), e della stabilità degli autonomi.",https://eview.copyscape.com/compare/omwg19tyk6/2
3,2026-09-28T11:42:13.264155,OCCDISPROGIU2026,74be3b8beb34752637237ef85d70d850fddfd66b58247b637349562242eec3bf,https://formatresearch.com/2026/09/01/occupati-e-disoccupati-istat-luglio-2026-dati-provvisori/,Occupati e disoccupati | ISTAT - Luglio 2026 (dati provvisori) - Format Research,62,,,"... A luglio 2026, su base mensile, il numero degli occupati rimane  stabile e si associa alla diminuzione  dei disoccupati e ... degli inattivi. La stabilità degli occupati è sintesi dell'aumento tra gli uomini, ... i dipendenti permanenti, gli autonomi ... unità), mentre diminuiscono gli inattivi di 15-64 anni (-1,2%, pari ... Tra i 15-24enni e i 35-49enni, invece, gli occupati diminuiscono.... La crescita dell'occupazione rispetto a luglio 2025 (+307mila occupati in un anno) è sintesi  dell'aumento dei dipendenti permanenti (+303mila) e degli autonomi (+85mila) e della diminuzione dei dipendenti a termine (-82mila).",https://eview.copyscape.com/compare/omwg19tyk6/3
4,2026-09-28T11:42:13.264155,OCCDISPROGIU2026,74be3b8beb34752637237ef85d70d850fddfd66b58247b637349562242eec3bf,https://www.lastampa.it/economia/2026/07/02/news/istat_calano_occupati_maggio-15677685/,"Istat, calano gli occupati: -22mila a maggio. Sale il tasso di inattivi - La Stampa",56,,,"... Tra i 25-34enni e i 35-49enni, il numero di disoccupati è in crescita. E la crescita  degli inattivi tra i 15 e i 64 anni (+0,5%, pari a 59 mila persone in più)  riguarda entrambi i sessi e tutte le classi d'età, salvo quella dei 25-34enni.... Insomma, meno persone in cerca di lavoro (-1,7%, pari a un calo di 22 mila unità). Un fenomeno che si osserva «per  le donne, i 15-24enni e coloro che hanno  almeno 50 anni», prosegue la nota.... Come spiega l'Istat, la diminuzione «è determinata dai soli dipendenti a termine (2 milioni 388 mila), a fronte della crescita tra i dipendenti permanenti (... Rispetto a un anno fa, comunque, l'occupazione è in aumento (più 228 mila occupati da maggio 2025) come sintesi dell'aumento dei dipendenti permanenti (... 16 milioni 588 mila) e gli autonomi (... più 275 mila unità) e degli autonomi (... 5 milioni 360 mila)». Rispetto a un anno fa, ... saliti di 198 mila) e del calo dei dipendenti a termine (in calo di 244 mila). Sempre di mese in mese, il tasso di disoccupazione scende al 5% (-0,1%, quello giovanile al 15,1%, giù dell'1,3%), mentre  il tasso d'inattività sale al 33,6%. ",https://eview.copyscape.com/compare/omwg19tyk6/4
5,2026-09-28T11:42:13.264155,OCCDISPROGIU2026,74be3b8beb34752637237ef85d70d850fddfd66b58247b637349562242eec3bf,https://www.borsaitaliana.it/borsa/notizie/teleborsa/economia/mercato-lavoro-disoccupazione-in-calo-al-58-e-occupati-stabili-a-luglio-55_2026-09-01_TLB.html,"Mercato lavoro, disoccupazione in calo al 5,8% e occupati stabili a ...",54,,,"... La diminuzione degli inattivi tra ... tasso di inattività rimane invariato al 32,8%.  Rispetto al trimestre precedente, crescono anche le persone in cerca di lavoro (+3,4%, pari a +49mila ... unità), mentre diminuiscono gli inattivi di 15-64 anni (-1,2 ... 49enni, invece, gli occupati diminuiscono. Su base annua il tasso di ... occupazione è invariato al 63,2%. La crescita dei dipendenti permanenti (16 milioni 583mila) e degli autonomi (5 milioni 301mila)  è compensata dal calo dei dipendenti a termine (2 milioni 486mila). L'occupazione risulta in crescita rispetto a luglio 2025 (+307mila  occupati in un anno), ",https://eview.copyscape.com/compare/omwg19tyk6/5
6,2026-09-28T11:42:13.264155,OCCDISPROGIU2026,74be3b8beb34752637237ef85d70d850fddfd66b58247b637349562242eec3bf,https://www.italpress.com/istat-a-giugno-occupazione-stabile/,"Istat, a giugno occupazione stabile",53,,,"... La crescita delle persone in cerca di lavoro (+7,2%, pari a +97mila unità) coinvolge gli uomini, le donne e tutte le classi d'età.... La diminuzione degli inattivi tra ... scende al 33,2% (-0,3 punti). Confrontando il secondo trimestre 2026 con quello precedente si registra un aumento di 116mila occupati (+0,5%).",https://eview.copyscape.com/compare/omwg19tyk6/6
7,2026-09-28T11:42:13.264155,OCCDISPROGIU2026,74be3b8beb34752637237ef85d70d850fddfd66b58247b637349562242eec3bf,https://www.hashtagsicilia.it/2026/08/23/lavoro-a-giugno-occupazione-stabile-ma-cresce-la-disoccupazione-il-tasso-sale-al-57/,"Lavoro, a giugno occupazione stabile ma cresce la disoccupazione: il tasso sale al 5,7% - hashtagsicilia",51,,,"... La crescita delle persone in cerca di lavoro (+7,2%, pari a +97mila unità) coinvolge gli uomini, le donne e tutte le classi d'età.... L'occupazione cresce rispetto a giugno 2025 (+131mila occupati in un anno) per effetto dell'aumento dei dipendenti, permanenti (+98mila) e a termine (+33mila), e della stabilità degli autonomi.",https://eview.copyscape.com/compare/omwg19tyk6/7
8,2026-09-28T11:42:13.264155,OCCDISPROGIU2026,74be3b8beb34752637237ef85d70d850fddfd66b58247b637349562242eec3bf,https://www.gazzettadisalerno.it/lavoro-istat-occupazione-stabile-a-giugno/,"Lavoro, Istat, occupazione stabile a giugno",51,,,"... La crescita delle persone in cerca di lavoro (+7,2%, pari a +97mila unità) coinvolge gli uomini, le donne e tutte le classi d'età.... L'occupazione cresce rispetto a giugno 2025 (+131mila occupati in un anno) per effetto dell'aumento dei dipendenti, permanenti (+98mila) e a termine (+33mila), e della stabilità degli autonomi.",https://eview.copyscape.com/compare/omwg19tyk6/8
9,2026-09-28T11:42:13.264155,OCCDISPROGIU2026,74be3b8beb34752637237ef85d70d850fddfd66b58247b637349562242eec3bf,https://www.agenzianova.com/news/a-luglio-occupazione-stabile-al-632-per-cento-la-disoccupazione-scende-al-58-per-cento/,"A luglio occupazione stabile al 63,2 per cento, la disoccupazione scende al 5,8 per cento",49,,,"... A luglio 2026, su base mensile, il numero degli occupati rimane stabile ... rimane stabile e si associa alla diminuzione  dei disoccupati e degli inattivi. Lo riferisce l'Istat.  La stabilità degli occupati è sintesi dell'aumento tra gli uomini, i dipendenti ... Rispetto al trimestre precedente, crescono anche le persone in cerca di lavoro (+3,4 per cento, pari a +49 mila  unità), mentre diminuiscono gli inattivi di 15-64 anni ",https://eview.copyscape.com/compare/omwg19tyk6/9
10,2026-09-28T11:42:13.264155,OCCDISPROGIU2026,74be3b8beb34752637237ef85d70d850fddfd66b58247b637349562242eec3bf,https://www.giornaledellepmi.it/a-maggio-diminuiscono-occupati-e-disoccupati-crescono-gli-inattivi/,"A maggio diminuiscono occupati e disoccupati, crescono gli inattivi - Il Giornale delle PMI",44,,,"... Rispetto a maggio 2025, diminuisce il numero di persone in cerca di lavoro (-23,8%, pari a -399mila unità) e sale  quello degli inattivi tra i 15 e i 64 anni (+1,5%, pari a +190mila unità). A maggio  2026 il numero di occupati, pari a 24 milioni 336mila, è in calo  rispetto al mese precedente. La diminuzione è determinata dai soli  dipendenti a termine (2 milioni 388mila), a fronte della crescita tra i  dipendenti permanenti (16 milioni 588mila) e gli  autonomi (5 milioni 360mila).",https://eview.copyscape.com/compare/omwg19tyk6/10
11,2026-09-28T11:42:13.264155,OCCDISPROGIU2026,74be3b8beb34752637237ef85d70d850fddfd66b58247b637349562242eec3bf,https://www.cliclavoro.gov.it/sites/default/files/2026-01/CS_Occupati-e-disoccupati_Ottobre_2025.pdf,2 dicembre 2025 Ottobre 2025 OCCUPATI E DISOCCUPATI Dati provvisori,37,,,"... Tra settembre e ottobre 2025, il tasso di occupazione cresce in  tutte le classi d'età ad eccezione dei 25-34enni · per i quali risulta in calo;  il tasso di disoccupazione è in diminuzione nelle classi d'età fino a 49 anni e rimane · stabile tra ... le donne, invece, aumenta il tasso di occupazione (+0,9 punti) e calano... La crescita congiunturale del numero di occupati, registrata a ottobre 2025, coinvolge i dipendenti permanenti... stabile tra chi ha almeno 50 anni; quello di inattività, infine, cresce  tra i 15-34enni e cala nelle altre classi d'età.  Su base annua, il tasso di occupazione diminuisce  tra i 15-34enni e aumenta tra chi ha almeno 35 anni; il tasso · di disoccupazione cala tra i 25-49enni e cresce nelle altre classi d'età; quello di inattività, infine, sale tra i",https://eview.copyscape.com/compare/omwg19tyk6/11
12,2026-09-28T11:42:13.264155,OCCDISPROGIU2026,74be3b8beb34752637237ef85d70d850fddfd66b58247b637349562242eec3bf,https://www.gazzettadinapoli.it/economia-2/lavoro-istat-occupazione-stabile-a-luglio/,"Istat, lavoro, calano disoccupati ed inattivi",34,,,"... A luglio 2026, su base mensile, il numero degli occupati rimane  stabile e si associa alla diminuzione  dei disoccupati e ... degli inattivi. La stabilità degli o... Il tasso di inattività rimane invariato al 32,8%. Confrontando il trimestre maggio-luglio  2026 con quello precedente (febbraio-aprile 2026)  si registra un aumento di 91mila occupati (+0,4%).",https://eview.copyscape.com/compare/omwg19tyk6/12
13,2026-09-28T11:42:13.264155,OCCDISPROGIU2026,74be3b8beb34752637237ef85d70d850fddfd66b58247b637349562242eec3bf,https://www.agenziaentrate.gov.it/portale/documents/d/guest/statisticheomi_res_ii_2025,RESIDENZIALE 2 | 2025 Il mercato delle abitazioni nel II trimestre 2025,34,,,"... Il tasso di · disoccupazione cala al 6,0% (-0,3  punti), quello giovanile al 18,7% (-1,4 punti). La crescita  degli inattivi tra i 15 e i 64 anni (+0,2%, pari a +30mila unità) interessa  le donne, i 25-34enni e chi ha almeno 50 anni; tra gli uomini, compresi tra le fasce di età  15-24enni e ·",https://eview.copyscape.com/compare/omwg19tyk6/13
14,2026-09-28T11:42:13.264155,OCCDISPROGIU2026,74be3b8beb34752637237ef85d70d850fddfd66b58247b637349562242eec3bf,https://www.dottrinalavoro.it/notizie-c/istat-occupati-e-disoccupati-giugno-2026-2,ISTAT: Occupati e Disoccupati – Luglio 2026 | Dottrina Per il Lavoro,33,,,"... A luglio 2026, su base mensile, il numero degli occupati rimane  stabile e si associa alla diminuzione  dei disoccupati e ... degli inattivi. La stabilità degli occupati è sintesi dell'aumento tra gli uomini, ... i dipendenti permanenti, gli autonomi ",https://eview.copyscape.com/compare/omwg19tyk6/14
15,2026-09-28T11:42:13.264155,OCCDISPROGIU2026,74be3b8beb34752637237ef85d70d850fddfd66b58247b637349562242eec3bf,https://www.lapresse.it/economia/2026/07/30/cresce-il-pil-nel-secondo-trimestre-02-la-disoccupazione-a-giugno-sale-al-57/,"Cresce il Pil nel secondo trimestre: + 0,2%. La disoccupazione a giugno sale al 5,7% - LaPresse",29,,,"... comunica l'Istat.A giugno 2026, su base mensile, il numero degli occupati risulta stabile e si associa alla crescita dei disoccupati e alla diminuzione degli inattivi... Il tasso di disoccupazione sale ",https://eview.copyscape.com/compare/omwg19tyk6/15
16,2026-09-28T11:42:13.264155,OCCDISPROGIU2026,74be3b8beb34752637237ef85d70d850fddfd66b58247b637349562242eec3bf,https://teleborsa.ansa.it/notiziario/economia/mercato-lavoro-disoccupazione-in-calo-al-5-8-e-occupati-stabili-a-luglio/,"Mercato lavoro, disoccupazione in calo al 5.,8% e occupati stabili a luglio – teleborsa.ansa.it",27,,,"... E' quanto emerge dall'ultimo rapporto dell'Istat sul mercato del lavoro, da cui emerge che la stabilità degli occupati è sintesi dell'aumento tra gli uomini, i dipendenti permanenti, gli autonomi e i 35-49enni  e del calo tra le donne, i dipendenti a termine e tutte le altre classi d'età.  Il tasso di occupazione è invariato al 63,2%. La crescita dei dipendenti permanenti (16 milioni 583mila) e degli autonomi (5 milioni 301mila) è compensata dal calo dei dipendenti a termine (2 milioni 486mila).",https://eview.copyscape.com/compare/omwg19tyk6/16
17,2026-09-28T11:42:13.264155,OCCDISPROGIU2026,74be3b8beb34752637237ef85d70d850fddfd66b58247b637349562242eec3bf,https://www.avvenire.it/economia/lavoro/disoccupazione-ai-minimi-storici-ma-crescono-gli-inattivi_84231,"Disoccupazione ai minimi storici, ma crescono gli inattivi",27,,,"... Il calo dell'occupazione (-0,1%, pari a -13mila unità) coinvolge gli uomini, i dipendenti a termine e i giovani tra i 15 e 34anni; l'occupazione è invece in crescita  tra le donne, i dipendenti permanenti e chi ha almeno 35 anni di età, rimanendo sostanzialmente stabile tra gli autonomi.  Il tasso di occupazione risulta  invariato al 62,4%, con 24 milioni e 65mila lavoratori. Il numero di  persone in cerca di lavoro diminuisce (-1,6%, pari a -24mila unità) per  le donne e i 25-49enni, mentre aumenta nelle altre classi di età e, seppur lievemente, anche tra gli uomini.",https://eview.copyscape.com/compare/omwg19tyk6/17
18,2026-09-28T11:42:13.264155,OCCDISPROGIU2026,74be3b8beb34752637237ef85d70d850fddfd66b58247b637349562242eec3bf,https://www.nuovogiornalenazionale.com/istat-landamento-delloccupazione/,"Istat, l'andamento dell'occupazione - Nuovo Giornale Nazionale",25,,,"... L'occupazione aumenta rispetto a febbraio 2025 (+13mila occupati in un anno) per effetto della crescita  dei dipendenti permanenti (+52mila) e degli autonomi (+187mila), a fronte del calo dei dipendenti a termine (-226mila). Su base mensile il tasso di occupazione cala al 62,4%,  quello di disoccupazione sale al 5,3%  e il tasso di inattività è stabile al ",https://eview.copyscape.com/compare/omwg19tyk6/18
19,2026-09-28T11:42:13.264155,OCCDISPROGIU2026,74be3b8beb34752637237ef85d70d850fddfd66b58247b637349562242eec3bf,https://www.agenziaentrate.gov.it/portale/documents/d/guest/statisticheomi_res_iv_2025,RESIDENZIALE 4 | 2025 Il mercato delle abitazioni nel IV trimestre 2025,23,,,"... disoccupati associato alla crescita degli inattivi. La diminuzione degli occupati (-0,1%, pari a -20mila unità) coinvolge  gli uomini, i dipendenti · a termine, i 25-34enni e i 35-49enni; il numero di occupati, invece, cresce  tra le donne, gli · autonomi e  i 15-24enni, rimanendo sostanzialmente stabile tra i dipendenti permanenti e · tra chi ha almeno 50 anni d'età.  Il tasso di occupazione scende al 62,5% (-0,1 punti).",https://eview.copyscape.com/compare/omwg19tyk6/19
20,2026-09-28T11:42:13.264155,OCCDISPROGIU2026,74be3b8beb34752637237ef85d70d850fddfd66b58247b637349562242eec3bf,https://www.dottrinalavoro.it/notizie-c/istat-occupati-e-disoccupati-agosto-2025,ISTAT: Occupati e Disoccupati – Agosto 2025 | Dottrina Per il Lavoro,22,,,"... Il tasso di occupazione, in un anno, sale di 0,1 punti percentuali. Rispetto ad agosto 2024, cala  il numero di persone in cerca di lavoro (-4,7%, pari a -75mila unità) ed è sostanzialmente stabile  quello degli inattivi tra i 15 e i 64 anni.",https://eview.copyscape.com/compare/omwg19tyk6/20
21,2026-09-28T11:42:13.264155,OCCDISPROGIU2026,74be3b8beb34752637237ef85d70d850fddfd66b58247b637349562242eec3bf,https://www.industriaitaliana.it/istat-occupazione-calo-inattivi-mercato-lavoro-novembre/,Istat: occupazione in lieve calo e inattivi in aumento. Il mercato del lavoro rallenta a novembre 2025 - Industria Italiana,21,,,"... A novembre 2025 il numero di occupati, pari a 24 milioni 188mila, è in calo  rispetto al mese precedente. La diminuzione coinvolge i  dipendenti a termine (2 milioni 477mila) e gli  autonomi (5 milioni 215mila), mentre risultano sostanzialmente ",https://eview.copyscape.com/compare/omwg19tyk6/21
22,2026-09-28T11:42:13.264155,OCCDISPROGIU2026,74be3b8beb34752637237ef85d70d850fddfd66b58247b637349562242eec3bf,https://askanews.it/2026/03/04/lavoro-a-gennaio-disoccupazione-ai-minimi-di-sempre-scende-al-51/,"Lavoro, a gennaio disoccupazione ai minimi di sempre: scende al 5,1%",20,,,"... Il tasso di occupazione risulta invariato in confronto a un anno prima. A gennaio “ il numero di occupati, pari a 24 milioni 181mila, è in crescita  rispetto al mese precedente. L'aumento coinvolge sia i  dipendenti – permanenti (16 milioni ",https://eview.copyscape.com/compare/omwg19tyk6/22
23,2026-09-28T11:42:13.264155,OCCDISPROGIU2026,74be3b8beb34752637237ef85d70d850fddfd66b58247b637349562242eec3bf,https://www.agenziaentrate.gov.it/portale/documents/d/guest/statisticheomi_res_ii_2026,RESIDENZIALE 2 | 2026 Il mercato delle abitazioni nel II trimestre 2026,19,,,"... Il tasso di inattività rimane ... un aumento di 91mila occupati (+0,4%).  Rispetto al trimestre precedente, crescono anche le persone in cerca di lavoro (+3,4%, pari · a +49mila unità",https://eview.copyscape.com/compare/omwg19tyk6/23
24,2026-09-28T11:42:13.264155,OCCDISPROGIU2026,74be3b8beb34752637237ef85d70d850fddfd66b58247b637349562242eec3bf,https://www.nuovogiornalenazionale.com/istat-andamento-mercato-del-lavoro-a-luglio-2026-dati-provvisori/,"Istat, andamento mercato del lavoro a luglio 2026 - dati provvisori",18,,,"... unità), mentre diminuiscono gli inattivi di 15-64 anni (-1,2%, pari ... 49enni, invece, gli occupati diminuiscono. Su base annua il ",https://eview.copyscape.com/compare/omwg19tyk6/24
25,2026-09-28T11:42:13.264155,OCCDISPROGIU2026,74be3b8beb34752637237ef85d70d850fddfd66b58247b637349562242eec3bf,https://tg24.sky.it/economia/2026/07/30/lavoro-disoccupazione-giugno-istat,"Lavoro, disoccupazione sale al 5,7%, quella giovanile al 18,4%. I dati",18,,,"... milioni 277mila)"". L'occupazione ""cresce rispetto a giugno 2025 ... per effetto dell'aumento dei dipendenti, permanenti (+98mila) e a termine (+ ",https://eview.copyscape.com/compare/omwg19tyk6/25
26,2026-09-28T11:42:13.264155,OCCDISPROGIU2026,74be3b8beb34752637237ef85d70d850fddfd66b58247b637349562242eec3bf,https://www.ilsole24ore.com/art/istat-luglio-occupazione-stabile-scende-disoccupazione-58percento-AJRY5F0,"Istat: a luglio occupazione stabile. Scende la disoccupazione (5,8%) - Il Sole 24 ORE",18,,,"... A luglio il numero di occupati, pari a 24 milioni 370mila, è stabile rispetto al mese precedente. La stabilità degli occupati è sintesi dell'aumento tra gli uomini, i dipendenti permanenti, gli autonomi e i 35-49enni  e del calo tra le donne, ",https://eview.copyscape.com/compare/omwg19tyk6/26
27,2026-09-28T11:42:13.264155,OCCDISPROGIU2026,74be3b8beb34752637237ef85d70d850fddfd66b58247b637349562242eec3bf,https://www.italiaoggi.it/economia-e-politica/lavoro-in-crescita-piu-occupati-e-meno-disoccupati-nel-2026-i-dati-istat-yzdaufr3,Lavoro in crescita: più occupati e meno disoccupati nel 2026. I dati Istat - ItaliaOggi.it,18,,,"... Il numero di occupati, che si attesta  a 24 milioni 207 mila, aumenta su base congiunturale (+67 mila, +0,3% sul quarto trimestre 2025), a seguito della  crescita dei dipendenti a tempo determinato (+9 mila, +0,3%) e, soprattutto, degli indipendenti (+72 mila, +1,4%) più sostenuta del lieve  calo dei dipendenti a tempo indeterminato (-13 mila, -0,1%); si riduce il numero di disoccupati (-110 mila, -7,6% in tre mesi) e aumenta quello degli inattivi di 15-64 anni (+44 mila, +0,4%). Al netto degli effetti stagionali,  il tasso di occupazione sale al 62,7% (+0,2 punti in tre mesi), quello di disoccup",https://eview.copyscape.com/compare/omwg19tyk6/27
28,2026-09-28T11:42:13.264155,OCCDISPROGIU2026,74be3b8beb34752637237ef85d70d850fddfd66b58247b637349562242eec3bf,https://www.italiaoggi.it/economia-e-politica/economia-e-finanza/dati-istat-sul-lavoro-la-crescita-di-occupati-e-inattivi-si-associa-al-calo-dei-disoccupati-amc9gqe8,Dati Istat sul lavoro: la crescita di occupati e inattivi si associa al calo dei disoccupati - ItaliaOggi.it,17,,,"... Il numero di inattivi sale tra i 15-24enni, cala tra i 25-49enni e resta sostanzialmente stabile tra chi ha almeno 50 anni  d'età. Il tasso di inattività sale al 33,9% (+0,1 punti).... A gennaio 2026 il numero di occupati ha raggiunto quota 24 milioni e 181mila, caratterizzato da un trend in crescita  rispetto al mese precedente: l'aumento coinvolge sia i dipendenti – permanenti e a termine – sia gli autonomi.",https://eview.copyscape.com/compare/omwg19tyk6/28
29,2026-09-28T11:42:13.264155,OCCDISPROGIU2026,74be3b8beb34752637237ef85d70d850fddfd66b58247b637349562242eec3bf,https://www.avantionline.it/istat-il-calo-degli-occupati-e-dei-disoccupati-si-associa-alla-crescita-degli-inattivi/,"Istat, il calo degli occupati e dei disoccupati si associa alla crescita degli inattivi - Avanti",17,,,"... Rispetto a dicembre 2024, l'occupazione aumenta (+62mila occupati in un anno), come sintesi della risalita  dei dipendenti permanenti (+161mila) e degli autonomi (+147mila) parzialmente compensata dalla perdita dei dipendenti a termine (-245mila).  Su base mensile, il tasso di occupazione e  quello di disoccupazione scendono al 62,5% e al 5,6% rispettivamente, mentre il tasso di inattività sale al 33,7%.",https://eview.copyscape.com/compare/omwg19tyk6/29
30,2026-09-28T11:42:13.264155,OCCDISPROGIU2026,74be3b8beb34752637237ef85d70d850fddfd66b58247b637349562242eec3bf,https://tg24.sky.it/economia/2026/04/01/lavoro-tasso-disoccupazione-febbraio-istat,"Lavoro, tasso di disoccupazione al 5,3% a febbraio: -29mila occupati. I dati Istat | Sky TG24",16,,,"... del calo dei dipendenti a termine (-226mila). Su base mensile il tasso di occupazione cala al 62,4%,  quello di disoccupazione sale al 5,3%  e il tasso di inattività è stabile al 33,9%"", è ",https://eview.copyscape.com/compare/omwg19tyk6/30
31,2026-09-28T11:42:14.891954,PRECONPROLUG2026,58ad50152255e17f721af3de8710f32291300deeccf656bcd048a0ceb6a2250e,https://formatresearch.com/2026/07/31/inflazione-al-28-istat-prezzi-al-consumo/,"Inflazione al 2,8% | Istat PREZZI AL CONSUMO - Format Research",279,,,"... Secondo le stime preliminari, nel mese di luglio 2026 l'indice nazionale dei prezzi al consumo per l'intera collettività (NIC), al lordo dei tabacchi, registra una variazione pari a +0,2% su base mensile e a +2,8% su base annua (da +3,0% del mese precedente). Il lieve rallentamento dell'inflazione riflette la dinamica dei prezzi degli Alimentari non lavorati (da +4,4% a +3,8%), degli Energetici non regolamentati (da +13,3% a +10,6%) e dei Servizi vari (da +2,5% a +1,8%); in accelerazione sono, invece, i prezzi degli Alimentari lavorati (da -0,2% a +0,2%), degli Energetici regolamentati (da +9,2% a +14,9%) e dei Servizi relativi ai trasporti (da +1,1% a +1,6%).... Nel mese di luglio l'“inflazione di fondo”, al netto degli energetici e degli alimentari freschi, resta stabile a +1,6%, mentre quella al netto dei soli beni energetici rallenta da +1,9% a +1,8%.... Il tasso di variazione tendenziale dei prezzi dei Beni alimentari, per la cura della casa e della persona si mantiene a +1,3%, mentre quello dei prodotti ad alta frequenza d'acquisto si riduce (da +3,9% a +3,6%).... solo parzialmente compensati dalla diminuzione degli Alimentari non lavorati (-1,1%) e degli Energetici non regolamentati (-0,3%).... A luglio 2026 l'inflazione cala al +2,8% (dal +3,0% di giugno), per effetto soprattutto della dinamica dei prezzi degli Alimentari non lavorati e degli Energetici non regolamentati.... Di contro, un sostegno all'inflazione è esercitato dai prezzi degli Alimentari lavorati e degli Energetici regolamentati. I prezzi dei beni che compongono il “carrello della spesa” sono stabili su base annua (a +1,3%), così come ",https://eview.copyscape.com/compare/11uii00fsp/1
32,2026-09-28T11:42:14.891954,PRECONPROLUG2026,58ad50152255e17f721af3de8710f32291300deeccf656bcd048a0ceb6a2250e,https://www.giornaledellepmi.it/inflazione-in-lieve-calo-a-luglio-28-ma-lenergia-regolamentata-vola-al-149/,"Inflazione in lieve calo a luglio (+2,8%), ma l’energia regolamentata vola al +14,9% - Il Giornale delle PMI",245,,,"... Secondo le stime preliminari dell'Istat,  nel mese di luglio 2026 l'indice nazionale dei prezzi al consumo per l'intera collettività (NIC), al lordo dei tabacchi, registra una variazione pari a +0,2% su base mensile e a +2,8% su base annua (da +3,0% del mese precedente). Il lieve rallentamento dell'inflazione riflette la dinamica dei prezzi degli Alimentari non lavorati (da +4,4% a +3,8%), degli Energetici non regolamentati (da +13,3% a +10,6%) e dei Servizi vari (da +2,5% a +1,8%); in accelerazione sono, invece, i prezzi degli Alimentari lavorati (da -0,2% a +0,2%), degli Energetici regolamentati (da +9,2% a +14,9%) e dei Servizi relativi ai trasporti (da +1,1% a +1,6%).... Nel mese di luglio l'“inflazione di fondo”, al netto degli energetici e degli alimentari freschi, resta stabile a +1,6%, mentre quella al netto dei soli beni energetici rallenta da +1,9% a +1,8%.... Il tasso di variazione tendenziale ... solo parzialmente compensati dalla diminuzione degli Alimentari non lavorati (-1,1%) e degli Energetici non regolamentati (-0,3%).... A luglio 2026 l'inflazione cala al +2,8% (dal +3,0% di giugno), per effetto soprattutto della dinamica dei prezzi degli Alimentari non lavorati e degli Energetici non regolamentati.... Di contro, un sostegno all'inflazione è esercitato dai prezzi degli Alimentari lavorati e degli Energetici regolamentati. I prezzi dei beni che compongono il “carrello della spesa” sono stabili su base annua (a +1,3%), così come ",https://eview.copyscape.com/compare/11uii00fsp/2
33,2026-09-28T11:42:14.891954,PRECONPROLUG2026,58ad50152255e17f721af3de8710f32291300deeccf656bcd048a0ceb6a2250e,https://www.imgpress.it/attualita/istat-prezzi-al-consumo-luglio-2026/,ISTAT: Prezzi al consumo - Luglio 2026 - imgpress,217,,,"... Secondo le stime preliminari, nel mese di luglio 2026 l'indice nazionale dei prezzi al consumo per l'intera collettività (NIC), al lordo dei tabacchi, registra una variazione pari a +0,2% su base mensile e a +2,8% su base annua (da +3,0% del mese precedente). Il lieve rallentamento dell'inflazione riflette la dinamica dei prezzi degli Alimentari non lavorati (da +4,4% a +3,8%), degli Energetici non regolamentati (da +13,3% a +10,6%) e dei Servizi vari (da +2,5% a +1,8%); in accelerazione sono, invece, i prezzi degli Alimentari lavorati (da -0,2% a +0,2%), degli Energetici regolamentati (da +9,2% a +14,9%) e dei Servizi relativi ai trasporti (da +1,1% a +1,6%).... Nel mese di luglio l'“inflazione di fondo”, al netto degli energetici e degli alimentari freschi, resta stabile a +1,6%, mentre quella al netto dei soli beni energetici rallenta da +1,9% a +1,8%. I prezzi dei beni decelerano (da +3,3% ... Il tasso di variazione tendenziale ... solo parzialmente compensati dalla diminuzione degli Alimentari non lavorati (-1,1%) e degli Energetici non regolamentati (-0,3%).... A luglio 2026 l'inflazione cala al +2,8% (dal +3,0% di giugno), per effetto soprattutto della dinamica dei prezzi degli Alimentari non lavorati e degli Energetici non regolamentati.",https://eview.copyscape.com/compare/11uii00fsp/3
34,2026-09-28T11:42:14.891954,PRECONPROLUG2026,58ad50152255e17f721af3de8710f32291300deeccf656bcd048a0ceb6a2250e,https://www.gazzettadisalerno.it/prezzi-al-consumo-inflazione-rallenta-dati-istat-di-luglio/,"Prezzi al consumo, inflazione rallenta, dati Istat di luglio",188,,,"... Secondo le stime preliminari, nel mese di luglio 2026 l'indice nazionale dei prezzi al consumo per l'intera collettività (NIC), al lordo dei tabacchi, registra una variazione pari a +0,2% su base mensile e a +2,8% su base annua (da +3,0% del mese precedente). Il lieve rallentamento dell'inflazione riflette la dinamica dei prezzi degli Alimentari non lavorati (da +4,4% a +3,8%), degli Energetici non regolamentati (da +13,3% a +10,6%) e dei Servizi vari (da +2,5% a +1,8%); in accelerazione sono, invece, i prezzi degli Alimentari lavorati (da -0,2% a +0,2%), degli Energetici regolamentati (da +9,2% a +14,9%) e dei Servizi relativi ai trasporti (da +1,1% a +1,6%).... Nel mese di luglio l'“inflazione di fondo”, al netto degli energetici e degli alimentari freschi, resta stabile a +1,6%, mentre quella al netto dei soli beni energetici rallenta da +1,9% a +1,8%. I prezzi dei beni decelerano (da +3,3% ... Il tasso di variazione tendenziale ... solo parzialmente compensati dalla diminuzione degli Alimentari non lavorati (-1,1%) e degli Energetici non regolamentati (-0,3%).",https://eview.copyscape.com/compare/11uii00fsp/4
35,2026-09-28T11:42:14.891954,PRECONPROLUG2026,58ad50152255e17f721af3de8710f32291300deeccf656bcd048a0ceb6a2250e,https://www.ore12.net/inflazione-costa-meno-il-carrello-della-spesa-prezzi-in-calo-dello-03/,"Inflazione: costa meno il 'carrello della spesa', prezzi in calo dello 0,3% - Ore12",150,,,"... L'inflazione a luglio rallenta e va a +2,9% per il 2026 (a giugno era a +3%). A darne notizia è l'Istat nella consueta analisi mensile.. L'indice nazionale dei prezzi al consumo per l'intera collettività (Nic), al lordo dei tabacchi, registra a luglio una variazione del +0,3%  su base mensile, e del +2,9%  su base annua.... dall'Istat – riflette la dinamica dei prezzi degli energetici non regolamentati (da +13,3% a +11,4%), degli alimentari non lavorati (da +4,4% a +3, 6%) e dei servizi vari (da +2,5% a +1,8%). ... I prezzi dei beni che compongono il ‘carrello della spesa' rallentano su base annua portandosi al +1%. Secondo quanto riferito dall'Istat “ il tasso di variazione tendenziale dei prezzi dei beni alimentari, per la cura della casa e della persona scende da +1,3% a +1%, come  quello dei prodotti ad alta frequenza d'acquisto ... da +3,9% a +3,4%”. ... La variazione congiunturale dell'indice generale riflette l'aumento dei prezzi degli energetici regolamentati (+6,5%),  dei servizi relativi ai trasporti (+1,4%), ... dei servizi ricreativi, culturali e per la cura della persona (+0,6%), degli energetici non regolamentati1 (+0,5%), degli alimentari lavorati e dei servizi relativi all'abitazione (+0,3% entrambi);  tali effetti sono solo parzialmente compensati dalla diminuzione degli alimentari non lavorati (-1,3%).... L'inflazione scende al +2,9%, dal +3% di giugno, per effetto soprattutto della dinamica dei prezzi degli alimentari non lavorati e degli energetici non regolamentati – osserva l'Istat – ... di contro, un sostegno all'inflazione è esercitato dai prezzi ... degli energetici regolamentati e di alcune tipologie di servizi... L'inflazione acquisita a luglio, ",https://eview.copyscape.com/compare/11uii00fsp/5
36,2026-09-28T11:42:14.891954,PRECONPROLUG2026,58ad50152255e17f721af3de8710f32291300deeccf656bcd048a0ceb6a2250e,https://www.giornaledellepmi.it/inflazione-a-luglio-rallenta-al-29-carrello-della-spesa-a-1-ma-luce-e-gas-corrono-148/,"Inflazione, a luglio rallenta al 2,9%: carrello della spesa a +1%, ma luce e gas corrono (+14,8%) - Il Giornale delle PMI",134,,,"... Il lieve rallentamento dell'inflazione riflette la dinamica dei prezzi degli Energetici non regolamentati (da +13,3% a +11,4%), degli Alimentari non lavorati (da +4,4% a +3, 6%) e dei Servizi vari (da +2,5% a +1,8%); in accelerazione sono, ... Nel mese di luglio l'“inflazione di fondo”, al netto degli energetici e degli alimentari freschi, resta stabile a +1,6%, mentre quella al netto dei soli beni energetici rallenta da +1,9% a +1,8%.... La variazione congiunturale ... entrambi); tali effetti sono solo parzialmente compensati dalla diminuzione degli Alimentari non lavorati (-1,3%)... L'indice armonizzato dei prezzi al consumo (IPCA) registra una variazione pari a -1,0% su base mensile, a causa dei saldi estivi di cui il NIC non tiene conto, e a +2,9% su base annua (da +3,0% del mese precedente), confermando la stima ... A luglio 2026 l'inflazione scende ... Di contro, un sostegno all'inflazione è esercitato dai prezzi ... degli Energetici regolamentati e di alcune tipologie di servizi",https://eview.copyscape.com/compare/11uii00fsp/6
37,2026-09-28T11:42:14.891954,PRECONPROLUG2026,58ad50152255e17f721af3de8710f32291300deeccf656bcd048a0ceb6a2250e,https://www.cosenzaok.it/inflazione-luglio-2026-rallenta-al-28-frenano-alimentari-ed-energia-non-regolamentata,"Inflazione luglio 2026, rallenta al +2,8%: frenano alimentari ed energia non regolamentata - CosenzaOk",121,,,"... Secondo le stime preliminari, nel mese di luglio 2026 l'indice nazionale dei prezzi al consumo per l'intera collettività (NIC), al lordo dei tabacchi, registra una variazione pari a +0,2% su base mensile e a +2,8% su base annua (da +3,0% del mese precedente). Il lieve rallentamento dell'inflazione riflette la dinamica dei prezzi degli Alimentari non lavorati (da +4,4% a +3,8%), degli Energetici non regolamentati (da +13,3% a +10,6%) e dei Servizi vari (da +2,5% a +1,8%); in accelerazione sono, invece, i prezzi degli Alimentari lavorati (da -0,2% a +0,2%), degli Energetici regolamentati (da +9,2% a +14,9%) e dei Servizi relativi ai trasporti (da +1,1% a +1,6%).",https://eview.copyscape.com/compare/11uii00fsp/7
38,2026-09-28T11:42:14.891954,PRECONPROLUG2026,58ad50152255e17f721af3de8710f32291300deeccf656bcd048a0ceb6a2250e,https://www.blog.it/inflazione-luglio-al-29-annuo-rallenta-la-crescita-del-carrello-della-spesa/,"Inflazione luglio al 2,9% annuo, rallenta la crescita del carrello della spesa - Blog.it - Notizie, Lifestyle, Gossip, Viaggi, Tech e molto altro",115,,,"... Il tasso di variazione tendenziale dei prezzi dei beni alimentari, per la cura della casa e della persona scende (da +1,3% a +1,0%), come  quello dei prodotti ad alta frequenza d'acquisto (... da +3,9% a +3,4%).  La variazione congiunturale dell'indice generale riflette l'aumento dei prezzi degli energetici regolamentati (+6,5%),  dei servizi relativi ai trasporti (+1,4%), ... dei servizi ricreativi, culturali e per la cura della persona (+0,6%), degli energetici non regolamentati1 (+0,5%), degli alimentari lavorati e dei servizi relativi all'abitazione (+0,3% entrambi);  tali effetti sono solo parzialmente compensati dalla diminuzione degli alimentari non lavorati (-1,3%).... L'indice armonizzato dei prezzi al consumo (IPCA) registra una variazione pari a -1,0% su base mensile, a causa dei saldi estivi di cui il NIC non tiene conto, e a +2,9% su base annua (da +3,0% del mese precedente), confermando la stima ",https://eview.copyscape.com/compare/11uii00fsp/8
39,2026-09-28T11:42:14.891954,PRECONPROLUG2026,58ad50152255e17f721af3de8710f32291300deeccf656bcd048a0ceb6a2250e,https://www.gazzettadinapoli.it/economia-2/prezzi-al-consumo-istat-inflazione-rallenta-a-luglio/,"Prezzi al consumo, Istat, inflazione rallenta a luglio",103,,,"... Nel mese di luglio l'“inflazione di fondo”, al netto degli energetici e degli alimentari freschi, resta stabile a +1,6%, mentre quella al netto dei soli beni energetici rallenta da +1,9% a +1,8%. I prezzi dei beni decelerano (da +3,3% ... Il tasso di variazione tendenziale ... solo parzialmente compensati dalla diminuzione degli Alimentari non lavorati (-1,1%) e degli Energetici non regolamentati (-0,3%).... Di contro, un sostegno all'inflazione è esercitato dai prezzi degli Alimentari lavorati e degli Energetici regolamentati. I prezzi dei beni che compongono il “carrello della spesa” sono stabili su base annua (a +1,3%), così come ",https://eview.copyscape.com/compare/11uii00fsp/9
40,2026-09-28T11:42:14.891954,PRECONPROLUG2026,58ad50152255e17f721af3de8710f32291300deeccf656bcd048a0ceb6a2250e,https://www.adn24.it/blog/2026/07/31/istat-a-luglio-linflazione-a-02-su-base-mensile-e-28-sullanno/,"Istat, a luglio l’inflazione a +0,2% su base mensile e +2,8% sull’anno",83,,,"... ROMA (ITALPRESS) – Secondo le stime preliminari Istat, a luglio  l'indice nazionale dei prezzi al consumo per l'intera collettività (NIC), al lordo dei tabacchi, registra una variazione pari a +0,2% su base mensile e a +2,8% su base annua (da +3,0% del mese precedente).... A luglio l'inflazione di fondo, al netto degli energetici e degli alimentari freschi, resta stabile a +1,6%, mentre quella al netto dei soli beni energetici rallenta da +1,9% a +1,8%. I prezzi dei beni decelerano (da +3,3% a +3,1%), mentre ",https://eview.copyscape.com/compare/11uii00fsp/10
41,2026-09-28T11:42:14.891954,PRECONPROLUG2026,58ad50152255e17f721af3de8710f32291300deeccf656bcd048a0ceb6a2250e,https://www.nuovogiornalenazionale.com/istat-landamento-dei-prezzi-al-consumo-a-luglio-2026/,"Istat, l'andamento dei prezzi al consumo a luglio 2026 - Nuovo Giornale Nazionale",82,,,"... I prezzi dei beni decelerano L'Istat ha pubblicato l'andamento dei prezzi al consumo a luglio 2026, con la nota che di seguito si riporta. Dati definitivi Nel mese di luglio 2026 l'indice nazionale dei prezzi al consumo per l'intera collettività (NIC), al lordo dei tabacchi, registra una variazione del +0,3%  su base mensile e del […]... Il lieve rallentamento dell'inflazione riflette la dinamica dei prezzi degli Energetici non regolamentati (da +13,3% a +11,4%), degli Alimentari non lavorati (da +4,4% a +3, 6%) e dei Servizi vari (da +2,5% a +1,8%); in accelerazione sono, ... La variazione congiunturale ... entrambi); tali effetti sono solo parzialmente compensati dalla diminuzione degli Alimentari non lavorati (-1,3%)... A luglio 2026 l'inflazione scende ... Di contro, un sostegno all'inflazione è esercitato dai prezzi ... degli Energetici regolamentati e di alcune tipologie di servizi",https://eview.copyscape.com/compare/11uii00fsp/11
42,2026-09-28T11:42:14.891954,PRECONPROLUG2026,58ad50152255e17f721af3de8710f32291300deeccf656bcd048a0ceb6a2250e,https://www.freshplaza.it/article/9863031/prezzi-alimentari-in-frenata-scendono-frutta-e-verdura/,"Prezzi alimentari in frenata, scendono frutta e verdura",80,,,"... Il lieve rallentamento dell'inflazione riflette la dinamica dei prezzi degli energetici non regolamentati (da +13,3% a +11,4%), degli alimentari non lavorati (da +4,4% a +3, 6%) e dei servizi vari (da +2,5% a +1,8%); in accelerazione sono, invece, i prezzi ... degli energetici regolamentati (da +9,2% a +14,8%),  dei servizi relativi ai trasporti (da +1,1% a +1,6%) e dei servizi ricreativi, culturali e per la cura della persona (da +2,7% a +3,0%).... Nel mese di luglio l'inflazione  di fondo, al netto degli energetici e degli alimentari freschi, resta stabile a +1,6%, mentre quella al netto dei soli beni energetici rallenta da +1,9% a +1,8%.",https://eview.copyscape.com/compare/11uii00fsp/12
43,2026-09-28T11:42:14.891954,PRECONPROLUG2026,58ad50152255e17f721af3de8710f32291300deeccf656bcd048a0ceb6a2250e,https://www.italiaoggi.it/economia-e-politica/economia-e-finanza/prezzi-al-consumo-rallenta-linflazione-grazie-agli-alimentari-cs9sotvp,"Prezzi al consumo, rallenta l'inflazione grazie agli alimentari - ItaliaOggi.it",80,,,"... In particolare, il lieve rallentamento dell'inflazione riflette la dinamica dei prezzi degli Energetici non regolamentati (da +13,3% a +11,4%), degli Alimentari non lavorati (da +4,4% a +3, 6%) e dei Servizi vari (da +2,5% a +1,8%); in accelerazione ... La variazione congiunturale dell'indice generale riflette l'aumento dei prezzi degli Energetici regolamentati (+6,5%),  dei Servizi relativi ai trasporti (+1,4%), ... dei Servizi ricreativi, culturali e per la cura della persona (+0,6%), degli Energetici non regolamentati1 (+0,5%), degli Alimentari lavorati e dei Servizi relativi all'abitazione (+0,3% entrambi);  tali effetti sono solo parzialmente compensati dalla rilasciata  degli Alimentari non lavorati (-1,3%).... A luglio 2026, spiega l'Istat, ... Di contro, un sostegno all'inflazione è esercitato dai prezzi ... degli energetici regolamentati e di alcune tipologie di servizi",https://eview.copyscape.com/compare/11uii00fsp/13
44,2026-09-28T11:42:14.891954,PRECONPROLUG2026,58ad50152255e17f721af3de8710f32291300deeccf656bcd048a0ceb6a2250e,https://teleborsa.ansa.it/notiziario/economia/italia-inflazione-luglio-rivista-al-rialzo-al-29-su-anno/,"Italia, inflazione luglio rivista al rialzo al +2,9% su anno - Teleborsa",59,,,"... degli alimentari freschi, resta stabile a +1,6%, mentre quella al ... La variazione congiunturale dell'indice generale riflette l ... L'indice armonizzato dei prezzi al consumo (IPCA) registra una variazione pari a -1,0% su base mensile, a causa dei saldi estivi di cui il NIC non tiene conto, e a +2,9% su base annua (da +3,0% del mese precedente), confermando la stima ",https://eview.copyscape.com/compare/11uii00fsp/14
45,2026-09-28T11:42:14.891954,PRECONPROLUG2026,58ad50152255e17f721af3de8710f32291300deeccf656bcd048a0ceb6a2250e,https://www.tgcom24.mediaset.it/economia/inflazione-istat-luglio-cala_115006064-202602k.shtml,"Inflazione, Istat: a luglio cala al 2,8%, stabile la spesa - Tgcom24",58,,,"... Il calo dell'inflazione, spiega l'Istituto di statistica, riflette la dinamica dei prezzi degli alimentari non lavorati (da +4,4% a +3,8%), degli energetici non regolamentati (da +13,3% a +10,6%) - che tra l'altro comprendono i carburanti e ... degli alimentari freschi, resta stabile a +1,6%, mentre quella al ... La variazione congiunturale dell'indice ... solo parzialmente compensati dalla diminuzione degli alimentari non lavorati (-1,1%) e degli energetici non regolamentati (-0,3%).",https://eview.copyscape.com/compare/11uii00fsp/15
46,2026-09-28T11:42:14.891954,PRECONPROLUG2026,58ad50152255e17f721af3de8710f32291300deeccf656bcd048a0ceb6a2250e,https://www.imgpress.it/attualita/prezzi-al-consumo-luglio-2026/,ESATATE & INFLAZIONE: Prezzi al consumo - Luglio 2026 - imgpress,56,,,"... Il lieve rallentamento dell'inflazione riflette la dinamica dei prezzi degli Energetici non regolamentati (da +13,3% a +11,4%), degli Alimentari non lavorati (da +4,4% a +3, 6%) e dei Servizi vari (da +2,5% a +1,8%); in accelerazione sono, ... La variazione congiunturale ... entrambi); tali effetti sono solo parzialmente compensati dalla diminuzione degli Alimentari non lavorati (-1,3%)... A luglio 2026 l'inflazione scende ... Di contro, un sostegno all'inflazione è esercitato dai prezzi ... degli Energetici regolamentati e di alcune tipologie di servizi",https://eview.copyscape.com/compare/11uii00fsp/16
47,2026-09-28T11:42:14.891954,PRECONPROLUG2026,58ad50152255e17f721af3de8710f32291300deeccf656bcd048a0ceb6a2250e,https://www.agenziagiornalisticaopinione.it/opinionmix/agosto-2026-indice-prezzi-consumo-nic-05-luglio-33-annuo/,ISTAT * «PREZZI AL CONSUMO (DATI PROVVISORI) – AGOSTO 2026» - Agenzia giornalistica Opinione. Notizie da Italia - Mondo / Trentino Alto Adige,51,,,"... Secondo le stime preliminari, nel mese di agosto  2026 l'indice nazionale dei prezzi al consumo per l'intera collettività (NIC), al lordo dei tabacchi, registra una variazione pari a +0,5%  su base mensile e a +3,3%  su base annua (da +2,9%  del mese precedente). L'aumento dell'inflazione riflette principalmente l'andamento  dei prezzi degli Energetici, sia non regolamentati (da +11,4% a +16,9%) sia regolamentati (da +14,8% a +18,8%); di contro, decelerano i prezzi dei Servizi ricreativi, culturali e per la cura della persona (da +3,0% a +2,6%)  e dei Servizi relativi ai trasporti (da +1,6% a +0,9%).",https://eview.copyscape.com/compare/11uii00fsp/17
48,2026-09-28T11:42:14.891954,PRECONPROLUG2026,58ad50152255e17f721af3de8710f32291300deeccf656bcd048a0ceb6a2250e,https://giornaledellepmi.it/inflazione-fiammata-dagosto-33-annuo-spinta-dagli-energetici/,"Inflazione, fiammata d’agosto: +3,3% annuo, spinta dagli energetici - Il Giornale delle PMI",51,,,"... Secondo le stime preliminari dell'Istat,  nel mese di agosto  2026 l'indice nazionale dei prezzi al consumo per l'intera collettività (NIC), al lordo dei tabacchi, registra una variazione pari a +0,5%  su base mensile e a +3,3%  su base annua (da +2,9%  del mese precedente). L'aumento dell'inflazione riflette principalmente l'andamento  dei prezzi degli Energetici, sia non regolamentati (da +11,4% a +16,9%) sia regolamentati (da +14,8% a +18,8%); di contro, decelerano i prezzi dei Servizi ricreativi, culturali e per la cura della persona (da +3,0% a +2,6%)  e dei Servizi relativi ai trasporti (da +1,6% a +0,9%).",https://eview.copyscape.com/compare/11uii00fsp/18
49,2026-09-28T11:42:14.891954,PRECONPROLUG2026,58ad50152255e17f721af3de8710f32291300deeccf656bcd048a0ceb6a2250e,https://www.rifondazionetoscana.it/istat-linflazione-ad-agosto-segna-un-parziale-33/,"ISTAT: l'inflazione ad Agosto segna un parziale +3,3% - Rifondazione Comunista Toscana",51,,,"... Secondo le stime preliminari, nel mese di agosto  2026 l'indice nazionale dei prezzi al consumo per l'intera collettività (NIC), al lordo dei tabacchi, registra una variazione pari a +0,5%  su base mensile e a +3,3%  su base annua (da +2,9%  del mese precedente). L'aumento dell'inflazione riflette principalmente l'andamento  dei prezzi degli Energetici, sia non regolamentati (da +11,4% a +16,9%) sia regolamentati (da +14,8% a +18,8%); di contro, decelerano i prezzi dei Servizi ricreativi, culturali e per la cura della persona (da +3,0% a +2,6%)  e dei Servizi relativi ai trasporti (da +1,6% a +0,9%).",https://eview.copyscape.com/compare/11uii00fsp/19
50,2026-09-28T11:42:14.891954,PRECONPROLUG2026,58ad50152255e17f721af3de8710f32291300deeccf656bcd048a0ceb6a2250e,https://www.confcommercio.it/-/inflazione-luglio-2026,"Prezzi al consumo luglio 2026, le stime preliminari dell'Istat | Confcommercio",50,,,"... Secondo le stime preliminari dell'Istat ... del mese precedente). La diminuzione è dovuta soprattutto alla frenata  dei prezzi degli alimentari non lavorati (dal +4,4% al +3,8%) e  degli energetici non regolamentati, ... e dei servizi vari (dal +2,5% all'1,8%).... L'inflazione di fondo, al netto di energia e  alimentari freschi, resta stabile al + 1,6%, mentre quella al netto dei soli beni energetici rallenta dall'1,9% all'1,8%. Decelerano anche  i prezzi dei beni (dal +3,3% al + 3,1%), mentre ... quelli dei servizi restano stabili al +2,6%. L'inflazione acquisita ",https://eview.copyscape.com/compare/11uii00fsp/20
51,2026-09-28T11:42:14.891954,PRECONPROLUG2026,58ad50152255e17f721af3de8710f32291300deeccf656bcd048a0ceb6a2250e,https://www.borsaitaliana.it/borsa/notizie/radiocor/economia/dettaglio/inflazione-istat-stima-02-a-luglio-28-su-anno-2-nRC_31072026_1114_291654660.html,"Inflazione: Istat stima +0,2% a luglio, +2,8% su anno -2- - Borsa Italiana",47,,,"... Servizi relativi ai trasporti (da +1,1% a +1,6%). Nel mese di luglio l'inflazione  di fondo, al netto degli energetici e degli alimentari freschi, resta stabile a +1,6%, mentre quella al netto dei soli beni energetici rallenta da +1,9% a +1,8%. ... Dato acquisito 2026 a +2,7% (Il ",https://eview.copyscape.com/compare/11uii00fsp/21
52,2026-09-28T11:42:14.891954,PRECONPROLUG2026,58ad50152255e17f721af3de8710f32291300deeccf656bcd048a0ceb6a2250e,https://www.tgcom24.mediaset.it/economia/inflazione-istat-a-luglio-cala-al-2-8-_115006064-202602k.shtml,"Inflazione, Istat: ""A luglio cala al 2,8%""",47,,,"... Il calo dell'inflazione, spiega l'Istituto di statistica, riflette la dinamica dei prezzi degli alimentari non lavorati (da +4,4% a +3,8%), degli energetici non regolamentati (da +13,3% a +10,6%) - che tra l'altro comprendono i carburanti e ... La variazione congiunturale dell'indice ... solo parzialmente compensati dalla diminuzione degli alimentari non lavorati (-1,1%) e degli energetici non regolamentati (-0,3%).",https://eview.copyscape.com/compare/11uii00fsp/22
53,2026-09-28T11:42:14.891954,PRECONPROLUG2026,58ad50152255e17f721af3de8710f32291300deeccf656bcd048a0ceb6a2250e,https://www.adn24.it/blog/2026/08/12/a-luglio-inflazione-al-29-su-base-annua-frena-il-carrello-della-spesa-i-dati-istat/,"A luglio inflazione al 2,9% su base annua, frena il “carrello della spesa”. I dati Istat",42,,,"... L'indice armonizzato dei prezzi al consumo (IPCA) registra una variazione pari a -1,0% su base mensile, a causa dei saldi estivi di cui il NIC non tiene conto, e a +2,9% su base annua (da +3,0% del mese precedente), confermando la stima ",https://eview.copyscape.com/compare/11uii00fsp/23
54,2026-09-28T11:42:14.891954,PRECONPROLUG2026,58ad50152255e17f721af3de8710f32291300deeccf656bcd048a0ceb6a2250e,https://www.jlcnews.it/post/prezzi-al-consumo-agosto-2026,Prezzi al consumo - Agosto 2026,41,,,"... In base alle stime preliminari, l'indice armonizzato dei prezzi al consumo (IPCA) registra una variazione pari a +0,1%  su base mensile, a causa dei saldi estivi di cui il NIC non tiene conto, e a +3,2%  su base annua (da +2,9%  del mese precedente).",https://eview.copyscape.com/compare/11uii00fsp/24
55,2026-09-28T11:42:14.891954,PRECONPROLUG2026,58ad50152255e17f721af3de8710f32291300deeccf656bcd048a0ceb6a2250e,https://www.giornaledellepmi.it/inflazione-stabile-all17-a-luglio-ma-volano-i-prezzi-alimentari-38/,"Inflazione stabile all'1,7% a luglio, ma volano i prezzi alimentari (+3,8%) - Il Giornale delle PMI",39,,,"... La stabilità del tasso di variazione tendenziale dell'indice generale sintetizza andamenti differenziati dei diversi aggregati: accelerano i prezzi dei Beni alimentari non lavorati (da +4,2% a +5,1%), dei Beni alimentari lavorati (da +2,7% a +3,1%), dei Servizi vari (da +1,6% a +2,2%)  e dei Servizi relativi ai trasporti (da +2,9% a +3,4%); decelerano i prezzi dei Beni  energetici regolamentati (da +22,6% a +16,7%)  e dei Servizi ricreativi, culturali e per la cura della persona (da +3,2% a +2,6%) e si accentua la flessione di quelli dei Beni energetici non regolamentati (da -4,2% a -5,8%).  Nel mese di luglio l'“inflazione di fondo”, al netto degli energetici e degli alimentari freschi, resta invariata (a +2,0%),  mentre quella al netto dei soli beni energetici aumenta lievemente (da +2,1% a +2,2%).",https://eview.copyscape.com/compare/11uii00fsp/25
56,2026-09-28T11:42:14.891954,PRECONPROLUG2026,58ad50152255e17f721af3de8710f32291300deeccf656bcd048a0ceb6a2250e,https://www.adnkronos.com/economia/inflazione-carrello-spesa-dati-giugno-2026-istat_1XLZ58PGGFHJnBko1f10hf,"Inflazione rallenta, Istat: ""A giugno al 3%"". Carrello della spesa all'1,3%",38,,,"... Il lieve rallentamento ... e per la cura della persona (da +3,0% a +2,7%) e dei Servizi relativi ai trasporti (da +1,7% a +1,1%);  in accelerazione sono invece i prezzi ... degli Energetici, regolamentati (da +5,6% a +9,2%) ... A giugno l'“inflazione di fondo”, al netto degli energetici e degli alimentari freschi, si riduce lievemente (da +1,7%  a +1,6%), così come  quella al netto dei soli beni energetici (da +2,1% a +1,9%). Rallentano su base annua sia i prezzi ",https://eview.copyscape.com/compare/11uii00fsp/26
57,2026-09-28T11:42:14.891954,PRECONPROLUG2026,58ad50152255e17f721af3de8710f32291300deeccf656bcd048a0ceb6a2250e,https://www.catanzarook.it/inflazione-luglio-2026-rallenta-al-28-frenano-alimentari-ed-energia-non-regolamentata,"Inflazione luglio 2026, rallenta al +2,8%: frenano alimentari ed energia non regolamentata - CatanzaroOk",36,,,"... Nel mese di luglio l'“inflazione di fondo”, al netto degli energetici e degli alimentari freschi, resta stabile a +1,6%, mentre quella al netto dei soli beni energetici rallenta da +1,9% a +1,8%.",https://eview.copyscape.com/compare/11uii00fsp/27
58,2026-09-28T11:42:14.891954,PRECONPROLUG2026,58ad50152255e17f721af3de8710f32291300deeccf656bcd048a0ceb6a2250e,https://www.nuovogiornalenazionale.com/istat-i-prezzi-al-consumo-a-giugno-2026-dati-provvisori/,"Istat, i prezzi al consumo a giugno 2026 - Dati provvisori - Nuovo Giornale Nazionale",36,,,"... Il lieve rallentamento ... e per la cura della persona (da +3,0% a +2,7%) e dei Servizi relativi ai trasporti (da +1,7% a +1,1%);  in accelerazione sono invece i prezzi ... degli Energetici, regolamentati (da +5,6% a +9,3%) ... da +12,5% a +12,9%). Nel mese di giugno la “ inflazione di fondo”, al netto degli energetici e degli alimentari freschi, si riduce lievemente (da +1,7%  a +1,6%), come anche  quella al netto ",https://eview.copyscape.com/compare/11uii00fsp/28
59,2026-09-28T11:42:14.891954,PRECONPROLUG2026,58ad50152255e17f721af3de8710f32291300deeccf656bcd048a0ceb6a2250e,https://www.adn24.it/blog/2026/09/16/ad-agosto-linflazione-sale-a-33-sostenuta-dai-prezzi-dei-beni-energetici/,"Ad agosto l’inflazione sale a +3,3% sostenuta dai prezzi dei beni energetici",35,,,"... L'aumento dell'inflazione riflette principalmente l'andamento dei prezzi degli Energetici, regolamentati (da +14,8% a +18,6%) e, soprattutto,  non regolamentati (da +11,4% a +17,0%), dei Beni durevoli (da +0,7% a +1,3%) e, in misura più lieve, degli Alimentari non lavorati (da +3,6% a +3,8%); di contro, decelera la crescita dei prezzi dei Servizi ricreativi, culturali e per la cura della persona (da +3,0% a +2,6%) e quella  dei Servizi relativi ai trasporti (da +1,6% a +0,8%).... Nel mese di agosto  l'”inflazione di fondo”, calcolata  al netto degli energetici e degli alimentari freschi, si riduce lievemente (da +1,6% a +1,5%), così come  quella al netto dei soli beni energetici (da +1,8% a +1,7%). Nel settore dei ",https://eview.copyscape.com/compare/11uii00fsp/29
60,2026-09-28T11:42:14.891954,PRECONPROLUG2026,58ad50152255e17f721af3de8710f32291300deeccf656bcd048a0ceb6a2250e,https://www.giornaledellepmi.it/inflazione-in-lieve-calo-a-giugno-30-ma-lenergia-regolamentata-vola-93-e-frena-la-discesa/,"Inflazione in lieve calo a giugno (+3,0%), ma l'energia regolamentata vola (+9,3%) e frena la discesa - Il Giornale delle PMI",33,,,"... Il lieve rallentamento ... persona (da +3,0% a +2,7%) e dei Servizi relativi ai trasporti (da +1,7% a +1,1%);  in accelerazione sono invece i prezzi ... degli Energetici, regolamentati (da +5,6% a +9,3%) e non regolamentati ... Nel mese di giugno l'“inflazione ... quella al netto dei soli beni energetici (da +2,1% a +2,0%).  I prezzi dei beni rimangono stabili su base annua (a +3,4%) e  quelli dei servizi registrano un rallentamento (da +2,8% a +2,6%). ",https://eview.copyscape.com/compare/11uii00fsp/30
61,2026-09-28T11:42:14.891954,PRECONPROLUG2026,58ad50152255e17f721af3de8710f32291300deeccf656bcd048a0ceb6a2250e,https://www.redigo.info/2026/07/01/giugno-2026/,"Istat, prezzi al consumo di giugno 2026. L'inflazione rallenta - redigo.info",29,,,"... Il tasso di variazione tendenziale dei prezzi dei Beni alimentari, per la cura della casa e della persona si riduce (da +1,9% a +1,6%), come  quello dei prodotti ad alta frequenza d'acquisto (da +4,4% a +4,1%).  La variazione congiunturale ",https://eview.copyscape.com/compare/11uii00fsp/31
62,2026-09-28T11:42:14.891954,PRECONPROLUG2026,58ad50152255e17f721af3de8710f32291300deeccf656bcd048a0ceb6a2250e,https://www.ripartelitalia.it/inflazione-ad-agosto-sale-al-33-beni-energetici-171-e-carrello-della-spesa-allo-09-il-report-dellistat/,"Inflazione: ad agosto sale al 3,3%, beni energetici +17,1% e carrello della spesa allo 0,9% | Il report dell’Istat",28,,,"... L'aumento dell'inflazione riflette principalmente l'andamento dei prezzi degli Energetici, regolamentati (da +14,8% a +18,6%) e, soprattutto,  non regolamentati (da +11,4% a +17,0%), dei Beni durevoli (da +0,7% a +1,3%) e, in misura più ... Nel mese di agosto  l'“inflazione di fondo”, calcolata  al netto degli energetici e degli alimentari freschi, si riduce lievemente (da +1,6% a +1,5%), così come  quella al netto dei soli beni energetici (da +1,8% a +1,7%). Nel settore dei ",https://eview.copyscape.com/compare/11uii00fsp/32
63,2026-09-28T11:42:14.891954,PRECONPROLUG2026,58ad50152255e17f721af3de8710f32291300deeccf656bcd048a0ceb6a2250e,https://www.ragionierieprevidenza.it/2026/07/inflazione-istat-a-luglio-frena-al-28-annuo-prezzi-02-su-mese/,"Inflazione, Istat: a luglio frena al 2,8% annuo, prezzi +0,2% su mese - Ragionieri e previdenza",28,,,"... Il lieve rallentamento dell'inflazione riflette la dinamica dei prezzi degli alimentari non lavorati (dal +4,4% al + 3,8%), degli energetici non regolamentati (dal +13,3% al + 10,6%) e dei servizi vari (dal +2,5% all'1, 8%); in accelerazione ",https://eview.copyscape.com/compare/11uii00fsp/33
64,2026-09-28T11:42:14.891954,PRECONPROLUG2026,58ad50152255e17f721af3de8710f32291300deeccf656bcd048a0ceb6a2250e,https://www.aranagenzia.it/download/prezzi-al-consumo-marzo-2024/,Prezzi al consumo – marzo 2024 | Aran Agenzia,25,,,"... Nel mese di marzo  l'“inflazione di fondo”, al netto degli energetici e degli alimentari freschi, resta stabile a +2,3%,  mentre quella al netto dei soli beni ",https://eview.copyscape.com/compare/11uii00fsp/34
65,2026-09-28T11:42:14.891954,PRECONPROLUG2026,58ad50152255e17f721af3de8710f32291300deeccf656bcd048a0ceb6a2250e,https://www.aranagenzia.it/download/prezzi-al-consumo-ottobre-2024/,Prezzi al consumo – ottobre 2024 | Aran Agenzia,25,,,"... Nel mese di ottobre  l'“inflazione di fondo”, al netto degli energetici e degli alimentari freschi, resta stabile a +1,8% e  quella al netto dei soli beni ",https://eview.copyscape.com/compare/11uii00fsp/35
66,2026-09-28T11:42:14.891954,PRECONPROLUG2026,58ad50152255e17f721af3de8710f32291300deeccf656bcd048a0ceb6a2250e,https://it.marketscreener.com/notizie/italia-inflazione-luglio-rallenta-al-2-8-core-stabile-a-1-6-istat-ce7f50dbd18df223,"Italia, inflazione luglio rallenta al 2,8%, 'core' stabile a 1,6% - Istat | MarketScreener Italia",25,,,"... L'inflazione cosiddetta di fondo, al netto degli energetici e degli alimentari freschi, resta stabile all'1, 6%, mentre quella al netto dei soli beni energetici rallenta ... a 1,8% da 1,9%.",https://eview.copyscape.com/compare/11uii00fsp/36
67,2026-09-28T11:42:14.891954,PRECONPROLUG2026,58ad50152255e17f721af3de8710f32291300deeccf656bcd048a0ceb6a2250e,https://www.hashtagsicilia.it/2026/08/13/inflazione-a-luglio-lieve-frenata-scende-al-29-ma-accelerano-i-prezzi-dellenergia-regolamentata/,"Inflazione, a luglio lieve frenata: scende al 2,9%, ma accelerano i prezzi dell’energia regolamentata - hashtagsicilia",24,,,"... Il lieve rallentamento dell'inflazione riflette la dinamica dei prezzi degli Energetici non regolamentati (da +13,3% a +11,4%), degli Alimentari non lavorati (da +4,4% a +3, 6%) e dei Servizi vari (da +2,5% a +1,8%); in accelerazione sono, ",https://eview.copyscape.com/compare/11uii00fsp/37
68,2026-09-28T11:42:14.891954,PRECONPROLUG2026,58ad50152255e17f721af3de8710f32291300deeccf656bcd048a0ceb6a2250e,https://www.cremaoggi.it/2026/07/16/inflazione-rallenta-istat-a-giugno-al-3-carrello-della-spesa-all13/,"Inflazione rallenta, Istat: ""A giugno al 3%"". Carrello della spesa all'1,3% - Cremaoggi",22,,,"... A giugno l'“inflazione di fondo”, al netto degli energetici e degli alimentari freschi, si riduce lievemente (da +1,7%  a +1,6%), così come  quella al netto dei soli beni energetici (da +2,1% a +1,9%). Rallentano su base annua sia i prezzi ",https://eview.copyscape.com/compare/11uii00fsp/38
69,2026-09-28T11:42:14.891954,PRECONPROLUG2026,58ad50152255e17f721af3de8710f32291300deeccf656bcd048a0ceb6a2250e,https://www.adnkronos.com/economia/inflazione-agosto-2026-cresce-energia-prezzi_605eKZp4k8qBCZgxgVdQ1u,"Inflazione vola, ad agosto sale al 3,3%: a spingere i prezzi dell'energia",22,,,"... Nel mese di agosto  l'“inflazione di fondo”, calcolata  al netto degli energetici e degli alimentari freschi, si riduce lievemente (da +1,6% a +1,5%), così come  quella al netto dei soli beni energetici (da +1,8% a +1,7%). Nel settore dei ",https://eview.copyscape.com/compare/11uii00fsp/39
70,2026-09-28T11:42:14.891954,PRECONPROLUG2026,58ad50152255e17f721af3de8710f32291300deeccf656bcd048a0ceb6a2250e,https://www.ilmonito.it/inflazione-rallenta-istat-a-giugno-al-3-carrello-della-spesa-all13/,"Inflazione rallenta, Istat: ""A giugno al 3%"". Carrello della spesa all'1,3% | ILMONITO",22,,,"... A giugno l'“inflazione di fondo”, al netto degli energetici e degli alimentari freschi, si riduce lievemente (da +1,7%  a +1,6%), così come  quella al netto dei soli beni energetici (da +2,1% a +1,9%). Rallentano su base annua sia i prezzi ",https://eview.copyscape.com/compare/11uii00fsp/40
71,2026-09-28T11:42:14.891954,PRECONPROLUG2026,58ad50152255e17f721af3de8710f32291300deeccf656bcd048a0ceb6a2250e,https://www.italianews24.news/blog/2026/09/16/ad-agosto-linflazione-sale-a-33-sostenuta-dai-prezzi-dei-beni-energetici/,"Ad agosto l’inflazione sale a +3,3% sostenuta dai prezzi dei beni energetici – ITALIA News 24",22,,,"... Nel mese di agosto  l'”inflazione di fondo”, calcolata  al netto degli energetici e degli alimentari freschi, si riduce lievemente (da +1,6% a +1,5%), così come  quella al netto dei soli beni energetici (da +1,8% a +1,7%). Nel settore dei beni i prezzi evidenziano un'accelerazione del ",https://eview.copyscape.com/compare/11uii00fsp/41
72,2026-09-28T11:42:14.891954,PRECONPROLUG2026,58ad50152255e17f721af3de8710f32291300deeccf656bcd048a0ceb6a2250e,https://lamilano.it/dai-media/inflazione-rallenta-istat-a-giugno-al-3-carrello-della-spesa-all13/,"Inflazione rallenta, Istat: ""A giugno al 3%"". Carrello della spesa all'1,3%",22,,,"... A giugno l'“inflazione di fondo”, al netto degli energetici e degli alimentari freschi, si riduce lievemente (da +1,7%  a +1,6%), così come  quella al netto dei soli beni energetici (da +2,1% a +1,9%). Rallentano su base annua sia i prezzi ",https://eview.copyscape.com/compare/11uii00fsp/42
73,2026-09-28T11:42:14.891954,PRECONPROLUG2026,58ad50152255e17f721af3de8710f32291300deeccf656bcd048a0ceb6a2250e,https://giornaledellepmi.it/inflazione-in-accelerazione-ad-agosto-prezzi-al-33-la-spinta-arriva-dallenergia/,"Inflazione in accelerazione: ad agosto prezzi al +3,3%, la spinta arriva dall’energia",22,,,"... Nel mese di agosto  l'“inflazione di fondo”, calcolata  al netto degli energetici e degli alimentari freschi, si riduce lievemente (da +1,6% a +1,5%), così come  quella al netto dei soli beni energetici (da +1,8% a +1,7%). Nel settore dei ",https://eview.copyscape.com/compare/11uii00fsp/43
74,2026-09-28T11:42:14.891954,PRECONPROLUG2026,58ad50152255e17f721af3de8710f32291300deeccf656bcd048a0ceb6a2250e,https://www.affaritaliani.it/economia/istat-rallenta-linflazione-a-giugno-scende-al-3-giu-anche-il-carrello-della-spesa.html,"Istat, rallenta l'inflazione: a giugno scende al 3%. Giù anche il carrello della spesa",22,,,"... A giugno l'“inflazione di fondo”, al netto degli energetici e degli alimentari freschi, si riduce lievemente (da +1,7%  a +1,6%), così come  quella al netto dei soli beni energetici (da +2,1% a +1,9%). Rallentano su base annua sia i prezzi ",https://eview.copyscape.com/compare/11uii00fsp/44
75,2026-09-28T11:42:14.891954,PRECONPROLUG2026,58ad50152255e17f721af3de8710f32291300deeccf656bcd048a0ceb6a2250e,https://www.agenziagiornalisticaopinione.it/opinionmix/istat-prezzi-al-consumo-agosto-2026/,ISTAT * «PREZZI AL CONSUMO – AGOSTO 2026» - Agenzia giornalistica Opinione. Notizie da Italia - Mondo / Trentino Alto Adige,22,,,"... Nel mese di agosto  l'“inflazione di fondo”, calcolata  al netto degli energetici e degli alimentari freschi, si riduce lievemente (da +1,6% a +1,5%), così come  quella al netto dei soli beni energetici (da +1,8% a +1,7%). Nel settore dei ",https://eview.copyscape.com/compare/11uii00fsp/45
76,2026-09-28T11:42:14.891954,PRECONPROLUG2026,58ad50152255e17f721af3de8710f32291300deeccf656bcd048a0ceb6a2250e,https://www.blog.it/ad-agosto-linflazione-cresce-al-33-trainata-dai-prezzi-energetici-in-aumento/,"Ad agosto l’inflazione cresce al 3,3% trainata dai prezzi energetici in aumento - Blog.it - Notizie, Lifestyle, Gossip, Viaggi, Tech e molto altro",22,,,"... Nel mese di agosto  l'”inflazione di fondo”, calcolata  al netto degli energetici e degli alimentari freschi, si riduce lievemente (da +1,6% a +1,5%), così come  quella al netto dei soli beni energetici (da +1,8% a +1,7%). Nel settore dei ",https://eview.copyscape.com/compare/11uii00fsp/46
77,2026-09-28T11:42:14.891954,PRECONPROLUG2026,58ad50152255e17f721af3de8710f32291300deeccf656bcd048a0ceb6a2250e,https://www.publicnow.com/view/FFBCC97B2DE1F9BCD16299A5B97F3860D34612B7,ISTAT - Istituto Nazionale di Statistica (via Public) / Prezzi al consumo – Febbraio 2026,22,,,"... i prezzi degli Alimentari lavorati (da +1,9% a +1,4%) e aumenta la flessione di quelli  degli Energetici, regolamentati (da -9,6% a -11,6%) e non (da -5,9% a -6,2%).  Nel mese di febbraio  l'""inflazione di fondo"", al netto degli energetici ",https://eview.copyscape.com/compare/11uii00fsp/47
78,2026-09-28T11:42:14.891954,PRECONPROLUG2026,58ad50152255e17f721af3de8710f32291300deeccf656bcd048a0ceb6a2250e,https://www.confcommercio.it/-/inflazione-luglio-2025,A luglio prezzi sostanzialmente stabili | Confcommercio,20,,,"... La ""inflazione di fondo"", quella  al netto degli energetici e degli alimentari freschi, resta invariata (a +2%),  mentre quella al netto dei soli beni energetici aumenta lievemente (da +2,1% a +2,2%). La crescita tendenziale dei prezzi dei beni si attenua moderatamente (da +0,9% a +0,7%), come ",https://eview.copyscape.com/compare/11uii00fsp/48
79,2026-09-28T11:42:14.891954,PRECONPROLUG2026,58ad50152255e17f721af3de8710f32291300deeccf656bcd048a0ceb6a2250e,https://www.rassegnabusiness.news/inflazione-istat-febbraio-2026-accelera-all1percento-trainata-servizi/,"Istat inflazione febbraio 2026: prezzi al consumo +1,5%, spinta da servizi e alimentari",19,,,"... Il differenziale tra servizi e beni si amplia così fino a +3,8 punti percentuali, segnalando una pressione inflazionistica concentrata soprattutto nei settori legati alla domanda interna. Tra i fattori che sostengono l'inflazione emergono alcune voci chiave:  Servizi relativi ai trasporti: accelerano dal +0,7% al +2,9%  Servizi ricreativi, culturali e per la cura della persona: salgono dal +3,0% al +4,9%  Alimentari non lavorati: aumentano dal +2,5% al +3,7%",https://eview.copyscape.com/compare/11uii00fsp/49
80,2026-09-28T11:42:14.891954,PRECONPROLUG2026,58ad50152255e17f721af3de8710f32291300deeccf656bcd048a0ceb6a2250e,https://www.idealista.it/news/finanza/economia/2025/11/17/290320-prezzi-al-consumo-i-beni-che-salgono-e-che-scendono,"Prezzi al consumo, i beni che salgono (e che scendono) — idealista/news",19,,,"... La forte riduzione del tasso d'inflazione è dovuta soprattutto al netto rallentamento, su base annua, dei prezzi degli Energetici regolamentati (che passano da +13,9% a -0,5%) e degli Alimentari non lavorati (da +4,8% a +1,9%). In misura minore contribuiscono anche il rallentamento dei Servizi legati  ai trasporti (da +2,4% a +2,0%)  e degli Alimentari lavorati (da +2,7% a +2,5%). Questi andamenti sono parzialmente compensati dall'accelerazione  dei prezzi dei Servizi ricreativi, culturali e  per la cura della persona (da +3,1% a +3,3%) e dal calo meno accentuato  dei prezzi degli Energetici non regolamentati (da -5,2% a -4,9%).",https://eview.copyscape.com/compare/11uii00fsp/50
81,2026-09-28T11:42:14.891954,PRECONPROLUG2026,58ad50152255e17f721af3de8710f32291300deeccf656bcd048a0ceb6a2250e,https://www.telecitta.tv/a-luglio-inflazione-al-29-su-base-annua-frena-il-carrello-della-spesa-i-dati-istat/,"A luglio inflazione al 2,9% su base annua, frena il “carrello della spesa”. I dati Istat - Telecittà la televisione di Casa Vostra",18,,,"... Il tasso di variazione tendenziale ... entrambi); tali effetti sono solo parzialmente compensati dalla diminuzione degli alimentari non lavorati (-1,3%)",https://eview.copyscape.com/compare/11uii00fsp/51
82,2026-09-28T11:42:14.891954,PRECONPROLUG2026,58ad50152255e17f721af3de8710f32291300deeccf656bcd048a0ceb6a2250e,https://it.headtopics.com/news/inflazione-il-balzo-ad-agosto-3-3-spingono-i-prezzi-87268890,"Inflazione, il balzo ad agosto: +3,3%. Spingono i prezzi dell'energia | Italia",18,,,"... al netto degli energetici e degli alimentari freschi, rallenta lievemente così come  quella al netto dei soli beni energetici ... La variazione congiunturale ",https://eview.copyscape.com/compare/11uii00fsp/52
83,2026-09-28T11:42:14.891954,PRECONPROLUG2026,58ad50152255e17f721af3de8710f32291300deeccf656bcd048a0ceb6a2250e,https://en.ilsole24ore.com/radiocor/nRC_31.07.2026_11.14_291,"Inflazione: Istat stima +0,2% a luglio, +2,8% su anno - Il Sole 24 ORE",17,,,"... degli alimentari freschi, resta stabile a +1,6%, mentre quella al ... La variazione congiunturale dell'indice generale riflette l ",https://eview.copyscape.com/compare/11uii00fsp/53
84,2026-09-28T11:42:14.891954,PRECONPROLUG2026,58ad50152255e17f721af3de8710f32291300deeccf656bcd048a0ceb6a2250e,https://www.teleborsa.it/News/2026/08/12/italia-inflazione-luglio-rivista-al-rialzo-al-2-9percent-su-anno-51.html,"Italia, inflazione luglio rivista al rialzo al +2,9% su anno | Teleborsa.it",17,,,"... degli alimentari freschi, resta stabile a +1,6%, mentre quella al ... La variazione congiunturale dell'indice generale riflette l ",https://eview.copyscape.com/compare/11uii00fsp/54
85,2026-09-28T11:42:14.891954,PRECONPROLUG2026,58ad50152255e17f721af3de8710f32291300deeccf656bcd048a0ceb6a2250e,https://www.ildispariquotidiano.it/it/inflazione-accelera-a-maggio-e-supera-il-3-pesano-i-prezzi-di-energia-e-trasporti/,Inflazione accelera a maggio e supera il 3%: pesano i prezzi di ...,17,,,"... La variazione congiunturale dell'indice generale riflette ... In base alle stime preliminari, l'indice armonizzato dei prezzi al consumo ",https://eview.copyscape.com/compare/11uii00fsp/55
86,2026-09-28T11:42:14.891954,PRECONPROLUG2026,58ad50152255e17f721af3de8710f32291300deeccf656bcd048a0ceb6a2250e,https://giornaledellepmi.it/inflazione-in-lieve-calo-a-luglio-28-ma-lenergia-regolamentata-vola-al-149/,"Inflazione in lieve calo a luglio (+2,8%), ma l'energia regolamentata ...",17,,,"... degli alimentari freschi, resta stabile a +1,6%, mentre quella al ... La variazione congiunturale dell'indice generale riflette l ",https://eview.copyscape.com/compare/11uii00fsp/56
87,2026-09-28T11:42:14.891954,PRECONPROLUG2026,58ad50152255e17f721af3de8710f32291300deeccf656bcd048a0ceb6a2250e,https://www.rivaluta.it/inflazione-stabile-in-italia-a-giugno-2024/,"Inflazione stabile in Italia a Giugno 2024: +0,8% - Rivaluta.it",17,,,"... degli alimentari freschi, resta stabile al +2,0%,  mentre quella al ... In base alle stime preliminari, l'indice armonizzato dei prezzi ",https://eview.copyscape.com/compare/11uii00fsp/57
88,2026-09-28T11:42:14.891954,PRECONPROLUG2026,58ad50152255e17f721af3de8710f32291300deeccf656bcd048a0ceb6a2250e,https://www.ansa.it/sito/notizie/economia/2026/09/16/istat-lenergia-spinge-linflazione-al-33-confermate-stime_df81ea40-013d-4abf-bd21-717877590380.html,"Istat, l'energia spinge l'inflazione al 3,3%, confermate stime - Notizie - Ansa.it",17,,,"... per l'intera collettività, ... al lordo dei tabacchi, registra una variazione del +0,5%  su base mensile e del +3,3%  su base annua",https://eview.copyscape.com/compare/11uii00fsp/58
89,2026-09-28T11:42:14.891954,PRECONPROLUG2026,58ad50152255e17f721af3de8710f32291300deeccf656bcd048a0ceb6a2250e,https://www.gazzettadisalerno.it/prezzi-al-consumo-a-giugno-inflazione-in-calo/,"Prezzi al consumo, a giugno inflazione in calo",16,,,"... La variazione congiunturale ... entrambi); tali effetti sono solo parzialmente compensati dalla diminuzione degli Alimentari non lavorati (-1,3%)",https://eview.copyscape.com/compare/11uii00fsp/59
90,2026-09-28T11:42:14.891954,PRECONPROLUG2026,58ad50152255e17f721af3de8710f32291300deeccf656bcd048a0ceb6a2250e,https://www.pmi.it/economia/mercati/493991/inflazione-energia-carrello-spesa-rincaro.html,"Inflazione verso il 3%, rincara il carrello della spesa",16,,,"... L'inflazione di fondo — al netto degli energetici e degli alimentari freschi — scende invece  a +1,6% (... da +1,9%): un segnale che la spinta sui prezzi di aprile è prevalentemente esogena, legata all'energia, e non a una domanda interna ",https://eview.copyscape.com/compare/11uii00fsp/60
91,2026-09-28T11:42:14.891954,PRECONPROLUG2026,58ad50152255e17f721af3de8710f32291300deeccf656bcd048a0ceb6a2250e,https://www.giornaledellepmi.it/inflazione-in-accelerazione-a-febbraio-16-spinti-i-prezzi-di-trasporti-e-servizi/,"Inflazione in accelerazione a febbraio: +1,6%, spinti i prezzi di trasporti e servizi - Il Giornale delle PMI",15,,,"... L'accelerazione dell'inflazione risente principalmente della dinamica tendenziale dei prezzi dei Servizi relativi ai trasporti (da +0,7% a +3,0%),  dei Servizi ricreativi, culturali e per la cura della persona (da +3,0% a +4,9%) e degli ",https://eview.copyscape.com/compare/11uii00fsp/61
92,2026-09-28T11:42:16.572268,PRECONLUG2026,de92146a6756fc6136774446e4bcca388602e1a2d6c6dd958c2884738dd513d1,https://www.italiaoggi.it/economia-e-politica/economia-e-finanza/prezzi-al-consumo-rallenta-linflazione-grazie-agli-alimentari-cs9sotvp,"Prezzi al consumo, rallenta l'inflazione grazie agli alimentari - ItaliaOggi.it",214,,,"... In particolare, il lieve rallentamento dell'inflazione riflette la dinamica dei prezzi degli Energetici non regolamentati (da +13,3% a +11,4%), degli Alimentari non lavorati (da +4,4% a +3,6%) e dei Servizi vari (da +2,5% a +1,8%); in accelerazione sono, invece, i prezzi degli Energetici regolamentati (da +9,2% a +14,8%), dei Servizi relativi ai trasporti (da +1,1% a +1,6%) e dei Servizi ricreativi, culturali e per la cura della persona (da +2,7% a +3,0%). A  luglio l'«inflazione di fondo», al netto degli energetici e degli alimentari freschi, resta stabile a +1,6%, mentre quella al netto dei soli beni energetici rallenta da +1,9% a +1,8%. I prezzi dei beni decelerano (da +3,3% a +3,2%), mentre la dinamica di quelli dei servizi è in lieve accelerazione (da +2,6% a +2,7%).... A luglio 2026, spiega l'Istat, ... di giugno, per effetto soprattutto della dinamica dei prezzi degli Alimentari non lavorati e degli Energetici non regolamentati... Di contro, un sostegno all'inflazione è esercitato dai prezzi degli energetici regolamentati e di alcune tipologie di servizi... I prezzi dei beni che compongono il «carrello della spesa» rallentano su base annua portandosi al +1%, ... mentre l'inflazione di fondo rimane stabile al +1,6%. L'espansione  acquisita a luglio, per il 2026, vendita  a +2,7%. In particolare, il ",https://eview.copyscape.com/compare/8u572cspk0/1
93,2026-09-28T11:42:16.572268,PRECONLUG2026,de92146a6756fc6136774446e4bcca388602e1a2d6c6dd958c2884738dd513d1,https://www.nuovogiornalenazionale.com/istat-landamento-dei-prezzi-al-consumo-a-luglio-2026/,"Istat, l'andamento dei prezzi al consumo a luglio 2026 - Nuovo Giornale Nazionale",210,,,"... Il lieve rallentamento dell'inflazione riflette la dinamica dei prezzi degli Energetici non regolamentati (da +13,3% a +11,4%), degli Alimentari non lavorati (da +4,4% a +3,6%) e dei Servizi vari (da +2,5% a +1,8%); in accelerazione sono, ... Nel mese di luglio la “ inflazione di fondo”, al netto degli energetici e degli alimentari freschi, resta stabile a +1,6%, mentre quella al netto dei soli beni energetici rallenta da +1,9% a +1,8%.... Il tasso di variazione tendenziale ... dei prezzi degli Energetici regolamentati (+6,5%), dei Servizi relativi ai trasporti (+1,4%), dei Servizi ricreativi, culturali e per la cura della persona (+0,6%), degli Energetici non ... L'indice nazionale dei prezzi al consumo per le famiglie di operai e impiegati (FOI), al netto dei tabacchi, registra una variazione congiunturale pari a +0,3% e una tendenziale di +2,8%. ... A luglio 2026 l'inflazione scende al +2,9% (dal +3,0% ... Di contro, un sostegno all'inflazione è esercitato dai prezzi degli Energetici regolamentati e di alcune tipologie di servizi... I prezzi dei beni che compongono il “carrello della spesa” rallentano su base annua portandosi al +1,0%, mentre l'inflazione di fondo rimane stabile (a +1,6%). L'inflazione acquisita a luglio, per il 2026, sale a +2,7%. ",https://eview.copyscape.com/compare/8u572cspk0/2
94,2026-09-28T11:42:16.572268,PRECONLUG2026,de92146a6756fc6136774446e4bcca388602e1a2d6c6dd958c2884738dd513d1,https://www.borsaitaliana.it/borsa/notizie/teleborsa/economia/italia-inflazione-luglio-rivista-al-rialzo-al-29-su-anno-51_2026-08-12_TLB.html,"Italia, inflazione luglio rivista al rialzo al +2,9% su anno - Borsa Italiana",144,,,"... Il lieve rallentamento dell'inflazione riflette la dinamica dei prezzi degli Energetici non regolamentati (da +13,3% a +11,4%), degli Alimentari non lavorati (da +4,4% a +3,6%) e dei Servizi vari (da +2,5% a +1,8%); in accelerazione sono, invece, i prezzi degli Energetici regolamentati (da +9,2% a +14,8%), dei Servizi relativi ai trasporti (da +1,1% a +1,6%) e dei Servizi ricreativi, culturali e per la cura della persona (da +2,7% a +3,0%). Nel mese di luglio l'inflazione  di fondo, al netto degli energetici e degli alimentari freschi, resta stabile a +1,6%, mentre quella al netto dei soli beni energetici rallenta da +1,9% a +1,8%. I prezzi dei beni decelerano (da +3,3% a +3,2%), mentre la dinamica di quelli dei servizi è in lieve accelerazione (da +2,6% a +2,7%).",https://eview.copyscape.com/compare/8u572cspk0/3
95,2026-09-28T11:42:16.572268,PRECONLUG2026,de92146a6756fc6136774446e4bcca388602e1a2d6c6dd958c2884738dd513d1,https://www.giornaledellepmi.it/inflazione-a-luglio-rallenta-al-29-carrello-della-spesa-a-1-ma-luce-e-gas-corrono-148/,"Inflazione, a luglio rallenta al 2,9%: carrello della spesa a +1%, ma luce e gas corrono (+14,8%) - Il Giornale delle PMI",135,,,"... Il lieve rallentamento dell'inflazione riflette la dinamica dei prezzi degli Energetici non regolamentati (da +13,3% a +11,4%), degli Alimentari non lavorati (da +4,4% a +3,6%) e dei Servizi vari (da +2,5% a +1,8%); in accelerazione sono, ... Nel mese di luglio l'“inflazione di fondo”, al netto degli energetici e degli alimentari freschi, resta stabile a +1,6%, mentre quella al netto dei soli beni energetici rallenta da +1,9% a +1,8%.... Il tasso di variazione tendenziale ... dei prezzi degli Energetici regolamentati (+6,5%), dei Servizi relativi ai trasporti (+1,4%), dei Servizi ricreativi, culturali e per la cura della persona (+0,6%), degli Energetici non ... A luglio 2026 l'inflazione scende ... Di contro, un sostegno all'inflazione è esercitato dai prezzi degli Energetici regolamentati e di alcune tipologie di servizi",https://eview.copyscape.com/compare/8u572cspk0/4
96,2026-09-28T11:42:16.572268,PRECONLUG2026,de92146a6756fc6136774446e4bcca388602e1a2d6c6dd958c2884738dd513d1,https://formatresearch.com/2026/07/31/inflazione-al-28-istat-prezzi-al-consumo/,"Inflazione al 2,8% | Istat PREZZI AL CONSUMO - Format Research",134,,,"... Il lieve rallentamento dell'inflazione riflette la dinamica dei prezzi degli Alimentari non lavorati (da +4,4% a +3,8%), degli Energetici non regolamentati (da +13,3% a +10, 6%) e dei Servizi vari (da +2,5% a +1,8%); in accelerazione sono, invece, i prezzi degli Alimentari lavorati (da -0,2% a +0,2%),  degli Energetici regolamentati (da +9,2% a +14,9%) e  dei Servizi relativi ai trasporti (da +1,1% a +1,6%). ... Nel mese di luglio l'“inflazione di fondo”, al netto degli energetici e degli alimentari freschi, resta stabile a +1,6%, mentre quella al netto dei soli beni energetici rallenta da +1,9% a +1,8%.... Il tasso di variazione tendenziale ... La variazione congiunturale ... dei prezzi degli Energetici regolamentati (+6,6%),  dei Servizi relativi ai trasporti (+1,4%), degli Alimentari lavorati (+0,7%) e  dei Servizi ricreativi, culturali e per la cura della ... solo parzialmente compensati dalla diminuzione degli Alimentari non lavorati (-1,1%) e degli Energetici non regolamentati (-0, 3%). L'inflazione acquisita per il 2026 è pari a +2,7% per ",https://eview.copyscape.com/compare/8u572cspk0/5
97,2026-09-28T11:42:16.572268,PRECONLUG2026,de92146a6756fc6136774446e4bcca388602e1a2d6c6dd958c2884738dd513d1,https://www.giornaledellepmi.it/inflazione-in-lieve-calo-a-luglio-28-ma-lenergia-regolamentata-vola-al-149/,"Inflazione in lieve calo a luglio (+2,8%), ma l’energia regolamentata vola al +14,9% - Il Giornale delle PMI",107,,,"... Il lieve rallentamento dell'inflazione riflette la dinamica dei prezzi degli Alimentari non lavorati (da +4,4% a +3,8%), degli Energetici non regolamentati (da +13,3% a +10, 6%) e dei Servizi vari (da +2,5% a +1,8%); in accelerazione sono, invece, i prezzi degli Alimentari lavorati (da -0,2% a +0,2%),  degli Energetici regolamentati (da +9,2% a +14,9%) e  dei Servizi relativi ai trasporti (da +1,1% a +1,6%). ... Nel mese di luglio l'“inflazione di fondo”, al netto degli energetici e degli alimentari freschi, resta stabile a +1,6%, mentre quella al netto dei soli beni energetici rallenta da +1,9% a +1,8%.... A luglio 2026 l'inflazione cala al +2,8% ( dal +3,0% di giugno), per effetto soprattutto della dinamica dei prezzi degli Alimentari non lavorati e degli Energetici non regolamentati.",https://eview.copyscape.com/compare/8u572cspk0/6
98,2026-09-28T11:42:16.572268,PRECONLUG2026,de92146a6756fc6136774446e4bcca388602e1a2d6c6dd958c2884738dd513d1,https://www.imgpress.it/attualita/prezzi-al-consumo-luglio-2026/,ESATATE & INFLAZIONE: Prezzi al consumo - Luglio 2026 - imgpress,101,,,"... Il lieve rallentamento dell'inflazione riflette la dinamica dei prezzi degli Energetici non regolamentati (da +13,3% a +11,4%), degli Alimentari non lavorati (da +4,4% a +3,6%) e dei Servizi vari (da +2,5% a +1,8%); in accelerazione sono, ... Nel mese di luglio l'“inflazione di fondo”, al netto degli energetici e degli alimentari freschi, resta stabile a +1,6%, mentre quella al netto dei soli beni energetici rallenta da +1,9% a +1,8%.... A luglio 2026 l'inflazione scende ... Di contro, un sostegno all'inflazione è esercitato dai prezzi degli Energetici regolamentati e di alcune tipologie di servizi",https://eview.copyscape.com/compare/8u572cspk0/7
99,2026-09-28T11:42:16.572268,PRECONLUG2026,de92146a6756fc6136774446e4bcca388602e1a2d6c6dd958c2884738dd513d1,https://www.hashtagsicilia.it/2026/08/13/inflazione-a-luglio-lieve-frenata-scende-al-29-ma-accelerano-i-prezzi-dellenergia-regolamentata/,"Inflazione, a luglio lieve frenata: scende al 2,9%, ma accelerano i prezzi dell’energia regolamentata - hashtagsicilia",95,,,"... Nel mese di luglio 2026 l'indice ... del +0,3% su base mensile e del +2,9% su base annua (da +3,0% di giugno); la stima preliminare era 2,8%. Il lieve rallentamento dell'inflazione riflette la dinamica dei prezzi ... degli Energetici non regolamentati (da +13,3% a +11,4%), degli Alimentari non lavorati (da +4,4% a +3,6%) e dei Servizi vari (da +2,5% a +1,8%); in accelerazione sono, ... A luglio 2026 l'inflazione scende ... Di contro, un sostegno all'inflazione è esercitato dai prezzi degli Energetici regolamentati e di alcune tipologie di servizi",https://eview.copyscape.com/compare/8u572cspk0/8
100,2026-09-28T11:42:16.572268,PRECONLUG2026,de92146a6756fc6136774446e4bcca388602e1a2d6c6dd958c2884738dd513d1,https://www.ore12.net/inflazione-costa-meno-il-carrello-della-spesa-prezzi-in-calo-dello-03/,"Inflazione: costa meno il 'carrello della spesa', prezzi in calo dello 0,3% - Ore12",93,,,"... La variazione congiunturale dell'indice generale riflette l'aumento dei prezzi degli energetici regolamentati (+6,5%), dei servizi relativi ai trasporti (+1,4%), dei servizi ricreativi, culturali e per la cura della persona (+0,6%), degli ... L'inflazione scende al +2,9%, dal +3% ... di giugno, per effetto soprattutto della dinamica dei prezzi degli alimentari non lavorati e degli energetici non regolamentati – osserva l'Istat –  di contro, un sostegno all'inflazione è ... I prezzi dei beni che compongono il ‘carrello della spesa' rallentano su base annua portandosi al +1%. Secondo quanto riferito dall'Istat “il tasso di variazione tendenziale dei prezzi dei beni alimentari, per la cura della casa e della ... L'inflazione acquisita a luglio, per il 2026, sale a +2,7%. L'inflazione di fondo rimane stabile a +1,6%”. Il lieve rallentamento dell'inflazione – viene messo in evidenza dall'Istat – riflette la dinamica dei prezzi degli energetici ",https://eview.copyscape.com/compare/8u572cspk0/9
101,2026-09-28T11:42:16.572268,PRECONLUG2026,de92146a6756fc6136774446e4bcca388602e1a2d6c6dd958c2884738dd513d1,https://www.blog.it/inflazione-luglio-al-29-annuo-rallenta-la-crescita-del-carrello-della-spesa/,"Inflazione luglio al 2,9% annuo, rallenta la crescita del carrello della spesa - Blog.it - Notizie, Lifestyle, Gossip, Viaggi, Tech e molto altro",93,,,"... la dinamica dei prezzi degli energetici non regolamentati (da +13,3% a +11,4%), degli alimentari non lavorati (da +4,4% a +3,6%) e dei servizi vari (da +2,5% a +1,8%); in accelerazione sono, ... L'inflazione di fondo, al netto ... Il tasso di variazione tendenziale ... dei prezzi degli energetici regolamentati (+6,5%), dei servizi relativi ai trasporti (+1,4%), dei servizi ricreativi, culturali e per la cura della persona (+0,6%), degli energetici non ... I prezzi dei beni che compongono il “carrello della spesa” rallentano su base annua portandosi al +1,0%",https://eview.copyscape.com/compare/8u572cspk0/10
102,2026-09-28T11:42:16.572268,PRECONLUG2026,de92146a6756fc6136774446e4bcca388602e1a2d6c6dd958c2884738dd513d1,https://www.gazzettadisalerno.it/prezzi-al-consumo-a-giugno-inflazione-in-calo/,"Prezzi al consumo, a giugno inflazione in calo",73,,,"... Il lieve rallentamento dell'inflazione riflette la dinamica dei prezzi degli Energetici non regolamentati (da +13,3% a +11,4%), degli Alimentari non lavorati (da +4,4% a +3,6%) e dei Servizi vari (da +2,5% a +1,8%); in accelerazione sono, ... La variazione congiunturale ... entrambi); tali effetti sono solo parzialmente compensati dalla diminuzione degli Alimentari non lavorati (-1,3%). L'inflazione acquisita per il 2026 è pari a +2,7% per l'indice generale ",https://eview.copyscape.com/compare/8u572cspk0/11
103,2026-09-28T11:42:16.572268,PRECONLUG2026,de92146a6756fc6136774446e4bcca388602e1a2d6c6dd958c2884738dd513d1,https://www.gazzettadinapoli.it/economia-2/istat-prezzi-al-consumo-a-giugno-inflazione-29-rispetto-a-2025/,"Istat, prezzi al consumo, a giugno inflazione +2,9% rispetto a 2025",65,,,"... Il lieve rallentamento dell'inflazione riflette la dinamica dei prezzi degli Energetici non regolamentati (da +13,3% a +11,4%), degli Alimentari non lavorati (da +4,4% a +3,6%) e dei Servizi vari (da +2,5% a +1,8%); in accelerazione sono, ... A luglio 2026 l'inflazione scende ... Di contro, un sostegno all'inflazione è esercitato dai prezzi degli Energetici regolamentati e di alcune tipologie di servizi",https://eview.copyscape.com/compare/8u572cspk0/12
104,2026-09-28T11:42:16.572268,PRECONLUG2026,de92146a6756fc6136774446e4bcca388602e1a2d6c6dd958c2884738dd513d1,https://www.adnkronos.com/economia/inflazione-carrello-spesa-dati-giugno-2026-istat_1XLZ58PGGFHJnBko1f10hf,"Inflazione rallenta a giugno, frena anche il carrello della spesa: i dati Istat",54,,,"... Il lieve rallentamento ... riflette la dinamica dei prezzi ... degli Alimentari non lavorati, ... a +1,1%); in accelerazione sono invece i prezzi degli Energetici, regolamentati (da +5,6% a +9,2%) e non regolamentati (da +12,5% a +13,3%)... dei Servizi ricreativi, culturali e per la cura della persona e dei Servizi relativi ai trasporti... A giugno l'“inflazione di fondo”, al netto degli energetici e degli alimentari freschi, si riduce lievemente (da +1,7%  a +1,6%), così come  quella al netto dei soli beni energetici (da +2,1% a +1,9%). Rallentano su base annua sia i prezzi ",https://eview.copyscape.com/compare/8u572cspk0/13
105,2026-09-28T11:42:16.572268,PRECONLUG2026,de92146a6756fc6136774446e4bcca388602e1a2d6c6dd958c2884738dd513d1,https://www.gazzettadinapoli.it/economia-2/prezzi-al-consumo-istat-inflazione-rallenta-a-luglio/,"Prezzi al consumo, Istat, inflazione rallenta a luglio",52,,,"... Il tasso di variazione tendenziale ... La variazione congiunturale ... dei prezzi degli Energetici regolamentati (+6,6%),  dei Servizi relativi ai trasporti (+1,4%), degli Alimentari lavorati (+0,7%) e  dei Servizi ricreativi, culturali e per la cura della ... solo parzialmente compensati dalla diminuzione degli Alimentari non lavorati (-1,1%) e degli Energetici non regolamentati (-0, 3%). L'inflazione acquisita per il 2026 è pari a +2,7% per ",https://eview.copyscape.com/compare/8u572cspk0/14
106,2026-09-28T11:42:16.572268,PRECONLUG2026,de92146a6756fc6136774446e4bcca388602e1a2d6c6dd958c2884738dd513d1,https://www.gazzettadisalerno.it/prezzi-al-consumo-inflazione-rallenta-dati-istat-di-luglio/,"Prezzi al consumo, inflazione rallenta, dati Istat di luglio",49,,,"... Il lieve rallentamento dell'inflazione riflette la dinamica dei prezzi degli Alimentari non lavorati (da +4,4% a +3,8%), degli Energetici non regolamentati (da +13,3% a +10, 6%) e dei Servizi vari (da +2,5% a +1,8%); in accelerazione sono, ... La variazione congiunturale ... solo parzialmente compensati dalla diminuzione degli Alimentari non lavorati (-1,1%) e degli Energetici non regolamentati (-0, 3%). L'inflazione acquisita per il 2026 è pari a +2,7% per ",https://eview.copyscape.com/compare/8u572cspk0/15
107,2026-09-28T11:42:16.572268,PRECONLUG2026,de92146a6756fc6136774446e4bcca388602e1a2d6c6dd958c2884738dd513d1,https://www.ilmonito.it/inflazione-rallenta-istat-a-giugno-al-3-carrello-della-spesa-all13/,"Inflazione rallenta, Istat: ""A giugno al 3%"". Carrello della spesa all'1,3% | ILMONITO",47,,,"... Il lieve rallentamento dell'inflazione riflette la dinamica dei prezzi ... degli Alimentari non lavorati (da +5,5% a +4,4%),  dei Servizi ricreativi, culturali e per la cura della persona (da +3,0% a +2,7%) e dei Servizi relativi ai trasporti (da ... A giugno l'“inflazione di fondo”, al netto degli energetici e degli alimentari freschi, si riduce lievemente (da +1,7%  a +1,6%), così come  quella al netto dei soli beni energetici (da +2,1% a +1,9%). Rallentano su base annua sia i prezzi ",https://eview.copyscape.com/compare/8u572cspk0/16
108,2026-09-28T11:42:16.572268,PRECONLUG2026,de92146a6756fc6136774446e4bcca388602e1a2d6c6dd958c2884738dd513d1,https://ladiscussione.com/462059/economia/inflazione-agosto-2026/,"Inflazione al 3,3% ad agosto 2026, accelerano i prezzi dell’energia",39,,,"... L'inflazione media del 2026 acquisita ad agosto risulta pari al +2,9% per l'indice generale e al +1,9% per la componente di fondo. La variazione congiunturale dell'indice generale, pari a +0,5%, riflette soprattutto l'uamento  dei prezzi degli Energetici regolamentati, cresciuti del 3,0% rispetto al mese precedente, e  degli Energetici non regolamentati, in aumento del 2,9%. Crescono anche i Servizi relativi ai trasporti, del 1,3%, e i Beni durevoli, del 0,5%.  L'indice armonizzato dei prezzi al consumo (IPCA) registra ad agosto una variazione dello 0,1%  su base mensile, anche per effetto  dei saldi estivi di cui il NIC non tiene conto, e del 3,2%  su base annua, rispetto al +2,9% di luglio.",https://eview.copyscape.com/compare/8u572cspk0/17
109,2026-09-28T11:42:16.572268,PRECONLUG2026,de92146a6756fc6136774446e4bcca388602e1a2d6c6dd958c2884738dd513d1,https://www.ilfattoquotidiano.it/2026/09/16/inflazione-agosto-2026-istat-prezzi-notizie/8507982/,"Inflazione ad agosto vola al 3,3%: gas +31%, benzina e gasolio alle stelle",38,,,"... L'inflazione di fondo, depurata dagli energetici e dagli alimentari freschi, scende invece lievemente dall'1,6% all'1,5%. I beni durevoli accelerano dal +0,7% al +1,3% e gli alimentari non lavorati dal +3,6% al +3,8%. Più contenuta, invece, la dinamica del cosiddetto carrello della spesa: i prezzi dei beni alimentari, per la cura della casa e della persona passano dal +1% al +0,9%.  L'inflazione acquisita per il 2026 sale così al 2,9%  per l'indice generale e all'1,9%  per la componente di fondo. L'indice armonizzato europeo (Ipca), che tiene conto dei saldi estivi a differenza del Nic, registra un aumento dello 0,1%  su base mensile e del 3,2%  su base annua, ... confermando la stima preliminare.",https://eview.copyscape.com/compare/8u572cspk0/18
110,2026-09-28T11:42:16.572268,PRECONLUG2026,de92146a6756fc6136774446e4bcca388602e1a2d6c6dd958c2884738dd513d1,https://www.ripartelitalia.it/inflazione-ad-agosto-sale-al-33-beni-energetici-171-e-carrello-della-spesa-allo-09-il-report-dellistat/,"Inflazione: ad agosto sale al 3,3%, beni energetici +17,1% e carrello della spesa allo 0,9% | Il report dell’Istat",37,,,"... L'aumento dell'inflazione riflette principalmente l'andamento dei prezzi degli Energetici, regolamentati (da +14,8% a +18,6%) e, soprattutto, non regolamentati (da +11,4% a +17,0%), dei Beni durevoli (da +0,7% a +1,3%) e, in misura più ... La variazione congiunturale dell'indice generale riflette soprattutto  l'aumento dei prezzi degli Energetici regolamentati (+3,0%) e non regolamentati (+2,9%),  dei Servizi relativi ai trasporti (+1,3%) e dei Beni durevoli (+0,5%). L'inflazione media del 2026 acquisita ad agosto  è pari a +2,9%  per l'indice generale e a +1,9%  per la componente di fondo.",https://eview.copyscape.com/compare/8u572cspk0/19
111,2026-09-28T11:42:16.572268,PRECONLUG2026,de92146a6756fc6136774446e4bcca388602e1a2d6c6dd958c2884738dd513d1,https://www.adn24.it/blog/2026/08/12/a-luglio-inflazione-al-29-su-base-annua-frena-il-carrello-della-spesa-i-dati-istat/,"A luglio inflazione al 2,9% su base annua, frena il “carrello della spesa”. I dati Istat",34,,,"... Il tasso di variazione tendenziale ... dei prezzi degli energetici regolamentati (+6,5%), dei servizi relativi ai trasporti (+1,4%), dei servizi ricreativi, culturali e per la cura della persona (+0,6%), degli energetici non ",https://eview.copyscape.com/compare/8u572cspk0/20
112,2026-09-28T11:42:16.572268,PRECONLUG2026,de92146a6756fc6136774446e4bcca388602e1a2d6c6dd958c2884738dd513d1,https://formatresearch.com/wp-content/uploads/2025/01/CS_Prezzi-al-consumo_Prov_Gennaio2025.pdf,Prezzi al consumo,34,,,"...  Nel mese di gennaio  l'“inflazione di fondo”, al netto degli energetici e degli alimentari freschi, resta stabile (a · +1,8%),  mentre quella al netto dei soli beni ... dei prezzi dei Servizi relativi ai trasporti (da +3,6% a +2,5%) e di quelli  dei Servizi relativi alle comunicazioni ",https://eview.copyscape.com/compare/8u572cspk0/21
113,2026-09-28T11:42:16.572268,PRECONLUG2026,de92146a6756fc6136774446e4bcca388602e1a2d6c6dd958c2884738dd513d1,https://www.freshplaza.it/article/9863031/prezzi-alimentari-in-frenata-scendono-frutta-e-verdura/,"Prezzi alimentari in frenata, scendono frutta e verdura",34,,,"... Nel mese di luglio l'inflazione  di fondo, al netto degli energetici e degli alimentari freschi, resta stabile a +1,6%, mentre quella al netto dei soli beni energetici rallenta da +1,9% a +1,8%.",https://eview.copyscape.com/compare/8u572cspk0/22
114,2026-09-28T11:42:16.572268,PRECONLUG2026,de92146a6756fc6136774446e4bcca388602e1a2d6c6dd958c2884738dd513d1,https://www.nuovogiornalenazionale.com/2026/03/04/istat-i-prezzi-al-consumo-provvisori-a-febbraio-2026/,"Istat, i prezzi al consumo provvisori a febbraio 2026 - Nuovo Giornale Nazionale",32,,,"... Secondo le stime preliminari, nel mese di febbraio  2026 l'indice nazionale dei prezzi al consumo per l'intera collettività (NIC), al lordo dei tabacchi, registra una variazione del +0,8%  su base mensile e del +1,6%  su base annua (da +1,0% ",https://eview.copyscape.com/compare/8u572cspk0/23
115,2026-09-28T11:42:16.572268,PRECONLUG2026,de92146a6756fc6136774446e4bcca388602e1a2d6c6dd958c2884738dd513d1,https://www.lospecialegiornale.it/2026/09/01/inflazione-stangata-ad-agosto-33-spingono-i-prezzi-dellenergia/,"Inflazione, stangata ad agosto: +3,3%. Spingono i prezzi dell'energia » LO_SPECIALE",32,,,"... Si amplia il differenziale tra il comparto dei servizi e quello dei beni, che passa da -0,5 a -1,7 punti percentuali. La variazione congiunturale dell'indice generale riflette soprattutto l'aumento dei  prezzi degli energetici regolamentati (+3,2%) e non regolamentati (+2, 8%), dei servizi relativi ai trasporti (+1,4%), degli alimentari lavorati (+0,4%) e dei beni durevoli (+0,3%).  L'“inflazione di fondo”, calcolata  al netto degli energetici e degli alimentari freschi, rallenta lievemente (da +1,6% a +1,5%) così come  quella al netto dei soli beni energetici (da +1,8% a +1,7%).",https://eview.copyscape.com/compare/8u572cspk0/24
116,2026-09-28T11:42:16.572268,PRECONLUG2026,de92146a6756fc6136774446e4bcca388602e1a2d6c6dd958c2884738dd513d1,https://lamilano.it/dai-media/inflazione-stangata-ad-agosto-33-spingono-i-prezzi-dellenergia/,"Inflazione, stangata ad agosto: +3,3%. Spingono i prezzi dell'energia",32,,,"... Si amplia il differenziale tra il comparto dei servizi e quello dei beni, che passa da -0,5 a -1,7 punti percentuali. La variazione congiunturale dell'indice generale riflette soprattutto l'aumento dei  prezzi degli energetici regolamentati (+3,2%) e non regolamentati (+2, 8%), dei servizi relativi ai trasporti (+1,4%), degli alimentari lavorati (+0,4%) e dei beni durevoli (+0,3%).  L'“inflazione di fondo”, calcolata  al netto degli energetici e degli alimentari freschi, rallenta lievemente (da +1,6% a +1,5%) così come  quella al netto dei soli beni energetici (da +1,8% a +1,7%).",https://eview.copyscape.com/compare/8u572cspk0/25
117,2026-09-28T11:42:16.572268,PRECONLUG2026,de92146a6756fc6136774446e4bcca388602e1a2d6c6dd958c2884738dd513d1,https://www.radiok55.it/inflazione-stangata-ad-agosto-33-spingono-i-prezzi-dellenergia/,"Inflazione, stangata ad agosto: +3,3%. Spingono i prezzi dell'energia - Radio K55",32,,,"... Si amplia il differenziale tra il comparto dei servizi e quello dei beni, che passa da -0,5 a -1,7 punti percentuali. La variazione congiunturale dell'indice generale riflette soprattutto l'aumento dei  prezzi degli energetici regolamentati (+3,2%) e non regolamentati (+2, 8%), dei servizi relativi ai trasporti (+1,4%), degli alimentari lavorati (+0,4%) e dei beni durevoli (+0,3%).  L'“inflazione di fondo”, calcolata  al netto degli energetici e degli alimentari freschi, rallenta lievemente (da +1,6% a +1,5%) così come  quella al netto dei soli beni energetici (da +1,8% a +1,7%).",https://eview.copyscape.com/compare/8u572cspk0/26
118,2026-09-28T11:42:16.572268,PRECONLUG2026,de92146a6756fc6136774446e4bcca388602e1a2d6c6dd958c2884738dd513d1,https://formatresearch.com/2026/09/16/inflazione-al-33-istat-prezzi-al-consumo/,"Inflazione al 3,3% | Istat PREZZI AL CONSUMO - Format Research",29,,,"... L'indice nazionale dei prezzi al consumo per le famiglie di operai e impiegati (FOI), al netto dei tabacchi, registra una variazione congiunturale pari a +0,6%  e una tendenziale di +3,4%. Ad agosto 2026 l'inflazione sale a +3,3% (da +2,9% ",https://eview.copyscape.com/compare/8u572cspk0/27
119,2026-09-28T11:42:16.572268,PRECONLUG2026,de92146a6756fc6136774446e4bcca388602e1a2d6c6dd958c2884738dd513d1,https://www.aranagenzia.it/download/prezzi-al-consumo-marzo-2024/,Prezzi al consumo – marzo 2024 | Aran Agenzia,25,,,"... Nel mese di marzo  l'“inflazione di fondo”, al netto degli energetici e degli alimentari freschi, resta stabile a +2,3%,  mentre quella al netto dei soli beni ",https://eview.copyscape.com/compare/8u572cspk0/28
120,2026-09-28T11:42:16.572268,PRECONLUG2026,de92146a6756fc6136774446e4bcca388602e1a2d6c6dd958c2884738dd513d1,https://www.aranagenzia.it/download/prezzi-al-consumo-ottobre-2024/,Prezzi al consumo – ottobre 2024 | Aran Agenzia,25,,,"... Nel mese di ottobre  l'“inflazione di fondo”, al netto degli energetici e degli alimentari freschi, resta stabile a +1,8% e  quella al netto dei soli beni ",https://eview.copyscape.com/compare/8u572cspk0/29
121,2026-09-28T11:42:16.572268,PRECONLUG2026,de92146a6756fc6136774446e4bcca388602e1a2d6c6dd958c2884738dd513d1,https://formatresearch.com/wp-content/uploads/2023/01/CS_Prezzi-al-consumo_Prov_Gennaio2023.pdf,Prezzi al consumo,25,,,"... La flessione del tasso di inflazione si deve, principalmente, al forte rallentamento su base tendenziale dei · prezzi dei Beni energetici regolamentati (da +70,2% a -10,9%) e, in misura minore, di quelli degli Energetici · non regolamentati (da +63,3% a +59,6%),  degli Alimentari non lavorati (da +9,5% a +8,0%)  e dei Servizi · ricreativi, culturali e per la cura della persona (da +6,2% a +5,5%); gli effetti di tali andamenti sono stati solo... Il forte rallentamento dei prezzi dei beni è imputabile ai prezzi dei Beni energetici (la cui variazione su base · annua passa da +64,7% a +43,1%; -3,8% il congiunturale) e, in particolare, a quelli della componente · regolamentata (che invertono la loro tendenza, passando da +70,2% a -10,9%; ",https://eview.copyscape.com/compare/8u572cspk0/30
122,2026-09-28T11:42:16.572268,PRECONLUG2026,de92146a6756fc6136774446e4bcca388602e1a2d6c6dd958c2884738dd513d1,https://www.uilpa.it/istat-inarrestabile-laumento-dei-prezzi-3/,Istat. Inarrestabile l’aumento dei prezzi,25,,,"... Nel mese di agosto 2024,  l'indice nazionale dei prezzi al consumo per l'intera collettività (NIC), al lordo dei tabacchi, aumenta dello 0,2%  su base mensile e dell'1,1%  su base annua (da +1,3% del mese precedente), confermando la stima ",https://eview.copyscape.com/compare/8u572cspk0/31
123,2026-09-28T11:42:16.572268,PRECONLUG2026,de92146a6756fc6136774446e4bcca388602e1a2d6c6dd958c2884738dd513d1,https://www.imgpress.it/attualita/istat-prezzi-al-consumo-luglio-2026/,ISTAT: Prezzi al consumo - Luglio 2026 - imgpress,25,,,"... La variazione congiunturale ... solo parzialmente compensati dalla diminuzione degli Alimentari non lavorati (-1,1%) e degli Energetici non regolamentati (-0, 3%). L'inflazione acquisita per il 2026 è pari a +2,7% per ",https://eview.copyscape.com/compare/8u572cspk0/32
124,2026-09-28T11:42:16.572268,PRECONLUG2026,de92146a6756fc6136774446e4bcca388602e1a2d6c6dd958c2884738dd513d1,https://www.aranagenzia.it/download/prezzi-al-consumo-agosto-2024/,Prezzi al consumo – agosto 2024 | Aran Agenzia,22,,,"... Ad agosto, l'“inflazione di fondo”, al netto degli energetici e degli alimentari freschi, resta stabile a +1,9%, come anche  quella al netto dei soli beni ",https://eview.copyscape.com/compare/8u572cspk0/33
125,2026-09-28T11:42:16.572268,PRECONLUG2026,de92146a6756fc6136774446e4bcca388602e1a2d6c6dd958c2884738dd513d1,https://www.telecitta.tv/a-luglio-inflazione-al-29-su-base-annua-frena-il-carrello-della-spesa-i-dati-istat/,"A luglio inflazione al 2,9% su base annua, frena il “carrello della spesa”. I dati Istat - Telecittà la televisione di Casa Vostra",22,,,"... L'inflazione di fondo, al netto ... I prezzi dei beni che compongono il “carrello della spesa” rallentano su base annua portandosi al +1,0%",https://eview.copyscape.com/compare/8u572cspk0/34
126,2026-09-28T11:42:16.572268,PRECONLUG2026,de92146a6756fc6136774446e4bcca388602e1a2d6c6dd958c2884738dd513d1,https://www.adnkronos.com/economia/inflazione-agosto-2026-cresce-energia-prezzi_605eKZp4k8qBCZgxgVdQ1u,"Inflazione vola, ad agosto sale al 3,3%: a spingere i prezzi dell'energia",22,,,"... Nel mese di agosto  l'“inflazione di fondo”, calcolata  al netto degli energetici e degli alimentari freschi, si riduce lievemente (da +1,6% a +1,5%), così come  quella al netto dei soli beni energetici (da +1,8% a +1,7%). Nel settore dei ",https://eview.copyscape.com/compare/8u572cspk0/35
127,2026-09-28T11:42:16.572268,PRECONLUG2026,de92146a6756fc6136774446e4bcca388602e1a2d6c6dd958c2884738dd513d1,https://www.freshplaza.it/article/9858108/decelerano-i-prezzi-di-frutta-e-ortaggi/,Decelerano i prezzi di frutta e ortaggi,21,,,"... Nel mese di giugno  2026, l'indice nazionale dei prezzi al consumo per l'intera collettività (NIC), al lordo dei tabacchi, registra una variazione congiunturale nulla e una tendenziale del…",https://eview.copyscape.com/compare/8u572cspk0/36
128,2026-09-28T11:42:16.572268,PRECONLUG2026,de92146a6756fc6136774446e4bcca388602e1a2d6c6dd958c2884738dd513d1,https://www.ruminantia.it/prezzi-al-consumo-istat-energia-e-carburanti-riaccendono-linflazione/,Prezzi al consumo ISTAT: energia e carburanti riaccendono l’inflazione – Ruminantia – Web Magazine del mondo dei Ruminanti,21,,,"... Nel mese di agosto  2026, l'indice nazionale dei prezzi al consumo (NIC) ha registrato un incremento dello 0,5%  su base mensile e del 3,3%  su base annua (in accelerazione dal +2,9% di luglio). A guidare questa ripresa dell'inflazione generale è stato quasi esclusivamente il comparto energetico, a fronte di una  dinamica dei prezzi alimentari",https://eview.copyscape.com/compare/8u572cspk0/37
129,2026-09-28T11:42:16.572268,PRECONLUG2026,de92146a6756fc6136774446e4bcca388602e1a2d6c6dd958c2884738dd513d1,https://en.ilsole24ore.com/radiocor/nRC_31.07.2026_11.14_291,"Inflazione: Istat stima +0,2% a luglio, +2,8% su anno - Il Sole 24 ORE",17,,,"... degli alimentari freschi, resta stabile a +1,6%, mentre quella al ... La variazione congiunturale dell'indice generale riflette l ",https://eview.copyscape.com/compare/8u572cspk0/38
130,2026-09-28T11:42:16.572268,PRECONLUG2026,de92146a6756fc6136774446e4bcca388602e1a2d6c6dd958c2884738dd513d1,https://www.teleborsa.it/News/2026/08/12/italia-inflazione-luglio-rivista-al-rialzo-al-2-9percent-su-anno-51.html,"Italia, inflazione luglio rivista al rialzo al +2,9% su anno | Teleborsa.it",17,,,"... degli alimentari freschi, resta stabile a +1,6%, mentre quella al ... La variazione congiunturale dell'indice generale riflette l ",https://eview.copyscape.com/compare/8u572cspk0/39
131,2026-09-28T11:42:16.572268,PRECONLUG2026,de92146a6756fc6136774446e4bcca388602e1a2d6c6dd958c2884738dd513d1,https://www.ilsole24ore.com/radiocor/nRC_16.06.2026_10.14_226,"Inflazione: Istat conferma, +0,4% a maggio, +3,2% su anno -2",17,,,"... La variazione congiunturale dell'indice generale riflette ... tabacchi, registra una variazione congiunturale pari a +0,3% e una ",https://eview.copyscape.com/compare/8u572cspk0/40
132,2026-09-28T11:42:16.572268,PRECONLUG2026,de92146a6756fc6136774446e4bcca388602e1a2d6c6dd958c2884738dd513d1,https://teleborsa.ansa.it/notiziario/economia/italia-inflazione-luglio-rivista-al-rialzo-al-29-su-anno/,"Italia, inflazione luglio rivista al rialzo al +2,9% su anno - Teleborsa",17,,,"... degli alimentari freschi, resta stabile a +1,6%, mentre quella al ... La variazione congiunturale dell'indice generale riflette l ",https://eview.copyscape.com/compare/8u572cspk0/41
133,2026-09-28T11:42:16.572268,PRECONLUG2026,de92146a6756fc6136774446e4bcca388602e1a2d6c6dd958c2884738dd513d1,https://giornaledellepmi.it/inflazione-in-lieve-calo-a-luglio-28-ma-lenergia-regolamentata-vola-al-149/,"Inflazione in lieve calo a luglio (+2,8%), ma l'energia regolamentata ...",17,,,"... degli alimentari freschi, resta stabile a +1,6%, mentre quella al ... La variazione congiunturale dell'indice generale riflette l ",https://eview.copyscape.com/compare/8u572cspk0/42
134,2026-09-28T11:42:16.572268,PRECONLUG2026,de92146a6756fc6136774446e4bcca388602e1a2d6c6dd958c2884738dd513d1,https://www.quibrescia.it/economia-4/2026/09/02/inflazione-al-33-ad-agosto-impennata-prezzi-energia/837924/,"Inflazione al 3,3%: ad agosto impennata prezzi energia - QuiBrescia",17,,,"... energetici e degli alimentari freschi, rallenta lievemente (da +1,6% a +1,5%) così come  quella al netto dei soli beni energetici (da +1,8% a +1,7%). Anche la variazione congiunturale dell'indice ... Il tasso di variazione tendenziale ",https://eview.copyscape.com/compare/8u572cspk0/43
135,2026-09-28T11:42:16.572268,PRECONLUG2026,de92146a6756fc6136774446e4bcca388602e1a2d6c6dd958c2884738dd513d1,https://statistica.regione.emilia-romagna.it/servizi-online/rappresentazioni-grafiche-dati/visualizzazione-prezzi-emilia-romagna/visualizzazione-prezzi-emilia-romagna-metadati,Visualizzazione sull'inflazione e sull'andamento dei prezzi al consumo in Emilia-Romagna - Metadati e glossario — Statistica,16,,,"... L'inflazione si misura attraverso la costruzione di un indice dei prezzi al consumo, uno strumento statistico che misura le variazioni nel tempo dei prezzi di un insieme di beni e servizi, chiamato paniere, rappresentativo degli effettivi consumi delle famiglie in uno specifico anno. L'Istat produce tre diversi indici  dei prezzi al consumo: per l'intera collettività nazionale (NIC),  per le famiglie di operai e impiegati (FOI) e l'indice armonizzato europeo (IPCA):",https://eview.copyscape.com/compare/8u572cspk0/44
136,2026-09-28T11:42:16.572268,PRECONLUG2026,de92146a6756fc6136774446e4bcca388602e1a2d6c6dd958c2884738dd513d1,https://www.corriere.it/economia/finanza/26_agosto_12/inflazione-l-istat-rialza-le-stime-a-luglio-2026-su-al-2-9-sale-anche-in-germania-e-spagna-52956088-8bac-457a-a567-bc82aa0cfxlk.shtml,"Inflazione, l’Istat rialza le stime: a luglio 2026 su al 2,9%, sale anche in Germania e Spagna | Corriere.it",16,,,"... Il carrello della spesa (alimentari e prodotti per la cura della casa e della persona) rallenta dall'1,3 all'1%, mentre i  prodotti ad alta frequenza d'acquisto scendono dal 3,9 al 3,4%. Ancora più significativa è la distanza tra il dato generale e l'inflazione di fondo: eliminando dal calcolo energia e alimentari freschi,  l'aumento dei prezzi resta fermo all'1,6%. Al netto dei soli beni energetici scende invece dall'1,9 all'1,8%.",https://eview.copyscape.com/compare/8u572cspk0/45
137,2026-09-28T11:42:16.572268,PRECONLUG2026,de92146a6756fc6136774446e4bcca388602e1a2d6c6dd958c2884738dd513d1,https://formatresearch.com/2026/09/01/inflazione-al-33-istat-prezzi-al-consumo/,"Inflazione al 3,3% | Istat PREZZI AL CONSUMO - Format Research",15,,,"... Il cosiddetto “carrello della spesa” rimane stabile (a + 1,0%), mentre l'inflazione di fondo scende lievemente (da +1,6% a +1,5%). L'inflazione acquisita ad agosto,  per il 2026, sale a +2,9%. Inflazione totale È il ritmo con cui, in media, stanno aumentando i prezzi rispetto a un anno fa. Alimentari non lavorati I prezzi di frutta, verdura, carne fresca ecc.",https://eview.copyscape.com/compare/8u572cspk0/46
138,2026-09-28T11:42:18.182712,PROINDGIU2026,65b76e7ddf7b7cca90f2a702f437c4f5e132ef190dee67f00c5cbb2f7972e993,https://www.ildiariodellavoro.it/industria-istat-a-giugno-produzione-1-su-mese-ma-nella-media-del-secondo-trimestre-04/,"Industria, Istat: a giugno produzione -1% su mese, ma nella media del secondo trimestre +0,4% - Il Diario del Lavoro",183,,,"... L'indice destagionalizzato mensile ... intermedi (-0,9%) e i beni strumentali (-2,1%). Al netto degli effetti di calendario, a giugno 2026 l'indice generale diminuisce in termini tendenziali dello 0,6% (i giorni lavorativi di ... Mostrano un calo i beni consumo (-3,2%) e i beni intermedi (-1,2%). Viceversa, si osserva una crescita tendenziale per i beni strumentali (+0,6%) e, con maggiore intensità, per l'energia (+1,7%). I settori di attività economica che registrano gli incrementi tendenziali più elevati sono la fabbricazione di computer, prodotti di elettronica e ottica, apparecchi elettromedicali, apparecchi di misurazione e orologi (+4,5%), la fabbricazione di mezzi di trasporto (+3,2%) e la fornitura di energia elettrica, gas, vapore ed aria (+2,3%).... Anche in termini tendenziali la produzione, al netto degli effetti di calendario, è in flessione – aggiunge -.  Il calo è marcato nei beni di consumo, mentre l'energia e i beni strumentali registrano una crescita moderata.... Nel primo semestre dell'anno, la produzione totale al netto degli effetti di calendario registra una crescita tendenziale modesta (+0,5%), con un incremento particolarmente sostenuto nella fabbricazione di mezzi di trasporto”.",https://eview.copyscape.com/compare/gfsjfgl4f0/1
139,2026-09-28T11:42:18.182712,PROINDGIU2026,65b76e7ddf7b7cca90f2a702f437c4f5e132ef190dee67f00c5cbb2f7972e993,https://www.industriaitaliana.it/istat-produzione-industriale-calo-giugno,"Produzione industriale in calo a giugno: ‑1,0% su maggio, +0,4% nel trimestre. L'analisi di Istat - Industria Italiana",175,,,"... L'indice destagionalizzato mensile cresce su base congiunturale solo per l'energia (+0,8%), mentre diminuisce per i beni di consumo (-0,7%), i beni intermedi (-0,9%) e i beni strumentali (-2,1%).... termini tendenziali dello 0,6% (i giorni lavorativi di calendario sono stati 21 contro i 20 di giugno 2025)... Mostrano un calo i beni consumo (-3,2%) e i beni intermedi (-1,2%). Viceversa, si osserva una crescita tendenziale per i beni strumentali (+0,6%) e, con maggiore intensità, per l'energia (+1,7%). I settori di attività economica che registrano gli incrementi tendenziali più elevati sono la fabbricazione di computer, prodotti di elettronica e ottica, apparecchi elettromedicali, apparecchi di misurazione e orologi (+4,5%), la fabbricazione di mezzi di trasporto (+3,2%) e la fornitura di energia elettrica, gas, vapore ed aria (+2,3%). Le flessioni maggiori si osservano nelle industrie tessili... Nel primo semestre dell'anno, la produzione totale al netto degli effetti di calendario registra una crescita tendenziale modesta (+0,5%), con un incremento particolarmente sostenuto nella fabbricazione di mezzi di trasporto.",https://eview.copyscape.com/compare/gfsjfgl4f0/2
140,2026-09-28T11:42:18.182712,PROINDGIU2026,65b76e7ddf7b7cca90f2a702f437c4f5e132ef190dee67f00c5cbb2f7972e993,https://www.italiaoggi.it/economia-e-politica/economia-e-finanza/produzione-industriale-in-calo-a-giugno-istat-segnala-1-0-vlh2degd,"Produzione industriale in calo a giugno, Istat segnala -1,0% - ItaliaOggi.it",167,,,"... L'indice destagionalizzato mensile cresce su base congiunturale solo per l'energia (+0,8%), mentre diminuisce per i beni di consumo (-0,7%), i beni intermedi (-0,9%) e i beni strumentali (-2,1%). ... Mostrano un calo i beni consumo (-3,2%) e i beni intermedi (-1,2%). Viceversa, si osserva una crescita tendenziale per i beni strumentali (+0,6%) e, con maggiore intensità, per l'energia (+1,7%).... I settori di attività economica che registrano gli incrementi tendenziali più elevati sono la fabbricazione di computer, prodotti di elettronica e ottica, apparecchi elettromedicali, apparecchi di misurazione e orologi (+4,5%), ... industrie manifatturiere, riparazione e installazione di macchine ed apparecchiature (-3,6%) e nella fabbricazione di macchinari e attrezzature n.c.a... Il calo è marcato nei beni di consumo, mentre l'energia e i beni strumentali registrano una crescita moderata. Nel primo semestre dell'anno, la produzione totale ... al netto degli effetti di calendario registra una crescita tendenziale modesta (+0,5%), con un incremento particolarmente sostenuto nella fabbricazione di mezzi di trasporto». L'indice ",https://eview.copyscape.com/compare/gfsjfgl4f0/3
141,2026-09-28T11:42:18.182712,PROINDGIU2026,65b76e7ddf7b7cca90f2a702f437c4f5e132ef190dee67f00c5cbb2f7972e993,https://www.giornaledellepmi.it/produzione-industriale-battuta-darresto-a-giugno-1-su-maggio/,"Produzione industriale, battuta d’arresto a giugno: -1% su maggio - Il Giornale delle PMI",153,,,"... Mostrano un calo i beni consumo (-3,2%) e i beni intermedi (-1,2%). Viceversa, si osserva una crescita tendenziale per i beni strumentali (+0,6%) e, con maggiore intensità, per l'energia (+1,7%). I settori di attività economica che registrano gli incrementi tendenziali più elevati sono la fabbricazione di computer, prodotti di elettronica e ottica, apparecchi elettromedicali, apparecchi di misurazione e orologi (+4,5%), la fabbricazione di mezzi di trasporto (+3,2%) e la fornitura di energia ... elettrica, gas, vapore ed aria (+2,3%). Le flessioni maggiori si osservano nelle industrie tessili, abbigliamento, pelli e accessori (-7,1%), nelle altre industrie manifatturiere, riparazione ... Il calo è marcato nei beni di consumo, mentre l'energia e i beni strumentali registrano una crescita moderata. Nel primo semestre dell'anno, la produzione totale ... al netto degli effetti di calendario registra una crescita tendenziale modesta (+0,5%), con un incremento particolarmente sostenuto nella fabbricazione di mezzi di trasporto.",https://eview.copyscape.com/compare/gfsjfgl4f0/4
142,2026-09-28T11:42:18.182712,PROINDGIU2026,65b76e7ddf7b7cca90f2a702f437c4f5e132ef190dee67f00c5cbb2f7972e993,https://www.corrieredelleconomia.it/2026/08/06/listat-fotografa-la-produzione-industriale-italiana/,L’Istat fotografa la produzione industriale italiana - Corriere dell'Economia,147,,,"... L'indice destagionalizzato mensile cresce su base congiunturale solo per l'energia (+0,8%), mentre diminuisce per i beni di consumo (-0,7%), i beni intermedi (-0,9%) e i beni strumentali (-2,1%).... Mostrano un calo i beni consumo (-3,2%) e i beni intermedi (-1,2%). Viceversa, si osserva una crescita tendenziale per i beni strumentali (+0,6%) e, con maggiore intensità, per l'energia (+1,7%).... Le flessioni maggiori si osservano nelle industrie tessili, abbigliamento, pelli e accessori (-7,1%), nelle altre industrie manifatturiere, riparazione e installazione di macchine ed apparecchiature (-3,6%) e nella fabbricazione di macchinari ... Il calo è marcato nei beni di consumo, mentre l'energia e i beni strumentali registrano una crescita moderata. Nel primo semestre dell'anno, la produzione totale ... al netto degli effetti di calendario registra una crescita tendenziale modesta (+0,5%), con un incremento particolarmente sostenuto nella fabbricazione di mezzi di trasporto.",https://eview.copyscape.com/compare/gfsjfgl4f0/5
143,2026-09-28T11:42:18.182712,PROINDGIU2026,65b76e7ddf7b7cca90f2a702f437c4f5e132ef190dee67f00c5cbb2f7972e993,https://geagency.it/economia/cala-la-produzione-industriale-a-giugno-1-06-su-anno/,"Cala la produzione industriale: a giugno -1%, -0,6% su anno - Geagency",117,,,"... Al netto degli effetti di calendario, a giugno 2026 l'indice generale diminuisce in termini tendenziali dello 0,6% (i giorni lavorativi di calendario sono stati 21 contro i 20 di giugno 2025).... Mostrano un calo i beni consumo (-3,2%) e i beni intermedi (-1,2%). Viceversa, si osserva una crescita tendenziale per i beni strumentali (+0,6%) e, con maggiore intensità, per l'energia (+1,7%). I settori di attività economica che registrano gli incrementi tendenziali più elevati sono la fabbricazione di computer, prodotti di elettronica e ottica, apparecchi elettromedicali, apparecchi di misurazione e orologi (+4,5%), la fabbricazione di mezzi di trasporto (+3,2%) e la fornitura di energia elettrica, gas, vapore ed aria (+2,3%).",https://eview.copyscape.com/compare/gfsjfgl4f0/6
144,2026-09-28T11:42:18.182712,PROINDGIU2026,65b76e7ddf7b7cca90f2a702f437c4f5e132ef190dee67f00c5cbb2f7972e993,https://www.hashtagsicilia.it/2026/08/09/dati-istati-sulla-produzione-industriale-frenata-a-giugno-2026-1-su-base-mensile-e-06-su-base-annua/,"Dati Istati sulla produzione industriale, frenata a giugno 2026: -1% su base mensile e -0,6% su base annua - hashtagsicilia",116,,,"... Mostrano un calo i beni consumo (-3,2%) e i beni intermedi (-1,2%). Viceversa, si osserva una crescita tendenziale per i beni strumentali (+0,6%) e, con maggiore intensità, per l'energia (+1,7%). I settori di attività economica che registrano gli incrementi tendenziali più elevati sono la fabbricazione di computer, prodotti di elettronica e ottica, apparecchi elettromedicali, apparecchi di misurazione e orologi (+4,5%), la fabbricazione di mezzi di trasporto (+3,2%) e la fornitura di energia elettrica, gas, vapore ed aria (+2,3%).... Nel primo semestre dell'anno, la produzione totale al netto degli effetti di calendario registra una crescita tendenziale modesta (+0,5%), con un incremento particolarmente sostenuto nella fabbricazione di mezzi di trasporto.",https://eview.copyscape.com/compare/gfsjfgl4f0/7
145,2026-09-28T11:42:18.182712,PROINDGIU2026,65b76e7ddf7b7cca90f2a702f437c4f5e132ef190dee67f00c5cbb2f7972e993,https://www.fedaiisf.it/istat-produzione-industriale-prodotti-farmaceutici-giugno-2026-1/,ISTAT. Produzione industriale prodotti farmaceutici. Giugno 2026: +1% | Fedaiisf Federazione delle Associazioni Italiane degli Informatori Scientifici del Farmaco e del Parafarmaco,85,,,"... Mostrano un calo i beni consumo (-3,2%) e i beni intermedi (-1,2%). Viceversa, si osserva una crescita tendenziale per i beni strumentali (+0,6%) e, con maggiore intensità, per l'energia (+1,7%). I settori di attività economica che registrano gli incrementi tendenziali più elevati sono la fabbricazione di computer, prodotti di elettronica e ottica, apparecchi elettromedicali, apparecchi di misurazione e orologi (+4,5%), la fabbricazione di mezzi di trasporto (+3,2%) e la fornitura di energia elettrica, gas, vapore ed aria (+2,3%).",https://eview.copyscape.com/compare/gfsjfgl4f0/8
146,2026-09-28T11:42:18.182712,PROINDGIU2026,65b76e7ddf7b7cca90f2a702f437c4f5e132ef190dee67f00c5cbb2f7972e993,https://www.agrapress.it/2026/08/produzione-industriale-istat-a-giugno-2026-1-rispetto-a-maggio-calo-anche-su-base-tendenziale/,"PRODUZIONE INDUSTRIALE: ISTAT, A GIUGNO 2026 -1% RISPETTO A MAGGIO CALO ANCHE SU BASE TENDENZIALE – AGRA PRESS",84,,,"... un comunicato dell'istat informa che: “a giugno 2026 si stima che l'indice destagionalizzato della produzione industriale diminuisca dell'1,0% rispetto a maggio. nella media del secondo trimestre si registra una crescita del livello della produzione dello 0,4% rispetto al primo trimestre 2026. l'indice destagionalizzato mensile cresce su base congiunturale solo per l'energia (+0,8%), mentre diminuisce per i beni di consumo (-0,7%), i beni intermedi (-0,9%) e i beni strumentali (-2,1%). al netto degli effetti di calendario, a giugno 2026 l'indice generale diminuisce in termini ten",https://eview.copyscape.com/compare/gfsjfgl4f0/9
147,2026-09-28T11:42:18.182712,PROINDGIU2026,65b76e7ddf7b7cca90f2a702f437c4f5e132ef190dee67f00c5cbb2f7972e993,https://www.ilsole24ore.com/art/industria-istat-03percento-produzione-maggio-11percento-anno-AJpK2yE,"Produzione industriale -0,3% a maggio, +1,1% su anno",65,,,"... destagionalizzato della produzione industriale diminuisca dello 0,3% rispetto ad aprile. Chiedilo al Sole. Come viene valutato il ruolo dei ... L'indice destagionalizzato mensile cresce su base congiunturale solo per l'energia (+4,6%),  mentre diminuisce per i beni strumentali (-0,1%), i beni di consumo (-0,5%)  e i beni intermedi (-0,8%).  Al netto degli effetti di calendario, a maggio  2026 l'indice generale aumenta  in termini tendenziali dell'1,1% ( i giorni lavorativi di calendario sono stati 20 contro i 21 di maggio 2025). Crescono in misura marcata  i beni strumentali (+5,0%) e con minore intensità l'energia (+1,9%) e i beni intermedi (+0,8%); diminuiscono, invece, i beni di consumo (-3,2%)”. ... I settori di attività economica che registrano gli incrementi tendenziali più elevati, spiega l'Istat,  sono la fabbricazione di mezzi di trasporto (+11,6%), la produzione di prodotti farmaceutici di base e preparati farmaceutici (+3,5%) e  la fabbricazione di prodotti chimici (+3,3%).",https://eview.copyscape.com/compare/gfsjfgl4f0/10
148,2026-09-28T11:42:18.182712,PROINDGIU2026,65b76e7ddf7b7cca90f2a702f437c4f5e132ef190dee67f00c5cbb2f7972e993,https://www.telecitta.tv/a-giugno-produzione-industriale-in-calo-dell1/,A giugno produzione industriale in calo dell’1% - Telecittà la televisione di Casa Vostra,65,,,"... L'indice destagionalizzato mensile ... intermedi (-0,9%) e i beni strumentali (-2,1%). Al netto degli effetti di calendario, a giugno 2026 l'indice generale diminuisce in termini tendenziali dello 0,6% (i giorni lavorativi di ... Nel primo semestre dell'anno, la produzione totale al netto degli effetti di calendario registra una crescita tendenziale modesta (+0,5%), con un incremento particolarmente sostenuto nella fabbricazione di mezzi di trasporto”, conclude.",https://eview.copyscape.com/compare/gfsjfgl4f0/11
149,2026-09-28T11:42:18.182712,PROINDGIU2026,65b76e7ddf7b7cca90f2a702f437c4f5e132ef190dee67f00c5cbb2f7972e993,https://tg24.sky.it/economia/2026/08/06/istat-produzione-industriale-calo-giugno,"Istat, produzione industriale in calo dell'1% a giugno: su un anno -0,6%| SkyTG24",63,,,"... Nella media del secondo trimestre, invece,  si registra una crescita ... dello 0,4% rispetto al primo trimestre 2026. L'indice destagionalizzato mensile cresce su base congiunturale solo per l'energia (+0,8%), mentre diminuisce per i beni di consumo (-0,7%), i beni intermedi (-0,9%) e i beni strumentali (-2,1%). A livello tendenziale  mostrano un calo i beni consumo (-3,2%) e i beni intermedi (-1,2%)",https://eview.copyscape.com/compare/gfsjfgl4f0/12
150,2026-09-28T11:42:18.182712,PROINDGIU2026,65b76e7ddf7b7cca90f2a702f437c4f5e132ef190dee67f00c5cbb2f7972e993,https://formatresearch.com/2026/08/06/diminuzione-della-produzione-industriale-istat-maggio-2026/,Diminuzione della produzione industriale | Istat Maggio 2026 - Format Research,49,,,"... Il calo è marcato nei beni di consumo, mentre l'energia e i beni strumentali registrano una crescita moderata. Nel primo semestre dell'anno, la produzione totale ... al netto degli effetti di calendario registra una crescita tendenziale modesta (+0,5%), con un incremento particolarmente sostenuto nella fabbricazione di mezzi di trasporto.",https://eview.copyscape.com/compare/gfsjfgl4f0/13
151,2026-09-28T11:42:18.182712,PROINDGIU2026,65b76e7ddf7b7cca90f2a702f437c4f5e132ef190dee67f00c5cbb2f7972e993,https://www.italpress.com/a-giugno-produzione-industriale-in-calo-dell1/,A giugno produzione industriale in calo dell'1% - Italpress,46,,,"... ROMA (ITALPRESS) – A giugno 2026 l'Istat  stima che l'indice destagionalizzato della produzione industriale diminuisca dell'1,0% rispetto a ... Nel primo semestre dell'anno, la produzione totale al netto degli effetti di calendario registra una crescita tendenziale modesta (+0,5%), con un incremento particolarmente sostenuto nella fabbricazione di mezzi di trasporto”, conclude.",https://eview.copyscape.com/compare/gfsjfgl4f0/14
152,2026-09-28T11:42:18.182712,PROINDGIU2026,65b76e7ddf7b7cca90f2a702f437c4f5e132ef190dee67f00c5cbb2f7972e993,https://formatresearch.com/2026/09/10/aumento-della-produzione-industriale-istat-luglio-2026/,Aumento della produzione industriale | Istat Luglio 2026 - Format Research,42,,,"... I settori di attività economica che registrano gli incrementi tendenziali più elevati sono la fornitura di energia elettrica, gas, vapore ed aria (+7,6%), la produzione di prodotti farmaceutici di base e preparati farmaceutici (+7,4%) e  la fabbricazione di computer, prodotti di elettronica e ottica, apparecchi elettromedicali, apparecchi di misurazione (+2,4%). Le flessioni più ampie si rilevano  nelle altre industrie manifatturiere, riparazione e installazione di macchine ed apparecchiature (-4,6%), nella fabbricazione di prodotti chimici (-3,4%)  e nella fabbricazione di apparecchiature elettriche e apparecchiature per uso domestico non elettriche (-2,8%). A luglio la produzione industriale destagionalizzata registra un incremento congiunturale.",https://eview.copyscape.com/compare/gfsjfgl4f0/15
153,2026-09-28T11:42:18.182712,PROINDGIU2026,65b76e7ddf7b7cca90f2a702f437c4f5e132ef190dee67f00c5cbb2f7972e993,https://www.ripartelitalia.it/produzione-industriale-a-luglio-07-su-base-mensile-invariata-rispetto-a-un-anno-prima-le-stime-dellistat/,"Produzione industriale: a luglio +0,7% su base mensile, invariata rispetto a un anno prima | Le stime dell’Istat",42,,,"... I settori di attività economica che registrano gli incrementi tendenziali più elevati sono la fornitura di energia elettrica, gas, vapore ed aria (+7,6%), la produzione di prodotti farmaceutici di base e preparati farmaceutici (+7,4%) e  la fabbricazione di computer, prodotti di elettronica e ottica, apparecchi elettromedicali, apparecchi di misurazione (+2,4%). Le flessioni più ampie si rilevano  nelle altre industrie manifatturiere, riparazione e installazione di macchine ed apparecchiature (-4,6%), nella fabbricazione di prodotti chimici (-3,4%)  e nella fabbricazione di apparecchiature elettriche e apparecchiature per uso domestico non elettriche (-2,8%). ",https://eview.copyscape.com/compare/gfsjfgl4f0/16
154,2026-09-28T11:42:18.182712,PROINDGIU2026,65b76e7ddf7b7cca90f2a702f437c4f5e132ef190dee67f00c5cbb2f7972e993,https://www.giornaledellepmi.it/produzione-industriale-terzo-mese-di-crescita-05-trainano-i-beni-strumentali-frenano-consumi-ed-energia/,"Produzione industriale, terzo mese di crescita (+0,5%): trainano i beni strumentali, frenano consumi ed energia - Il Giornale delle PMI",40,,,"... Nella media del periodo febbraio-aprile  si registra una crescita del livello della produzione dello 0,2% rispetto ai tre mesi precedenti. L'indice registra un incremento su base mensile  per i beni strumentali (+1,0%) e  i beni intermedi (+0,8%); ... I settori di attività economica ... 6,1%). Le flessioni più ampie si rilevano nelle industrie tessili, abbigliamento, pelli e accessori (-8,9%),  nelle altre industrie manifatturiere, riparazione e installazione di macchinari e apparecchiature (-6,7%) e nell'industria del ",https://eview.copyscape.com/compare/gfsjfgl4f0/17
155,2026-09-28T11:42:18.182712,PROINDGIU2026,65b76e7ddf7b7cca90f2a702f437c4f5e132ef190dee67f00c5cbb2f7972e993,https://geagency.it/economia/la-produzione-industriale-italiana-torna-a-salire-oltre-le-stime-dopo-26-mesi-di-calo/,La produzione industriale italiana torna a salire oltre le stime dopo 26 mesi di calo - Geagency,39,,,"... A livello tendenziale energia +1,8% e beni di consumo +1,1%. Calano, invece, i beni intermedi (-0,4%) ei  beni strumentali (-0,7%). In particolare  i settori di attività economica che registrano gli incrementi tendenziali maggiori sono l'industria del legno, della carta e stampa (+4,7%),  la fornitura di energia elettrica, gas, vapore ed aria (+4,3%) e la fabbricazione di computer e prodotti di elettronica (+3, 3%). Le flessioni più ampie si registrano nella produzione di prodotti farmaceutici di base e preparati farmaceutici (-11%), nella fabbricazione di mezzi di trasporto (-9,5%)  e nella fabbricazione di coke e prodotti petroliferi raffinati (-5,0%). “Ad aprile  l'indice destagionalizzato della produzione industriale registra un incremento congiunturale (+1,0%); si osserva una moderata crescita anche su base trimestrale (+0,4%).",https://eview.copyscape.com/compare/gfsjfgl4f0/18
156,2026-09-28T11:42:18.182712,PROINDGIU2026,65b76e7ddf7b7cca90f2a702f437c4f5e132ef190dee67f00c5cbb2f7972e993,https://www.italpress.com/la-produzione-industriale-a-luglio-aumenta-dello-07-su-base-mensile/,"La produzione industriale a luglio aumenta dello 0,7% su base mensile",37,,,"... Si registra un incremento solo per l'energia (+6,4%); variazioni negative si osservano invece, per beni strumentali (-0,1%),  i beni intermedi (-0,8%)  e i beni di consumo (-1,2%).  I settori di attività economica che registrano gli incrementi tendenziali più elevati sono la fornitura di energia elettrica, gas, vapore ed aria (+7,6%), la produzione di prodotti farmaceutici di base e preparati farmaceutici (+7,4%) e  la fabbricazione di computer, prodotti di elettronica e ottica, apparecchi elettromedicali, apparecchi di misurazione (+2,4%).",https://eview.copyscape.com/compare/gfsjfgl4f0/19
157,2026-09-28T11:42:18.182712,PROINDGIU2026,65b76e7ddf7b7cca90f2a702f437c4f5e132ef190dee67f00c5cbb2f7972e993,https://www.ilsole24ore.com/art/istat-luglio-produzione-industriale-07percento-invariata-anno-AJx2pv8,"Produzione (+0,7%) avanti adagio, invariata su anno nonostante la spinta dell’auto - Il Sole 24 ORE",31,,,"... È la stima dell'Istat che ricorda come i giorni lavorativi di calendario siano stati 23 come a luglio 2025. Nella media del periodo maggio-luglio  si registra una diminuzione  del livello della produzione dello 0,1% rispetto ai tre mesi precedenti.... I settori di attività economica ... ampie si rilevano nelle altre industrie manifatturiere, riparazione e installazione di macchine ed apparecchiature (-4,6%),  nella fabbricazione di prodotti chimici (-3,4%) e nella fabbricazione ",https://eview.copyscape.com/compare/gfsjfgl4f0/20
158,2026-09-28T11:42:18.182712,PROINDGIU2026,65b76e7ddf7b7cca90f2a702f437c4f5e132ef190dee67f00c5cbb2f7972e993,https://storagehub.homnya.com/cmsimage/2026/02/produzione-industriale_dicembre2025.pdf,30 SETTEMBRE UFFICIO STAMPA tel. +39 06 4673.2243/44 ufficiostampa@istat.it,26,,,"... ◼ A dicembre 2025 si stima che l'indice destagionalizzato della produzione industriale diminuisca dello 0,4%... 3,2% (i giorni lavorativi di calendario sono stati 20, come a dicembre 2024). Crescono in misura più · marcata i beni strumentali (+7,2%) e con minore intensità  i beni intermedi (+2,9%) e l'energia (+1,7%). I · beni di consumo aumentano in modo marginale (+0,1%). ◼  I settori di attività economica che registrano i maggiori incrementi tendenziali sono la produzione di prodotti · farmaceutici di base e preparati farmaceutici (+23,8%), le altre industrie manifatturiere ",https://eview.copyscape.com/compare/gfsjfgl4f0/21
159,2026-09-28T11:42:18.182712,PROINDGIU2026,65b76e7ddf7b7cca90f2a702f437c4f5e132ef190dee67f00c5cbb2f7972e993,https://www.giornaledellepmi.it/produzione-industriale-in-crescita-a-marzo-ma-i-beni-di-consumo-calano-da-quattro-mesi/,"Produzione industriale in crescita a marzo, ma i beni di consumo calano da quattro mesi - Il Giornale delle PMI",26,,,"... L'indice destagionalizzato aumenta su base mensile per i beni strumentali (+2,1%) e i beni intermedi (+0,3%); mentre si osservano flessioni per i beni di consumo (-0,4%) e l'energia (-1,2%).  Al netto degli effetti di calendario, a marzo ... I settori di attività economica ... industrie manifatturiere, riparazione e installazione ... di macchinari e apparecchiature (-2,4%)",https://eview.copyscape.com/compare/gfsjfgl4f0/22
160,2026-09-28T11:42:18.182712,PROINDGIU2026,65b76e7ddf7b7cca90f2a702f437c4f5e132ef190dee67f00c5cbb2f7972e993,https://en.ilsole24ore.com/art/industria-istat-produzione-32percento-gennaio-36percento-tendenziale-AGmXGaWD,"Istat, produzione +3,2% a gennaio, -0,6 annuo: giù da 24 mesi. Crolla l’auto - Il Sole 24 ORE",25,,,"... Al netto degli effetti di calendario, ... l'indice generale diminuisce in termini tendenziali dello 0,6% (i giorni lavorativi di calendario sono stati 21 contro i 22 di gennaio 2024).",https://eview.copyscape.com/compare/gfsjfgl4f0/23
161,2026-09-28T11:42:18.182712,PROINDGIU2026,65b76e7ddf7b7cca90f2a702f437c4f5e132ef190dee67f00c5cbb2f7972e993,https://storagehub.homnya.net/cmsimage/allegati/allegato7504169.pdf,Novembre 2019 PRODUZIONE INDUSTRIALE,24,,,"...  L'indice destagionalizzato mensile presenta aumenti congiunturali  per i beni strumentali (+0,8%) e  i beni · intermedi (+0,7%); variazioni negative registrano, invece, l'energia (-2,1%)  e i beni di consumo (-0,2%).  Corretto per gli  effetti di calendario, a novembre 2019 l'indice ... e stampa (+7,0%) e la · fabbricazione di prodotti chimici (+2,9%). Le flessioni più ampie si registrano nelle industrie tessili, abbigliamento, pelli e accessori ",https://eview.copyscape.com/compare/gfsjfgl4f0/24
162,2026-09-28T11:42:18.182712,PROINDGIU2026,65b76e7ddf7b7cca90f2a702f437c4f5e132ef190dee67f00c5cbb2f7972e993,https://www.partitaiva.it/produzione-industriale-aprile-2026-dati-settori/,La produzione industriale continua a crescere in Italia: i dati dei singoli settori e comparti ATECO,23,,,"... i beni strumentali registrano l'incremento mensile più significativo con un +1%; i beni intermedi crescono dello 0,8% su base mensile; i beni di consumo mostrano una lieve flessione dello -0,1%; il settore energia evidenzia una contrazione ... Nel computo va considerato un fattore temporale: i giorni lavorativi di calendario sono stati 21, contro i 20 registrati ad aprile 2025. Se si osservano i dati grezzi non corretti, la variazione tendenziale si attesta a un +5,0%. La scomposizione tendenziale corretta per i giorni lavorativi mette in luce una forte polarizzazione tra le categorie industriali:  i beni strumentali segnano una crescita marcata del +6,4% su base annua; i beni intermedi crescono con minore intensità, fermandosi a un +1,8%; il settore energia registra una variazione negativa del -2,7%;... I comparti ad alto valore tecnologico e legati alla mobilità mostrano le variazioni positive più elevate: la fabbricazione di mezzi di trasporto segna +17,8%; la produzione di prodotti farmaceutici di base e preparati farmaceutici aumenta ",https://eview.copyscape.com/compare/gfsjfgl4f0/25
163,2026-09-28T11:42:18.182712,PROINDGIU2026,65b76e7ddf7b7cca90f2a702f437c4f5e132ef190dee67f00c5cbb2f7972e993,https://formatresearch.com/2026/07/10/diminuzione-della-produzione-industriale-istat-maggio-2026/,Diminuzione della produzione industriale | Istat Maggio 2026 - Format Research,21,,,"... L'indice destagionalizzato mensile ... 4,6%), mentre diminuisce per i beni strumentali (-0,1%), i beni di consumo (-0,5%)  e i beni intermedi (-0,8%).  Al netto degli effetti di calendario, a maggio  2026 l'indice generale aumenta ",https://eview.copyscape.com/compare/gfsjfgl4f0/26
164,2026-09-28T11:42:18.182712,PROINDGIU2026,65b76e7ddf7b7cca90f2a702f437c4f5e132ef190dee67f00c5cbb2f7972e993,https://www.milanofinanza.it/news/industria-cresce-la-produzione-in-italia-a-marzo-1-5-in-un-anno-202605121101413236,"Istat, a marzo cresce la produzione industriale in Italia: +0,7% | MilanoFinanza News",19,,,"... All'opposto, le flessioni più ampie si rilevano nella fabbricazione di prodotti chimici (-7,8%), nella fornitura di energia elettrica, gas, vapore ed aria (-4,0%) e  nelle altre industrie manifatturiere, riparazione e installazione di macchinari ed apparecchiature (-2,4%). (riproduzione riservata) Leggi anche: Auto, componentistica italiana in affanno: nel 2025 ricavi in calo del 15%. E il 27% delle aziende è in distress finanziario ... Genera un report programmato per monitorare le prossime variazioni della produzione industriale italiana. Quali settori hanno mostrato la crescita tendenziale maggiore a marzo e quali le flessioni più ampie?",https://eview.copyscape.com/compare/gfsjfgl4f0/27
165,2026-09-28T11:42:18.182712,PROINDGIU2026,65b76e7ddf7b7cca90f2a702f437c4f5e132ef190dee67f00c5cbb2f7972e993,https://www.giornaledellepmi.it/riparte-la-produzione-industriale-a-novembre-2025-cresce-dell15-trainata-da-farmaceutica-ed-elettronica/,"Riparte la produzione industriale: a novembre 2025 cresce dell’1,5%, trainata da farmaceutica ed elettronica - Il Giornale delle PMI",17,,,"... L'aumento è diffuso ai principali comparti. Risulta positivo anche l'andamento congiunturale complessivo nella media del trimestre settembre-novembre. Anche su base annua l'indice,  al netto degli effetti di calendario, è in aumento, sia a livello complessivo sia per i principali raggruppamenti di industrie, con l'eccezione dei  beni di consumo.",https://eview.copyscape.com/compare/gfsjfgl4f0/28
166,2026-09-28T11:42:18.182712,PROINDGIU2026,65b76e7ddf7b7cca90f2a702f437c4f5e132ef190dee67f00c5cbb2f7972e993,https://www.ildiariodellavoro.it/industria-istat-a-maggio-produzione-03-su-mese-11-su-anno/,"Industria, Istat: a maggio produzione -0,3% su mese, +1,1% su anno - Il Diario del Lavoro",16,,,"... Al netto degli effetti di calendario, l'indice generale aumenta  in termini tendenziali dell'1,1%.  I giorni lavorativi di calendario sono stati 20 contro i 21 di maggio 2025. Nella media del periodo marzo-maggio si registra una crescita del ",https://eview.copyscape.com/compare/gfsjfgl4f0/29
