Index,data,codice,id_hash,URL,Title,Min Words Matched,Percent Matched,Words Matched (Full),Text Snippet,View URL
1,2026-09-21T15:38:55.734905,OCCDISPROGIU2026,74be3b8beb34752637237ef85d70d850fddfd66b58247b637349562242eec3bf,https://www.giornaledellepmi.it/occupati-fermi-ma-crescono-i-disoccupati-giugno-segna-linversione-di-tendenza-per-il-lavoro/,"Occupati fermi, ma crescono i disoccupati: giugno segna l'inversione di tendenza per il lavoro - Il Giornale delle PMI",217,,,"... La stabilità degli occupati è sintesi dell'aumento tra gli uomini, i dipendenti a termine, i 25-34enni e chi ha almeno 50 anni, e del calo tra le donne, i dipendenti permanenti, gli autonomi, i 15-24enni e i 35-49enni.... La crescita delle persone in cerca di lavoro (+7,2%, pari a +97mila unità) coinvolge gli uomini, le donne e tutte le classi d'età.... A giugno 2026, la crescita del numero di occupati rispetto a giugno 2025 (+0,5%, +131mila unità) si osserva tra gli uomini, le donne, i 25-34enni e chi ha almeno 50 anni; tra i 15-24enni e i 35-49enni, invece, gli occupati diminuiscono.... Rispetto a giugno 2025, diminuisce sia il numero di persone in cerca di lavoro (-3,6%, pari a -54mila unità) sia quello degli inattivi tra i 15 e i 64 anni (-0,7%, pari a -92mila unità). ... A giugno 2026 il numero di occupati, pari a 24 milioni 310mila, è stabile rispetto al mese precedente. La crescita dei dipendenti a termine (2 milioni 542mila) è compensata dal calo dei dipendenti permanenti (16 milioni 491mila) e degli autonomi (5 milioni 277mila). L'occupazione cresce rispetto a giugno 2025 (+131mila occupati in un anno) per effetto dell'aumento dei dipendenti, permanenti (+98mila) e a termine (+33mila), e della stabilità degli autonomi.",https://eview.copyscape.com/compare/0j966h1nup/1
2,2026-09-21T15:38:55.734905,OCCDISPROGIU2026,74be3b8beb34752637237ef85d70d850fddfd66b58247b637349562242eec3bf,https://www.confael.net/primo-piano/istat-a-giugno-la-disoccupazione-sale-al-54/,"Istat, a giugno la disoccupazione sale al 5,4% - Confael",117,,,"... A giugno 2026, su base mensile, il numero degli occupati risulta stabile e si associa alla crescita dei disoccupati e alla diminuzione degli inattivi. La stabilità degli occupati è sintesi dell'aumento tra gli uomini, i dipendenti a termine, i 25-34enni e chi ha almeno 50 anni, e del calo tra le donne, i dipendenti permanenti, gli autonomi, i 15-24enni e i 35-49enni.... Il tasso di occupazione è invariato al 62,9%. La crescita delle persone in cerca di lavoro (+7,2%, pari a +97mila unità) coinvolge gli uomini, le donne e tutte le classi d'età.... milioni 277mila). L'occupazione cresce rispetto a giugno 2025 (+131mila occupati in un anno) per effetto dell'aumento dei dipendenti, permanenti ",https://eview.copyscape.com/compare/0j966h1nup/2
3,2026-09-21T15:38:55.734905,OCCDISPROGIU2026,74be3b8beb34752637237ef85d70d850fddfd66b58247b637349562242eec3bf,https://www.hashtagsicilia.it/2026/08/23/lavoro-a-giugno-occupazione-stabile-ma-cresce-la-disoccupazione-il-tasso-sale-al-57/,"Lavoro, a giugno occupazione stabile ma cresce la disoccupazione: il tasso sale al 5,7% - hashtagsicilia",110,,,"... La stabilità degli occupati è sintesi dell'aumento tra gli uomini, i dipendenti a termine, i 25-34enni e chi ha almeno 50 anni, e del calo tra le donne, i dipendenti permanenti, gli autonomi, i 15-24enni e i 35-49enni.... La crescita delle persone in cerca di lavoro (+7,2%, pari a +97mila unità) coinvolge gli uomini, le donne e tutte le classi d'età.... A giugno 2026, la crescita del numero di occupati rispetto a giugno 2025 (+0,5%, +131mila unità) si osserva tra gli uomini, le donne, i 25-34enni e chi ha almeno 50 anni; tra i 15-24enni e i 35-49enni, invece, gli occupati diminuiscono.",https://eview.copyscape.com/compare/0j966h1nup/3
4,2026-09-21T15:38:55.734905,OCCDISPROGIU2026,74be3b8beb34752637237ef85d70d850fddfd66b58247b637349562242eec3bf,https://formatresearch.com/2026/09/01/occupati-e-disoccupati-istat-luglio-2026-dati-provvisori/,Occupati e disoccupati | ISTAT - Luglio 2026 (dati provvisori) - Format Research,90,,,"... A luglio 2026, su base mensile, il numero degli occupati rimane  stabile e si associa alla diminuzione  dei disoccupati e ... degli inattivi. La stabilità degli occupati è ... sintesi dell'aumento tra gli uomini, i dipendenti permanenti, gli autonomi e i 35-49enni  e del calo tra le donne, ... i dipendenti permanenti, gli autonomi ... Il calo delle persone in cerca di lavoro (-1,1%, pari a -17mila  unità) coinvolge gli uomini ... e tutte le classi d'età ad eccezione dei 35-49enni, tra i quali, come per le donne, il numero di disoccupati è in crescita.... Il tasso di inattività rimane invariato al 32,8%. Confrontando il trimestre maggio-luglio  2026 con quello precedente (febbraio-aprile 2026)  si registra un aumento di 91mila occupati (+0,4%).... unità), mentre diminuiscono gli inattivi di 15-64 anni (-1,2%, pari ... Tra i 15-24enni e i 35-49enni, invece, gli occupati diminuiscono.",https://eview.copyscape.com/compare/0j966h1nup/4
5,2026-09-21T15:38:55.734905,OCCDISPROGIU2026,74be3b8beb34752637237ef85d70d850fddfd66b58247b637349562242eec3bf,https://www.bollettinoadapt.it/wp-content/uploads/2026/09/CS_Occupati-e-disoccupati_LUGLIO_2026.pdf,UFFICIO STAMPA tel. +39 06 4673.2243/44 ufficiostampa@istat.it CONTACT CENTRE,80,,,"... La stabilità degli occupati è sintesi dell'aumento tra gli uomini, i dipendenti permanenti, gli autonomi e i 35- 49enni  e del calo tra le donne, i dipendenti a termine e tutte le altre classi d'età.  Il tasso di occupazione è... Il calo delle persone in cerca di lavoro (-1,1%, pari a -17mila  unità) coinvolge gli uomini ... e tutte le classi d'età · ad eccezione dei 35-49enni, tra i quali, come per le donne, il numero di disoccupati è in crescita.  Il tasso di · disoccupazione scende ... Su base annua il tasso di occupazione aumenta di 0,8  punti. Rispetto a luglio  2025, diminuisce sia il numero di persone in cerca di lavoro (-0,9%, pari a -14mila  unità) sia · quello degli inattivi tra i 15 e i 64 anni (-2,5%, pari a -307mila unità). ",https://eview.copyscape.com/compare/0j966h1nup/5
6,2026-09-21T15:38:55.734905,OCCDISPROGIU2026,74be3b8beb34752637237ef85d70d850fddfd66b58247b637349562242eec3bf,https://www.italpress.com/istat-a-giugno-occupazione-stabile/,"Istat, a giugno occupazione stabile",69,,,"... La crescita delle persone in cerca di lavoro (+7,2%, pari a +97mila unità) coinvolge gli uomini, le donne e tutte le classi d'età.... A giugno 2026, la crescita del numero di occupati rispetto a giugno 2025 (+0,5%, +131mila unità) si osserva tra gli uomini, le donne, i 25-34enni e chi ha almeno 50 anni; tra i 15-24enni e i 35-49enni, invece, gli occupati diminuiscono.",https://eview.copyscape.com/compare/0j966h1nup/6
7,2026-09-21T15:38:55.734905,OCCDISPROGIU2026,74be3b8beb34752637237ef85d70d850fddfd66b58247b637349562242eec3bf,https://www.gazzettadisalerno.it/lavoro-istat-occupazione-stabile-a-giugno/,"Lavoro, Istat, occupazione stabile a giugno",69,,,"... La crescita delle persone in cerca di lavoro (+7,2%, pari a +97mila unità) coinvolge gli uomini, le donne e tutte le classi d'età.... A giugno 2026, la crescita del numero di occupati rispetto a giugno 2025 (+0,5%, +131mila unità) si osserva tra gli uomini, le donne, i 25-34enni e chi ha almeno 50 anni; tra i 15-24enni e i 35-49enni, invece, gli occupati diminuiscono.",https://eview.copyscape.com/compare/0j966h1nup/7
8,2026-09-21T15:38:55.734905,OCCDISPROGIU2026,74be3b8beb34752637237ef85d70d850fddfd66b58247b637349562242eec3bf,https://www.lastampa.it/economia/2026/07/02/news/istat_calano_occupati_maggio-15677685/,"Istat, calano gli occupati: -22mila a maggio. Sale il tasso di inattivi - La Stampa",59,,,"... Tra i 25-34enni e i 35-49enni, il numero di disoccupati è in crescita. E la crescita  degli inattivi tra i 15 e i 64 anni (+0,5%, pari a 59 mila persone in più)  riguarda entrambi i sessi e tutte le classi d'età, salvo quella dei 25-34enni.... Rispetto al trimestre precedente, diminuiscono  le persone in cerca di lavoro (meno 5%, pari a meno 68 mila unità) e  gli inattivi di 15-64 anni (-0,3%, pari a meno 38 mila unità).... 1,7%, pari a un calo di 22 mila unità). Un fenomeno che si osserva «per le donne, i 15-24enni e coloro che hanno  almeno 50 anni», prosegue la nota.... Rispetto a un anno fa, comunque, l'occupazione è in aumento (più 228 mila occupati da maggio 2025) come sintesi dell'aumento dei dipendenti permanenti (più 275 mila unità)  e degli autonomi (saliti di 198 mila) e del calo dei dipendenti a termine (in calo di 244 mila). Sempre di mese in mese,  il tasso di disoccupazione scende al 5% (-0,1%, quello giovanile al 15,1%, giù dell'1,3%), mentre  il tasso d'inattività sale al 33,6%. ",https://eview.copyscape.com/compare/0j966h1nup/8
9,2026-09-21T15:38:55.734905,OCCDISPROGIU2026,74be3b8beb34752637237ef85d70d850fddfd66b58247b637349562242eec3bf,https://www.borsaitaliana.it/borsa/notizie/teleborsa/economia/mercato-lavoro-disoccupazione-in-calo-al-58-e-occupati-stabili-a-luglio-55_2026-09-01_TLB.html,"Mercato lavoro, disoccupazione in calo al 5,8% e occupati stabili a ...",54,,,"... La diminuzione degli inattivi tra ... tasso di inattività rimane invariato al 32,8%.  Rispetto al trimestre precedente, crescono anche le persone in cerca di lavoro (+3,4%, pari a +49mila ... unità), mentre diminuiscono gli inattivi di 15-64 anni (-1,2 ... 49enni, invece, gli occupati diminuiscono. Su base annua il tasso di ... occupazione è invariato al 63,2%. La crescita dei dipendenti permanenti (16 milioni 583mila) e degli autonomi (5 milioni 301mila)  è compensata dal calo dei dipendenti a termine (2 milioni 486mila). L'occupazione risulta in crescita rispetto a luglio 2025 (+307mila  occupati in un anno), ",https://eview.copyscape.com/compare/0j966h1nup/9
10,2026-09-21T15:38:55.734905,OCCDISPROGIU2026,74be3b8beb34752637237ef85d70d850fddfd66b58247b637349562242eec3bf,https://www.agenzianova.com/news/a-luglio-occupazione-stabile-al-632-per-cento-la-disoccupazione-scende-al-58-per-cento/,"A luglio occupazione stabile al 63,2 per cento, la disoccupazione ...",52,,,"... A luglio 2026, su base mensile, il numero degli occupati rimane stabile ... Il tasso di inattività rimane invariato al 32,8 per cento. Confrontando il trimestre maggio-luglio  2026 con quello precedente (febbraio-aprile 2026)  si registra un aumento di 91 mila occupati (+0,4 per cento).... Rispetto al trimestre precedente, crescono anche le persone in cerca di lavoro (+3,4 per cento, pari a +49 mila ... unità), mentre diminuiscono gli inattivi di 15-64 anni (-1,2 per ... 49enni, invece, gli occupati diminuiscono. Su base annua il tasso ",https://eview.copyscape.com/compare/0j966h1nup/10
11,2026-09-21T15:38:55.734905,OCCDISPROGIU2026,74be3b8beb34752637237ef85d70d850fddfd66b58247b637349562242eec3bf,https://teleborsa.ansa.it/notiziario/economia/mercato-lavoro-disoccupazione-in-calo-al-5-8-e-occupati-stabili-a-luglio/,"Mercato lavoro, disoccupazione in calo al 5.,8% e occupati stabili a luglio – teleborsa.ansa.it",39,,,"... La diminuzione degli inattivi tra i 15 e i 64 anni (-0,1%, pari a -17mila unità) riguarda soltanto gli uomini e i 35-49enni; nelle altre  classi d'età il ... tasso di inattività rimane invariato al 32,8%.  Rispetto al trimestre precedente, crescono anche le persone in cerca di lavoro (+3,4%, pari a +49mila  unità), mentre diminuiscono gli inattivi di 15-64 anni (-1,2%, pari a -144mila unità).",https://eview.copyscape.com/compare/0j966h1nup/11
12,2026-09-21T15:38:55.734905,OCCDISPROGIU2026,74be3b8beb34752637237ef85d70d850fddfd66b58247b637349562242eec3bf,https://www.italiaoggi.it/economia-e-politica/economia-e-finanza/dati-istat-sul-lavoro-la-crescita-di-occupati-e-inattivi-si-associa-al-calo-dei-disoccupati-amc9gqe8,Dati Istat sul lavoro: la crescita di occupati e inattivi si associa al calo dei disoccupati - ItaliaOggi.it,37,,,"... Il numero di inattivi sale tra i 15-24enni, cala tra i 25-49enni e resta sostanzialmente stabile tra chi ha almeno 50 anni  d'età. Il tasso di inattività sale al 33,9% (+0,1 punti).... Rispetto al trimestre precedente, diminuiscono  le persone in cerca di lavoro (-8,4%, pari a -125mila unità) e aumentano  gli inattivi di 15-64 anni (+0,9%, pari a +116mila unità).... A gennaio 2026 il numero di occupati ha raggiunto quota 24 milioni e 181mila, caratterizzato da un trend in crescita  rispetto al mese precedente: l'aumento coinvolge sia i dipendenti – permanenti e a termine – sia gli autonomi.",https://eview.copyscape.com/compare/0j966h1nup/12
13,2026-09-21T15:38:55.734905,OCCDISPROGIU2026,74be3b8beb34752637237ef85d70d850fddfd66b58247b637349562242eec3bf,https://www.agenziaentrate.gov.it/portale/documents/d/guest/statisticheomi_res_ii_2026,RESIDENZIALE 2 | 2026 Il mercato delle abitazioni nel II trimestre 2026,35,,,"... gli uomini e i 35-49enni; nelle altre classi d'età il numero di inattivi è in crescita e tra le donne · è sostanzialmente stabile.  Il tasso di inattività rimane invariato al 32,8%. Confrontando il ... Il tasso di inattività rimane ... un aumento di 91mila occupati (+0,4%).  Rispetto al trimestre precedente, crescono anche le persone in cerca di lavoro (+3,4%, pari · a +49mila  unità), mentre diminuiscono gli inattivi di 15-64 anni (-1,2%, pari a -144mil",https://eview.copyscape.com/compare/0j966h1nup/13
14,2026-09-21T15:38:55.734905,OCCDISPROGIU2026,74be3b8beb34752637237ef85d70d850fddfd66b58247b637349562242eec3bf,https://www.cliclavoro.gov.it/sites/default/files/2026-01/CS_Occupati-e-disoccupati_Ottobre_2025.pdf,2 dicembre 2025 Ottobre 2025 OCCUPATI E DISOCCUPATI Dati provvisori,34,,,"... Tra settembre e ottobre 2025, il tasso di occupazione cresce in  tutte le classi d'età ad eccezione dei 25-34enni · per i quali risulta in calo; ... è stabile il tasso di disoccupazione; ... La crescita congiunturale del numero di occupati, registrata a ottobre 2025, coinvolge i dipendenti permanenti... stabile tra chi ha almeno 50 anni; quello di inattività, infine, cresce  tra i 15-34enni e cala nelle altre classi d'età.  Su base annua, il tasso di occupazione diminuisce  tra i 15-34enni e aumenta tra chi ha almeno 35 anni; il tasso · di disoccupazione cala tra i 25-49enni e cresce nelle ",https://eview.copyscape.com/compare/0j966h1nup/14
15,2026-09-21T15:38:55.734905,OCCDISPROGIU2026,74be3b8beb34752637237ef85d70d850fddfd66b58247b637349562242eec3bf,https://www.lapresse.it/economia/2026/07/30/cresce-il-pil-nel-secondo-trimestre-02-la-disoccupazione-a-giugno-sale-al-57/,"Cresce il Pil nel secondo trimestre: + 0,2%. La disoccupazione a giugno sale al 5,7% - LaPresse",29,,,"... comunica l'Istat.A giugno 2026, su base mensile, il numero degli occupati risulta stabile e si associa alla crescita dei disoccupati e alla diminuzione degli inattivi... Il tasso di disoccupazione sale ",https://eview.copyscape.com/compare/0j966h1nup/15
16,2026-09-21T15:38:55.734905,OCCDISPROGIU2026,74be3b8beb34752637237ef85d70d850fddfd66b58247b637349562242eec3bf,https://www.avantionline.it/istat-il-calo-degli-occupati-e-dei-disoccupati-si-associa-alla-crescita-degli-inattivi/,"Istat, il calo degli occupati e dei disoccupati si associa alla crescita degli inattivi - Avanti",28,,,"... Istat I DATI SULL'OCCUPAZIONE DI DICEMBRE 2025 A dicembre 2025, su base mensile, il calo degli occupati e dei disoccupati  si associa alla crescita degli inattivi. Il ridimensionamento degli occupati (-0,1%, pari a -20mila unità) coinvolge  gli uomini, i dipendenti a termine, i 25-34enni e i 35-49enni; il numero di occupati, invece, cresce  tra le donne, gli autonomi e  i 15-24enni, rimanendo sostanzialmente stabile tra i dipendenti permanenti e tra chi ha almeno 50 anni d'età.  Il tasso di occupazione scende al 62,5% (-0,1 punti",https://eview.copyscape.com/compare/0j966h1nup/16
17,2026-09-21T15:38:55.734905,OCCDISPROGIU2026,74be3b8beb34752637237ef85d70d850fddfd66b58247b637349562242eec3bf,https://giornaledellepmi.it/occupati-invariati-a-luglio-scendono-disoccupati-e-inattivi-tasso-di-disoccupazione-al-58/,"Occupati invariati a luglio, scendono disoccupati e inattivi: tasso di disoccupazione al 5,8% - Il Giornale delle PMI",28,,,"... Il calo delle persone in cerca di lavoro (-1,1%, pari a -17mila  unità) coinvolge gli uomini ... e tutte le classi d'età ad eccezione dei 35-49enni, tra i quali, come per le donne, il numero di disoccupati è in crescita.... Il tasso di inattività rimane invariato al 32,8%. Confrontando il trimestre maggio-luglio  2026 con quello precedente (febbraio-aprile 2026)  si registra un aumento di 91mila occupati (+0,4%).",https://eview.copyscape.com/compare/0j966h1nup/17
18,2026-09-21T15:38:55.734905,OCCDISPROGIU2026,74be3b8beb34752637237ef85d70d850fddfd66b58247b637349562242eec3bf,https://www.avvenire.it/economia/lavoro/disoccupazione-ai-minimi-storici-ma-crescono-gli-inattivi_84231,"Disoccupazione ai minimi storici, ma crescono gli inattivi",27,,,"... Il calo dell'occupazione (-0,1%, pari a -13mila unità) coinvolge gli uomini, i dipendenti a termine e i giovani tra i 15 e 34anni; l'occupazione è invece in crescita  tra le donne, i dipendenti permanenti e chi ha almeno 35 anni di età, rimanendo sostanzialmente stabile tra gli autonomi.  Il tasso di occupazione risulta  invariato al 62,4%, con 24 milioni e 65mila lavoratori. Il numero di  persone in cerca di lavoro diminuisce (-1,6%, pari a -24mila unità) per  le donne e i 25-49enni, mentre aumenta nelle altre classi di età e, seppur lievemente, anche tra gli uomini.",https://eview.copyscape.com/compare/0j966h1nup/18
19,2026-09-21T15:38:55.734905,OCCDISPROGIU2026,74be3b8beb34752637237ef85d70d850fddfd66b58247b637349562242eec3bf,https://www.nuovogiornalenazionale.com/istat-landamento-delloccupazione/,"Istat, l'andamento dell'occupazione - Nuovo Giornale Nazionale",25,,,"... L'occupazione aumenta rispetto a febbraio 2025 (+13mila occupati in un anno) per effetto della crescita  dei dipendenti permanenti (+52mila) e degli autonomi (+187mila), a fronte del calo dei dipendenti a termine (-226mila). Su base mensile il tasso di occupazione cala al 62,4%,  quello di disoccupazione sale al 5,3%  e il tasso di inattività è stabile al ",https://eview.copyscape.com/compare/0j966h1nup/19
20,2026-09-21T15:38:55.734905,OCCDISPROGIU2026,74be3b8beb34752637237ef85d70d850fddfd66b58247b637349562242eec3bf,https://www.agenziaentrate.gov.it/portale/documents/d/guest/statisticheomi_res_iv_2025,RESIDENZIALE 4 | 2025 Il mercato delle abitazioni nel IV trimestre 2025,23,,,"... disoccupati associato alla crescita degli inattivi. La diminuzione degli occupati (-0,1%, pari a -20mila unità) coinvolge  gli uomini, i dipendenti · a termine, i 25-34enni e i 35-49enni; il numero di occupati, invece, cresce  tra le donne, gli · autonomi e  i 15-24enni, rimanendo sostanzialmente stabile tra i dipendenti permanenti e · tra chi ha almeno 50 anni d'età.  Il tasso di occupazione scende al 62,5% (-0,1 punti).",https://eview.copyscape.com/compare/0j966h1nup/20
21,2026-09-21T15:38:55.734905,OCCDISPROGIU2026,74be3b8beb34752637237ef85d70d850fddfd66b58247b637349562242eec3bf,https://askanews.it/2026/03/04/lavoro-a-gennaio-disoccupazione-ai-minimi-di-sempre-scende-al-51/,"Lavoro, a gennaio disoccupazione ai minimi di sempre: scende al 5,1%",20,,,"... Il tasso di occupazione risulta invariato in confronto a un anno prima. A gennaio “ il numero di occupati, pari a 24 milioni 181mila, è in crescita  rispetto al mese precedente. L'aumento coinvolge sia i  dipendenti – permanenti (16 milioni ",https://eview.copyscape.com/compare/0j966h1nup/21
22,2026-09-21T15:38:55.734905,OCCDISPROGIU2026,74be3b8beb34752637237ef85d70d850fddfd66b58247b637349562242eec3bf,https://www.nuovogiornalenazionale.com/istat-andamento-mercato-del-lavoro-a-luglio-2026-dati-provvisori/,"Istat, andamento mercato del lavoro a luglio 2026 - dati provvisori",18,,,"... unità), mentre diminuiscono gli inattivi di 15-64 anni (-1,2%, pari ... 49enni, invece, gli occupati diminuiscono. Su base annua il ",https://eview.copyscape.com/compare/0j966h1nup/22
23,2026-09-21T15:38:55.734905,OCCDISPROGIU2026,74be3b8beb34752637237ef85d70d850fddfd66b58247b637349562242eec3bf,https://www.ilsole24ore.com/art/istat-luglio-occupazione-stabile-scende-disoccupazione-58percento-AJRY5F0,"Istat: a luglio occupazione stabile. Scende la disoccupazione (5,8%) - Il Sole 24 ORE",18,,,"... A luglio il numero di occupati, pari a 24 milioni 370mila, è stabile rispetto al mese precedente. La stabilità degli occupati è sintesi dell'aumento tra gli uomini, i dipendenti permanenti, gli autonomi e i 35-49enni  e del calo tra le donne, ",https://eview.copyscape.com/compare/0j966h1nup/23
24,2026-09-21T15:38:55.734905,OCCDISPROGIU2026,74be3b8beb34752637237ef85d70d850fddfd66b58247b637349562242eec3bf,https://www.italiaoggi.it/economia-e-politica/lavoro-in-crescita-piu-occupati-e-meno-disoccupati-nel-2026-i-dati-istat-yzdaufr3,Lavoro in crescita: più occupati e meno disoccupati nel 2026. I dati Istat - ItaliaOggi.it,18,,,"... Il numero di occupati, che si attesta  a 24 milioni 207 mila, aumenta su base congiunturale (+67 mila, +0,3% sul quarto trimestre 2025), a seguito della  crescita dei dipendenti a tempo determinato (+9 mila, +0,3%) e, soprattutto, degli indipendenti (+72 mila, +1,4%) più sostenuta del lieve  calo dei dipendenti a tempo indeterminato (-13 mila, -0,1%); si riduce il numero di disoccupati (-110 mila, -7,6% in tre mesi) e aumenta quello degli inattivi di 15-64 anni (+44 mila, +0,4%). Al netto degli effetti stagionali,  il tasso di occupazione sale al 62,7% (+0,2 punti in tre mesi), quello di disoccup",https://eview.copyscape.com/compare/0j966h1nup/24
25,2026-09-21T15:38:55.734905,OCCDISPROGIU2026,74be3b8beb34752637237ef85d70d850fddfd66b58247b637349562242eec3bf,https://tg24.sky.it/economia/2026/04/01/lavoro-tasso-disoccupazione-febbraio-istat,"Lavoro, tasso di disoccupazione al 5,3% a febbraio: -29mila occupati. I dati Istat | Sky TG24",16,,,"... Il tasso di occupazione scende al 62,4% (-0,1 punti) mentre  la crescita delle persone in cerca di lavoro (+2,7%, pari a +36mila unità) si osserva per uomini e donne e per  tutte le classi d'età ad eccezione dei 15-24enni, tra i quali il numero ",https://eview.copyscape.com/compare/0j966h1nup/25
26,2026-09-21T15:38:55.734905,OCCDISPROGIU2026,74be3b8beb34752637237ef85d70d850fddfd66b58247b637349562242eec3bf,https://www.gazzettadinapoli.it/economia-2/lavoro-istat-occupazione-stabile-a-luglio/,"Lavoro, Istat, occupazione stabile a luglio",15,,,"... Il calo delle persone in cerca di lavoro (-1,1%, pari a -17mila  unità) coinvolge gli uomini ... e tutte le classi d'età ad eccezione dei 35-49enni, tra i quali, come per le donne, il numero di disoccupati è in crescita.",https://eview.copyscape.com/compare/0j966h1nup/26
27,2026-09-21T15:38:58.050273,PRECONPROLUG2026,58ad50152255e17f721af3de8710f32291300deeccf656bcd048a0ceb6a2250e,https://formatresearch.com/2026/07/31/inflazione-al-28-istat-prezzi-al-consumo/,"Inflazione al 2,8% | Istat PREZZI AL CONSUMO - Format Research",279,,,"... Secondo le stime preliminari, nel mese di luglio 2026 l'indice nazionale dei prezzi al consumo per l'intera collettività (NIC), al lordo dei tabacchi, registra una variazione pari a +0,2% su base mensile e a +2,8% su base annua (da +3,0% del mese precedente). Il lieve rallentamento dell'inflazione riflette la dinamica dei prezzi degli Alimentari non lavorati (da +4,4% a +3,8%), degli Energetici non regolamentati (da +13,3% a +10,6%) e dei Servizi vari (da +2,5% a +1,8%); in accelerazione sono, invece, i prezzi degli Alimentari lavorati (da -0,2% a +0,2%), degli Energetici regolamentati (da +9,2% a +14,9%) e dei Servizi relativi ai trasporti (da +1,1% a +1,6%).... Nel mese di luglio l'“inflazione di fondo”, al netto degli energetici e degli alimentari freschi, resta stabile a +1,6%, mentre quella al netto dei soli beni energetici rallenta da +1,9% a +1,8%.... Il tasso di variazione tendenziale dei prezzi dei Beni alimentari, per la cura della casa e della persona si mantiene a +1,3%, mentre quello dei prodotti ad alta frequenza d'acquisto si riduce (da +3,9% a +3,6%).... solo parzialmente compensati dalla diminuzione degli Alimentari non lavorati (-1,1%) e degli Energetici non regolamentati (-0,3%).... A luglio 2026 l'inflazione cala al +2,8% (dal +3,0% di giugno), per effetto soprattutto della dinamica dei prezzi degli Alimentari non lavorati e degli Energetici non regolamentati.... Di contro, un sostegno all'inflazione è esercitato dai prezzi degli Alimentari lavorati e degli Energetici regolamentati. I prezzi dei beni che compongono il “carrello della spesa” sono stabili su base annua (a +1,3%), così come ",https://eview.copyscape.com/compare/7le7v5ncvz/1
28,2026-09-21T15:38:58.050273,PRECONPROLUG2026,58ad50152255e17f721af3de8710f32291300deeccf656bcd048a0ceb6a2250e,https://www.imgpress.it/attualita/istat-prezzi-al-consumo-luglio-2026/,ISTAT: Prezzi al consumo - Luglio 2026 - imgpress,251,,,"... Secondo le stime preliminari, nel mese di luglio 2026 l'indice nazionale dei prezzi al consumo per l'intera collettività (NIC), al lordo dei tabacchi, registra una variazione pari a +0,2% su base mensile e a +2,8% su base annua (da +3,0% del mese precedente). Il lieve rallentamento dell'inflazione riflette la dinamica dei prezzi degli Alimentari non lavorati (da +4,4% a +3,8%), degli Energetici non regolamentati (da +13,3% a +10,6%) e dei Servizi vari (da +2,5% a +1,8%); in accelerazione sono, invece, i prezzi degli Alimentari lavorati (da -0,2% a +0,2%), degli Energetici regolamentati (da +9,2% a +14,9%) e dei Servizi relativi ai trasporti (da +1,1% a +1,6%).... Nel mese di luglio l'“inflazione di fondo”, al netto degli energetici e degli alimentari freschi, resta stabile a +1,6%, mentre quella al netto dei soli beni energetici rallenta da +1,9% a +1,8%. I prezzi dei beni decelerano (da +3,3% ... Il tasso di variazione tendenziale dei prezzi dei Beni alimentari, per la cura della casa e della persona si mantiene a +1,3%, mentre quello dei prodotti ad alta frequenza d'acquisto si riduce (da +3,9% a +3,6%).... solo parzialmente compensati dalla diminuzione degli Alimentari non lavorati (-1,1%) e degli Energetici non regolamentati (-0,3%).... A luglio 2026 l'inflazione cala al +2,8% (dal +3,0% di giugno), per effetto soprattutto della dinamica dei prezzi degli Alimentari non lavorati e degli Energetici non regolamentati.",https://eview.copyscape.com/compare/7le7v5ncvz/2
29,2026-09-21T15:38:58.050273,PRECONPROLUG2026,58ad50152255e17f721af3de8710f32291300deeccf656bcd048a0ceb6a2250e,https://www.giornaledellepmi.it/inflazione-in-lieve-calo-a-luglio-28-ma-lenergia-regolamentata-vola-al-149/,"Inflazione in lieve calo a luglio (+2,8%), ma l’energia regolamentata vola al +14,9% - Il Giornale delle PMI",245,,,"... Secondo le stime preliminari dell'Istat,  nel mese di luglio 2026 l'indice nazionale dei prezzi al consumo per l'intera collettività (NIC), al lordo dei tabacchi, registra una variazione pari a +0,2% su base mensile e a +2,8% su base annua (da +3,0% del mese precedente). Il lieve rallentamento dell'inflazione riflette la dinamica dei prezzi degli Alimentari non lavorati (da +4,4% a +3,8%), degli Energetici non regolamentati (da +13,3% a +10,6%) e dei Servizi vari (da +2,5% a +1,8%); in accelerazione sono, invece, i prezzi degli Alimentari lavorati (da -0,2% a +0,2%), degli Energetici regolamentati (da +9,2% a +14,9%) e dei Servizi relativi ai trasporti (da +1,1% a +1,6%).... Nel mese di luglio l'“inflazione di fondo”, al netto degli energetici e degli alimentari freschi, resta stabile a +1,6%, mentre quella al netto dei soli beni energetici rallenta da +1,9% a +1,8%.... Il tasso di variazione tendenziale ... solo parzialmente compensati dalla diminuzione degli Alimentari non lavorati (-1,1%) e degli Energetici non regolamentati (-0,3%).... A luglio 2026 l'inflazione cala al +2,8% (dal +3,0% di giugno), per effetto soprattutto della dinamica dei prezzi degli Alimentari non lavorati e degli Energetici non regolamentati.... Di contro, un sostegno all'inflazione è esercitato dai prezzi degli Alimentari lavorati e degli Energetici regolamentati. I prezzi dei beni che compongono il “carrello della spesa” sono stabili su base annua (a +1,3%), così come ",https://eview.copyscape.com/compare/7le7v5ncvz/3
30,2026-09-21T15:38:58.050273,PRECONPROLUG2026,58ad50152255e17f721af3de8710f32291300deeccf656bcd048a0ceb6a2250e,https://www.cosenzaok.it/inflazione-luglio-2026-rallenta-al-28-frenano-alimentari-ed-energia-non-regolamentata,"Inflazione luglio 2026, rallenta al +2,8%: frenano alimentari ed energia non regolamentata - CosenzaOk",157,,,"... Secondo le stime preliminari, nel mese di luglio 2026 l'indice nazionale dei prezzi al consumo per l'intera collettività (NIC), al lordo dei tabacchi, registra una variazione pari a +0,2% su base mensile e a +2,8% su base annua (da +3,0% del mese precedente). Il lieve rallentamento dell'inflazione riflette la dinamica dei prezzi degli Alimentari non lavorati (da +4,4% a +3,8%), degli Energetici non regolamentati (da +13,3% a +10,6%) e dei Servizi vari (da +2,5% a +1,8%); in accelerazione sono, invece, i prezzi degli Alimentari lavorati (da -0,2% a +0,2%), degli Energetici regolamentati (da +9,2% a +14,9%) e dei Servizi relativi ai trasporti (da +1,1% a +1,6%).... Nel mese di luglio l'“inflazione di fondo”, al netto degli energetici e degli alimentari freschi, resta stabile a +1,6%, mentre quella al netto dei soli beni energetici rallenta da +1,9% a +1,8%.",https://eview.copyscape.com/compare/7le7v5ncvz/4
31,2026-09-21T15:38:58.050273,PRECONPROLUG2026,58ad50152255e17f721af3de8710f32291300deeccf656bcd048a0ceb6a2250e,https://www.giornaledellepmi.it/inflazione-a-luglio-rallenta-al-29-carrello-della-spesa-a-1-ma-luce-e-gas-corrono-148/,"Inflazione, a luglio rallenta al 2,9%: carrello della spesa a +1%, ma luce e gas corrono (+14,8%) - Il Giornale delle PMI",134,,,"... Il lieve rallentamento dell'inflazione riflette la dinamica dei prezzi degli Energetici non regolamentati (da +13,3% a +11,4%), degli Alimentari non lavorati (da +4,4% a +3, 6%) e dei Servizi vari (da +2,5% a +1,8%); in accelerazione sono, ... Nel mese di luglio l'“inflazione di fondo”, al netto degli energetici e degli alimentari freschi, resta stabile a +1,6%, mentre quella al netto dei soli beni energetici rallenta da +1,9% a +1,8%.... La variazione congiunturale ... entrambi); tali effetti sono solo parzialmente compensati dalla diminuzione degli Alimentari non lavorati (-1,3%)... L'indice armonizzato dei prezzi al consumo (IPCA) registra una variazione pari a -1,0% su base mensile, a causa dei saldi estivi di cui il NIC non tiene conto, e a +2,9% su base annua (da +3,0% del mese precedente), confermando la stima ... A luglio 2026 l'inflazione scende ... Di contro, un sostegno all'inflazione è esercitato dai prezzi ... degli Energetici regolamentati e di alcune tipologie di servizi",https://eview.copyscape.com/compare/7le7v5ncvz/5
32,2026-09-21T15:38:58.050273,PRECONPROLUG2026,58ad50152255e17f721af3de8710f32291300deeccf656bcd048a0ceb6a2250e,https://www.ore12.net/inflazione-costa-meno-il-carrello-della-spesa-prezzi-in-calo-dello-03/,"Inflazione: costa meno il 'carrello della spesa', prezzi in calo dello 0,3% - Ore12",134,,,"... dall'Istat – riflette la dinamica dei prezzi degli energetici non regolamentati (da +13,3% a +11,4%), degli alimentari non lavorati (da +4,4% a +3, 6%) e dei servizi vari (da +2,5% a +1,8%). ... La variazione congiunturale dell'indice generale riflette l'aumento dei prezzi degli energetici regolamentati (+6,5%),  dei servizi relativi ai trasporti (+1,4%), ... dei servizi ricreativi, culturali e per la cura della persona (+0,6%), degli energetici non regolamentati1 (+0,5%), degli alimentari lavorati e dei servizi relativi all'abitazione (+0,3% entrambi);  tali effetti sono solo parzialmente compensati dalla diminuzione degli alimentari non lavorati (-1,3%).... L'indice armonizzato dei prezzi al consumo (Ipca) registra una variazione pari a -1% ... su base mensile, a causa dei saldi estivi di cui il Nic non tiene conto, e a +2,9% su base annua (da +3% ... del mese precedente), confermando la stima preliminare.... L'inflazione scende al +2,9%, dal +3% di giugno, per effetto soprattutto della dinamica dei prezzi degli alimentari non lavorati e degli energetici non regolamentati – osserva l'Istat – ... di contro, un sostegno all'inflazione è esercitato dai prezzi ... degli energetici regolamentati e di alcune tipologie di servizi... L'inflazione acquisita a luglio, ",https://eview.copyscape.com/compare/7le7v5ncvz/6
33,2026-09-21T15:38:58.050273,PRECONPROLUG2026,58ad50152255e17f721af3de8710f32291300deeccf656bcd048a0ceb6a2250e,https://www.gazzettadinapoli.it/economia-2/prezzi-al-consumo-istat-inflazione-rallenta-a-luglio/,"Prezzi al consumo, Istat, inflazione rallenta a luglio",132,,,"... Nel mese di luglio l'“inflazione di fondo”, al netto degli energetici e degli alimentari freschi, resta stabile a +1,6%, mentre quella al netto dei soli beni energetici rallenta da +1,9% a +1,8%. I prezzi dei beni decelerano (da +3,3% ... Il tasso di variazione tendenziale ... solo parzialmente compensati dalla diminuzione degli Alimentari non lavorati (-1,1%) e degli Energetici non regolamentati (-0,3%).... A luglio 2026 l'inflazione cala al +2,8% (dal +3,0% di giugno), per effetto soprattutto della dinamica dei prezzi degli Alimentari non lavorati e degli Energetici non regolamentati.... Di contro, un sostegno all'inflazione è esercitato dai prezzi degli Alimentari lavorati e degli Energetici regolamentati. I prezzi dei beni che compongono il “carrello della spesa” sono stabili su base annua (a +1,3%), così come ",https://eview.copyscape.com/compare/7le7v5ncvz/7
34,2026-09-21T15:38:58.050273,PRECONPROLUG2026,58ad50152255e17f721af3de8710f32291300deeccf656bcd048a0ceb6a2250e,https://www.blog.it/inflazione-luglio-al-29-annuo-rallenta-la-crescita-del-carrello-della-spesa/,"Inflazione luglio al 2,9% annuo, rallenta la crescita del carrello della spesa - Blog.it - Notizie, Lifestyle, Gossip, Viaggi, Tech e molto altro",115,,,"... Il tasso di variazione tendenziale dei prezzi dei beni alimentari, per la cura della casa e della persona scende (da +1,3% a +1,0%), come  quello dei prodotti ad alta frequenza d'acquisto (... da +3,9% a +3,4%).  La variazione congiunturale dell'indice generale riflette l'aumento dei prezzi degli energetici regolamentati (+6,5%),  dei servizi relativi ai trasporti (+1,4%), ... dei servizi ricreativi, culturali e per la cura della persona (+0,6%), degli energetici non regolamentati1 (+0,5%), degli alimentari lavorati e dei servizi relativi all'abitazione (+0,3% entrambi);  tali effetti sono solo parzialmente compensati dalla diminuzione degli alimentari non lavorati (-1,3%).... L'indice armonizzato dei prezzi al consumo (IPCA) registra una variazione pari a -1,0% su base mensile, a causa dei saldi estivi di cui il NIC non tiene conto, e a +2,9% su base annua (da +3,0% del mese precedente), confermando la stima ",https://eview.copyscape.com/compare/7le7v5ncvz/8
35,2026-09-21T15:38:58.050273,PRECONPROLUG2026,58ad50152255e17f721af3de8710f32291300deeccf656bcd048a0ceb6a2250e,https://www.nuovogiornalenazionale.com/istat-landamento-dei-prezzi-al-consumo-a-luglio-2026/,"Istat, l'andamento dei prezzi al consumo a luglio 2026 - Nuovo Giornale Nazionale",98,,,"... Il lieve rallentamento dell'inflazione riflette la dinamica dei prezzi degli Energetici non regolamentati (da +13,3% a +11,4%), degli Alimentari non lavorati (da +4,4% a +3, 6%) e dei Servizi vari (da +2,5% a +1,8%); in accelerazione sono, ... La variazione congiunturale ... entrambi); tali effetti sono solo parzialmente compensati dalla diminuzione degli Alimentari non lavorati (-1,3%)... L'indice armonizzato dei prezzi al consumo (IPCA) registra una variazione pari a -1,0% su base mensile, a causa dei saldi estivi di cui il NIC non tiene conto, e a +2,9% su base annua (da +3,0% del mese precedente), confermando la stima ... A luglio 2026 l'inflazione scende ... Di contro, un sostegno all'inflazione è esercitato dai prezzi ... degli Energetici regolamentati e di alcune tipologie di servizi",https://eview.copyscape.com/compare/7le7v5ncvz/9
36,2026-09-21T15:38:58.050273,PRECONPROLUG2026,58ad50152255e17f721af3de8710f32291300deeccf656bcd048a0ceb6a2250e,https://www.gazzettadisalerno.it/prezzi-al-consumo-inflazione-rallenta-dati-istat-di-luglio/,"Prezzi al consumo, inflazione rallenta, dati Istat di luglio",96,,,"... Nel mese di luglio l'“inflazione di fondo”, al netto degli energetici e degli alimentari freschi, resta stabile a +1,6%, mentre quella al netto dei soli beni energetici rallenta da +1,9% a +1,8%. I prezzi dei beni decelerano (da +3,3% ... Il tasso di variazione tendenziale ... solo parzialmente compensati dalla diminuzione degli Alimentari non lavorati (-1,1%) e degli Energetici non regolamentati (-0,3%).... A luglio 2026 l'inflazione cala al +2,8% (dal +3,0% di giugno), per effetto soprattutto della dinamica dei prezzi degli Alimentari non lavorati e degli Energetici non regolamentati.",https://eview.copyscape.com/compare/7le7v5ncvz/10
37,2026-09-21T15:38:58.050273,PRECONPROLUG2026,58ad50152255e17f721af3de8710f32291300deeccf656bcd048a0ceb6a2250e,https://www.adn24.it/blog/2026/07/31/istat-a-luglio-linflazione-a-02-su-base-mensile-e-28-sullanno/,"Istat, a luglio l’inflazione a +0,2% su base mensile e +2,8% sull’anno",83,,,"... ROMA (ITALPRESS) – Secondo le stime preliminari Istat, a luglio  l'indice nazionale dei prezzi al consumo per l'intera collettività (NIC), al lordo dei tabacchi, registra una variazione pari a +0,2% su base mensile e a +2,8% su base annua (da +3,0% del mese precedente).... A luglio l'inflazione di fondo, al netto degli energetici e degli alimentari freschi, resta stabile a +1,6%, mentre quella al netto dei soli beni energetici rallenta da +1,9% a +1,8%. I prezzi dei beni decelerano (da +3,3% a +3,1%), mentre ",https://eview.copyscape.com/compare/7le7v5ncvz/11
38,2026-09-21T15:38:58.050273,PRECONPROLUG2026,58ad50152255e17f721af3de8710f32291300deeccf656bcd048a0ceb6a2250e,https://www.italiaoggi.it/economia-e-politica/economia-e-finanza/prezzi-al-consumo-rallenta-linflazione-grazie-agli-alimentari-cs9sotvp,"Prezzi al consumo, rallenta l'inflazione grazie agli alimentari - ItaliaOggi.it",80,,,"... In particolare, il lieve rallentamento dell'inflazione riflette la dinamica dei prezzi degli Energetici non regolamentati (da +13,3% a +11,4%), degli Alimentari non lavorati (da +4,4% a +3, 6%) e dei Servizi vari (da +2,5% a +1,8%); in accelerazione ... La variazione congiunturale dell'indice generale riflette l'aumento dei prezzi degli Energetici regolamentati (+6,5%),  dei Servizi relativi ai trasporti (+1,4%), ... dei Servizi ricreativi, culturali e per la cura della persona (+0,6%), degli Energetici non regolamentati1 (+0,5%), degli Alimentari lavorati e dei Servizi relativi all'abitazione (+0,3% entrambi);  tali effetti sono solo parzialmente compensati dalla rilasciata  degli Alimentari non lavorati (-1,3%).... A luglio 2026, spiega l'Istat, ... Di contro, un sostegno all'inflazione è esercitato dai prezzi ... degli energetici regolamentati e di alcune tipologie di servizi",https://eview.copyscape.com/compare/7le7v5ncvz/12
39,2026-09-21T15:38:58.050273,PRECONPROLUG2026,58ad50152255e17f721af3de8710f32291300deeccf656bcd048a0ceb6a2250e,https://www.adn24.it/blog/2026/08/12/a-luglio-inflazione-al-29-su-base-annua-frena-il-carrello-della-spesa-i-dati-istat/,"A luglio inflazione al 2,9% su base annua, frena il “carrello della spesa”. I dati Istat",60,,,"... Il tasso di variazione tendenziale ... entrambi); tali effetti sono solo parzialmente compensati dalla diminuzione degli alimentari non lavorati (-1,3%)... L'indice armonizzato dei prezzi al consumo (IPCA) registra una variazione pari a -1,0% su base mensile, a causa dei saldi estivi di cui il NIC non tiene conto, e a +2,9% su base annua (da +3,0% del mese precedente), confermando la stima ",https://eview.copyscape.com/compare/7le7v5ncvz/13
40,2026-09-21T15:38:58.050273,PRECONPROLUG2026,58ad50152255e17f721af3de8710f32291300deeccf656bcd048a0ceb6a2250e,https://www.imgpress.it/attualita/prezzi-al-consumo-luglio-2026/,ESATATE & INFLAZIONE: Prezzi al consumo - Luglio 2026 - imgpress,56,,,"... Il lieve rallentamento dell'inflazione riflette la dinamica dei prezzi degli Energetici non regolamentati (da +13,3% a +11,4%), degli Alimentari non lavorati (da +4,4% a +3, 6%) e dei Servizi vari (da +2,5% a +1,8%); in accelerazione sono, ... La variazione congiunturale ... entrambi); tali effetti sono solo parzialmente compensati dalla diminuzione degli Alimentari non lavorati (-1,3%)... A luglio 2026 l'inflazione scende ... Di contro, un sostegno all'inflazione è esercitato dai prezzi ... degli Energetici regolamentati e di alcune tipologie di servizi",https://eview.copyscape.com/compare/7le7v5ncvz/14
41,2026-09-21T15:38:58.050273,PRECONPROLUG2026,58ad50152255e17f721af3de8710f32291300deeccf656bcd048a0ceb6a2250e,https://www.agenziagiornalisticaopinione.it/opinionmix/agosto-2026-indice-prezzi-consumo-nic-05-luglio-33-annuo/,ISTAT * «PREZZI AL CONSUMO (DATI PROVVISORI) – AGOSTO 2026» - Agenzia giornalistica Opinione. Notizie da Italia - Mondo / Trentino Alto Adige,51,,,"... Secondo le stime preliminari, nel mese di agosto  2026 l'indice nazionale dei prezzi al consumo per l'intera collettività (NIC), al lordo dei tabacchi, registra una variazione pari a +0,5%  su base mensile e a +3,3%  su base annua (da +2,9%  del mese precedente). L'aumento dell'inflazione riflette principalmente l'andamento  dei prezzi degli Energetici, sia non regolamentati (da +11,4% a +16,9%) sia regolamentati (da +14,8% a +18,8%); di contro, decelerano i prezzi dei Servizi ricreativi, culturali e per la cura della persona (da +3,0% a +2,6%)  e dei Servizi relativi ai trasporti (da +1,6% a +0,9%).",https://eview.copyscape.com/compare/7le7v5ncvz/15
42,2026-09-21T15:38:58.050273,PRECONPROLUG2026,58ad50152255e17f721af3de8710f32291300deeccf656bcd048a0ceb6a2250e,https://giornaledellepmi.it/inflazione-fiammata-dagosto-33-annuo-spinta-dagli-energetici/,"Inflazione, fiammata d’agosto: +3,3% annuo, spinta dagli energetici - Il Giornale delle PMI",51,,,"... Secondo le stime preliminari dell'Istat,  nel mese di agosto  2026 l'indice nazionale dei prezzi al consumo per l'intera collettività (NIC), al lordo dei tabacchi, registra una variazione pari a +0,5%  su base mensile e a +3,3%  su base annua (da +2,9%  del mese precedente). L'aumento dell'inflazione riflette principalmente l'andamento  dei prezzi degli Energetici, sia non regolamentati (da +11,4% a +16,9%) sia regolamentati (da +14,8% a +18,8%); di contro, decelerano i prezzi dei Servizi ricreativi, culturali e per la cura della persona (da +3,0% a +2,6%)  e dei Servizi relativi ai trasporti (da +1,6% a +0,9%).",https://eview.copyscape.com/compare/7le7v5ncvz/16
43,2026-09-21T15:38:58.050273,PRECONPROLUG2026,58ad50152255e17f721af3de8710f32291300deeccf656bcd048a0ceb6a2250e,https://www.rifondazionetoscana.it/istat-linflazione-ad-agosto-segna-un-parziale-33/,"ISTAT: l'inflazione ad Agosto segna un parziale +3,3% - Rifondazione Comunista Toscana",51,,,"... Secondo le stime preliminari, nel mese di agosto  2026 l'indice nazionale dei prezzi al consumo per l'intera collettività (NIC), al lordo dei tabacchi, registra una variazione pari a +0,5%  su base mensile e a +3,3%  su base annua (da +2,9%  del mese precedente). L'aumento dell'inflazione riflette principalmente l'andamento  dei prezzi degli Energetici, sia non regolamentati (da +11,4% a +16,9%) sia regolamentati (da +14,8% a +18,8%); di contro, decelerano i prezzi dei Servizi ricreativi, culturali e per la cura della persona (da +3,0% a +2,6%)  e dei Servizi relativi ai trasporti (da +1,6% a +0,9%).",https://eview.copyscape.com/compare/7le7v5ncvz/17
44,2026-09-21T15:38:58.050273,PRECONPROLUG2026,58ad50152255e17f721af3de8710f32291300deeccf656bcd048a0ceb6a2250e,https://www.confcommercio.it/-/inflazione-luglio-2026,"Prezzi al consumo luglio 2026, le stime preliminari dell'Istat | Confcommercio",50,,,"... Secondo le stime preliminari dell'Istat ... del mese precedente). La diminuzione è dovuta soprattutto alla frenata  dei prezzi degli alimentari non lavorati (dal +4,4% al +3,8%) e  degli energetici non regolamentati, ... e dei servizi vari (dal +2,5% all'1,8%).... L'inflazione di fondo, al netto di energia e  alimentari freschi, resta stabile al + 1,6%, mentre quella al netto dei soli beni energetici rallenta dall'1,9% all'1,8%. Decelerano anche  i prezzi dei beni (dal +3,3% al + 3,1%), mentre ... quelli dei servizi restano stabili al +2,6%. L'inflazione acquisita ",https://eview.copyscape.com/compare/7le7v5ncvz/18
45,2026-09-21T15:38:58.050273,PRECONPROLUG2026,58ad50152255e17f721af3de8710f32291300deeccf656bcd048a0ceb6a2250e,https://www.redigo.info/2026/07/01/giugno-2026/,"Istat, prezzi al consumo di giugno 2026. L'inflazione rallenta - redigo.info",49,,,"... lievemente (da +1,7% a +1,6%), come anche  quella al netto dei soli beni energetici (da +2,1% a +2,0%)... Si riduce il tasso di variazione ... La variazione congiunturale dell'indice generale è sintesi, da un lato, della diminuzione dei prezzi di Alimentari non lavorati (-1,4%) e degli Energetici non regolamentati (-0,3%), dall'altro, dell'aumento di quelli  dei Servizi ricreativi, culturali, e per la cura della persona (+0,6%), dei Servizi relativi ai trasporti (+0,5%)  e degli Energetici ... regolamentati (+0,3%). L'inflazione acquisita per il 2026 si mantiene a +2,6%  per l'indice generale e sale a +1,7%  per la componente di fondo.",https://eview.copyscape.com/compare/7le7v5ncvz/19
46,2026-09-21T15:38:58.050273,PRECONPROLUG2026,58ad50152255e17f721af3de8710f32291300deeccf656bcd048a0ceb6a2250e,https://www.borsaitaliana.it/borsa/notizie/radiocor/economia/dettaglio/inflazione-istat-stima-02-a-luglio-28-su-anno-2-nRC_31072026_1114_291654660.html,"Inflazione: Istat stima +0,2% a luglio, +2,8% su anno -2- - Borsa Italiana",47,,,"... Servizi relativi ai trasporti (da +1,1% a +1,6%). Nel mese di luglio l'inflazione  di fondo, al netto degli energetici e degli alimentari freschi, resta stabile a +1,6%, mentre quella al netto dei soli beni energetici rallenta da +1,9% a +1,8%. ... Dato acquisito 2026 a +2,7% (Il ",https://eview.copyscape.com/compare/7le7v5ncvz/20
47,2026-09-21T15:38:58.050273,PRECONPROLUG2026,58ad50152255e17f721af3de8710f32291300deeccf656bcd048a0ceb6a2250e,https://www.tgcom24.mediaset.it/economia/inflazione-istat-a-luglio-cala-al-2-8-_115006064-202602k.shtml,"Inflazione, Istat: ""A luglio cala al 2,8%""",47,,,"... Il calo dell'inflazione, spiega l'Istituto di statistica, riflette la dinamica dei prezzi degli alimentari non lavorati (da +4,4% a +3,8%), degli energetici non regolamentati (da +13,3% a +10,6%) - che tra l'altro comprendono i carburanti e ... La variazione congiunturale dell'indice ... solo parzialmente compensati dalla diminuzione degli alimentari non lavorati (-1,1%) e degli energetici non regolamentati (-0,3%).",https://eview.copyscape.com/compare/7le7v5ncvz/21
48,2026-09-21T15:38:58.050273,PRECONPROLUG2026,58ad50152255e17f721af3de8710f32291300deeccf656bcd048a0ceb6a2250e,https://miolegale.it/utilita/ultimo-indice-istat/,"Ultimo indice ISTAT - Indici FOI, NIC e IPCA Luglio 2026",42,,,"... L'indice armonizzato dei prezzi al consumo (IPCA) registra una variazione pari a -1,0% su base mensile, a causa dei saldi estivi di cui il NIC non tiene conto, e a +2,9% su base annua (da +3,0% del mese precedente), confermando la stima ",https://eview.copyscape.com/compare/7le7v5ncvz/22
49,2026-09-21T15:38:58.050273,PRECONPROLUG2026,58ad50152255e17f721af3de8710f32291300deeccf656bcd048a0ceb6a2250e,https://teleborsa.ansa.it/notiziario/economia/italia-inflazione-luglio-rivista-al-rialzo-al-29-su-anno/,"Italia, inflazione luglio rivista al rialzo al +2,9% su anno – teleborsa.ansa.it",42,,,"... L'indice armonizzato dei prezzi al consumo (IPCA) registra una variazione pari a -1,0% su base mensile, a causa dei saldi estivi di cui il NIC non tiene conto, e a +2,9% su base annua (da +3,0% del mese precedente), confermando la stima ",https://eview.copyscape.com/compare/7le7v5ncvz/23
50,2026-09-21T15:38:58.050273,PRECONPROLUG2026,58ad50152255e17f721af3de8710f32291300deeccf656bcd048a0ceb6a2250e,https://www.jlcnews.it/post/prezzi-al-consumo-agosto-2026,Prezzi al consumo - Agosto 2026,41,,,"... In base alle stime preliminari, l'indice armonizzato dei prezzi al consumo (IPCA) registra una variazione pari a +0,1%  su base mensile, a causa dei saldi estivi di cui il NIC non tiene conto, e a +3,2%  su base annua (da +2,9%  del mese precedente).",https://eview.copyscape.com/compare/7le7v5ncvz/24
51,2026-09-21T15:38:58.050273,PRECONPROLUG2026,58ad50152255e17f721af3de8710f32291300deeccf656bcd048a0ceb6a2250e,https://www.nuovogiornalenazionale.com/istat-i-prezzi-al-consumo-a-giugno-2026-dati-provvisori/,"Istat, i prezzi al consumo a giugno 2026 - Dati provvisori - Nuovo Giornale Nazionale",36,,,"... Il lieve rallentamento ... e per la cura della persona (da +3,0% a +2,7%) e dei Servizi relativi ai trasporti (da +1,7% a +1,1%);  in accelerazione sono invece i prezzi ... degli Energetici, regolamentati (da +5,6% a +9,3%) ... da +12,5% a +12,9%). Nel mese di giugno la “ inflazione di fondo”, al netto degli energetici e degli alimentari freschi, si riduce lievemente (da +1,7%  a +1,6%), come anche  quella al netto ",https://eview.copyscape.com/compare/7le7v5ncvz/25
52,2026-09-21T15:38:58.050273,PRECONPROLUG2026,58ad50152255e17f721af3de8710f32291300deeccf656bcd048a0ceb6a2250e,https://www.tgcom24.mediaset.it/economia/inflazione-istat-luglio-cala_115006064-202602k.shtml,"Inflazione, Istat: a luglio cala al 2,8%, stabile la spesa - Tgcom24",33,,,"... degli alimentari freschi, resta stabile a +1,6%, mentre quella al ... La variazione congiunturale dell'indice ... solo parzialmente compensati dalla diminuzione degli alimentari non lavorati (-1,1%) e degli energetici non regolamentati (-0,3%).",https://eview.copyscape.com/compare/7le7v5ncvz/26
53,2026-09-21T15:38:58.050273,PRECONPROLUG2026,58ad50152255e17f721af3de8710f32291300deeccf656bcd048a0ceb6a2250e,https://www.giornaledellepmi.it/inflazione-in-lieve-calo-a-giugno-30-ma-lenergia-regolamentata-vola-93-e-frena-la-discesa/,"Inflazione in lieve calo a giugno (+3,0%), ma l'energia regolamentata vola (+9,3%) e frena la discesa - Il Giornale delle PMI",33,,,"... Il lieve rallentamento ... persona (da +3,0% a +2,7%) e dei Servizi relativi ai trasporti (da +1,7% a +1,1%);  in accelerazione sono invece i prezzi ... degli Energetici, regolamentati (da +5,6% a +9,3%) e non regolamentati ... Si riduce il tasso di variazione tendenziale dei prezzi del “carrello della spesa” (da +1,9% a +1,6%)  così come l'inflazione di fondo (da +1,7%  a +1,6%). L'inflazione acquisita a giugno,  per il 2026, resta stabile a +2,6%.",https://eview.copyscape.com/compare/7le7v5ncvz/27
54,2026-09-21T15:38:58.050273,PRECONPROLUG2026,58ad50152255e17f721af3de8710f32291300deeccf656bcd048a0ceb6a2250e,https://tg24.sky.it/economia/2026/04/01/inflazione-italia-istat-aumenti-spesa,"Istat, in Italia inflazione all'1,7% a marzo, aumentano i prezzi per il carrello della spesa | Sky TG24",32,,,"... L'Istat sottolinea che i prezzi dei beni registrano una sensibile accelerazione su base annua (da -0,1 a +0,7%), mentre i prezzi dei servizi diminuiscono il loro ritmo di crescita (da +3,6% a +2,8%).  Il differenziale tra il comparto dei servizi e quello dei beni, quindi, diminuisce: passa da +3,8 punti percentuali a +2,1 punti. ... Facendo il confronto su base mensile, l'indice generale risente soprattutto dell'aumento dei prezzi degli Energetici - regolamentati (+8,9%) e non (+4, 6%) -, dei Servizi relativi ai trasporti (+... 0,7%) e ... degli Alimentari non lavorati (+0,4%).",https://eview.copyscape.com/compare/7le7v5ncvz/28
55,2026-09-21T15:38:58.050273,PRECONPROLUG2026,58ad50152255e17f721af3de8710f32291300deeccf656bcd048a0ceb6a2250e,https://www.aranagenzia.it/download/prezzi-al-consumo-luglio-2024/,Prezzi al consumo – luglio 2024 | Aran Agenzia,26,,,"... Nel mese di luglio l'“inflazione di fondo”, al netto degli energetici e degli alimentari freschi, resta stabile a +1,9%,  mentre quella al netto dei soli ",https://eview.copyscape.com/compare/7le7v5ncvz/29
56,2026-09-21T15:38:58.050273,PRECONPROLUG2026,58ad50152255e17f721af3de8710f32291300deeccf656bcd048a0ceb6a2250e,https://www.aranagenzia.it/download/prezzi-al-consumo-ottobre-2024/,Prezzi al consumo – ottobre 2024 | Aran Agenzia,25,,,"... Nel mese di ottobre  l'“inflazione di fondo”, al netto degli energetici e degli alimentari freschi, resta stabile a +1,8% e  quella al netto dei soli beni ",https://eview.copyscape.com/compare/7le7v5ncvz/30
57,2026-09-21T15:38:58.050273,PRECONPROLUG2026,58ad50152255e17f721af3de8710f32291300deeccf656bcd048a0ceb6a2250e,https://it.marketscreener.com/notizie/italia-inflazione-luglio-rallenta-al-2-8-core-stabile-a-1-6-istat-ce7f50dbd18df223,"Italia, inflazione luglio rallenta al 2,8%, 'core' stabile a 1,6% - Istat | MarketScreener Italia",25,,,"... L'inflazione cosiddetta di fondo, al netto degli energetici e degli alimentari freschi, resta stabile all'1, 6%, mentre quella al netto dei soli beni energetici rallenta ... a 1,8% da 1,9%.",https://eview.copyscape.com/compare/7le7v5ncvz/31
58,2026-09-21T15:38:58.050273,PRECONPROLUG2026,58ad50152255e17f721af3de8710f32291300deeccf656bcd048a0ceb6a2250e,https://it.investing.com/news/economic-indicators/italia-inflazione-luglio-rallenta-al-28-core-stabile-a-16--istat-3483589,"Italia, inflazione luglio rallenta al 2,8%, ’core’ stabile a 1,6% - Istat Da Reuters",25,,,"... L'inflazione cosiddetta di fondo, al netto degli energetici e degli alimentari freschi, resta stabile all'1, 6%, mentre quella al netto dei soli beni energetici rallenta ... a 1,8% da 1,9%.",https://eview.copyscape.com/compare/7le7v5ncvz/32
59,2026-09-21T15:38:58.050273,PRECONPROLUG2026,58ad50152255e17f721af3de8710f32291300deeccf656bcd048a0ceb6a2250e,https://www.hashtagsicilia.it/2026/08/13/inflazione-a-luglio-lieve-frenata-scende-al-29-ma-accelerano-i-prezzi-dellenergia-regolamentata/,"Inflazione, a luglio lieve frenata: scende al 2,9%, ma accelerano i prezzi dell’energia regolamentata - hashtagsicilia",24,,,"... Il lieve rallentamento dell'inflazione riflette la dinamica dei prezzi degli Energetici non regolamentati (da +13,3% a +11,4%), degli Alimentari non lavorati (da +4,4% a +3, 6%) e dei Servizi vari (da +2,5% a +1,8%); in accelerazione sono, ",https://eview.copyscape.com/compare/7le7v5ncvz/33
60,2026-09-21T15:38:58.050273,PRECONPROLUG2026,58ad50152255e17f721af3de8710f32291300deeccf656bcd048a0ceb6a2250e,https://www.corriere.it/economia/consumi/26_luglio_31/istat-inflazione-in-calo-a-luglio-scende-al-2-8-carrello-della-spesa-a-1-3-6d854506-c0a4-4da7-b449-56ab32e19xlk.shtml,"Istat, inflazione in calo a luglio: scende al 2,8%, carrello della spesa a +1,3% | Corriere.it",23,,,"... A luglio i prezzi dei Beni alimentari, per la cura della casa e della persona, sono stabili su base annua ( a +1,3%), mentre quelli  dei prodotti ad alta frequenza d'acquisto si riducono seppur di poco · Corrono ancora i prezzi a luglio.",https://eview.copyscape.com/compare/7le7v5ncvz/34
61,2026-09-21T15:38:58.050273,PRECONPROLUG2026,58ad50152255e17f721af3de8710f32291300deeccf656bcd048a0ceb6a2250e,https://www.italianews24.news/blog/2026/09/16/ad-agosto-linflazione-sale-a-33-sostenuta-dai-prezzi-dei-beni-energetici/,"Ad agosto l’inflazione sale a +3,3% sostenuta dai prezzi dei beni energetici – ITALIA News 24",22,,,"... Nel mese di agosto  l'”inflazione di fondo”, calcolata  al netto degli energetici e degli alimentari freschi, si riduce lievemente (da +1,6% a +1,5%), così come  quella al netto dei soli beni energetici (da +1,8% a +1,7%). Nel settore dei beni i prezzi evidenziano un'accelerazione del ",https://eview.copyscape.com/compare/7le7v5ncvz/35
62,2026-09-21T15:38:58.050273,PRECONPROLUG2026,58ad50152255e17f721af3de8710f32291300deeccf656bcd048a0ceb6a2250e,https://www.adn24.it/blog/2026/09/16/ad-agosto-linflazione-sale-a-33-sostenuta-dai-prezzi-dei-beni-energetici/,"Ad agosto l’inflazione sale a +3,3% sostenuta dai prezzi dei beni energetici",22,,,"... Nel mese di agosto  l'”inflazione di fondo”, calcolata  al netto degli energetici e degli alimentari freschi, si riduce lievemente (da +1,6% a +1,5%), così come  quella al netto dei soli beni energetici (da +1,8% a +1,7%). Nel settore dei ",https://eview.copyscape.com/compare/7le7v5ncvz/36
63,2026-09-21T15:38:58.050273,PRECONPROLUG2026,58ad50152255e17f721af3de8710f32291300deeccf656bcd048a0ceb6a2250e,https://www.adnkronos.com/economia/inflazione-agosto-2026-cresce-energia-prezzi_605eKZp4k8qBCZgxgVdQ1u,"Inflazione vola, ad agosto sale al 3,3%: a spingere i prezzi dell'energia",22,,,"... Nel mese di agosto  l'“inflazione di fondo”, calcolata  al netto degli energetici e degli alimentari freschi, si riduce lievemente (da +1,6% a +1,5%), così come  quella al netto dei soli beni energetici (da +1,8% a +1,7%). Nel settore dei ",https://eview.copyscape.com/compare/7le7v5ncvz/37
64,2026-09-21T15:38:58.050273,PRECONPROLUG2026,58ad50152255e17f721af3de8710f32291300deeccf656bcd048a0ceb6a2250e,https://giornaledellepmi.it/inflazione-in-accelerazione-ad-agosto-prezzi-al-33-la-spinta-arriva-dallenergia/,"Inflazione in accelerazione: ad agosto prezzi al +3,3%, la spinta arriva dall’energia",22,,,"... Nel mese di agosto  l'“inflazione di fondo”, calcolata  al netto degli energetici e degli alimentari freschi, si riduce lievemente (da +1,6% a +1,5%), così come  quella al netto dei soli beni energetici (da +1,8% a +1,7%). Nel settore dei ",https://eview.copyscape.com/compare/7le7v5ncvz/38
65,2026-09-21T15:38:58.050273,PRECONPROLUG2026,58ad50152255e17f721af3de8710f32291300deeccf656bcd048a0ceb6a2250e,https://lamilano.it/dai-media/inflazione-rallenta-istat-a-giugno-al-3-carrello-della-spesa-all13/,"Inflazione rallenta, Istat: ""A giugno al 3%"". Carrello della spesa all'1,3%",22,,,"... A giugno l'“inflazione di fondo”, al netto degli energetici e degli alimentari freschi, si riduce lievemente (da +1,7%  a +1,6%), così come  quella al netto dei soli beni energetici (da +2,1% a +1,9%). Rallentano su base annua sia i prezzi ",https://eview.copyscape.com/compare/7le7v5ncvz/39
66,2026-09-21T15:38:58.050273,PRECONPROLUG2026,58ad50152255e17f721af3de8710f32291300deeccf656bcd048a0ceb6a2250e,https://taorminanews24.com/ad-agosto-linflazione-sale-a-33-sostenuta-dai-prezzi-dei-beni-energetici/,"Ad agosto l’inflazione sale a +3,3% sostenuta dai prezzi dei beni energetici",22,,,"... Nel mese di agosto  l'”inflazione di fondo”, calcolata  al netto degli energetici e degli alimentari freschi, si riduce lievemente (da +1,6% a +1,5%), così come  quella al netto dei soli beni energetici (da +1,8% a +1,7%). Nel settore dei ",https://eview.copyscape.com/compare/7le7v5ncvz/40
67,2026-09-21T15:38:58.050273,PRECONPROLUG2026,58ad50152255e17f721af3de8710f32291300deeccf656bcd048a0ceb6a2250e,https://www.agenziagiornalisticaopinione.it/opinionmix/istat-prezzi-al-consumo-agosto-2026/,ISTAT * «PREZZI AL CONSUMO – AGOSTO 2026» - Agenzia giornalistica Opinione. Notizie da Italia - Mondo / Trentino Alto Adige,22,,,"... Nel mese di agosto  l'“inflazione di fondo”, calcolata  al netto degli energetici e degli alimentari freschi, si riduce lievemente (da +1,6% a +1,5%), così come  quella al netto dei soli beni energetici (da +1,8% a +1,7%). Nel settore dei ",https://eview.copyscape.com/compare/7le7v5ncvz/41
68,2026-09-21T15:38:58.050273,PRECONPROLUG2026,58ad50152255e17f721af3de8710f32291300deeccf656bcd048a0ceb6a2250e,https://www.affaritaliani.it/economia/istat-rallenta-linflazione-a-giugno-scende-al-3-giu-anche-il-carrello-della-spesa.html,"Istat, rallenta l'inflazione: a giugno scende al 3%. Giù anche il carrello della spesa",22,,,"... A giugno l'“inflazione di fondo”, al netto degli energetici e degli alimentari freschi, si riduce lievemente (da +1,7%  a +1,6%), così come  quella al netto dei soli beni energetici (da +2,1% a +1,9%). Rallentano su base annua sia i prezzi ",https://eview.copyscape.com/compare/7le7v5ncvz/42
69,2026-09-21T15:38:58.050273,PRECONPROLUG2026,58ad50152255e17f721af3de8710f32291300deeccf656bcd048a0ceb6a2250e,https://www.blog.it/ad-agosto-linflazione-cresce-al-33-trainata-dai-prezzi-energetici-in-aumento/,"Ad agosto l’inflazione cresce al 3,3% trainata dai prezzi energetici in aumento - Blog.it - Notizie, Lifestyle, Gossip, Viaggi, Tech e molto altro",22,,,"... Nel mese di agosto  l'”inflazione di fondo”, calcolata  al netto degli energetici e degli alimentari freschi, si riduce lievemente (da +1,6% a +1,5%), così come  quella al netto dei soli beni energetici (da +1,8% a +1,7%). Nel settore dei ",https://eview.copyscape.com/compare/7le7v5ncvz/43
70,2026-09-21T15:38:58.050273,PRECONPROLUG2026,58ad50152255e17f721af3de8710f32291300deeccf656bcd048a0ceb6a2250e,https://www.publicnow.com/view/FFBCC97B2DE1F9BCD16299A5B97F3860D34612B7,ISTAT - Istituto Nazionale di Statistica (via Public) / Prezzi al consumo – Febbraio 2026,22,,,"... i prezzi degli Alimentari lavorati (da +1,9% a +1,4%) e aumenta la flessione di quelli  degli Energetici, regolamentati (da -9,6% a -11,6%) e non (da -5,9% a -6,2%).  Nel mese di febbraio  l'""inflazione di fondo"", al netto degli energetici ",https://eview.copyscape.com/compare/7le7v5ncvz/44
71,2026-09-21T15:38:58.050273,PRECONPROLUG2026,58ad50152255e17f721af3de8710f32291300deeccf656bcd048a0ceb6a2250e,https://www.adnkronos.com/economia/inflazione-carrello-spesa-dati-giugno-2026-istat_1XLZ58PGGFHJnBko1f10hf,"Inflazione rallenta, Istat: ""A giugno al 3%"". Carrello della spesa all'1,3%",19,,,"... Il lieve rallentamento ... e per la cura della persona (da +3,0% a +2,7%) e dei Servizi relativi ai trasporti (da +1,7% a +1,1%);  in accelerazione sono invece i prezzi ... degli Energetici, regolamentati (da +5,6% a +9,2%)  e non regolamentati (da +12,5% a +13,3%). A giugno l'“inflazione di ",https://eview.copyscape.com/compare/7le7v5ncvz/45
72,2026-09-21T15:38:58.050273,PRECONPROLUG2026,58ad50152255e17f721af3de8710f32291300deeccf656bcd048a0ceb6a2250e,https://www.rassegnabusiness.news/inflazione-istat-febbraio-2026-accelera-all1percento-trainata-servizi/,"Istat inflazione febbraio 2026: prezzi al consumo +1,5%, spinta da servizi e alimentari",19,,,"... Il differenziale tra servizi e beni si amplia così fino a +3,8 punti percentuali, segnalando una pressione inflazionistica concentrata soprattutto nei settori legati alla domanda interna. Tra i fattori che sostengono l'inflazione emergono alcune voci chiave:  Servizi relativi ai trasporti: accelerano dal +0,7% al +2,9%  Servizi ricreativi, culturali e per la cura della persona: salgono dal +3,0% al +4,9%  Alimentari non lavorati: aumentano dal +2,5% al +3,7%",https://eview.copyscape.com/compare/7le7v5ncvz/46
73,2026-09-21T15:38:58.050273,PRECONPROLUG2026,58ad50152255e17f721af3de8710f32291300deeccf656bcd048a0ceb6a2250e,https://www.idealista.it/news/finanza/economia/2025/11/17/290320-prezzi-al-consumo-i-beni-che-salgono-e-che-scendono,"Prezzi al consumo, i beni che salgono (e che scendono) — idealista/news",19,,,"... La forte riduzione del tasso d'inflazione è dovuta soprattutto al netto rallentamento, su base annua, dei prezzi degli Energetici regolamentati (che passano da +13,9% a -0,5%) e degli Alimentari non lavorati (da +4,8% a +1,9%). In misura minore contribuiscono anche il rallentamento dei Servizi legati  ai trasporti (da +2,4% a +2,0%)  e degli Alimentari lavorati (da +2,7% a +2,5%). Questi andamenti sono parzialmente compensati dall'accelerazione  dei prezzi dei Servizi ricreativi, culturali e  per la cura della persona (da +3,1% a +3,3%) e dal calo meno accentuato  dei prezzi degli Energetici non regolamentati (da -5,2% a -4,9%).",https://eview.copyscape.com/compare/7le7v5ncvz/47
74,2026-09-21T15:38:58.050273,PRECONPROLUG2026,58ad50152255e17f721af3de8710f32291300deeccf656bcd048a0ceb6a2250e,https://it.headtopics.com/news/inflazione-il-balzo-ad-agosto-3-3-spingono-i-prezzi-87268890,"Inflazione, il balzo ad agosto: +3,3%. Spingono i prezzi dell'energia | Italia",18,,,"... al netto degli energetici e degli alimentari freschi, rallenta lievemente così come  quella al netto dei soli beni energetici ... La variazione congiunturale ",https://eview.copyscape.com/compare/7le7v5ncvz/48
75,2026-09-21T15:38:58.050273,PRECONPROLUG2026,58ad50152255e17f721af3de8710f32291300deeccf656bcd048a0ceb6a2250e,https://en.ilsole24ore.com/radiocor/nRC_31.07.2026_11.14_291,"Inflazione: Istat stima +0,2% a luglio, +2,8% su anno - Il Sole 24 ORE",17,,,"... degli alimentari freschi, resta stabile a +1,6%, mentre quella al ... La variazione congiunturale dell'indice generale riflette l ",https://eview.copyscape.com/compare/7le7v5ncvz/49
76,2026-09-21T15:38:58.050273,PRECONPROLUG2026,58ad50152255e17f721af3de8710f32291300deeccf656bcd048a0ceb6a2250e,https://www.ilsole24ore.com/radiocor/nRC_29.05.2026_11.23_287,"Inflazione: Istat stima +0,4% a maggio, +3,2% su anno - Il Sole 24 ORE",17,,,"... La variazione congiunturale dell'indice generale riflette ... In base alle stime preliminari, l'indice armonizzato dei prezzi al consumo ",https://eview.copyscape.com/compare/7le7v5ncvz/50
77,2026-09-21T15:38:58.050273,PRECONPROLUG2026,58ad50152255e17f721af3de8710f32291300deeccf656bcd048a0ceb6a2250e,https://www.teleborsa.it/News/2026/08/12/italia-inflazione-luglio-rivista-al-rialzo-al-2-9percent-su-anno-51.html,"Italia, inflazione luglio rivista al rialzo al +2,9% su anno | Teleborsa.it",17,,,"... degli alimentari freschi, resta stabile a +1,6%, mentre quella ... variazione congiunturale dell'indice generale riflette l'aumento dei ",https://eview.copyscape.com/compare/7le7v5ncvz/51
78,2026-09-21T15:38:58.050273,PRECONPROLUG2026,58ad50152255e17f721af3de8710f32291300deeccf656bcd048a0ceb6a2250e,https://giornaledellepmi.it/inflazione-in-lieve-calo-a-luglio-28-ma-lenergia-regolamentata-vola-al-149/,"Inflazione in lieve calo a luglio (+2,8%), ma l'energia regolamentata ...",17,,,"... degli alimentari freschi, resta stabile a +1,6%, mentre quella al ... La variazione congiunturale dell'indice generale riflette l ",https://eview.copyscape.com/compare/7le7v5ncvz/52
79,2026-09-21T15:38:58.050273,PRECONPROLUG2026,58ad50152255e17f721af3de8710f32291300deeccf656bcd048a0ceb6a2250e,https://www.ildispariquotidiano.it/it/inflazione-accelera-a-maggio-e-supera-il-3-pesano-i-prezzi-di-energia-e-trasporti/,Inflazione accelera a maggio e supera il 3%: pesano i prezzi di ...,17,,,"... La variazione congiunturale dell'indice generale riflette ... In base alle stime preliminari, l'indice armonizzato dei prezzi al consumo ",https://eview.copyscape.com/compare/7le7v5ncvz/53
80,2026-09-21T15:38:58.050273,PRECONPROLUG2026,58ad50152255e17f721af3de8710f32291300deeccf656bcd048a0ceb6a2250e,https://www.provincia.treviso.it/it/news/34396-01-settembre-2026-istat-inflazione-in-italia-3-3-nel-mese-di-agosto-2026-provvisorio,"01 Settembre 2026 / Istat: Inflazione - in Italia +3,3% nel mese di ...",17,,,"... La variazione congiunturale dell'indice generale riflette ... In base alle stime preliminari, l'indice armonizzato dei prezzi al consumo ",https://eview.copyscape.com/compare/7le7v5ncvz/54
81,2026-09-21T15:38:58.050273,PRECONPROLUG2026,58ad50152255e17f721af3de8710f32291300deeccf656bcd048a0ceb6a2250e,https://www.gazzettadisalerno.it/prezzi-al-consumo-a-giugno-inflazione-in-calo/,"Prezzi al consumo, a giugno inflazione in calo",16,,,"... La variazione congiunturale ... entrambi); tali effetti sono solo parzialmente compensati dalla diminuzione degli Alimentari non lavorati (-1,3%)",https://eview.copyscape.com/compare/7le7v5ncvz/55
82,2026-09-21T15:38:58.050273,PRECONPROLUG2026,58ad50152255e17f721af3de8710f32291300deeccf656bcd048a0ceb6a2250e,https://www.pmi.it/economia/mercati/493991/inflazione-energia-carrello-spesa-rincaro.html,"Inflazione verso il 3%, rincara il carrello della spesa",16,,,"... L'inflazione di fondo — al netto degli energetici e degli alimentari freschi — scende invece  a +1,6% (... da +1,9%): un segnale che la spinta sui prezzi di aprile è prevalentemente esogena, legata all'energia, e non a una domanda interna ",https://eview.copyscape.com/compare/7le7v5ncvz/56
83,2026-09-21T15:39:00.652461,PRECONLUG2026,de92146a6756fc6136774446e4bcca388602e1a2d6c6dd958c2884738dd513d1,https://www.italiaoggi.it/economia-e-politica/economia-e-finanza/prezzi-al-consumo-rallenta-linflazione-grazie-agli-alimentari-cs9sotvp,"Prezzi al consumo, rallenta l'inflazione grazie agli alimentari - ItaliaOggi.it",214,,,"... In particolare, il lieve rallentamento dell'inflazione riflette la dinamica dei prezzi degli Energetici non regolamentati (da +13,3% a +11,4%), degli Alimentari non lavorati (da +4,4% a +3,6%) e dei Servizi vari (da +2,5% a +1,8%); in accelerazione sono, invece, i prezzi degli Energetici regolamentati (da +9,2% a +14,8%), dei Servizi relativi ai trasporti (da +1,1% a +1,6%) e dei Servizi ricreativi, culturali e per la cura della persona (da +2,7% a +3,0%). A  luglio l'«inflazione di fondo», al netto degli energetici e degli alimentari freschi, resta stabile a +1,6%, mentre quella al netto dei soli beni energetici rallenta da +1,9% a +1,8%. I prezzi dei beni decelerano (da +3,3% a +3,2%), mentre la dinamica di quelli dei servizi è in lieve accelerazione (da +2,6% a +2,7%).... A luglio 2026, spiega l'Istat, ... di giugno, per effetto soprattutto della dinamica dei prezzi degli Alimentari non lavorati e degli Energetici non regolamentati... Di contro, un sostegno all'inflazione è esercitato dai prezzi degli energetici regolamentati e di alcune tipologie di servizi... I prezzi dei beni che compongono il «carrello della spesa» rallentano su base annua portandosi al +1%, ... mentre l'inflazione di fondo rimane stabile al +1,6%. L'espansione  acquisita a luglio, per il 2026, vendita  a +2,7%. In particolare, il ",https://eview.copyscape.com/compare/6u4cxn384g/1
84,2026-09-21T15:39:00.652461,PRECONLUG2026,de92146a6756fc6136774446e4bcca388602e1a2d6c6dd958c2884738dd513d1,https://www.nuovogiornalenazionale.com/istat-landamento-dei-prezzi-al-consumo-a-luglio-2026/,"Istat, l'andamento dei prezzi al consumo a luglio 2026 - Nuovo Giornale Nazionale",172,,,"... Il lieve rallentamento dell'inflazione riflette la dinamica dei prezzi degli Energetici non regolamentati (da +13,3% a +11,4%), degli Alimentari non lavorati (da +4,4% a +3,6%) e dei Servizi vari (da +2,5% a +1,8%); in accelerazione sono, ... Nel mese di luglio la “ inflazione di fondo”, al netto degli energetici e degli alimentari freschi, resta stabile a +1,6%, mentre quella al netto dei soli beni energetici rallenta da +1,9% a +1,8%.... Il tasso di variazione tendenziale ... dei prezzi degli Energetici regolamentati (+6,5%), dei Servizi relativi ai trasporti (+1,4%), dei Servizi ricreativi, culturali e per la cura della persona (+0,6%), degli Energetici non ... A luglio 2026 l'inflazione scende ... Di contro, un sostegno all'inflazione è esercitato dai prezzi degli Energetici regolamentati e di alcune tipologie di servizi... I prezzi dei beni che compongono il “carrello della spesa” rallentano su base annua portandosi al +1,0%, mentre l'inflazione di fondo rimane stabile (a +1,6%). L'inflazione acquisita a luglio, per il 2026, sale a +2,7%. ",https://eview.copyscape.com/compare/6u4cxn384g/2
85,2026-09-21T15:39:00.652461,PRECONLUG2026,de92146a6756fc6136774446e4bcca388602e1a2d6c6dd958c2884738dd513d1,https://www.giornaledellepmi.it/inflazione-a-luglio-rallenta-al-29-carrello-della-spesa-a-1-ma-luce-e-gas-corrono-148/,"Inflazione, a luglio rallenta al 2,9%: carrello della spesa a +1%, ma luce e gas corrono (+14,8%) - Il Giornale delle PMI",163,,,"... Il lieve rallentamento dell'inflazione riflette la dinamica dei prezzi degli Energetici non regolamentati (da +13,3% a +11,4%), degli Alimentari non lavorati (da +4,4% a +3,6%) e dei Servizi vari (da +2,5% ... a +1,8%); in accelerazione sono, invece, i prezzi degli Energetici regolamentati (da +9,2% a +14,8%), dei Servizi relativi ai trasporti (da +1,1% a +1,6%) e dei Servizi ricreativi, culturali ... Nel mese di luglio l'“inflazione di fondo”, al netto degli energetici e degli alimentari freschi, resta stabile a +1,6%, mentre quella al netto dei soli beni energetici rallenta da +1,9% a +1,8%.... Il tasso di variazione tendenziale ... dei prezzi degli Energetici regolamentati (+6,5%), dei Servizi relativi ai trasporti (+1,4%), dei Servizi ricreativi, culturali e per la cura della persona (+0,6%), degli Energetici non ... A luglio 2026 l'inflazione scende ... Di contro, un sostegno all'inflazione è esercitato dai prezzi degli Energetici regolamentati e di alcune tipologie di servizi",https://eview.copyscape.com/compare/6u4cxn384g/3
86,2026-09-21T15:39:00.652461,PRECONLUG2026,de92146a6756fc6136774446e4bcca388602e1a2d6c6dd958c2884738dd513d1,https://www.borsaitaliana.it/borsa/notizie/teleborsa/economia/italia-inflazione-luglio-rivista-al-rialzo-al-29-su-anno-51_2026-08-12_TLB.html,"Italia, inflazione luglio rivista al rialzo al +2,9% su anno - Borsa Italiana",144,,,"... Il lieve rallentamento dell'inflazione riflette la dinamica dei prezzi degli Energetici non regolamentati (da +13,3% a +11,4%), degli Alimentari non lavorati (da +4,4% a +3,6%) e dei Servizi vari (da +2,5% a +1,8%); in accelerazione sono, invece, i prezzi degli Energetici regolamentati (da +9,2% a +14,8%), dei Servizi relativi ai trasporti (da +1,1% a +1,6%) e dei Servizi ricreativi, culturali e per la cura della persona (da +2,7% a +3,0%). Nel mese di luglio l'inflazione  di fondo, al netto degli energetici e degli alimentari freschi, resta stabile a +1,6%, mentre quella al netto dei soli beni energetici rallenta da +1,9% a +1,8%. I prezzi dei beni decelerano (da +3,3% a +3,2%), mentre la dinamica di quelli dei servizi è in lieve accelerazione (da +2,6% a +2,7%).",https://eview.copyscape.com/compare/6u4cxn384g/4
87,2026-09-21T15:39:00.652461,PRECONLUG2026,de92146a6756fc6136774446e4bcca388602e1a2d6c6dd958c2884738dd513d1,https://www.imgpress.it/attualita/prezzi-al-consumo-luglio-2026/,ESATATE & INFLAZIONE: Prezzi al consumo - Luglio 2026 - imgpress,101,,,"... Il lieve rallentamento dell'inflazione riflette la dinamica dei prezzi degli Energetici non regolamentati (da +13,3% a +11,4%), degli Alimentari non lavorati (da +4,4% a +3,6%) e dei Servizi vari (da +2,5% a +1,8%); in accelerazione sono, ... Nel mese di luglio l'“inflazione di fondo”, al netto degli energetici e degli alimentari freschi, resta stabile a +1,6%, mentre quella al netto dei soli beni energetici rallenta da +1,9% a +1,8%.... A luglio 2026 l'inflazione scende ... Di contro, un sostegno all'inflazione è esercitato dai prezzi degli Energetici regolamentati e di alcune tipologie di servizi",https://eview.copyscape.com/compare/6u4cxn384g/5
88,2026-09-21T15:39:00.652461,PRECONLUG2026,de92146a6756fc6136774446e4bcca388602e1a2d6c6dd958c2884738dd513d1,https://www.ore12.net/inflazione-costa-meno-il-carrello-della-spesa-prezzi-in-calo-dello-03/,"Inflazione: costa meno il 'carrello della spesa', prezzi in calo dello 0,3% - Ore12",93,,,"... La variazione congiunturale dell'indice generale riflette l'aumento dei prezzi degli energetici regolamentati (+6,5%), dei servizi relativi ai trasporti (+1,4%), dei servizi ricreativi, culturali e per la cura della persona (+0,6%), degli ... L'inflazione scende al +2,9%, dal +3% ... di giugno, per effetto soprattutto della dinamica dei prezzi degli alimentari non lavorati e degli energetici non regolamentati – osserva l'Istat –  di contro, un sostegno all'inflazione è ... I prezzi dei beni che compongono il ‘carrello della spesa' rallentano su base annua portandosi al +1%. Secondo quanto riferito dall'Istat “il tasso di variazione tendenziale dei prezzi dei beni alimentari, per la cura della casa e della ... L'inflazione acquisita a luglio, per il 2026, sale a +2,7%. L'inflazione di fondo rimane stabile a +1,6%”. Il lieve rallentamento dell'inflazione – viene messo in evidenza dall'Istat – riflette la dinamica dei prezzi degli energetici ",https://eview.copyscape.com/compare/6u4cxn384g/6
89,2026-09-21T15:39:00.652461,PRECONLUG2026,de92146a6756fc6136774446e4bcca388602e1a2d6c6dd958c2884738dd513d1,https://www.blog.it/inflazione-luglio-al-29-annuo-rallenta-la-crescita-del-carrello-della-spesa/,"Inflazione luglio al 2,9% annuo, rallenta la crescita del carrello della spesa - Blog.it - Notizie, Lifestyle, Gossip, Viaggi, Tech e molto altro",93,,,"... la dinamica dei prezzi degli energetici non regolamentati (da +13,3% a +11,4%), degli alimentari non lavorati (da +4,4% a +3,6%) e dei servizi vari (da +2,5% a +1,8%); in accelerazione sono, ... L'inflazione di fondo, al netto ... Il tasso di variazione tendenziale ... dei prezzi degli energetici regolamentati (+6,5%), dei servizi relativi ai trasporti (+1,4%), dei servizi ricreativi, culturali e per la cura della persona (+0,6%), degli energetici non ... I prezzi dei beni che compongono il “carrello della spesa” rallentano su base annua portandosi al +1,0%",https://eview.copyscape.com/compare/6u4cxn384g/7
90,2026-09-21T15:39:00.652461,PRECONLUG2026,de92146a6756fc6136774446e4bcca388602e1a2d6c6dd958c2884738dd513d1,https://formatresearch.com/2026/07/31/inflazione-al-28-istat-prezzi-al-consumo/,"Inflazione al 2,8% | Istat PREZZI AL CONSUMO - Format Research",88,,,"... Nel mese di luglio l'“inflazione di fondo”, al netto degli energetici e degli alimentari freschi, resta stabile a +1,6%, mentre quella al netto dei soli beni energetici rallenta da +1,9% a +1,8%.... Il tasso di variazione tendenziale ... dei prezzi degli Energetici regolamentati (+6,6%),  dei Servizi relativi ai trasporti (+1,4%), degli Alimentari lavorati (+0,7%) e  dei Servizi ricreativi, culturali e per la cura della ... A luglio 2026 l'inflazione cala al +2,8% ( dal +3,0% di giugno), per effetto soprattutto della dinamica dei prezzi degli Alimentari non lavorati e degli Energetici non regolamentati.",https://eview.copyscape.com/compare/6u4cxn384g/8
91,2026-09-21T15:39:00.652461,PRECONLUG2026,de92146a6756fc6136774446e4bcca388602e1a2d6c6dd958c2884738dd513d1,https://www.giornaledellepmi.it/inflazione-in-lieve-calo-a-luglio-28-ma-lenergia-regolamentata-vola-al-149/,"Inflazione in lieve calo a luglio (+2,8%), ma l’energia regolamentata vola al +14,9% - Il Giornale delle PMI",79,,,"... In base alle stime preliminari, l'indice armonizzato dei prezzi al consumo (IPCA) registra una variazione pari a -1,0% su base mensile, a causa dei saldi estivi di cui il NIC non tiene conto, e a +2,9% su base annua (da +3,0% del mese precedente). ... A luglio 2026 l'inflazione cala al +2,8% ( dal +3,0% di giugno), per effetto soprattutto della dinamica dei prezzi degli Alimentari non lavorati e degli Energetici non regolamentati. Di contro, un sostegno all'inflazione è esercitato dai prezzi degli Alimentari lavorati e  degli Energetici regolamentati.",https://eview.copyscape.com/compare/6u4cxn384g/9
92,2026-09-21T15:39:00.652461,PRECONLUG2026,de92146a6756fc6136774446e4bcca388602e1a2d6c6dd958c2884738dd513d1,https://www.gazzettadisalerno.it/prezzi-al-consumo-inflazione-rallenta-dati-istat-di-luglio/,"Prezzi al consumo, inflazione rallenta, dati Istat di luglio",76,,,"... Il lieve rallentamento dell'inflazione riflette la dinamica dei prezzi degli Alimentari non lavorati (da +4,4% a +3,8%), degli Energetici non regolamentati (da +13,3% a +10, 6%) e dei Servizi vari (da +2,5% a +1,8%); in accelerazione sono, ... Il tasso di variazione tendenziale ... dei prezzi degli Energetici regolamentati (+6,6%),  dei Servizi relativi ai trasporti (+1,4%), degli Alimentari lavorati (+0,7%) e  dei Servizi ricreativi, culturali e per la cura della ... A luglio 2026 l'inflazione cala al +2,8% ( dal +3,0% di giugno), per effetto soprattutto della dinamica dei prezzi degli Alimentari non lavorati e degli Energetici non regolamentati.",https://eview.copyscape.com/compare/6u4cxn384g/10
93,2026-09-21T15:39:00.652461,PRECONLUG2026,de92146a6756fc6136774446e4bcca388602e1a2d6c6dd958c2884738dd513d1,https://www.italianews24.news/blog/2026/09/16/ad-agosto-linflazione-sale-a-33-sostenuta-dai-prezzi-dei-beni-energetici/,"Ad agosto l’inflazione sale a +3,3% sostenuta dai prezzi dei beni energetici – ITALIA News 24",73,,,"... La variazione congiunturale dell'indice generale riflette soprattutto  l'aumento dei prezzi degli Energetici regolamentati (+3,0%) e non regolamentati (+2,9%),  dei Servizi relativi ai trasporti (+1,3%) e dei Beni durevoli (+0,5%). L'inflazione media del 2026 acquisita ad agosto  è pari a +2,9%  per l'indice generale e a +1,9%  per la componente di fondo. L'indice armonizzato dei prezzi al consumo (IPCA) registra una variazione pari a +0,1%  su base mensile, a causa dei saldi estivi di cui il NIC non tiene conto, e a +3,2%  su base annua (da +2,9%  del mese precedente), confermando la stima preliminare.",https://eview.copyscape.com/compare/6u4cxn384g/11
94,2026-09-21T15:39:00.652461,PRECONLUG2026,de92146a6756fc6136774446e4bcca388602e1a2d6c6dd958c2884738dd513d1,https://www.telecitta.tv/ad-agosto-linflazione-sale-a-33-sostenuta-dai-prezzi-dei-beni-energetici/,"Ad agosto l’inflazione sale a +3,3% sostenuta dai prezzi dei beni energetici - Telecittà la televisione di Casa Vostra",73,,,"... La variazione congiunturale dell'indice generale riflette soprattutto  l'aumento dei prezzi degli Energetici regolamentati (+3,0%) e non regolamentati (+2,9%),  dei Servizi relativi ai trasporti (+1,3%) e dei Beni durevoli (+0,5%). L'inflazione media del 2026 acquisita ad agosto  è pari a +2,9%  per l'indice generale e a +1,9%  per la componente di fondo. L'indice armonizzato dei prezzi al consumo (IPCA) registra una variazione pari a +0,1%  su base mensile, a causa dei saldi estivi di cui il NIC non tiene conto, e a +3,2%  su base annua (da +2,9%  del mese precedente), confermando la stima preliminare.",https://eview.copyscape.com/compare/6u4cxn384g/12
95,2026-09-21T15:39:00.652461,PRECONLUG2026,de92146a6756fc6136774446e4bcca388602e1a2d6c6dd958c2884738dd513d1,https://www.blog.it/ad-agosto-linflazione-cresce-al-33-trainata-dai-prezzi-energetici-in-aumento/,"Ad agosto l’inflazione cresce al 3,3% trainata dai prezzi energetici in aumento - Blog.it - Notizie, Lifestyle, Gossip, Viaggi, Tech e molto altro",73,,,"... La variazione congiunturale dell'indice generale riflette soprattutto  l'aumento dei prezzi degli Energetici regolamentati (+3,0%) e non regolamentati (+2,9%),  dei Servizi relativi ai trasporti (+1,3%) e dei Beni durevoli (+0,5%). L'inflazione media del 2026 acquisita ad agosto  è pari a +2,9%  per l'indice generale e a +1,9%  per la componente di fondo. L'indice armonizzato dei prezzi al consumo (IPCA) registra una variazione pari a +0,1%  su base mensile, a causa dei saldi estivi di cui il NIC non tiene conto, e a +3,2%  su base annua (da +2,9%  del mese precedente), confermando la stima preliminare.",https://eview.copyscape.com/compare/6u4cxn384g/13
96,2026-09-21T15:39:00.652461,PRECONLUG2026,de92146a6756fc6136774446e4bcca388602e1a2d6c6dd958c2884738dd513d1,https://www.jlcnews.it/post/prezzi-al-consumo-agosto-2026-1,Prezzi al consumo - Agosto 2026,73,,,"... La variazione congiunturale dell'indice generale riflette soprattutto  l'aumento dei prezzi degli Energetici regolamentati (+3,0%) e non regolamentati (+2,9%),  dei Servizi relativi ai trasporti (+1,3%) e dei Beni durevoli (+0,5%). L'inflazione media del 2026 acquisita ad agosto  è pari a +2,9%  per l'indice generale e a +1,9%  per la componente di fondo. L'indice armonizzato dei prezzi al consumo (IPCA) registra una variazione pari a +0,1%  su base mensile, a causa dei saldi estivi di cui il NIC non tiene conto, e a +3,2%  su base annua (da +2,9%  del mese precedente), confermando la stima preliminare.",https://eview.copyscape.com/compare/6u4cxn384g/14
97,2026-09-21T15:39:00.652461,PRECONLUG2026,de92146a6756fc6136774446e4bcca388602e1a2d6c6dd958c2884738dd513d1,https://taorminanews24.com/ad-agosto-linflazione-sale-a-33-sostenuta-dai-prezzi-dei-beni-energetici/,"Ad agosto l’inflazione sale a +3,3% sostenuta dai prezzi dei beni energetici",73,,,"... La variazione congiunturale dell'indice generale riflette soprattutto  l'aumento dei prezzi degli Energetici regolamentati (+3,0%) e non regolamentati (+2,9%),  dei Servizi relativi ai trasporti (+1,3%) e dei Beni durevoli (+0,5%). L'inflazione media del 2026 acquisita ad agosto  è pari a +2,9%  per l'indice generale e a +1,9%  per la componente di fondo. L'indice armonizzato dei prezzi al consumo (IPCA) registra una variazione pari a +0,1%  su base mensile, a causa dei saldi estivi di cui il NIC non tiene conto, e a +3,2%  su base annua (da +2,9%  del mese precedente), confermando la stima preliminare.",https://eview.copyscape.com/compare/6u4cxn384g/15
98,2026-09-21T15:39:00.652461,PRECONLUG2026,de92146a6756fc6136774446e4bcca388602e1a2d6c6dd958c2884738dd513d1,https://www.mediapress24.it/inflazione-ad-agosto-vola-al-33-a-spingere-i-prezzi-dellenergia,"Inflazione, ad agosto vola al 3,3%: a spingere i prezzi dell'energia - MediaPress24.it",73,,,"... La variazione congiunturale dell'indice generale riflette soprattutto  l'aumento dei prezzi degli Energetici regolamentati (+3,0%) e non regolamentati (+2,9%),  dei Servizi relativi ai trasporti (+1,3%) e dei Beni durevoli (+0,5%). L'inflazione media del 2026 acquisita ad agosto  è pari a +2,9%  per l'indice generale e a +1,9%  per la componente di fondo. L'indice armonizzato dei prezzi al consumo (Ipca) registra una variazione pari a +0,1%  su base mensile, a causa dei saldi estivi di cui il Nic non tiene conto, e a +3,2%  su base annua (da +2,9%  del mese precedente), confermando la stima preliminare.",https://eview.copyscape.com/compare/6u4cxn384g/16
99,2026-09-21T15:39:00.652461,PRECONLUG2026,de92146a6756fc6136774446e4bcca388602e1a2d6c6dd958c2884738dd513d1,https://lamilano.it/dai-media/inflazione-ad-agosto-vola-al-33-a-spingere-i-prezzi-dellenergia/,"Inflazione, ad agosto vola al 3,3%: a spingere i prezzi dell'energia",73,,,"... La variazione congiunturale dell'indice generale riflette soprattutto  l'aumento dei prezzi degli Energetici regolamentati (+3,0%) e non regolamentati (+2,9%),  dei Servizi relativi ai trasporti (+1,3%) e dei Beni durevoli (+0,5%). L'inflazione media del 2026 acquisita ad agosto  è pari a +2,9%  per l'indice generale e a +1,9%  per la componente di fondo. L'indice armonizzato dei prezzi al consumo (Ipca) registra una variazione pari a +0,1%  su base mensile, a causa dei saldi estivi di cui il Nic non tiene conto, e a +3,2%  su base annua (da +2,9%  del mese precedente), confermando la stima preliminare.",https://eview.copyscape.com/compare/6u4cxn384g/17
100,2026-09-21T15:39:00.652461,PRECONLUG2026,de92146a6756fc6136774446e4bcca388602e1a2d6c6dd958c2884738dd513d1,https://miolegale.it/utilita/ultimo-indice-istat/,"Ultimo indice ISTAT - Indici FOI, NIC e IPCA Luglio 2026",73,,,"... Il lieve rallentamento ... a +1,8%); in accelerazione sono, invece, i prezzi degli Energetici regolamentati (da +9,2% a +14,8%), dei Servizi relativi ai trasporti (da +1,1% a +1,6%) e dei Servizi ricreativi, culturali ... Nel mese di luglio l'“inflazione di fondo”, al netto degli energetici e degli alimentari freschi, resta stabile a +1,6%, mentre quella al netto dei soli beni energetici rallenta da +1,9% a +1,8%.",https://eview.copyscape.com/compare/6u4cxn384g/18
101,2026-09-21T15:39:00.652461,PRECONLUG2026,de92146a6756fc6136774446e4bcca388602e1a2d6c6dd958c2884738dd513d1,https://www.hashtagsicilia.it/2026/08/13/inflazione-a-luglio-lieve-frenata-scende-al-29-ma-accelerano-i-prezzi-dellenergia-regolamentata/,"Inflazione, a luglio lieve frenata: scende al 2,9%, ma accelerano i prezzi dell’energia regolamentata - hashtagsicilia",65,,,"... Il lieve rallentamento dell'inflazione riflette la dinamica dei prezzi degli Energetici non regolamentati (da +13,3% a +11,4%), degli Alimentari non lavorati (da +4,4% a +3,6%) e dei Servizi vari (da +2,5% a +1,8%); in accelerazione sono, ... A luglio 2026 l'inflazione scende ... Di contro, un sostegno all'inflazione è esercitato dai prezzi degli Energetici regolamentati e di alcune tipologie di servizi",https://eview.copyscape.com/compare/6u4cxn384g/19
102,2026-09-21T15:39:00.652461,PRECONLUG2026,de92146a6756fc6136774446e4bcca388602e1a2d6c6dd958c2884738dd513d1,https://www.gazzettadisalerno.it/prezzi-al-consumo-a-giugno-inflazione-in-calo/,"Prezzi al consumo, a giugno inflazione in calo",65,,,"... Il lieve rallentamento dell'inflazione riflette la dinamica dei prezzi degli Energetici non regolamentati (da +13,3% a +11,4%), degli Alimentari non lavorati (da +4,4% a +3,6%) e dei Servizi vari (da +2,5% a +1,8%); in accelerazione sono, ... A luglio 2026 l'inflazione scende ... Di contro, un sostegno all'inflazione è esercitato dai prezzi degli Energetici regolamentati e di alcune tipologie di servizi",https://eview.copyscape.com/compare/6u4cxn384g/20
103,2026-09-21T15:39:00.652461,PRECONLUG2026,de92146a6756fc6136774446e4bcca388602e1a2d6c6dd958c2884738dd513d1,https://www.gazzettadinapoli.it/economia-2/istat-prezzi-al-consumo-a-giugno-inflazione-29-rispetto-a-2025/,"Istat, prezzi al consumo, a giugno inflazione +2,9% rispetto a 2025",65,,,"... Il lieve rallentamento dell'inflazione riflette la dinamica dei prezzi degli Energetici non regolamentati (da +13,3% a +11,4%), degli Alimentari non lavorati (da +4,4% a +3,6%) e dei Servizi vari (da +2,5% a +1,8%); in accelerazione sono, ... A luglio 2026 l'inflazione scende ... Di contro, un sostegno all'inflazione è esercitato dai prezzi degli Energetici regolamentati e di alcune tipologie di servizi",https://eview.copyscape.com/compare/6u4cxn384g/21
104,2026-09-21T15:39:00.652461,PRECONLUG2026,de92146a6756fc6136774446e4bcca388602e1a2d6c6dd958c2884738dd513d1,https://www.adnkronos.com/economia/inflazione-carrello-spesa-dati-giugno-2026-istat_1XLZ58PGGFHJnBko1f10hf,"Inflazione rallenta a giugno, frena anche il carrello della spesa: i dati Istat",57,,,"... Il lieve rallentamento dell'inflazione riflette la dinamica dei prezzi ... degli Alimentari non lavorati (da +5,5% a +4,4%), ... a +1,1%); in accelerazione sono invece i prezzi degli Energetici, regolamentati (da +5,6% a +9,2%) e non regolamentati (da +12,5% a +13,3%)... dei Servizi ricreativi, culturali e per la cura della persona (da +3,0% a +2,7%) e dei Servizi relativi ai trasporti (da ... A giugno l'“inflazione di fondo”, al netto degli energetici e degli alimentari freschi, si riduce lievemente (da +1,7%  a +1,6%), così come  quella al netto dei soli beni energetici (da +2,1% a +1,9%). Rallentano su base annua sia i prezzi ",https://eview.copyscape.com/compare/6u4cxn384g/22
105,2026-09-21T15:39:00.652461,PRECONLUG2026,de92146a6756fc6136774446e4bcca388602e1a2d6c6dd958c2884738dd513d1,https://www.ansa.it/sito/notizie/economia/2026/09/16/istat-lenergia-spinge-linflazione-al-33-confermate-stime_df81ea40-013d-4abf-bd21-717877590380.html,"Istat, l'energia spinge l'inflazione al 3,3%, confermate stime - Notizie - Ansa.it",52,,,"... Ad agosto 2026 l'inflazione in Italia sale al 3,3% dal 2,9% di luglio, sostenuta dall'andamento dei prezzi dei beni energetici, in aumento da +11,6% a +17,1%. Lo afferma l'Istat confermando le stime preliminari. L'indice nazionale dei prezzi al consumo per l'intera collettività, ... al lordo dei tabacchi, registra una variazione del +0,5%  su base mensile e del +3,3%  su base annua... La crescita dei prezzi rallenta anche per alcune tipologie di servizi, tra cui i servizi ricreativi, culturali e per la cura della persona e quelli relativi ai trasporti. L'inflazione di fondo diminuisce lievemente da +1,6% a +1,5%. L'inflazione media del 2026, acquisita ad agosto sale a +2,9%"", scrive l'Istat. L'aumento dell'inflazione riflette principalmente l'andamento dei prezzi degli energetici, regolamentati (da +14,8% a +18,6%) e, soprattutto, di quelli non regolamentati come i carburanti (da +11,4% a +17,0%), dei beni durevoli ( da +0,7% a +1,3%) e, in misura più lieve, degli alimentari non lavorati (da +3,6% a +3,8%); di contro, decelera la crescita dei prezzi  dei servizi ricreativi, culturali e per la cura della persona (da +3% a +2,6%) e quella  dei servizi relativi ai trasporti (da +1,6% a +0,8%).",https://eview.copyscape.com/compare/6u4cxn384g/23
106,2026-09-21T15:39:00.652461,PRECONLUG2026,de92146a6756fc6136774446e4bcca388602e1a2d6c6dd958c2884738dd513d1,https://www.gazzettadinapoli.it/economia-2/prezzi-al-consumo-istat-inflazione-rallenta-a-luglio/,"Prezzi al consumo, Istat, inflazione rallenta a luglio",52,,,"... Il tasso di variazione tendenziale ... dei prezzi degli Energetici regolamentati (+6,6%),  dei Servizi relativi ai trasporti (+1,4%), degli Alimentari lavorati (+0,7%) e  dei Servizi ricreativi, culturali e per la cura della ... A luglio 2026 l'inflazione cala al +2,8% ( dal +3,0% di giugno), per effetto soprattutto della dinamica dei prezzi degli Alimentari non lavorati e degli Energetici non regolamentati.",https://eview.copyscape.com/compare/6u4cxn384g/24
107,2026-09-21T15:39:00.652461,PRECONLUG2026,de92146a6756fc6136774446e4bcca388602e1a2d6c6dd958c2884738dd513d1,https://www.ilfattoquotidiano.it/2026/09/16/inflazione-agosto-2026-istat-prezzi-notizie/8507982/,"Inflazione ad agosto vola al 3,3%: gas +31%, benzina e gasolio alle stelle",38,,,"... L'inflazione di fondo, depurata dagli energetici e dagli alimentari freschi, scende invece lievemente dall'1,6% all'1,5%. I beni durevoli accelerano dal +0,7% al +1,3% e gli alimentari non lavorati dal +3,6% al +3,8%. Più contenuta, invece, la dinamica del cosiddetto carrello della spesa: i prezzi dei beni alimentari, per la cura della casa e della persona passano dal +1% al +0,9%.  L'inflazione acquisita per il 2026 sale così al 2,9%  per l'indice generale e all'1,9%  per la componente di fondo. L'indice armonizzato europeo (Ipca), che tiene conto dei saldi estivi a differenza del Nic, registra un aumento dello 0,1%  su base mensile e del 3,2%  su base annua, ... confermando la stima preliminare.",https://eview.copyscape.com/compare/6u4cxn384g/25
108,2026-09-21T15:39:00.652461,PRECONLUG2026,de92146a6756fc6136774446e4bcca388602e1a2d6c6dd958c2884738dd513d1,https://formatresearch.com/2026/09/16/inflazione-al-33-istat-prezzi-al-consumo/,"Inflazione al 3,3% | Istat PREZZI AL CONSUMO - Format Research",35,,,"... La variazione congiunturale dell'indice generale riflette ... L'indice nazionale dei prezzi al consumo per le famiglie di operai e impiegati (FOI), al netto dei tabacchi, registra una variazione congiunturale pari a +0,6%  e una tendenziale di +3,4%. Ad agosto 2026 l'inflazione sale a +3,3% (da +2,9% ",https://eview.copyscape.com/compare/6u4cxn384g/26
109,2026-09-21T15:39:00.652461,PRECONLUG2026,de92146a6756fc6136774446e4bcca388602e1a2d6c6dd958c2884738dd513d1,https://www.adn24.it/blog/2026/08/12/a-luglio-inflazione-al-29-su-base-annua-frena-il-carrello-della-spesa-i-dati-istat/,"A luglio inflazione al 2,9% su base annua, frena il “carrello della spesa”. I dati Istat",34,,,"... Il tasso di variazione tendenziale ... dei prezzi degli energetici regolamentati (+6,5%), dei servizi relativi ai trasporti (+1,4%), dei servizi ricreativi, culturali e per la cura della persona (+0,6%), degli energetici non ",https://eview.copyscape.com/compare/6u4cxn384g/27
110,2026-09-21T15:39:00.652461,PRECONLUG2026,de92146a6756fc6136774446e4bcca388602e1a2d6c6dd958c2884738dd513d1,https://www.gazzettadinapoli.it/economia-2/prezzi-al-consumo-istat-inflazione-risale-ad-agosto/,"Prezzi al consumo, energetici fanno risalire inflazione",33,,,"... di contro, decelerano i prezzi dei Servizi ricreativi, culturali e per la cura della persona (da +3,0% a +2,6%) e dei Servizi relativi ai trasporti (da +1,6% a +0,9%)... Nel mese di agosto  l'“inflazione di fondo”, calcolata  al netto degli energetici e degli alimentari freschi, rallenta lievemente (da +1,6% a +1,5%) così come  quella al netto dei soli beni energetici (da +1,8% a +1,7%).",https://eview.copyscape.com/compare/6u4cxn384g/28
111,2026-09-21T15:39:00.652461,PRECONLUG2026,de92146a6756fc6136774446e4bcca388602e1a2d6c6dd958c2884738dd513d1,https://www.adn24.it/blog/2026/09/16/ad-agosto-linflazione-sale-a-33-sostenuta-dai-prezzi-dei-beni-energetici/,"Ad agosto l’inflazione sale a +3,3% sostenuta dai prezzi dei beni energetici",33,,,"... La variazione congiunturale dell'indice generale riflette soprattutto  l'aumento dei prezzi degli Energetici regolamentati (+3,0%) e non regolamentati (+2,9%),  dei Servizi relativi ai trasporti (+1,3%) e dei Beni durevoli (+0,5%). L'inflazione media del 2026 acquisita ad agosto  è pari a +2,9%  per l'indice generale e a +1,9%  per la componente di fondo.",https://eview.copyscape.com/compare/6u4cxn384g/29
112,2026-09-21T15:39:00.652461,PRECONLUG2026,de92146a6756fc6136774446e4bcca388602e1a2d6c6dd958c2884738dd513d1,https://www.nuovogiornalenazionale.com/2026/03/04/istat-i-prezzi-al-consumo-provvisori-a-febbraio-2026/,"Istat, i prezzi al consumo provvisori a febbraio 2026 - Nuovo Giornale Nazionale",32,,,"... Secondo le stime preliminari, nel mese di febbraio  2026 l'indice nazionale dei prezzi al consumo per l'intera collettività (NIC), al lordo dei tabacchi, registra una variazione del +0,8%  su base mensile e del +1,6%  su base annua (da +1,0% ",https://eview.copyscape.com/compare/6u4cxn384g/30
113,2026-09-21T15:39:00.652461,PRECONLUG2026,de92146a6756fc6136774446e4bcca388602e1a2d6c6dd958c2884738dd513d1,https://www.lospecialegiornale.it/2026/09/01/inflazione-stangata-ad-agosto-33-spingono-i-prezzi-dellenergia/,"Inflazione, stangata ad agosto: +3,3%. Spingono i prezzi dell'energia » LO_SPECIALE",32,,,"... Si amplia il differenziale tra il comparto dei servizi e quello dei beni, che passa da -0,5 a -1,7 punti percentuali. La variazione congiunturale dell'indice generale riflette soprattutto l'aumento dei  prezzi degli energetici regolamentati (+3,2%) e non regolamentati (+2, 8%), dei servizi relativi ai trasporti (+1,4%), degli alimentari lavorati (+0,4%) e dei beni durevoli (+0,3%).  L'“inflazione di fondo”, calcolata  al netto degli energetici e degli alimentari freschi, rallenta lievemente (da +1,6% a +1,5%) così come  quella al netto dei soli beni energetici (da +1,8% a +1,7%).",https://eview.copyscape.com/compare/6u4cxn384g/31
114,2026-09-21T15:39:00.652461,PRECONLUG2026,de92146a6756fc6136774446e4bcca388602e1a2d6c6dd958c2884738dd513d1,https://lamilano.it/dai-media/inflazione-stangata-ad-agosto-33-spingono-i-prezzi-dellenergia/,"Inflazione, stangata ad agosto: +3,3%. Spingono i prezzi dell'energia",32,,,"... Si amplia il differenziale tra il comparto dei servizi e quello dei beni, che passa da -0,5 a -1,7 punti percentuali. La variazione congiunturale dell'indice generale riflette soprattutto l'aumento dei  prezzi degli energetici regolamentati (+3,2%) e non regolamentati (+2, 8%), dei servizi relativi ai trasporti (+1,4%), degli alimentari lavorati (+0,4%) e dei beni durevoli (+0,3%).  L'“inflazione di fondo”, calcolata  al netto degli energetici e degli alimentari freschi, rallenta lievemente (da +1,6% a +1,5%) così come  quella al netto dei soli beni energetici (da +1,8% a +1,7%).",https://eview.copyscape.com/compare/6u4cxn384g/32
115,2026-09-21T15:39:00.652461,PRECONLUG2026,de92146a6756fc6136774446e4bcca388602e1a2d6c6dd958c2884738dd513d1,https://www.radiok55.it/inflazione-stangata-ad-agosto-33-spingono-i-prezzi-dellenergia/,"Inflazione, stangata ad agosto: +3,3%. Spingono i prezzi dell'energia - Radio K55",32,,,"... Si amplia il differenziale tra il comparto dei servizi e quello dei beni, che passa da -0,5 a -1,7 punti percentuali. La variazione congiunturale dell'indice generale riflette soprattutto l'aumento dei  prezzi degli energetici regolamentati (+3,2%) e non regolamentati (+2, 8%), dei servizi relativi ai trasporti (+1,4%), degli alimentari lavorati (+0,4%) e dei beni durevoli (+0,3%).  L'“inflazione di fondo”, calcolata  al netto degli energetici e degli alimentari freschi, rallenta lievemente (da +1,6% a +1,5%) così come  quella al netto dei soli beni energetici (da +1,8% a +1,7%).",https://eview.copyscape.com/compare/6u4cxn384g/33
116,2026-09-21T15:39:00.652461,PRECONLUG2026,de92146a6756fc6136774446e4bcca388602e1a2d6c6dd958c2884738dd513d1,https://www.vetrinatv.it/inflazione-stangata-ad-agosto-33-spingono-i-prezzi-dellenergia/,"Inflazione, stangata ad agosto: +3,3%. Spingono i prezzi dell’energia",32,,,"... Si amplia il differenziale tra il comparto dei servizi e quello dei beni, che passa da -0,5 a -1,7 punti percentuali. La variazione congiunturale dell'indice generale riflette soprattutto l'aumento dei  prezzi degli energetici regolamentati (+3,2%) e non regolamentati (+2, 8%), dei servizi relativi ai trasporti (+1,4%), degli alimentari lavorati (+0,4%) e dei beni durevoli (+0,3%).  L'“inflazione di fondo”, calcolata  al netto degli energetici e degli alimentari freschi, rallenta lievemente (da +1,6% a +1,5%) così come  quella al netto dei soli beni energetici (da +1,8% a +1,7%).",https://eview.copyscape.com/compare/6u4cxn384g/34
117,2026-09-21T15:39:00.652461,PRECONLUG2026,de92146a6756fc6136774446e4bcca388602e1a2d6c6dd958c2884738dd513d1,https://formatresearch.com/2026/09/01/inflazione-al-33-istat-prezzi-al-consumo/,"Inflazione al 3,3% | Istat PREZZI AL CONSUMO - Format Research",29,,,"... Un effetto di contenimento si deve inoltre ad alcune tipologie di servizi, tra cui quella dei servizi ricreativi, culturali, e per la cura della persona ... e dei servizi relativi ai trasporti.... Il cosiddetto “carrello della spesa” rimane stabile (a + 1,0%), mentre l'inflazione di fondo scende lievemente (da +1,6% a +1,5%). L'inflazione acquisita ad agosto,  per il 2026, sale a +2,9%. Inflazione totale È il ritmo con cui, in media, stanno aumentando i prezzi rispetto a un anno fa. Alimentari non lavorati I prezzi di frutta, verdura, carne fresca ecc.",https://eview.copyscape.com/compare/6u4cxn384g/35
118,2026-09-21T15:39:00.652461,PRECONLUG2026,de92146a6756fc6136774446e4bcca388602e1a2d6c6dd958c2884738dd513d1,https://www.aranagenzia.it/download/prezzi-al-consumo-luglio-2024/,Prezzi al consumo – luglio 2024 | Aran Agenzia,26,,,"... Nel mese di luglio l'“inflazione di fondo”, al netto degli energetici e degli alimentari freschi, resta stabile a +1,9%,  mentre quella al netto dei soli ",https://eview.copyscape.com/compare/6u4cxn384g/36
119,2026-09-21T15:39:00.652461,PRECONLUG2026,de92146a6756fc6136774446e4bcca388602e1a2d6c6dd958c2884738dd513d1,https://www.aranagenzia.it/download/prezzi-al-consumo-ottobre-2024/,Prezzi al consumo – ottobre 2024 | Aran Agenzia,25,,,"... Nel mese di ottobre  l'“inflazione di fondo”, al netto degli energetici e degli alimentari freschi, resta stabile a +1,8% e  quella al netto dei soli beni ",https://eview.copyscape.com/compare/6u4cxn384g/37
120,2026-09-21T15:39:00.652461,PRECONLUG2026,de92146a6756fc6136774446e4bcca388602e1a2d6c6dd958c2884738dd513d1,https://www.uilpa.it/istat-inarrestabile-laumento-dei-prezzi-3/,Istat. Inarrestabile l’aumento dei prezzi,25,,,"... Nel mese di agosto 2024,  l'indice nazionale dei prezzi al consumo per l'intera collettività (NIC), al lordo dei tabacchi, aumenta dello 0,2%  su base mensile e dell'1,1%  su base annua (da +1,3% del mese precedente), confermando la stima ",https://eview.copyscape.com/compare/6u4cxn384g/38
121,2026-09-21T15:39:00.652461,PRECONLUG2026,de92146a6756fc6136774446e4bcca388602e1a2d6c6dd958c2884738dd513d1,https://www.imgpress.it/attualita/istat-prezzi-al-consumo-luglio-2026/,ISTAT: Prezzi al consumo - Luglio 2026 - imgpress,25,,,"... A luglio 2026 l'inflazione cala al +2,8% ( dal +3,0% di giugno), per effetto soprattutto della dinamica dei prezzi degli Alimentari non lavorati e degli Energetici non regolamentati.",https://eview.copyscape.com/compare/6u4cxn384g/39
122,2026-09-21T15:39:00.652461,PRECONLUG2026,de92146a6756fc6136774446e4bcca388602e1a2d6c6dd958c2884738dd513d1,https://www.telecitta.tv/a-luglio-inflazione-al-29-su-base-annua-frena-il-carrello-della-spesa-i-dati-istat/,"A luglio inflazione al 2,9% su base annua, frena il “carrello della spesa”. I dati Istat - Telecittà la televisione di Casa Vostra",22,,,"... L'inflazione di fondo, al netto ... I prezzi dei beni che compongono il “carrello della spesa” rallentano su base annua portandosi al +1,0%",https://eview.copyscape.com/compare/6u4cxn384g/40
123,2026-09-21T15:39:00.652461,PRECONLUG2026,de92146a6756fc6136774446e4bcca388602e1a2d6c6dd958c2884738dd513d1,https://giornaledellepmi.it/inflazione-fiammata-dagosto-33-annuo-spinta-dagli-energetici/,"Inflazione, fiammata d’agosto: +3,3% annuo, spinta dagli energetici - Il Giornale delle PMI",22,,,"... Nel mese di agosto  l'“inflazione di fondo”, calcolata  al netto degli energetici e degli alimentari freschi, rallenta lievemente (da +1,6% a +1,5%) così come  quella al netto dei soli beni energetici (da +1,8% a +1,7%).",https://eview.copyscape.com/compare/6u4cxn384g/41
124,2026-09-21T15:39:00.652461,PRECONLUG2026,de92146a6756fc6136774446e4bcca388602e1a2d6c6dd958c2884738dd513d1,https://www.adnkronos.com/economia/inflazione-agosto-2026-cresce-energia-prezzi_605eKZp4k8qBCZgxgVdQ1u,"Inflazione vola, ad agosto sale al 3,3%: a spingere i prezzi dell'energia",22,,,"... Nel mese di agosto  l'“inflazione di fondo”, calcolata  al netto degli energetici e degli alimentari freschi, si riduce lievemente (da +1,6% a +1,5%), così come  quella al netto dei soli beni energetici (da +1,8% a +1,7%). Nel settore dei ",https://eview.copyscape.com/compare/6u4cxn384g/42
125,2026-09-21T15:39:00.652461,PRECONLUG2026,de92146a6756fc6136774446e4bcca388602e1a2d6c6dd958c2884738dd513d1,https://www.uilpa.it/istat-aumento-dei-prezzi-una-spirale-senza-fine/,Istat. Aumento dei prezzi: una spirale senza fine – UILPA,18,,,"... L'indice nazionale dei prezzi al consumo per le famiglie di operai e impiegati (FOI), al netto dei tabacchi, aumenta dello 0,2% su base mensile e dello 0,6% rispetto a dicembre 2022.",https://eview.copyscape.com/compare/6u4cxn384g/43
126,2026-09-21T15:39:00.652461,PRECONLUG2026,de92146a6756fc6136774446e4bcca388602e1a2d6c6dd958c2884738dd513d1,https://en.ilsole24ore.com/radiocor/nRC_31.07.2026_11.14_291,"Inflazione: Istat stima +0,2% a luglio, +2,8% su anno - Il Sole 24 ORE",17,,,"... degli alimentari freschi, resta stabile a +1,6%, mentre quella al ... La variazione congiunturale dell'indice generale riflette l ",https://eview.copyscape.com/compare/6u4cxn384g/44
127,2026-09-21T15:39:00.652461,PRECONLUG2026,de92146a6756fc6136774446e4bcca388602e1a2d6c6dd958c2884738dd513d1,https://www.teleborsa.it/News/2026/08/12/italia-inflazione-luglio-rivista-al-rialzo-al-2-9percent-su-anno-51.html,"Italia, inflazione luglio rivista al rialzo al +2,9% su anno | Teleborsa.it",17,,,"... variazione congiunturale dell'indice generale riflette l'aumento dei ... tabacchi, registra una variazione congiunturale pari a +0,3% e ",https://eview.copyscape.com/compare/6u4cxn384g/45
128,2026-09-21T15:39:00.652461,PRECONLUG2026,de92146a6756fc6136774446e4bcca388602e1a2d6c6dd958c2884738dd513d1,https://www.ilsole24ore.com/radiocor/nRC_16.06.2026_10.14_226,"Inflazione: Istat conferma, +0,4% a maggio, +3,2% su anno -2",17,,,"... La variazione congiunturale dell'indice generale riflette ... tabacchi, registra una variazione congiunturale pari a +0,3% e una ",https://eview.copyscape.com/compare/6u4cxn384g/46
129,2026-09-21T15:39:00.652461,PRECONLUG2026,de92146a6756fc6136774446e4bcca388602e1a2d6c6dd958c2884738dd513d1,https://giornaledellepmi.it/inflazione-in-lieve-calo-a-luglio-28-ma-lenergia-regolamentata-vola-al-149/,"Inflazione in lieve calo a luglio (+2,8%), ma l'energia regolamentata ...",17,,,"... degli alimentari freschi, resta stabile a +1,6%, mentre quella al ... La variazione congiunturale dell'indice generale riflette l ",https://eview.copyscape.com/compare/6u4cxn384g/47
130,2026-09-21T15:39:00.652461,PRECONLUG2026,de92146a6756fc6136774446e4bcca388602e1a2d6c6dd958c2884738dd513d1,https://www.quibrescia.it/economia-4/2026/09/02/inflazione-al-33-ad-agosto-impennata-prezzi-energia/837924/,"Inflazione al 3,3%: ad agosto impennata prezzi energia - QuiBrescia",17,,,"... energetici e degli alimentari freschi, rallenta lievemente (da +1,6% a +1,5%) così come  quella al netto dei soli beni energetici (da +1,8% a +1,7%). Anche la variazione congiunturale dell'indice ... Il tasso di variazione tendenziale ",https://eview.copyscape.com/compare/6u4cxn384g/48
131,2026-09-21T15:39:00.652461,PRECONLUG2026,de92146a6756fc6136774446e4bcca388602e1a2d6c6dd958c2884738dd513d1,https://www.corriere.it/economia/finanza/26_agosto_12/inflazione-l-istat-rialza-le-stime-a-luglio-2026-su-al-2-9-sale-anche-in-germania-e-spagna-52956088-8bac-457a-a567-bc82aa0cfxlk.shtml,"Inflazione, l’Istat rialza le stime: a luglio 2026 su al 2,9%, sale anche in Germania e Spagna | Corriere.it",16,,,"... Il carrello della spesa (alimentari e prodotti per la cura della casa e della persona) rallenta dall'1,3 all'1%, mentre i  prodotti ad alta frequenza d'acquisto scendono dal 3,9 al 3,4%. Ancora più significativa è la distanza tra il dato generale e l'inflazione di fondo: eliminando dal calcolo energia e alimentari freschi,  l'aumento dei prezzi resta fermo all'1,6%. Al netto dei soli beni energetici scende invece dall'1,9 all'1,8%.",https://eview.copyscape.com/compare/6u4cxn384g/49
132,2026-09-21T15:39:02.884467,PROINDGIU2026,65b76e7ddf7b7cca90f2a702f437c4f5e132ef190dee67f00c5cbb2f7972e993,https://www.ildiariodellavoro.it/industria-istat-a-giugno-produzione-1-su-mese-ma-nella-media-del-secondo-trimestre-04/,"Industria, Istat: a giugno produzione -1% su mese, ma nella media del secondo trimestre +0,4% - Il Diario del Lavoro",215,,,"... Nella media del secondo trimestre si registra una crescita del livello della produzione dello 0,4% rispetto al primo trimestre 2026. L'indice destagionalizzato mensile cresce su base congiunturale solo per l'energia (+0,8%), mentre diminuisce ... intermedi (-0,9%) e i beni strumentali (-2,1%). Al netto degli effetti di calendario, a giugno 2026 l'indice generale diminuisce in termini tendenziali dello 0,6% (i giorni lavorativi di ... Mostrano un calo i beni consumo (-3,2%) e i beni intermedi (-1,2%). Viceversa, si osserva una crescita tendenziale per i beni strumentali (+0,6%) e, con maggiore intensità, per l'energia (+1,7%). I settori di attività economica che registrano gli incrementi tendenziali più elevati sono la fabbricazione di computer, prodotti di elettronica e ottica, apparecchi elettromedicali, apparecchi di misurazione e orologi (+4,5%), la fabbricazione di mezzi di trasporto (+3,2%) e la fornitura di energia elettrica, gas, vapore ed aria (+2,3%).... Anche in termini tendenziali la produzione, al netto degli effetti di calendario, è in flessione – aggiunge -.  Il calo è marcato nei beni di consumo, mentre l'energia e i beni strumentali registrano una crescita moderata.... Nel primo semestre dell'anno, la produzione totale al netto degli effetti di calendario registra una crescita tendenziale modesta (+0,5%), con un incremento particolarmente sostenuto nella fabbricazione di mezzi di trasporto”. ",https://eview.copyscape.com/compare/lafkvc4qo6/1
133,2026-09-21T15:39:02.884467,PROINDGIU2026,65b76e7ddf7b7cca90f2a702f437c4f5e132ef190dee67f00c5cbb2f7972e993,https://www.industriaitaliana.it/istat-produzione-industriale-calo-giugno,"Produzione industriale in calo a giugno: ‑1,0% su maggio, +0,4% nel trimestre. L'analisi di Istat - Industria Italiana",188,,,"... L'indice destagionalizzato mensile cresce su base congiunturale solo per l'energia (+0,8%), mentre diminuisce per i beni di consumo (-0,7%), i beni intermedi (-0,9%) e i beni strumentali (-2,1%). Al netto degli effetti di calendario, a giugno 2026 l'indice generale diminuisce in termini tendenziali dello 0,6% (i giorni lavorativi di calendario sono stati 21 contro i 20 di giugno 2025). Mostrano un calo i beni consumo (-3,2%) e i beni intermedi (-1,2%). Viceversa, ... si osserva una crescita tendenziale per i beni strumentali (+0,6%) e, con maggiore intensità, per l'energia (+1,7%). I settori di attività economica che registrano gli incrementi tendenziali più elevati sono la fabbricazione di computer, prodotti di elettronica e ottica, apparecchi elettromedicali, apparecchi di misurazione e orologi (+4,5%), la fabbricazione di mezzi di trasporto (+3,2%) e la fornitura di energia elettrica, gas, vapore ed aria (+2,3%). Le flessioni maggiori si osservano nelle industrie tessili... Nel primo semestre dell'anno, la produzione totale al netto degli effetti di calendario registra una crescita tendenziale modesta (+0,5%), con un incremento particolarmente sostenuto nella fabbricazione di mezzi di trasporto.",https://eview.copyscape.com/compare/lafkvc4qo6/2
134,2026-09-21T15:39:02.884467,PROINDGIU2026,65b76e7ddf7b7cca90f2a702f437c4f5e132ef190dee67f00c5cbb2f7972e993,https://www.corrieredelleconomia.it/2026/08/06/listat-fotografa-la-produzione-industriale-italiana/,L’Istat fotografa la produzione industriale italiana - Corriere dell'Economia,169,,,"... Nella media del secondo trimestre si registra una crescita del livello della produzione dello 0,4% rispetto al primo trimestre 2026. L'indice destagionalizzato mensile cresce su base congiunturale solo per l'energia (+0,8%), mentre diminuisce ... Mostrano un calo i beni consumo (-3,2%) e i beni intermedi (-1,2%). Viceversa, si osserva una crescita tendenziale per i beni strumentali (+0,6%) e, con maggiore intensità, per l'energia (+1,7%).... I settori di attività economica che registrano gli incrementi tendenziali più elevati sono la fabbricazione di computer, prodotti di elettronica e ottica, apparecchi elettromedicali, apparecchi di misurazione e orologi (+4,5%), la fabbricazione di mezzi di trasporto (+3,2%) e la fornitura di energia elettrica, gas, vapore ed aria (+2,3%).... Il calo è marcato nei beni di consumo, mentre l'energia e i beni strumentali registrano una crescita moderata. Nel primo semestre dell'anno, la produzione totale ... al netto degli effetti di calendario registra una crescita tendenziale modesta (+0,5%), con un incremento particolarmente sostenuto nella fabbricazione di mezzi di trasporto.",https://eview.copyscape.com/compare/lafkvc4qo6/3
135,2026-09-21T15:39:02.884467,PROINDGIU2026,65b76e7ddf7b7cca90f2a702f437c4f5e132ef190dee67f00c5cbb2f7972e993,https://www.giornaledellepmi.it/produzione-industriale-battuta-darresto-a-giugno-1-su-maggio/,"Produzione industriale, battuta d’arresto a giugno: -1% su maggio - Il Giornale delle PMI",134,,,"... Mostrano un calo i beni consumo (-3,2%) e i beni intermedi (-1,2%). Viceversa, si osserva una crescita tendenziale per i beni strumentali (+0,6%) e, con maggiore intensità, per l'energia (+1,7%). I settori di attività economica che registrano gli incrementi tendenziali più elevati sono la fabbricazione di computer, prodotti di elettronica e ottica, apparecchi elettromedicali, apparecchi di misurazione e orologi (+4,5%), la fabbricazione di mezzi di trasporto (+3,2%) e la fornitura di energia elettrica, gas, vapore ed aria (+2,3%).... Il calo è marcato nei beni di consumo, mentre l'energia e i beni strumentali registrano una crescita moderata. Nel primo semestre dell'anno, la produzione totale ... al netto degli effetti di calendario registra una crescita tendenziale modesta (+0,5%), con un incremento particolarmente sostenuto nella fabbricazione di mezzi di trasporto.",https://eview.copyscape.com/compare/lafkvc4qo6/4
136,2026-09-21T15:39:02.884467,PROINDGIU2026,65b76e7ddf7b7cca90f2a702f437c4f5e132ef190dee67f00c5cbb2f7972e993,https://www.italiaoggi.it/economia-e-politica/economia-e-finanza/produzione-industriale-in-calo-a-giugno-istat-segnala-1-0-vlh2degd,"Produzione industriale in calo a giugno, Istat segnala -1,0% - ItaliaOggi.it",132,,,"... L'indice destagionalizzato mensile cresce su base congiunturale solo per l'energia (+0,8%), mentre diminuisce per i beni di consumo (-0,7%), i beni intermedi (-0,9%) e i beni strumentali (-2,1%). ... Viceversa, si osserva una crescita tendenziale per i beni strumentali (+0,6%) e, con maggiore intensità, per l'energia (+1,7%). Nella media del secondo trimestre si registra una crescita del livello della produzione dello 0,4% rispetto al primo ... I settori di attività economica che registrano gli incrementi tendenziali più elevati sono la fabbricazione di computer, prodotti di elettronica e ottica, apparecchi elettromedicali, apparecchi di misurazione e orologi (+4,5%), ... Il calo è marcato nei beni di consumo, mentre l'energia e i beni strumentali registrano una crescita moderata. Nel primo semestre dell'anno, la produzione totale ... al netto degli effetti di calendario registra una crescita tendenziale modesta (+0,5%), con un incremento particolarmente sostenuto nella fabbricazione di mezzi di trasporto».",https://eview.copyscape.com/compare/lafkvc4qo6/5
137,2026-09-21T15:39:02.884467,PROINDGIU2026,65b76e7ddf7b7cca90f2a702f437c4f5e132ef190dee67f00c5cbb2f7972e993,https://www.telecitta.tv/a-giugno-produzione-industriale-in-calo-dell1/,A giugno produzione industriale in calo dell’1% - Telecittà la televisione di Casa Vostra,126,,,"... L'indice destagionalizzato mensile cresce su base congiunturale solo per l'energia (+0,8%), mentre diminuisce per i beni di consumo (-0,7%), i beni intermedi (-0,9%) e i beni strumentali (-2,1%). Al netto degli effetti di calendario, a giugno 2026 l'indice generale diminuisce in termini tendenziali dello 0,6% (i giorni lavorativi di calendario sono stati 21 contro i 20 di giugno 2025). Mostrano un calo i beni consumo (-3,2%) e i beni intermedi (-1,2%). Viceversa, si osserva una crescita tendenziale per i beni strumentali (+0,6%) e, con maggiore intensità, per l'energia (+1,7%).... I settori di attività economica ... maggiori si osservano nelle industrie tessili, abbigliamento, pelli e accessori (- 7,1%), nelle altre industrie manifatturiere, riparazione e installazione di macchine ed apparecchiature ",https://eview.copyscape.com/compare/lafkvc4qo6/6
138,2026-09-21T15:39:02.884467,PROINDGIU2026,65b76e7ddf7b7cca90f2a702f437c4f5e132ef190dee67f00c5cbb2f7972e993,https://www.hashtagsicilia.it/2026/08/09/dati-istati-sulla-produzione-industriale-frenata-a-giugno-2026-1-su-base-mensile-e-06-su-base-annua/,"Dati Istati sulla produzione industriale, frenata a giugno 2026: -1% su base mensile e -0,6% su base annua - hashtagsicilia",116,,,"... Mostrano un calo i beni consumo (-3,2%) e i beni intermedi (-1,2%). Viceversa, si osserva una crescita tendenziale per i beni strumentali (+0,6%) e, con maggiore intensità, per l'energia (+1,7%). I settori di attività economica che registrano gli incrementi tendenziali più elevati sono la fabbricazione di computer, prodotti di elettronica e ottica, apparecchi elettromedicali, apparecchi di misurazione e orologi (+4,5%), la fabbricazione di mezzi di trasporto (+3,2%) e la fornitura di energia elettrica, gas, vapore ed aria (+2,3%).... Nel primo semestre dell'anno, la produzione totale al netto degli effetti di calendario registra una crescita tendenziale modesta (+0,5%), con un incremento particolarmente sostenuto nella fabbricazione di mezzi di trasporto.",https://eview.copyscape.com/compare/lafkvc4qo6/7
139,2026-09-21T15:39:02.884467,PROINDGIU2026,65b76e7ddf7b7cca90f2a702f437c4f5e132ef190dee67f00c5cbb2f7972e993,https://www.italpress.com/a-giugno-produzione-industriale-in-calo-dell1/,A giugno produzione industriale in calo dell'1%,98,,,"... L'indice destagionalizzato mensile cresce su base congiunturale solo per l'energia (+0,8%), mentre diminuisce per i beni di consumo (-0,7%), i beni intermedi (-0,9%) e i beni strumentali (-2,1%). Al netto degli effetti di calendario, a giugno 2026 l'indice generale diminuisce in termini tendenziali dello 0,6% (i giorni lavorativi di calendario sono stati 21 contro i 20 di giugno 2025). Mostrano un calo i beni consumo (-3,2%) e i beni intermedi (-1,2%). Viceversa, si osserva una crescita tendenziale per i beni strumentali (+0,6%) e, con maggiore intensità, per l'energia (+1,7%).",https://eview.copyscape.com/compare/lafkvc4qo6/8
140,2026-09-21T15:39:02.884467,PROINDGIU2026,65b76e7ddf7b7cca90f2a702f437c4f5e132ef190dee67f00c5cbb2f7972e993,https://www.fedaiisf.it/istat-produzione-industriale-prodotti-farmaceutici-giugno-2026-1/,ISTAT. Produzione industriale prodotti farmaceutici. Giugno 2026: +1% | Fedaiisf Federazione delle Associazioni Italiane degli Informatori Scientifici del Farmaco e del Parafarmaco,85,,,"... Mostrano un calo i beni consumo (-3,2%) e i beni intermedi (-1,2%). Viceversa, si osserva una crescita tendenziale per i beni strumentali (+0,6%) e, con maggiore intensità, per l'energia (+1,7%). I settori di attività economica che registrano gli incrementi tendenziali più elevati sono la fabbricazione di computer, prodotti di elettronica e ottica, apparecchi elettromedicali, apparecchi di misurazione e orologi (+4,5%), la fabbricazione di mezzi di trasporto (+3,2%) e la fornitura di energia elettrica, gas, vapore ed aria (+2,3%).",https://eview.copyscape.com/compare/lafkvc4qo6/9
141,2026-09-21T15:39:02.884467,PROINDGIU2026,65b76e7ddf7b7cca90f2a702f437c4f5e132ef190dee67f00c5cbb2f7972e993,https://www.agrapress.it/2026/08/produzione-industriale-istat-a-giugno-2026-1-rispetto-a-maggio-calo-anche-su-base-tendenziale/,"PRODUZIONE INDUSTRIALE: ISTAT, A GIUGNO 2026 -1% RISPETTO A MAGGIO CALO ANCHE SU BASE TENDENZIALE – AGRA PRESS",83,,,"... riproduzione riservata) un comunicato dell'istat informa che: ""a giugno 2026 si stima che l'indice destagionalizzato della produzione industriale diminuisca dell'1,0% rispetto a maggio. nella media del secondo trimestre si registra una crescita del livello della produzione dello 0,4% rispetto al primo trimestre 2026. l'indice destagionalizzato mensile cresce su base congiunturale solo per l'energia (+0,8%), mentre diminuisce per i beni di consumo (-0,7%), i beni intermedi (-0,9%) e i beni strumentali (-2,1%). al netto degli effetti di calendario, a giugno 2026 l'indice generale diminuisce in",https://eview.copyscape.com/compare/lafkvc4qo6/10
142,2026-09-21T15:39:02.884467,PROINDGIU2026,65b76e7ddf7b7cca90f2a702f437c4f5e132ef190dee67f00c5cbb2f7972e993,https://geagency.it/economia/cala-la-produzione-industriale-a-giugno-1-06-su-anno/,"Cala la produzione industriale: a giugno -1%, -0,6% su anno - Geagency",66,,,"... Al netto degli effetti di calendario, a giugno 2026 l'indice generale diminuisce in termini tendenziali dello 0,6% (i giorni lavorativi di calendario sono stati 21 contro i 20 di giugno 2025).... Mostrano un calo i beni consumo (-3,2%) e i beni intermedi (-1,2%). Viceversa, si osserva una crescita tendenziale per i beni strumentali (+0,6%) e, con maggiore intensità, per l'energia (+1,7%).",https://eview.copyscape.com/compare/lafkvc4qo6/11
143,2026-09-21T15:39:02.884467,PROINDGIU2026,65b76e7ddf7b7cca90f2a702f437c4f5e132ef190dee67f00c5cbb2f7972e993,https://www.ilsole24ore.com/art/industria-istat-03percento-produzione-maggio-11percento-anno-AJpK2yE,"Produzione industriale -0,3% a maggio, +1,1% su anno",65,,,"... destagionalizzato della produzione industriale diminuisca dello 0,3% rispetto ad aprile. Chiedilo al Sole. Come viene valutato il ruolo dei ... L'indice destagionalizzato mensile cresce su base congiunturale solo per l'energia (+4,6%),  mentre diminuisce per i beni strumentali (-0,1%), i beni di consumo (-0,5%)  e i beni intermedi (-0,8%).  Al netto degli effetti di calendario, a maggio  2026 l'indice generale aumenta  in termini tendenziali dell'1,1% ( i giorni lavorativi di calendario sono stati 20 contro i 21 di maggio 2025). Crescono in misura marcata  i beni strumentali (+5,0%) e con minore intensità l'energia (+1,9%) e i beni intermedi (+0,8%); diminuiscono, invece, i beni di consumo (-3,2%)”. ... I settori di attività economica che registrano gli incrementi tendenziali più elevati, spiega l'Istat,  sono la fabbricazione di mezzi di trasporto (+11,6%), la produzione di prodotti farmaceutici di base e preparati farmaceutici (+3,5%) e  la fabbricazione di prodotti chimici (+3,3%).",https://eview.copyscape.com/compare/lafkvc4qo6/12
144,2026-09-21T15:39:02.884467,PROINDGIU2026,65b76e7ddf7b7cca90f2a702f437c4f5e132ef190dee67f00c5cbb2f7972e993,https://www.giornaledellepmi.it/produzione-industriale-terzo-mese-di-crescita-05-trainano-i-beni-strumentali-frenano-consumi-ed-energia/,"Produzione industriale, terzo mese di crescita (+0,5%): trainano i beni strumentali, frenano consumi ed energia - Il Giornale delle PMI",63,,,"... Nella media del periodo febbraio-aprile  si registra una crescita del livello della produzione dello 0,2% rispetto ai tre mesi precedenti. L'indice registra un incremento su base mensile  per i beni strumentali (+1,0%) e  i beni intermedi (+0,8%); ... Al netto degli effetti di calendario, ad aprile  2026 l'indice generale aumenta  in termini tendenziali dell'1,3% ( i giorni lavorativi di calendario sono stati 21 contro i 20 di aprile 2025). Crescono in misura marcata i beni strumentali (+6,4%) e con minore intensità  i beni intermedi (+1,8%); variazioni negative si osservano, invece, per l'energia (-2,7%) e i beni di consumo (-4,1%).... 6,1%). Le flessioni più ampie si rilevano nelle industrie tessili, abbigliamento, pelli e accessori (-8,9%),  nelle altre industrie manifatturiere, riparazione e installazione di macchinari e apparecchiature (-6,7%) e nell'industria del ",https://eview.copyscape.com/compare/lafkvc4qo6/13
145,2026-09-21T15:39:02.884467,PROINDGIU2026,65b76e7ddf7b7cca90f2a702f437c4f5e132ef190dee67f00c5cbb2f7972e993,https://tg24.sky.it/economia/2026/08/06/istat-produzione-industriale-calo-giugno,"Istat, produzione industriale in calo dell'1% a giugno: su un anno -0,6%| SkyTG24",63,,,"... Nella media del secondo trimestre, invece,  si registra una crescita ... dello 0,4% rispetto al primo trimestre 2026. L'indice destagionalizzato mensile cresce su base congiunturale solo per l'energia (+0,8%), mentre diminuisce per i beni di consumo (-0,7%), i beni intermedi (-0,9%) e i beni strumentali (-2,1%). A livello tendenziale  mostrano un calo i beni consumo (-3,2%) e i beni intermedi (-1,2%)",https://eview.copyscape.com/compare/lafkvc4qo6/14
146,2026-09-21T15:39:02.884467,PROINDGIU2026,65b76e7ddf7b7cca90f2a702f437c4f5e132ef190dee67f00c5cbb2f7972e993,https://formatresearch.com/2026/08/06/diminuzione-della-produzione-industriale-istat-maggio-2026/,Diminuzione della produzione industriale | Istat Maggio 2026 - Format Research,49,,,"... Il calo è marcato nei beni di consumo, mentre l'energia e i beni strumentali registrano una crescita moderata. Nel primo semestre dell'anno, la produzione totale ... al netto degli effetti di calendario registra una crescita tendenziale modesta (+0,5%), con un incremento particolarmente sostenuto nella fabbricazione di mezzi di trasporto.",https://eview.copyscape.com/compare/lafkvc4qo6/15
147,2026-09-21T15:39:02.884467,PROINDGIU2026,65b76e7ddf7b7cca90f2a702f437c4f5e132ef190dee67f00c5cbb2f7972e993,https://www.ilsole24ore.com/art/istat-luglio-produzione-industriale-07percento-invariata-anno-AJx2pv8,"Produzione (+0,7%) avanti adagio, invariata su anno nonostante la spinta dell’auto - Il Sole 24 ORE",41,,,"... È la stima dell'Istat che ricorda come i giorni lavorativi di calendario siano stati 23 come a luglio 2025. Nella media del periodo maggio-luglio  si registra una diminuzione  del livello della produzione dello 0,1% rispetto ai tre mesi precedenti.... I settori di attività economica ... prodotti di elettronica e ottica, apparecchi elettromedicali, apparecchi di misurazione (+2,4%)... ampie si rilevano nelle altre industrie manifatturiere, riparazione e installazione di macchine ed apparecchiature (-4,6%),  nella fabbricazione di prodotti chimici (-3,4%) e nella fabbricazione ",https://eview.copyscape.com/compare/lafkvc4qo6/16
148,2026-09-21T15:39:02.884467,PROINDGIU2026,65b76e7ddf7b7cca90f2a702f437c4f5e132ef190dee67f00c5cbb2f7972e993,https://geagency.it/economia/la-produzione-industriale-italiana-torna-a-salire-oltre-le-stime-dopo-26-mesi-di-calo/,La produzione industriale italiana torna a salire oltre le stime dopo 26 mesi di calo - Geagency,39,,,"... A livello tendenziale energia +1,8% e beni di consumo +1,1%. Calano, invece, i beni intermedi (-0,4%) ei  beni strumentali (-0,7%). In particolare  i settori di attività economica che registrano gli incrementi tendenziali maggiori sono l'industria del legno, della carta e stampa (+4,7%),  la fornitura di energia elettrica, gas, vapore ed aria (+4,3%) e la fabbricazione di computer e prodotti di elettronica (+3, 3%). Le flessioni più ampie si registrano nella produzione di prodotti farmaceutici di base e preparati farmaceutici (-11%), nella fabbricazione di mezzi di trasporto (-9,5%)  e nella fabbricazione di coke e prodotti petroliferi raffinati (-5,0%). “Ad aprile  l'indice destagionalizzato della produzione industriale registra un incremento congiunturale (+1,0%); si osserva una moderata crescita anche su base trimestrale (+0,4%).",https://eview.copyscape.com/compare/lafkvc4qo6/17
149,2026-09-21T15:39:02.884467,PROINDGIU2026,65b76e7ddf7b7cca90f2a702f437c4f5e132ef190dee67f00c5cbb2f7972e993,https://teleborsa.ansa.it/notiziario/economia/italia-produzione-industriale-cala-a-giugno-su-base-congiunturale-e-tendenziale/,"Italia, a giugno produzione industriale cala su base sia congiunturale che tendenziale – teleborsa.ansa.it",34,,,"... Mostrano un calo i beni consumo (-3,2%) e i beni intermedi (-1,2%). Viceversa, si osserva una crescita tendenziale per i beni strumentali (+0,6%) e, con maggiore intensità, per l'energia (+1,7%).",https://eview.copyscape.com/compare/lafkvc4qo6/18
150,2026-09-21T15:39:02.884467,PROINDGIU2026,65b76e7ddf7b7cca90f2a702f437c4f5e132ef190dee67f00c5cbb2f7972e993,https://www.affaritaliani.it/economia/istat-produzione-industrale-in-calo-dell1-a-giugno-crollo-nel-settore-tessile.html,"Istat, produzione industrale in calo dell'1% a giugno: crollo nel settore tessile",34,,,"... L'indice destagionalizzato mensile ... intermedi (-0,9%) e i beni strumentali (-2,1%). Al netto degli effetti di calendario, a giugno 2026 l'indice generale diminuisce in termini tendenziali dello 0,6% (i giorni lavorativi di ",https://eview.copyscape.com/compare/lafkvc4qo6/19
151,2026-09-21T15:39:02.884467,PROINDGIU2026,65b76e7ddf7b7cca90f2a702f437c4f5e132ef190dee67f00c5cbb2f7972e993,https://formatresearch.com/2026/07/10/diminuzione-della-produzione-industriale-istat-maggio-2026/,Diminuzione della produzione industriale | Istat Maggio 2026 - Format Research,31,,,"... gli incrementi tendenziali più elevati sono la fabbricazione di mezzi di trasporto (+11,6%), la produzione di prodotti farmaceutici di base e preparati farmaceutici (+3,5%) e la fabbricazione ... Le flessioni più ampie si rilevano nelle industrie tessili, abbigliamento, pelli e accessori (-6,6%),  nelle altre industrie manifatturiere, riparazione e installazione di macchinari  ed apparecchiature (-3,8%)  e nella fabbricazione di ",https://eview.copyscape.com/compare/lafkvc4qo6/20
152,2026-09-21T15:39:02.884467,PROINDGIU2026,65b76e7ddf7b7cca90f2a702f437c4f5e132ef190dee67f00c5cbb2f7972e993,https://www.ildenaro.it/industria-istat-15-produzione-novembre-su-anno-cresce-dell14/,"Industria, Istat: +1,5% produzione novembre, su anno cresce dell’1,4% - Ildenaro.it",29,,,"... I settori di attività economica che registrano gli incrementi tendenziali maggiori sono la produzione di prodotti farmaceutici di base e preparati farmaceutici (+8,7%),  la fabbricazione di computer, prodotti di elettronica e ottica, apparecchi elettromedicali, apparecchi di misurazione e orologi (+5,8%) e  la fabbricazione di apparecchiature elettriche e apparecchiature per uso domestico non elettriche (+5,1%).",https://eview.copyscape.com/compare/lafkvc4qo6/21
153,2026-09-21T15:39:02.884467,PROINDGIU2026,65b76e7ddf7b7cca90f2a702f437c4f5e132ef190dee67f00c5cbb2f7972e993,https://www.lapresse.it/economia/2026/09/10/produzione-industriale-istat-a-luglio-07/,"Produzione industriale, Istat: a luglio +0,7% - LaPresse",27,,,"... Nella media del periodo maggio-luglio si registra invece una diminuzione  del livello della produzione dello 0,1% rispetto ai tre mesi precedenti. L'indice destagionalizzato, sottolinea l'istituto di statistica, mostra a luglio un calo  congiunturale solo per l'energia (-0,9%); viceversa si osservano aumenti  per i beni di consumo (+2,1%),  i beni intermedi (+0,5%)  e i beni strumentali (+0,2%).",https://eview.copyscape.com/compare/lafkvc4qo6/22
154,2026-09-21T15:39:02.884467,PROINDGIU2026,65b76e7ddf7b7cca90f2a702f437c4f5e132ef190dee67f00c5cbb2f7972e993,https://www.confcommercio.it/-/produzione-novembre-2025,La produzione industriale rivede il segno più | Confcommercio,27,,,"... I settori di attività economica con  gli incrementi tendenziali maggiori sono la produzione di prodotti farmaceutici di base e preparati farmaceutici (+8,7%),  la fabbricazione di computer, prodotti di elettronica e ottica, apparecchi elettromedicali, apparecchi di misurazione e orologi (+5,8%) e  la fabbricazione di apparecchiature elettriche e apparecchiature per uso domestico non elettriche (+5,1%).",https://eview.copyscape.com/compare/lafkvc4qo6/23
155,2026-09-21T15:39:02.884467,PROINDGIU2026,65b76e7ddf7b7cca90f2a702f437c4f5e132ef190dee67f00c5cbb2f7972e993,https://storagehub.homnya.com/cmsimage/2026/02/produzione-industriale_dicembre2025.pdf,30 SETTEMBRE UFFICIO STAMPA tel. +39 06 4673.2243/44 ufficiostampa@istat.it,26,,,"... ◼ A dicembre 2025 si stima che l'indice destagionalizzato della produzione industriale diminuisca dello 0,4%... 3,2% (i giorni lavorativi di calendario sono stati 20, come a dicembre 2024). Crescono in misura più · marcata i beni strumentali (+7,2%) e con minore intensità  i beni intermedi (+2,9%) e l'energia (+1,7%). I · beni di consumo aumentano in modo marginale (+0,1%). ◼  I settori di attività economica che registrano i maggiori incrementi tendenziali sono la produzione di prodotti · farmaceutici di base e preparati farmaceutici (+23,8%), le altre industrie manifatturiere ",https://eview.copyscape.com/compare/lafkvc4qo6/24
156,2026-09-21T15:39:02.884467,PROINDGIU2026,65b76e7ddf7b7cca90f2a702f437c4f5e132ef190dee67f00c5cbb2f7972e993,https://www.ilsole24ore.com/art/produzione-industriale-07percento-marzo-41percento-anno-AIRiLs1C,"Auto e impianti spingono la produzione industriale: +0,7% nel mese, +1,5% annuo - Il Sole 24 ORE",25,,,"... Crescono in misura marcata i beni strumentali (+5,8%) e con minore intensità i beni intermedi (+0,5%); variazioni negative si osservano invece,  per i beni di consumo (-1,9%) e l'energia (-3,1%).  I settori di attività economica che registrano ... gli incrementi tendenziali più elevati sono la fabbricazione di mezzi di trasporto (+11,2%), l'attività estrattiva (+6,7%) e  la fabbricazione di computer, prodotti di elettronica e ",https://eview.copyscape.com/compare/lafkvc4qo6/25
157,2026-09-21T15:39:02.884467,PROINDGIU2026,65b76e7ddf7b7cca90f2a702f437c4f5e132ef190dee67f00c5cbb2f7972e993,https://en.ilsole24ore.com/art/industria-istat-produzione-32percento-gennaio-36percento-tendenziale-AGmXGaWD,"Istat, produzione +3,2% a gennaio, -0,6 annuo: giù da 24 mesi. Crolla l’auto - Il Sole 24 ORE",25,,,"... Al netto degli effetti di calendario, ... l'indice generale diminuisce in termini tendenziali dello 0,6% (i giorni lavorativi di calendario sono stati 21 contro i 22 di gennaio 2024).",https://eview.copyscape.com/compare/lafkvc4qo6/26
158,2026-09-21T15:39:02.884467,PROINDGIU2026,65b76e7ddf7b7cca90f2a702f437c4f5e132ef190dee67f00c5cbb2f7972e993,https://www.giornaledellepmi.it/produzione-industriale-in-crescita-a-marzo-ma-i-beni-di-consumo-calano-da-quattro-mesi/,"Produzione industriale in crescita a marzo, ma i beni di consumo calano da quattro mesi - Il Giornale delle PMI",21,,,"... Crescono in misura marcata i beni strumentali (+5,8%) e con minore intensità i beni intermedi (+0,5%); variazioni negative si osservano invece,  per i beni di consumo (-1,9%) e l'energia (-3,1%).  I settori di attività economica che registrano ... industrie manifatturiere, riparazione e installazione ... di macchinari e apparecchiature (-2,4%)",https://eview.copyscape.com/compare/lafkvc4qo6/27
159,2026-09-21T15:39:02.884467,PROINDGIU2026,65b76e7ddf7b7cca90f2a702f437c4f5e132ef190dee67f00c5cbb2f7972e993,https://www.partitaiva.it/produzione-industriale-aprile-2026-dati-settori/,La produzione industriale continua a crescere in Italia: i dati dei singoli settori e comparti ATECO,20,,,"... i beni strumentali registrano l'incremento mensile più significativo con un +1%; i beni intermedi crescono dello 0,8% su base mensile; i beni di consumo mostrano una lieve flessione dello -0,1%; il settore energia evidenzia una contrazione ... Analizzando i dati al netto degli ... Nel computo va considerato un fattore temporale: i giorni lavorativi di calendario sono stati 21, contro i 20 registrati ad aprile 2025. Se si osservano i dati grezzi non corretti, la variazione tendenziale si attesta a un +5,0%. La scomposizione tendenziale corretta per i giorni lavorativi mette in luce una forte polarizzazione tra le categorie industriali:  i beni strumentali segnano una crescita marcata del +6,4% su base annua; i beni intermedi crescono con minore intensità, fermandosi a un +1,8%; il settore energia registra una variazione negativa del -2,7%;",https://eview.copyscape.com/compare/lafkvc4qo6/28
160,2026-09-21T15:39:02.884467,PROINDGIU2026,65b76e7ddf7b7cca90f2a702f437c4f5e132ef190dee67f00c5cbb2f7972e993,https://formatresearch.com/2026/09/10/aumento-della-produzione-industriale-istat-luglio-2026/,Aumento della produzione industriale | Istat Luglio 2026 - Format Research,20,,,"... Si rileva una dinamica mensile positiva per tutti i raggruppamenti di industrie ad eccezione dell'energia. Risulta, tuttavia, in debole flessione  l'andamento congiunturale complessivo nella media del periodo maggio-luglio (-0,1%).  In termini tendenziali la produzione, al netto degli effetti di calendario, rimane invariata. Tra i principali settori di attività, a parte l'energia, si distingue su base annua la crescita dei prodotti farmaceutici. La diffusione degli indici mensili della produzione industriale avviene mediante comunicati stampa.",https://eview.copyscape.com/compare/lafkvc4qo6/29
161,2026-09-21T15:39:02.884467,PROINDGIU2026,65b76e7ddf7b7cca90f2a702f437c4f5e132ef190dee67f00c5cbb2f7972e993,https://www.italpress.com/la-produzione-industriale-a-luglio-aumenta-dello-07-su-base-mensile/,"La produzione industriale a luglio aumenta dello 0,7% su base mensile",18,,,"... Le flessioni più ampie si rilevano nelle altre industrie manifatturiere, riparazione e installazione di macchine ed apparecchiature (-4,6%), nella fabbricazione di prodotti chimici (-3,4%)  e nella fabbricazione di apparecchiature elettriche e apparecchiature per uso domestico non elettriche (-2,8%). “A luglio la produzione industriale destagionalizzata registra un incremento congiunturale – evidenzia l'Istat nel commento -. Si rileva una dinamica mensile positiva per tutti i  raggruppamenti di industrie ad eccezione dell'energia.",https://eview.copyscape.com/compare/lafkvc4qo6/30
162,2026-09-21T15:39:02.884467,PROINDGIU2026,65b76e7ddf7b7cca90f2a702f437c4f5e132ef190dee67f00c5cbb2f7972e993,https://www.giornaledellepmi.it/riparte-la-produzione-industriale-a-novembre-2025-cresce-dell15-trainata-da-farmaceutica-ed-elettronica/,"Riparte la produzione industriale: a novembre 2025 cresce dell’1,5%, trainata da farmaceutica ed elettronica - Il Giornale delle PMI",17,,,"... L'aumento è diffuso ai principali comparti. Risulta positivo anche l'andamento congiunturale complessivo nella media del trimestre settembre-novembre. Anche su base annua l'indice,  al netto degli effetti di calendario, è in aumento, sia a livello complessivo sia per i principali raggruppamenti di industrie, con l'eccezione dei  beni di consumo.",https://eview.copyscape.com/compare/lafkvc4qo6/31
163,2026-09-21T15:39:02.884467,PROINDGIU2026,65b76e7ddf7b7cca90f2a702f437c4f5e132ef190dee67f00c5cbb2f7972e993,https://storagehub.homnya.net/cmsimage/allegati/allegato7504169.pdf,Novembre 2019 PRODUZIONE INDUSTRIALE,16,,,"... stampa (+7,0%) e la · fabbricazione di prodotti chimici (+2,9%). Le flessioni più ampie si registrano nelle industrie tessili, abbigliamento, pelli e accessori (-5,4%),  nella fabbricazione di coke e prodotti petroliferi raffinati (-5,3%) ...  Su base tendenziale e al netto degli effetti di calendario, a novembre 2019 si registra una moderata · crescita esclusivamente per il comparto dei beni di consumo (+0,8%); al contrario, una marcata flessione · contraddistingue l'energia (-3,9%), mentre diminuiscono in misura più contenuta ",https://eview.copyscape.com/compare/lafkvc4qo6/32
164,2026-09-21T15:39:02.884467,PROINDGIU2026,65b76e7ddf7b7cca90f2a702f437c4f5e132ef190dee67f00c5cbb2f7972e993,https://www.ansa.it/sito/notizie/economia/2026/07/10/istat-produzione-industriale-03-a-maggio-ma-su-anno-11_7a5acae6-4675-42ab-bc74-b510974325f4.html,"Istat, produzione industriale -0,3% a maggio, ma su anno +1,1% - Notizie - Ansa.it",16,,,"... Il calo è diffuso ai principali raggruppamenti di industrie, con esclusione dell'energia"", commenta l'Istat. L'indice destagionalizzato mensile registra infatti per l'energia +4,6%,  per i beni strumentali -0,1%, per i beni di consumo -0,5% e per  i beni intermedi -0,8%. ""Risulta invece positivo l'andamento congiunturale nella media degli ultimi tre mesi. Su base annua l'indice corretto per gli  effetti di calendario è in aumento.",https://eview.copyscape.com/compare/lafkvc4qo6/33
