Index,data,codice,id_hash,URL,Title,Min Words Matched,Percent Matched,Words Matched (Full),Text Snippet,View URL
1,2026-10-01T09:48:15.745581,PRECONAGO2026,35d82a0d0255b74e35f8f4eddd8b73bc7693cfb2d979d332afe3855004093588,https://www.ore12.net/inflazione-istat-ad-agosto-05-su-mese-33-su-anno-2/,"Inflazione: Istat, ad agosto +0,5% su mese, +3,3% su anno - Ore12",298,,,"... 11,4% a +17,0%), dei Beni durevoli (da +0,7% a +1,3%) e, in misura più lieve, degli Alimentari non lavorati (da +3,6% a +3,8%); di contro, decelera la ... crescita dei prezzi dei Servizi ricreativi, culturali e per la cura della persona (da +3,0% a +2,6%) e quella dei Servizi relativi ai trasporti (da +1,6% a +0,8%).... Nel settore dei beni i prezzi evidenziano un'accelerazione del loro ritmo di crescita (da +3,2% a +4,1%), a cui si contrappone il rallentamento di quello dei prezzi dei servizi (da +2,7% a +2,4%). Si amplia il differenziale tra il comparto dei servizi e quello dei beni, che passa da -0,5 a -1,7 punti percentuali.La variazione tendenziale dei prezzi dei Beni alimentari, per la cura della casa e della persona si riduce (da +1,0% a +0,9%), mentre quella dei prodotti ad alta frequenza d'acquisto aumenta (da +3,4% a +4,3%). La variazione congiunturale dell'indice generale – prosegue l'Istat-  riflette soprattutto l'aumento dei prezzi degli Energetici regolamentati (+3,0%) e non regolamentati (+2,9%), dei Servizi relativi ai trasporti (+1,3%) e dei Beni durevoli (+0,5%). L'inflazione media del 2026 acquisita ad agosto è pari a +2,9% per l'indice generale e a +1,9% per la componente di fondo. L'indice armonizzato dei prezzi al consumo (IPCA) registra una variazione pari a +0,1% su base mensile, a causa dei saldi estivi di cui il NIC non tiene conto, e a +3,2% su base annua (da +2,9% del mese precedente), confermando la stima preliminare.... La crescita dei prezzi rallenta ... ai trasporti. Il cosiddetto ‘carrello della spesa' diminuisce lievemente (da +1,0% a +0,9%), come anche l'inflazione di fondo (da +1,6% a +1,5%)",https://eview.copyscape.com/compare/81qqpxjel0/1
2,2026-10-01T09:48:15.745581,PRECONAGO2026,35d82a0d0255b74e35f8f4eddd8b73bc7693cfb2d979d332afe3855004093588,https://giornaledellepmi.it/inflazione-in-accelerazione-ad-agosto-prezzi-al-33-la-spinta-arriva-dallenergia/,"Inflazione in accelerazione: ad agosto prezzi al +3,3%, la spinta arriva dall’energia – Il Giornale delle PMI",185,,,"... Nel mese di agosto 2026 l'indice nazionale dei prezzi al consumo per l'intera collettività (NIC), al lordo dei tabacchi, registra una variazione del +0,5% su base mensile e del +3,3% su base annua (da +2,9% di luglio), confermando la stima ... L'aumento dell'inflazione riflette principalmente l'andamento dei prezzi degli Energetici, regolamentati (da +14,8% a +18,6%) e, soprattutto, non regolamentati (da +11,4% a +17,0%), dei Beni durevoli (da +0,7% a +1,3%) e, in misura più ... contro, decelera la crescita dei prezzi dei Servizi ricreativi, culturali e per la cura della persona (da +3,0% a +2,6%) e quella dei Servizi relativi ai trasporti (da +1,6% a +0,8%). Nel mese di ... La variazione congiunturale dell'indice generale riflette soprattutto l'aumento dei prezzi degli Energetici regolamentati (+3,0%) e non regolamentati (+2,9%), dei Servizi relativi ai trasporti (+1,3%) e dei Beni durevoli (+0,5%). L'inflazione ... La crescita dei prezzi rallenta ... ai trasporti. Il cosiddetto “carrello della spesa” diminuisce lievemente (da +1,0% a +0,9%), come anche l'inflazione di fondo (da +1,6% a +1,5%)",https://eview.copyscape.com/compare/81qqpxjel0/2
3,2026-10-01T09:48:15.745581,PRECONAGO2026,35d82a0d0255b74e35f8f4eddd8b73bc7693cfb2d979d332afe3855004093588,https://www.ripartelitalia.it/inflazione-ad-agosto-sale-al-33-beni-energetici-171-e-carrello-della-spesa-allo-09-il-report-dellistat/,"Inflazione: ad agosto sale al 3,3%, beni energetici +17,1% e carrello della spesa allo 0,9% | Il report dell’Istat",150,,,"... Nel mese di agosto 2026 l'indice nazionale dei prezzi al consumo per l'intera collettività (NIC), al lordo dei tabacchi, registra una variazione del +0,5% su base mensile e del +3,3% su base annua (da +2,9% di luglio), confermando la stima ... L'aumento dell'inflazione riflette ... 11,4% a +17,0%), dei Beni durevoli (da +0,7% a +1,3%) e, in misura più lieve, degli Alimentari non lavorati (da +3,6% a +3,8%); di contro, decelera la crescita dei prezzi dei Servizi ricreativi, ... La variazione congiunturale dell'indice generale riflette soprattutto l'aumento dei prezzi degli Energetici regolamentati (+3,0%) e non regolamentati (+2,9%), dei Servizi relativi ai trasporti (+1,3%) e dei Beni durevoli (+0,5%). L'inflazione ... La crescita dei prezzi rallenta ... ai trasporti. Il cosiddetto “carrello della spesa” diminuisce lievemente (da +1,0% a +0,9%), come anche l'inflazione di fondo (da +1,6% a +1,5%)",https://eview.copyscape.com/compare/81qqpxjel0/3
4,2026-10-01T09:48:15.745581,PRECONAGO2026,35d82a0d0255b74e35f8f4eddd8b73bc7693cfb2d979d332afe3855004093588,https://www.agenziagiornalisticaopinione.it/opinionmix/istat-prezzi-al-consumo-agosto-2026/,ISTAT * «PREZZI AL CONSUMO – AGOSTO 2026» - Agenzia giornalistica Opinione. Notizie da Italia - Mondo / Trentino Alto Adige,149,,,"... Nel mese di agosto 2026 l'indice nazionale dei prezzi al consumo per l'intera collettività (NIC), al lordo dei tabacchi, registra una variazione del +0,5% su base mensile e del +3,3% su base annua (da +2,9% di luglio), confermando la stima ... L'aumento dell'inflazione riflette ... contro, decelera la crescita dei prezzi dei Servizi ricreativi, culturali e per la cura della persona (da +3,0% a +2,6%) e quella dei Servizi relativi ai trasporti (da +1,6% a +0,8%). Nel mese di ... La variazione congiunturale dell'indice generale riflette soprattutto l'aumento dei prezzi degli Energetici regolamentati (+3,0%) e non regolamentati (+2,9%), dei Servizi relativi ai trasporti (+1,3%) e dei Beni durevoli (+0,5%). L'inflazione ... La crescita dei prezzi rallenta ... ai trasporti. Il cosiddetto “carrello della spesa” diminuisce lievemente (da +1,0% a +0,9%), come anche l'inflazione di fondo (da +1,6% a +1,5%)",https://eview.copyscape.com/compare/81qqpxjel0/4
5,2026-10-01T09:48:15.745581,PRECONAGO2026,35d82a0d0255b74e35f8f4eddd8b73bc7693cfb2d979d332afe3855004093588,https://www.adn24.it/blog/2026/09/16/ad-agosto-linflazione-sale-a-33-sostenuta-dai-prezzi-dei-beni-energetici/,"Ad agosto l’inflazione sale a +3,3% sostenuta dai prezzi dei beni energetici",146,,,"... In particolare, nel mese di agosto 2026 l'indice nazionale dei prezzi al consumo per l'intera collettività (NIC), al lordo dei tabacchi, registra una variazione del +0,5% su base mensile e del +3,3% su base annua (da +2,9% di luglio), ... L'aumento dell'inflazione riflette ... contro, decelera la crescita dei prezzi dei Servizi ricreativi, culturali e per la cura della persona (da +3,0% a +2,6%) e quella dei Servizi relativi ai trasporti (da +1,6% a +0,8%). Nel mese di ... La variazione congiunturale dell'indice generale riflette soprattutto l'aumento dei prezzi degli Energetici regolamentati (+3,0%) e non regolamentati (+2,9%), dei Servizi relativi ai trasporti (+1,3%) e dei Beni durevoli (+0,5%). L'inflazione ... La crescita dei prezzi rallenta ... ai trasporti. Il cosiddetto “carrello della spesa” diminuisce lievemente (da +1,0% a +0,9%), come anche l'inflazione di fondo (da +1,6% a +1,5%)",https://eview.copyscape.com/compare/81qqpxjel0/5
6,2026-10-01T09:48:15.745581,PRECONAGO2026,35d82a0d0255b74e35f8f4eddd8b73bc7693cfb2d979d332afe3855004093588,https://www.italianews24.news/blog/2026/09/16/ad-agosto-linflazione-sale-a-33-sostenuta-dai-prezzi-dei-beni-energetici/,"Ad agosto l’inflazione sale a +3,3% sostenuta dai prezzi dei beni energetici – ITALIA News 24",145,,,"... L'aumento dell'inflazione riflette ... da +3,6% a +3,8%); di contro, decelera la crescita dei prezzi dei Servizi ricreativi, culturali e per la cura della persona (da +3,0% a +2,6%) e quella dei Servizi relativi ai trasporti (da +1,6% a +0,8%). Nel mese di agosto l'”inflazione ... La variazione tendenziale dei prezzi ... La variazione congiunturale dell'indice generale riflette soprattutto l'aumento dei prezzi degli Energetici regolamentati (+3,0%) e non regolamentati (+2,9%), dei Servizi relativi ai trasporti (+1,3%) e dei Beni durevoli (+0,5%). L'inflazione media del 2026 acquisita ad agosto è pari ... La crescita dei prezzi rallenta anche per alcune tipologie di servizi, tra cui i servizi ricreativi, culturali e per la cura della persona e quelli relativi ai trasporti. Il cosiddetto “carrello della spesa” diminuisce lievemente (da +1,0% a +0,9%), come anche l'inflazione di fondo (da ",https://eview.copyscape.com/compare/81qqpxjel0/6
7,2026-10-01T09:48:15.745581,PRECONAGO2026,35d82a0d0255b74e35f8f4eddd8b73bc7693cfb2d979d332afe3855004093588,https://www.adnkronos.com/economia/inflazione-agosto-2026-cresce-energia-prezzi_605eKZp4k8qBCZgxgVdQ1u,"Inflazione, ad agosto vola al 3,3%: a spingere i prezzi dell'energia",124,,,"... Ad agosto 2026 l'indice nazionale dei prezzi al consumo per l'intera collettività (Nic), al lordo dei tabacchi, registra una variazione del +0,5% su base mensile e del +3,3% su base annua (da +2,9% di luglio), confermando la stima preliminare.... L'aumento dell'inflazione riflette principalmente l'andamento dei prezzi degli Energetici, regolamentati (da +14,8% a +18,6%) e, soprattutto, non regolamentati (da +11,4% a +17,0%), dei Beni durevoli (da +0,7% a +1,3%) e, in misura più ... La variazione congiunturale dell'indice generale riflette soprattutto l'aumento dei prezzi degli Energetici regolamentati (+3,0%) e non regolamentati (+2,9%), dei Servizi relativi ai trasporti (+1,3%) e dei Beni durevoli (+0,5%). L'inflazione ... tabacchi, registra una variazione congiunturale pari a +0,6% e ",https://eview.copyscape.com/compare/81qqpxjel0/7
8,2026-10-01T09:48:15.745581,PRECONAGO2026,35d82a0d0255b74e35f8f4eddd8b73bc7693cfb2d979d332afe3855004093588,https://requadro.com/ad-agosto-2026-inflazione-al-33/,"Ad agosto 2026 inflazione al +3,3% - Requadro",117,,,"... Ad agosto 2026 l'inflazione sale a +3,3% (da +2,9% di luglio), sostenuta dall'andamento dei prezzi dei beni energetici (da +11,6% a +17,1%). La stima è di Istat.  L'aumento dell'inflazione riflette principalmente l'andamento dei prezzi degli energetici, regolamentati (da +14,8% a +18,6%) e, soprattutto, non regolamentati (da +11,4% a +17,0%), dei beni durevoli (da +0,7% a +1,3%) e, in misura più lieve, degli Alimentari non lavorati (da +3,6% a +3,8%); di contro, decelera la crescita dei prezzi dei servizi ricreativi, culturali e per la cura della persona (da +3,0% a +2,6%) e quella dei servizi relativi ai trasporti (da +1,6% a +0,8%).... Ad agosto 2026 l'inflazione sale a +3,3% (da +2,9% di luglio), sostenuta dall'andamento dei prezzi dei beni energetici (da +11,6% a +17,1%). La stima è di Istat. L'aumento dell'inflazione riflette principalmente l'andamento dei prezzi ",https://eview.copyscape.com/compare/81qqpxjel0/8
9,2026-10-01T09:48:15.745581,PRECONAGO2026,35d82a0d0255b74e35f8f4eddd8b73bc7693cfb2d979d332afe3855004093588,https://www.ragionierieprevidenza.it/2026/09/inflazione-ad-agosto-vola-al-33-a-spingere-i-prezzi-dellenergia/,"Inflazione, ad agosto vola al 3,3%: a spingere i prezzi dell'energia - Ragionieri e previdenza",114,,,"... Ad agosto 2026 l'indice nazionale dei prezzi al consumo per l'intera collettività (Nic), al lordo dei tabacchi, registra una variazione del +0,5% su base mensile e del +3,3% su base annua (da +2,9% di luglio), confermando la stima preliminare.... L'aumento dell'inflazione riflette principalmente l'andamento dei prezzi degli Energetici, regolamentati (da +14,8% a +18,6%) e, soprattutto, non regolamentati (da +11,4% a +17,0%), dei Beni durevoli (da +0,7% a +1,3%) e, in misura più ... La variazione congiunturale dell'indice generale riflette soprattutto l'aumento dei prezzi degli Energetici regolamentati (+3,0%) e non regolamentati (+2,9%), dei Servizi relativi ai trasporti (+1,3%) e dei Beni durevoli (+0,5%). L'inflazione ",https://eview.copyscape.com/compare/81qqpxjel0/9
10,2026-10-01T09:48:15.745581,PRECONAGO2026,35d82a0d0255b74e35f8f4eddd8b73bc7693cfb2d979d332afe3855004093588,https://www.blog.it/ad-agosto-linflazione-cresce-al-33-trainata-dai-prezzi-energetici-in-aumento/,"Ad agosto l’inflazione cresce al 3,3% trainata dai prezzi energetici in aumento - Blog.it - Notizie, Lifestyle, Gossip, Viaggi, Tech e molto altro",111,,,"... L'aumento dell'inflazione riflette ... contro, decelera la crescita dei prezzi dei Servizi ricreativi, culturali e per la cura della persona (da +3,0% a +2,6%) e quella dei Servizi relativi ai trasporti (da +1,6% a +0,8%). Nel mese di ... La variazione tendenziale dei prezzi ... La variazione congiunturale dell'indice generale riflette soprattutto l'aumento dei prezzi degli Energetici regolamentati (+3,0%) e non regolamentati (+2,9%), dei Servizi relativi ai trasporti (+1,3%) e dei Beni durevoli (+0,5%). L'inflazione ... La crescita dei prezzi rallenta ... ai trasporti. Il cosiddetto “carrello della spesa” diminuisce lievemente (da +1,0% a +0,9%), come anche l'inflazione di fondo (da +1,6% a +1,5%)",https://eview.copyscape.com/compare/81qqpxjel0/10
11,2026-10-01T09:48:15.745581,PRECONAGO2026,35d82a0d0255b74e35f8f4eddd8b73bc7693cfb2d979d332afe3855004093588,https://taorminanews24.com/ad-agosto-linflazione-sale-a-33-sostenuta-dai-prezzi-dei-beni-energetici/,"Ad agosto l’inflazione sale a +3,3% sostenuta dai prezzi dei beni energetici",106,,,"... L'aumento dell'inflazione riflette ... contro, decelera la crescita dei prezzi dei Servizi ricreativi, culturali e per la cura della persona (da +3,0% a +2,6%) e quella dei Servizi relativi ai trasporti (da +1,6% a +0,8%). Nel mese di ... La variazione congiunturale dell'indice generale riflette soprattutto l'aumento dei prezzi degli Energetici regolamentati (+3,0%) e non regolamentati (+2,9%), dei Servizi relativi ai trasporti (+1,3%) e dei Beni durevoli (+0,5%). L'inflazione ... La crescita dei prezzi rallenta ... ai trasporti. Il cosiddetto “carrello della spesa” diminuisce lievemente (da +1,0% a +0,9%), come anche l'inflazione di fondo (da +1,6% a +1,5%)",https://eview.copyscape.com/compare/81qqpxjel0/11
12,2026-10-01T09:48:15.745581,PRECONAGO2026,35d82a0d0255b74e35f8f4eddd8b73bc7693cfb2d979d332afe3855004093588,https://www.astrid-online.it/static/upload/cs_p/cs_prezzi-al-consumo_def_agosto2026.pdf,UFFICIO STAMPA tel. +39 06 4673.2243/44 ufficiostampa@istat.it CONTACT CENTRE,89,,,"... crescita dei prezzi dei Servizi ricreativi, culturali e per la cura della persona (da +3,0% a +2,6%) e quella... La variazione congiunturale dell'indice generale riflette soprattutto l'aumento dei prezzi degli Energetici · regolamentati (+3,0%) e non regolamentati (+2,9%), dei Servizi relativi ai trasporti (+1,3%) e dei Beni ... L'inflazione media del 2026 acquisita ad agosto è pari a +2,9% per l'indice generale e a +1,9% per la ... L'indice armonizzato dei prezzi al consumo (IPCA) registra una variazione pari a +0,1% su base mensile,",https://eview.copyscape.com/compare/81qqpxjel0/12
13,2026-10-01T09:48:15.745581,PRECONAGO2026,35d82a0d0255b74e35f8f4eddd8b73bc7693cfb2d979d332afe3855004093588,https://teleborsa.ansa.it/notiziario/economia/inflazione-in-accelerazione-al-33-ad-agosto-con-impennata-prezzi-energia/,"Inflazione in accelerazione al 3,3% ad agosto con impennata prezzi energia – teleborsa.ansa.it",88,,,"... Anche la variazione congiunturale dell'indice generale riflette soprattutto l'aumento dei prezzi degli Energetici regolamentati (+3,2%)  e non regolamentati (+2,8%),  dei Servizi relativi ai trasporti (+1,4%), degli Alimentari lavorati (+0,4%)  e dei Beni durevoli (+0,3%). L'inflazione acquisita per il 2026  è pari a +2,9% per l'indice generale e a +1,9% per la componente di fondo. L'indice armonizzato dei prezzi al consumo (IPCA) registra una variazione pari a +0,1% su base mensile, a causa dei saldi estivi di cui il NIC non tiene conto, e a +3,2% su base annua (da +2,9% del mese precedente).",https://eview.copyscape.com/compare/81qqpxjel0/13
14,2026-10-01T09:48:15.745581,PRECONAGO2026,35d82a0d0255b74e35f8f4eddd8b73bc7693cfb2d979d332afe3855004093588,https://www.ore12.net/inflazione-costa-meno-il-carrello-della-spesa-prezzi-in-calo-dello-03/,"Inflazione: costa meno il 'carrello della spesa', prezzi in calo dello 0,3% - Ore12",88,,,"... Il differenziale tra il comparto dei servizi e quello dei beni ... passa da -0,7 a -0,5 punti percentuali.  La variazione congiunturale dell'indice generale riflette ... l'aumento dei prezzi degli energetici regolamentati (+6,5%),  dei servizi relativi ai trasporti (+1,4%), dei servizi ricreativi, culturali e per la cura della persona (+0,6%), degli energetici non regolamentati1 (+0,5%), degli alimentari lavorati e dei servizi relativi all'abitazione (+0,3% entrambi); tali effetti sono solo parzialmente compensati dalla diminuzione degli alimentari non lavorati (-1,3%). L'inflazione acquisita per il 2026  è pari a +2,7%  per l'indice generale e a +1,8%  per la componente di fondo. L'indice armonizzato dei prezzi al consumo (Ipca) registra una variazione pari a -... 1% su base mensile, a causa dei saldi estivi di cui il Nic non tiene conto, e a +2,9%  su base annua (da +3%  del mese precedente), confermando la stima preliminare.",https://eview.copyscape.com/compare/81qqpxjel0/14
15,2026-10-01T09:48:15.745581,PRECONAGO2026,35d82a0d0255b74e35f8f4eddd8b73bc7693cfb2d979d332afe3855004093588,https://www.ansa.it/sito/notizie/economia/2026/09/16/istat-lenergia-spinge-linflazione-al-33-confermate-stime_df81ea40-013d-4abf-bd21-717877590380.html,"Istat, l'energia spinge l'inflazione al 3,3%, confermate stime - Notizie - Ansa.it",83,,,"... L'aumento dell'inflazione riflette principalmente l'andamento dei prezzi degli energetici, regolamentati (da +14,8% a +18,6%) e, soprattutto, di quelli non regolamentati come i carburanti ( da +11,4% a +17,0%), dei beni durevoli (da +0,7% a +1,3%) e, in misura più lieve, degli alimentari non lavorati (da +3,6% a +3,8%); di contro, decelera la crescita dei prezzi dei servizi ricreativi, culturali e per la cura della persona (da +3% ... a +2,6%) e quella dei servizi relativi ai trasporti (da +1,6% a +0,8%). Il carrello della spesa ad agosto rallenta allo 0,9% dall'1% di luglio.",https://eview.copyscape.com/compare/81qqpxjel0/15
16,2026-10-01T09:48:15.745581,PRECONAGO2026,35d82a0d0255b74e35f8f4eddd8b73bc7693cfb2d979d332afe3855004093588,https://www.agrapress.it/2026/09/inflazione-istat-ad-agosto-2026-05-su-luglio-e-33-in-un-anno/,"INFLAZIONE: ISTAT, AD AGOSTO 2026 +0,5% SU LUGLIO E +3,3% IN UN ANNO – AGRA PRESS",81,,,"... nel mese di agosto 2026 l'indice nazionale dei prezzi al consumo per l'intera collettivita' ( nic), al lordo dei tabacchi, registra una variazione del +0,5% su base mensile e del +3,3% su base annua (da +2,9% di luglio), confermando la stima preliminare"". lo rende noto un comunicato dell'istat, che cosi' prosegue: "" l'aumento dell'inflazione riflette principalmente l'andamento dei prezzi degli energetici, regolamentati (da +14,8% a +18,6%) e, soprattutto, non regolamentati (da +11,4% a +17,0%), dei beni durevoli (da +0,7% a +1,3%) e, in misura piu' lieve, degli alimenta",https://eview.copyscape.com/compare/81qqpxjel0/16
17,2026-10-01T09:48:15.745581,PRECONAGO2026,35d82a0d0255b74e35f8f4eddd8b73bc7693cfb2d979d332afe3855004093588,https://www.redazionenews.it/adnkronos/2026/09/16/inflazione-ad-agosto-vola-al-33-a-spingere-i-prezzi-dellenergia/,"Inflazione, ad agosto vola al 3,3%: a spingere i prezzi dell’energia",80,,,"... Ad agosto 2026 l'indice nazionale dei prezzi al consumo per l'intera collettività (Nic), al lordo dei tabacchi, registra una variazione del +0,5% su base mensile e del +3,3% su base annua (da +2,9% di luglio), confermando la stima preliminare.... L'aumento dell'inflazione riflette principalmente l'andamento dei prezzi degli Energetici, regolamentati (da +14,8% a +18,6%) e, soprattutto, non regolamentati (da +11,4% a +17,0%), dei Beni durevoli (da +0,7% a +1,3%) e, in misura più ",https://eview.copyscape.com/compare/81qqpxjel0/17
18,2026-10-01T09:48:15.745581,PRECONAGO2026,35d82a0d0255b74e35f8f4eddd8b73bc7693cfb2d979d332afe3855004093588,https://lokkio.it/inflazione-ad-agosto-vola-al-33-a-spingere-i-prezzi-dellenergia/,"Inflazione, ad agosto vola al 3,3%: a spingere i prezzi dell'energia - Lokkio",80,,,"... Ad agosto 2026 l'indice nazionale dei prezzi al consumo per l'intera collettività (Nic), al lordo dei tabacchi, registra una variazione del +0,5% su base mensile e del +3,3% su base annua (da +2,9% di luglio), confermando la stima preliminare.... L'aumento dell'inflazione riflette principalmente l'andamento dei prezzi degli Energetici, regolamentati (da +14,8% a +18,6%) e, soprattutto, non regolamentati (da +11,4% a +17,0%), dei Beni durevoli (da +0,7% a +1,3%) e, in misura più ",https://eview.copyscape.com/compare/81qqpxjel0/18
19,2026-10-01T09:48:15.745581,PRECONAGO2026,35d82a0d0255b74e35f8f4eddd8b73bc7693cfb2d979d332afe3855004093588,https://giornaledellepmi.it/inflazione-fiammata-dagosto-33-annuo-spinta-dagli-energetici/,"Inflazione, fiammata d’agosto: +3,3% annuo, spinta dagli energetici - Il Giornale delle PMI",70,,,"... L'aumento dell'inflazione riflette principalmente l'andamento dei prezzi degli Energetici, sia  non regolamentati (da +11,4% a +16,9%) sia regolamentati (da +14,8% a +18, 8%); di contro, decelerano i ... di contro, decelerano i prezzi dei Servizi ricreativi, culturali e per la cura della persona (da +3,0% a +2,6%) e ... dei Servizi relativi ai trasporti (da +1,6% a +0,9%)... La variazione congiunturale dell'indice generale riflette soprattutto l'aumento dei prezzi degli Energetici regolamentati (+3,2%)  e non regolamentati (+2,8%),  dei Servizi relativi ai trasporti (+1,4%), degli Alimentari lavorati (+0,4%) e ",https://eview.copyscape.com/compare/81qqpxjel0/19
20,2026-10-01T09:48:15.745581,PRECONAGO2026,35d82a0d0255b74e35f8f4eddd8b73bc7693cfb2d979d332afe3855004093588,https://www.latiburtinanews.it/2026/09/16/inflazione-ad-agosto-vola-al-33-a-spingere-i-prezzi-dellenergia/,"Inflazione, ad agosto vola al 3,3%: a spingere i prezzi dell'energia - La Tiburtina",65,,,"... Ad agosto 2026 l'indice nazionale ... dei tabacchi, registra una variazione del +0,5% su base mensile e del +3,3% su base annua (da +2,9% di luglio), confermando la stima preliminare.... La variazione congiunturale dell'indice generale riflette soprattutto l'aumento dei prezzi degli Energetici regolamentati (+3,0%) e non regolamentati (+2,9%), dei Servizi relativi ai trasporti (+1,3%) e dei Beni durevoli (+0,5%). L'inflazione ",https://eview.copyscape.com/compare/81qqpxjel0/20
21,2026-10-01T09:48:15.745581,PRECONAGO2026,35d82a0d0255b74e35f8f4eddd8b73bc7693cfb2d979d332afe3855004093588,https://www.giornaledellepmi.it/inflazione-a-luglio-rallenta-al-29-carrello-della-spesa-a-1-ma-luce-e-gas-corrono-148/,"Inflazione, a luglio rallenta al 2,9%: carrello della spesa a +1%, ma luce e gas corrono (+14,8%) - Il Giornale delle PMI",51,,,"... Il lieve rallentamento dell'inflazione riflette la dinamica dei prezzi degli Energetici non regolamentati (da +13,3% a +11,4%), degli Alimentari non lavorati (da +4,4% a +3,6%) e dei Servizi vari (da +2,5% a +1,8%); in accelerazione sono, invece, i prezzi degli Energetici regolamentati (da +9,2% a +14,8%), dei Servizi relativi ai trasporti (da +1,1% a +1,6%) e  dei Servizi ricreativi, culturali e per la cura della persona (da +2,7% a +3,0%).  Nel mese di luglio  l'“inflazione di fondo”, ... al netto degli energetici e degli alimentari freschi, resta stabile a +1,6%, mentre  quella al netto dei soli beni energetici rallenta da +1,9% a +1,8%. I prezzi dei beni decelerano (da +3,3% a +3,2%), mentre la dinamica di quelli dei servizi è in lieve accelerazione (da +2,6% a +2,7%).  Il differenziale tra il comparto dei servizi e quello dei beni ... passa da -0,7 a -0,5 punti percentuali.",https://eview.copyscape.com/compare/81qqpxjel0/21
22,2026-10-01T09:48:15.745581,PRECONAGO2026,35d82a0d0255b74e35f8f4eddd8b73bc7693cfb2d979d332afe3855004093588,https://www.hashtagsicilia.it/2026/08/13/inflazione-a-luglio-lieve-frenata-scende-al-29-ma-accelerano-i-prezzi-dellenergia-regolamentata/,"Inflazione, a luglio lieve frenata: scende al 2,9%, ma accelerano i prezzi dell’energia regolamentata - hashtagsicilia",51,,,"... Il lieve rallentamento dell'inflazione riflette la dinamica dei prezzi degli Energetici non regolamentati (da +13,3% a +11,4%), degli Alimentari non lavorati (da +4,4% a +3,6%) e dei Servizi vari (da +2,5% a +1,8%); in accelerazione sono, invece, i prezzi degli Energetici regolamentati (da +9,2% a +14,8%), dei Servizi relativi ai trasporti (da +1,1% a +1,6%) e  dei Servizi ricreativi, culturali e per la cura della persona (da +2,7% a +3,0%). ... Nel mese di luglio  l'“inflazione di fondo”, ... al netto degli energetici e degli alimentari freschi, resta stabile a +1,6%, mentre  quella al netto dei soli beni energetici rallenta da +1,9% a +1,8%. I prezzi dei beni decelerano (da +3,3% a +3,2%), mentre la dinamica di quelli dei servizi è in lieve accelerazione (da +2,6% a +2,7%).  Il differenziale tra il comparto dei servizi e quello dei beni ... passa da -0,7 a -0,5 punti percentuali.",https://eview.copyscape.com/compare/81qqpxjel0/22
23,2026-10-01T09:48:15.745581,PRECONAGO2026,35d82a0d0255b74e35f8f4eddd8b73bc7693cfb2d979d332afe3855004093588,https://www.nuovogiornalenazionale.com/istat-landamento-dei-prezzi-al-consumo-a-luglio-2026/,"Istat, l'andamento dei prezzi al consumo a luglio 2026 - Nuovo Giornale Nazionale",50,,,"... Il lieve rallentamento dell'inflazione riflette la dinamica dei prezzi degli Energetici non regolamentati (da +13,3% a +11,4%), degli Alimentari non lavorati (da +4,4% a +3,6%) e dei Servizi vari (da +2,5% a +1,8%); in accelerazione sono, invece, i prezzi degli Energetici regolamentati (da +9,2% a +14,8%), dei Servizi relativi ai trasporti (da +1,1% a +1,6%) e  dei Servizi ricreativi, culturali e per la cura della persona (da +2,7% a +3,0%).  Nel mese di luglio la “ inflazione di fondo”, ... al netto degli energetici e degli alimentari freschi, resta stabile a +1,6%, mentre  quella al netto dei soli beni energetici rallenta da +1,9% a +1,8%. I prezzi dei beni decelerano (da +3,3% a +3,2%), mentre la dinamica di quelli dei servizi è in lieve accelerazione (da +2,6% a +2,7%).  Il differenziale tra il comparto dei servizi e quello dei beni ... passa da -0,7 a -0,5 punti percentuali.",https://eview.copyscape.com/compare/81qqpxjel0/23
24,2026-10-01T09:48:15.745581,PRECONAGO2026,35d82a0d0255b74e35f8f4eddd8b73bc7693cfb2d979d332afe3855004093588,https://ladiscussione.com/462059/economia/inflazione-agosto-2026/,"Inflazione al 3,3% ad agosto 2026, accelerano i prezzi dell’energia",46,,,"... La variazione congiunturale dell'indice generale, pari a +0,5%, riflette soprattutto l'uamento  dei prezzi degli Energetici regolamentati, cresciuti del 3,0% rispetto al mese precedente, e degli Energetici non regolamentati, in aumento del 2,9%. Crescono anche i  Servizi relativi ai trasporti, del  1,3%, e i Beni durevoli, del 0,5%.  L'indice armonizzato dei prezzi al consumo (IPCA) registra ad agosto una variazione dello  0,1% su base mensile, anche per effetto  dei saldi estivi di cui il NIC non tiene conto, e del  3,2% su base annua, rispetto al +2,9% di luglio.",https://eview.copyscape.com/compare/81qqpxjel0/24
25,2026-10-01T09:48:15.745581,PRECONAGO2026,35d82a0d0255b74e35f8f4eddd8b73bc7693cfb2d979d332afe3855004093588,https://miolegale.it/utilita/ultimo-indice-istat/,"Ultimo indice ISTAT - Indici FOI, NIC e IPCA Agosto 2026",43,,,"... Nel mese di agosto 2026 l'indice nazionale dei prezzi al consumo per l'intera collettività (NIC), al lordo dei tabacchi, registra una variazione del +0,5% su base mensile e del +3,3% su base annua (da +2,9% di luglio), confermando la stima ",https://eview.copyscape.com/compare/81qqpxjel0/25
26,2026-10-01T09:48:15.745581,PRECONAGO2026,35d82a0d0255b74e35f8f4eddd8b73bc7693cfb2d979d332afe3855004093588,https://news.avvocatoandreani.it/articoli/pubblicato-indice-istat-agosto-2026-108882.html,Pubblicato l'indice Istat di agosto 2026,43,,,"... Nel mese di agosto 2026 l'indice nazionale dei prezzi al consumo per l'intera collettività (NIC), al lordo dei tabacchi, registra una variazione del +0,5% su base mensile e del +3,3% su base annua (da +2,9% di luglio), confermando la stima ",https://eview.copyscape.com/compare/81qqpxjel0/26
27,2026-10-01T09:48:15.745581,PRECONAGO2026,35d82a0d0255b74e35f8f4eddd8b73bc7693cfb2d979d332afe3855004093588,https://www.blitzquotidiano.it/economia/inflazione-33-ad-agosto-e-il-dato-piu-alto-da-tre-anni-crescono-i-prezzi-dellenergia-3800108,"Inflazione 3,3% ad agosto, è il dato più alto da tre anni",43,,,"... Nel mese di agosto l”inflazione di fondo', calcolata al netto degli energetici e degli alimentari freschi, rallenta  lievemente (da +1,6% a +1,5%) così come quella al netto dei soli beni energetici (da +1,8% a +1,7%). Nel settore dei beni, ",https://eview.copyscape.com/compare/81qqpxjel0/27
28,2026-10-01T09:48:15.745581,PRECONAGO2026,35d82a0d0255b74e35f8f4eddd8b73bc7693cfb2d979d332afe3855004093588,https://teleborsa.ansa.it/notiziario/economia/inflazione-agosto-confermata-in-accelerazione-al-33-con-prezzi-energia/,"Inflazione agosto confermata in accelerazione al 3,3% con prezzi energia – teleborsa.ansa.it",42,,,"... dei beni energetici (da +11,6% a +17,1%). In particolare, i prezzi degli Energetici regolamentati accelerano  da +14,8% a +18,6% e quelli  non regolamentati da +11,4% a +17,0%. In accelerazione ... Nel settore dei beni i prezzi ... punti percentuali. Il cosiddetto “carrello della spesa” diminuisce lievemente (da +1,0% a +0,9%), mentre l'inflazione  dei prodotti ad alta frequenza d'acquisto aumenta (da +3,4% ",https://eview.copyscape.com/compare/81qqpxjel0/28
29,2026-10-01T09:48:15.745581,PRECONAGO2026,35d82a0d0255b74e35f8f4eddd8b73bc7693cfb2d979d332afe3855004093588,https://www.shmag.it/lifestyle/economia/16_09_2026/inflazione-ad-agosto-vola-al-33-a-spingere-i-prezzi-dellenergia/,"Inflazione, ad agosto vola al 3,3%: a spingere i prezzi dell’energia • S&H Magazine",41,,,"... Ad agosto 2026 l'indice nazionale dei prezzi al consumo per l'intera collettività (Nic), al lordo dei tabacchi, registra una variazione del +0,5% su base mensile e del +3,3% su base annua (da +2,9% di luglio), confermando la stima preliminare.",https://eview.copyscape.com/compare/81qqpxjel0/29
30,2026-10-01T09:48:15.745581,PRECONAGO2026,35d82a0d0255b74e35f8f4eddd8b73bc7693cfb2d979d332afe3855004093588,https://canaledieci.it/2026/09/16/inflazione-ad-agosto-vola-al-33-a-spingere-i-prezzi-dellenergia/,"Inflazione, ad agosto vola al 3,3%: a spingere i prezzi dell'energia",41,,,"... Ad agosto 2026 l'indice nazionale dei prezzi al consumo per l'intera collettività (Nic), al lordo dei tabacchi, registra una variazione del +0,5% su base mensile e del +3,3% su base annua (da +2,9% di luglio), confermando la stima preliminare.",https://eview.copyscape.com/compare/81qqpxjel0/30
31,2026-10-01T09:48:15.745581,PRECONAGO2026,35d82a0d0255b74e35f8f4eddd8b73bc7693cfb2d979d332afe3855004093588,https://askanews.it/2026/09/16/inflazione-listat-conferma-le-stime-ad-agosto-sale-al-33/,"Inflazione, l’Istat conferma le stime: ad agosto sale al 3,3%",41,,,"... La variazione tendenziale dei prezzi dei Beni alimentari, per la cura della casa e della persona si riduce (da +1% ... a +0,9%), mentre quella dei prodotti ad alta frequenza d'acquisto aumenta (da +3,4% a +4,3%). La variazione congiunturale ",https://eview.copyscape.com/compare/81qqpxjel0/31
32,2026-10-01T09:48:15.745581,PRECONAGO2026,35d82a0d0255b74e35f8f4eddd8b73bc7693cfb2d979d332afe3855004093588,https://lamilano.it/dai-media/inflazione-ad-agosto-vola-al-33-a-spingere-i-prezzi-dellenergia/,"Inflazione, ad agosto vola al 3,3%: a spingere i prezzi dell'energia",41,,,"... Ad agosto 2026 l'indice nazionale dei prezzi al consumo per l'intera collettività (Nic), al lordo dei tabacchi, registra una variazione del +0,5% su base mensile e del +3,3% su base annua (da +2,9% di luglio), confermando la stima preliminare.",https://eview.copyscape.com/compare/81qqpxjel0/32
33,2026-10-01T09:48:15.745581,PRECONAGO2026,35d82a0d0255b74e35f8f4eddd8b73bc7693cfb2d979d332afe3855004093588,https://www.gazzettadinapoli.it/economia-2/istat-prezzi-al-consumo-ad-agosto-inflazione-05/,"Istat, prezzi al consumo, ad agosto inflazione +0,5%",41,,,"... L'aumento dell'inflazione riflette ... contro, decelera la crescita dei prezzi dei Servizi ricreativi, culturali e per la cura della persona (da +3,0% a +2,6%) e quella dei Servizi relativi ai trasporti (da +1,6% a +0,8%). Nel mese di ",https://eview.copyscape.com/compare/81qqpxjel0/33
34,2026-10-01T09:48:15.745581,PRECONAGO2026,35d82a0d0255b74e35f8f4eddd8b73bc7693cfb2d979d332afe3855004093588,https://www.jlcnews.it/post/prezzi-al-consumo-agosto-2026-1,Prezzi al consumo - Agosto 2026,40,,,"... Dati definitivi Nel mese di agosto 2026 l'indice nazionale dei prezzi al consumo per l'intera collettività (NIC), al lordo dei tabacchi, registra una variazione del +0,5% su base mensile e del +3,3% su base annua (da +2,9% di luglio), ",https://eview.copyscape.com/compare/81qqpxjel0/34
35,2026-10-01T09:48:15.745581,PRECONAGO2026,35d82a0d0255b74e35f8f4eddd8b73bc7693cfb2d979d332afe3855004093588,https://www.infoimpresa.info/inflazione-ad-agosto-vola-al-33-a-spingere-i-prezzi-dellenergia/,"Inflazione, ad agosto vola al 3,3%: a spingere i prezzi dell’energia - InfoImpresa",39,,,"... L'aumento dell'inflazione riflette principalmente l'andamento dei prezzi degli Energetici, regolamentati (da +14,8% a +18,6%) e, soprattutto, non regolamentati (da +11,4% a +17,0%), dei Beni durevoli (da +0,7% a +1,3%) e, in misura più ",https://eview.copyscape.com/compare/81qqpxjel0/35
36,2026-10-01T09:48:15.745581,PRECONAGO2026,35d82a0d0255b74e35f8f4eddd8b73bc7693cfb2d979d332afe3855004093588,https://www.cremaoggi.it/2026/09/16/inflazione-ad-agosto-vola-al-33-a-spingere-i-prezzi-dellenergia/,"Inflazione, ad agosto vola al 3,3%: a spingere i prezzi dell'energia - Cremaoggi",39,,,"... L'aumento dell'inflazione riflette principalmente l'andamento dei prezzi degli Energetici, regolamentati (da +14,8% a +18,6%) e, soprattutto, non regolamentati (da +11,4% a +17,0%), dei Beni durevoli (da +0,7% a +1,3%) e, in misura più ",https://eview.copyscape.com/compare/81qqpxjel0/36
37,2026-10-01T09:48:15.745581,PRECONAGO2026,35d82a0d0255b74e35f8f4eddd8b73bc7693cfb2d979d332afe3855004093588,https://www.italiaoggi.it/economia-e-politica/economia-e-finanza/prezzi-al-consumo-rallenta-linflazione-grazie-agli-alimentari-cs9sotvp,"Prezzi al consumo, rallenta l'inflazione grazie agli alimentari - ItaliaOggi.it",39,,,"... L'indice armonizzato dei prezzi al consumo (IPCA) registra una variazione pari a -... 1% su base mensile, a causa dei saldi estivi di cui il Nic non tiene conto, ea +2,9%  su base annua (da +3,0%  del mese precedente), confermando la stima preliminare.",https://eview.copyscape.com/compare/81qqpxjel0/37
38,2026-10-01T09:48:15.745581,PRECONAGO2026,35d82a0d0255b74e35f8f4eddd8b73bc7693cfb2d979d332afe3855004093588,https://www.freshplaza.it/article/9863031/prezzi-alimentari-in-frenata-scendono-frutta-e-verdura/,"Prezzi alimentari in frenata, scendono frutta e verdura",35,,,"... Nel mese di luglio  2026 l'indice nazionale dei prezzi al consumo per l'intera collettività (NIC), al lordo dei tabacchi, registra una variazione del +0,3%  su base mensile e del +2,9%  su base annua (da +3,0% di giugno);  la stima preliminare era 2,8%.",https://eview.copyscape.com/compare/81qqpxjel0/38
39,2026-10-01T09:48:15.745581,PRECONAGO2026,35d82a0d0255b74e35f8f4eddd8b73bc7693cfb2d979d332afe3855004093588,https://www.agenziagiornalisticaopinione.it/opinionmix/agosto-2026-indice-prezzi-consumo-nic-05-luglio-33-annuo/,ISTAT * «PREZZI AL CONSUMO (DATI PROVVISORI) – AGOSTO 2026» - Agenzia giornalistica Opinione. Notizie da Italia - Mondo / Trentino Alto Adige,31,,,"... L'aumento dell'inflazione riflette ... di contro, decelerano i prezzi dei Servizi ricreativi, culturali e per la cura della persona (da +3,0% a +2,6%) e ... dei Servizi relativi ai trasporti (da +1,6% a +0,9%)",https://eview.copyscape.com/compare/81qqpxjel0/39
40,2026-10-01T09:48:15.745581,PRECONAGO2026,35d82a0d0255b74e35f8f4eddd8b73bc7693cfb2d979d332afe3855004093588,https://formatresearch.com/2026/09/01/inflazione-al-33-istat-prezzi-al-consumo/,"Inflazione al 3,3% | Istat PREZZI AL CONSUMO - Format Research",31,,,"... L'aumento dell'inflazione riflette ... di contro, decelerano i prezzi dei Servizi ricreativi, culturali e per la cura della persona (da +3,0% a +2,6%) e ... dei Servizi relativi ai trasporti (da +1,6% a +0,9%)",https://eview.copyscape.com/compare/81qqpxjel0/40
41,2026-10-01T09:48:15.745581,PRECONAGO2026,35d82a0d0255b74e35f8f4eddd8b73bc7693cfb2d979d332afe3855004093588,https://www.rifondazionetoscana.it/istat-linflazione-ad-agosto-segna-un-parziale-33/,"ISTAT: l'inflazione ad Agosto segna un parziale +3,3% - Rifondazione Comunista Toscana",31,,,"... L'aumento dell'inflazione riflette ... di contro, decelerano i prezzi dei Servizi ricreativi, culturali e per la cura della persona (da +3,0% a +2,6%) e ... dei Servizi relativi ai trasporti (da +1,6% a +0,9%)",https://eview.copyscape.com/compare/81qqpxjel0/41
42,2026-10-01T09:48:15.745581,PRECONAGO2026,35d82a0d0255b74e35f8f4eddd8b73bc7693cfb2d979d332afe3855004093588,https://www.lapresse.it/economia/2026/09/16/prezzi-ad-agosto-sale-linflazione-ma-frena-laumento-del-carrello-della-spesa-allarme-codacons-per-le-famiglie/,"Prezzi, ad agosto sale l'inflazione ma frena l'aumento del carrello ...",30,,,"... L'aumento dell'inflazione riflette principalmente l'andamento dei ... da +1,6% a +0,8%). Il cosiddetto ‘carrello della spesa' diminuisce lievemente (da +1,0% a +0,9%), come anche l'inflazione di fondo (da +1,6% a +1,5%)",https://eview.copyscape.com/compare/81qqpxjel0/42
43,2026-10-01T09:48:15.745581,PRECONAGO2026,35d82a0d0255b74e35f8f4eddd8b73bc7693cfb2d979d332afe3855004093588,https://www.jlcnews.it/post/prezzi-al-consumo-dati-provvisori-settembre-2026,Prezzi al consumo (dati provvisori) - Settembre 2026,29,,,"... Secondo le stime preliminari, nel mese di settembre  2026 l'indice nazionale dei prezzi al consumo per l'intera collettività (NIC), al lordo dei tabacchi, registra una variazione pari a +0,7%  su base mensile e a +4,2%  su base annua (da +3,3% ",https://eview.copyscape.com/compare/81qqpxjel0/43
44,2026-10-01T09:48:15.745581,PRECONAGO2026,35d82a0d0255b74e35f8f4eddd8b73bc7693cfb2d979d332afe3855004093588,https://www.ecnews.it/lavoro/rapporto-di-lavoro/gestione-del-rapporto/tfr-indice-di-rivalutazione-di-agosto-2026/,TFR: indice di rivalutazione di agosto 2026 - EC News - Area lavoro,28,,,"... Accelerano anche i prezzi dei Beni durevoli, dallo 0,7% all'1, 3%, e, in misura più contenuta, quelli  degli Alimentari non lavorati, dal 3,6% al 3,8%. Al contrario, rallentano i  Servizi ricreativi, culturali e per la cura della persona, la cui variazione annua scende dal 3% al  2,6%, e i  Servizi relativi ai trasporti, dall'1,6% allo 0,8%.",https://eview.copyscape.com/compare/81qqpxjel0/44
45,2026-10-01T09:48:15.745581,PRECONAGO2026,35d82a0d0255b74e35f8f4eddd8b73bc7693cfb2d979d332afe3855004093588,https://www.adnkronos.com/economia/inflazione-carrello-spesa-dati-giugno-2026-istat_1XLZ58PGGFHJnBko1f10hf,"Inflazione rallenta a giugno, frena anche il carrello della spesa: i dati Istat",27,,,"... Il lieve rallentamento dell'inflazione riflette la dinamica dei prezzi degli Alimentari non lavorati (da +5,5% a +4,4%),  dei Servizi ricreativi, culturali e per la cura della persona (da +3,0% a +2,7%) e  dei Servizi relativi ai trasporti (da +1,7% a +1,1%); in accelerazione sono invece i prezzi degli Energetici, regolamentati (da +5,6% a +9,2%) ",https://eview.copyscape.com/compare/81qqpxjel0/45
46,2026-10-01T09:48:15.745581,PRECONAGO2026,35d82a0d0255b74e35f8f4eddd8b73bc7693cfb2d979d332afe3855004093588,https://www.ilmonito.it/inflazione-rallenta-istat-a-giugno-al-3-carrello-della-spesa-all13/,"Inflazione rallenta, Istat: ""A giugno al 3%"". Carrello della spesa all'1,3% | ILMONITO",27,,,"... Il lieve rallentamento dell'inflazione riflette la dinamica dei prezzi degli Alimentari non lavorati (da +5,5% a +4,4%),  dei Servizi ricreativi, culturali e per la cura della persona (da +3,0% a +2,7%) e  dei Servizi relativi ai trasporti (da +1,7% a +1,1%); in accelerazione sono invece i prezzi degli Energetici, regolamentati (da +5,6% a +9,2%) ",https://eview.copyscape.com/compare/81qqpxjel0/46
47,2026-10-01T09:48:15.745581,PRECONAGO2026,35d82a0d0255b74e35f8f4eddd8b73bc7693cfb2d979d332afe3855004093588,https://www.ansa.it/sito/notizie/economia/pmi/2026/09/30/-istat-linflazione-a-settembre-ai-massimi-da-tre-anni-_fb422a08-c0a7-4d0f-ac0a-5fa0aaad0f1e.html,"Istat, l'inflazione a settembre ai massimi da tre anni - PMI - Ansa.it",25,,,"... Secondo le stime preliminari dell'Istat, nel mese l'indice nazionale dei prezzi al consumo per l'intera collettività (Nic), al lordo dei tabacchi, registra una variazione pari a +0,7%  su base mensile e a +4,2%  su base annua (da +3,3% del mese ",https://eview.copyscape.com/compare/81qqpxjel0/47
48,2026-10-01T09:48:15.745581,PRECONAGO2026,35d82a0d0255b74e35f8f4eddd8b73bc7693cfb2d979d332afe3855004093588,https://formatresearch.com/2026/07/31/inflazione-al-28-istat-prezzi-al-consumo/,"Inflazione al 2,8% | Istat PREZZI AL CONSUMO - Format Research",25,,,"... Il tasso di variazione tendenziale dei prezzi dei Beni alimentari, per la cura della casa e della persona si mantiene a +1,3%, mentre quello  dei prodotti ad alta frequenza d'acquisto si riduce (da +3,9% a +3,6%).  La variazione congiunturale ",https://eview.copyscape.com/compare/81qqpxjel0/48
49,2026-10-01T09:48:15.745581,PRECONAGO2026,35d82a0d0255b74e35f8f4eddd8b73bc7693cfb2d979d332afe3855004093588,https://tarantosera.it/2026/09/02/inflazione-stangata-ad-agosto-33-spingono-i-prezzi-dellenergia/,"Inflazione, stangata ad agosto: +3,3%. Spingono i prezzi dell’energia - TarantoSera",24,,,"... La variazione congiunturale dell'indice generale riflette soprattutto l'aumento dei prezzi degli energetici regolamentati (+3,2%)  e non regolamentati (+2,8%),  dei servizi relativi ai trasporti (+1,4%), degli alimentari lavorati (+0,4%) e ",https://eview.copyscape.com/compare/81qqpxjel0/49
50,2026-10-01T09:48:15.745581,PRECONAGO2026,35d82a0d0255b74e35f8f4eddd8b73bc7693cfb2d979d332afe3855004093588,https://www.aranagenzia.it/download/prezzi-al-consumo-giugno-2026/,Prezzi al consumo – giugno 2026 | Aran Agenzia,20,,,"... Nel mese di giugno  2026, l'indice nazionale dei prezzi al consumo per l'intera collettività, ... al lordo dei tabacchi, registra una variazione congiunturale nulla ",https://eview.copyscape.com/compare/81qqpxjel0/50
51,2026-10-01T09:48:15.745581,PRECONAGO2026,35d82a0d0255b74e35f8f4eddd8b73bc7693cfb2d979d332afe3855004093588,https://giornaledellepmi.it/istat-inflazione-al-42-a-settembre-spinta-da-energia-e-alimentari/,"Istat: inflazione al 4,2% a settembre, spinta da energia e alimentari – Il Giornale delle PMI",20,,,"... degli Energetici regolamentati (+5,9%) e non regolamentati (+4,4%),  degli Alimentari non lavorati (+2,2%) e  dei Servizi ricreativi, culturali e per la cura della persona (+0,5%).... La variazione congiunturale ",https://eview.copyscape.com/compare/81qqpxjel0/51
52,2026-10-01T09:48:15.745581,PRECONAGO2026,35d82a0d0255b74e35f8f4eddd8b73bc7693cfb2d979d332afe3855004093588,https://www.aranagenzia.it/download/prezzi-al-consumo-agosto-2026/,Prezzi al consumo – agosto 2026 | Aran Agenzia,19,,,"... L'aumento dell'inflazione riflette principalmente l'andamento dei prezzi degli Energetici, regolamentati (da +14,8% a +18,6%) e, soprattutto, non ",https://eview.copyscape.com/compare/81qqpxjel0/52
53,2026-10-01T09:48:15.745581,PRECONAGO2026,35d82a0d0255b74e35f8f4eddd8b73bc7693cfb2d979d332afe3855004093588,https://www.touchpoint.news/2026/09/16/inflazione-ad-agosto-vola-al-33-a-spingere-i-prezzi-dellenergia/,"Inflazione, ad agosto vola al 3,3%: a spingere i prezzi dell'energia",16,,,"... L'aumento dell'inflazione riflette principalmente l'andamento dei ... tabacchi, registra una variazione congiunturale pari a +0,6% e ",https://eview.copyscape.com/compare/81qqpxjel0/53
54,2026-10-01T09:48:15.745581,PRECONAGO2026,35d82a0d0255b74e35f8f4eddd8b73bc7693cfb2d979d332afe3855004093588,https://formatresearch.com/2026/09/16/inflazione-al-33-istat-prezzi-al-consumo/,"Inflazione al 3,3% | Istat PREZZI AL CONSUMO - Format Research",16,,,"... L'aumento dell'inflazione riflette principalmente l'andamento dei ... tabacchi, registra una variazione congiunturale pari a +0,6% e ",https://eview.copyscape.com/compare/81qqpxjel0/54
55,2026-10-01T09:48:15.745581,PRECONAGO2026,35d82a0d0255b74e35f8f4eddd8b73bc7693cfb2d979d332afe3855004093588,https://www.aduc.it/notizia/inflazione+istat+conferma+agosto_143624.php,"Inflazione. Istat conferma +3,3% per agosto - ADUC",16,,,"... L'aumento dell'inflazione riflette principalmente l'andamento dei ... tabacchi, registra una variazione congiunturale pari a +0,6% e ",https://eview.copyscape.com/compare/81qqpxjel0/55
56,2026-10-01T09:48:16.794375,PRECONAGO2026,35d82a0d0255b74e35f8f4eddd8b73bc7693cfb2d979d332afe3855004093588,https://www.ore12.net/inflazione-istat-ad-agosto-05-su-mese-33-su-anno-2/,"Inflazione: Istat, ad agosto +0,5% su mese, +3,3% su anno - Ore12",298,,,"... 11,4% a +17,0%), dei Beni durevoli (da +0,7% a +1,3%) e, in misura più lieve, degli Alimentari non lavorati (da +3,6% a +3,8%); di contro, decelera la ... crescita dei prezzi dei Servizi ricreativi, culturali e per la cura della persona (da +3,0% a +2,6%) e quella dei Servizi relativi ai trasporti (da +1,6% a +0,8%).... Nel settore dei beni i prezzi evidenziano un'accelerazione del loro ritmo di crescita (da +3,2% a +4,1%), a cui si contrappone il rallentamento di quello dei prezzi dei servizi (da +2,7% a +2,4%). Si amplia il differenziale tra il comparto dei servizi e quello dei beni, che passa da -0,5 a -1,7 punti percentuali.La variazione tendenziale dei prezzi dei Beni alimentari, per la cura della casa e della persona si riduce (da +1,0% a +0,9%), mentre quella dei prodotti ad alta frequenza d'acquisto aumenta (da +3,4% a +4,3%). La variazione congiunturale dell'indice generale – prosegue l'Istat-  riflette soprattutto l'aumento dei prezzi degli Energetici regolamentati (+3,0%) e non regolamentati (+2,9%), dei Servizi relativi ai trasporti (+1,3%) e dei Beni durevoli (+0,5%). L'inflazione media del 2026 acquisita ad agosto è pari a +2,9% per l'indice generale e a +1,9% per la componente di fondo. L'indice armonizzato dei prezzi al consumo (IPCA) registra una variazione pari a +0,1% su base mensile, a causa dei saldi estivi di cui il NIC non tiene conto, e a +3,2% su base annua (da +2,9% del mese precedente), confermando la stima preliminare.... La crescita dei prezzi rallenta ... ai trasporti. Il cosiddetto ‘carrello della spesa' diminuisce lievemente (da +1,0% a +0,9%), come anche l'inflazione di fondo (da +1,6% a +1,5%)",https://eview.copyscape.com/compare/2ooki9eiaq/1
57,2026-10-01T09:48:16.794375,PRECONAGO2026,35d82a0d0255b74e35f8f4eddd8b73bc7693cfb2d979d332afe3855004093588,https://giornaledellepmi.it/inflazione-in-accelerazione-ad-agosto-prezzi-al-33-la-spinta-arriva-dallenergia/,"Inflazione in accelerazione: ad agosto prezzi al +3,3%, la spinta arriva dall’energia – Il Giornale delle PMI",185,,,"... Nel mese di agosto 2026 l'indice nazionale dei prezzi al consumo per l'intera collettività (NIC), al lordo dei tabacchi, registra una variazione del +0,5% su base mensile e del +3,3% su base annua (da +2,9% di luglio), confermando la stima ... L'aumento dell'inflazione riflette principalmente l'andamento dei prezzi degli Energetici, regolamentati (da +14,8% a +18,6%) e, soprattutto, non regolamentati (da +11,4% a +17,0%), dei Beni durevoli (da +0,7% a +1,3%) e, in misura più ... contro, decelera la crescita dei prezzi dei Servizi ricreativi, culturali e per la cura della persona (da +3,0% a +2,6%) e quella dei Servizi relativi ai trasporti (da +1,6% a +0,8%). Nel mese di ... La variazione congiunturale dell'indice generale riflette soprattutto l'aumento dei prezzi degli Energetici regolamentati (+3,0%) e non regolamentati (+2,9%), dei Servizi relativi ai trasporti (+1,3%) e dei Beni durevoli (+0,5%). L'inflazione ... La crescita dei prezzi rallenta ... ai trasporti. Il cosiddetto “carrello della spesa” diminuisce lievemente (da +1,0% a +0,9%), come anche l'inflazione di fondo (da +1,6% a +1,5%)",https://eview.copyscape.com/compare/2ooki9eiaq/2
58,2026-10-01T09:48:16.794375,PRECONAGO2026,35d82a0d0255b74e35f8f4eddd8b73bc7693cfb2d979d332afe3855004093588,https://www.ripartelitalia.it/inflazione-ad-agosto-sale-al-33-beni-energetici-171-e-carrello-della-spesa-allo-09-il-report-dellistat/,"Inflazione: ad agosto sale al 3,3%, beni energetici +17,1% e carrello della spesa allo 0,9% | Il report dell’Istat",150,,,"... Nel mese di agosto 2026 l'indice nazionale dei prezzi al consumo per l'intera collettività (NIC), al lordo dei tabacchi, registra una variazione del +0,5% su base mensile e del +3,3% su base annua (da +2,9% di luglio), confermando la stima ... L'aumento dell'inflazione riflette ... 11,4% a +17,0%), dei Beni durevoli (da +0,7% a +1,3%) e, in misura più lieve, degli Alimentari non lavorati (da +3,6% a +3,8%); di contro, decelera la crescita dei prezzi dei Servizi ricreativi, ... La variazione congiunturale dell'indice generale riflette soprattutto l'aumento dei prezzi degli Energetici regolamentati (+3,0%) e non regolamentati (+2,9%), dei Servizi relativi ai trasporti (+1,3%) e dei Beni durevoli (+0,5%). L'inflazione ... La crescita dei prezzi rallenta ... ai trasporti. Il cosiddetto “carrello della spesa” diminuisce lievemente (da +1,0% a +0,9%), come anche l'inflazione di fondo (da +1,6% a +1,5%)",https://eview.copyscape.com/compare/2ooki9eiaq/3
59,2026-10-01T09:48:16.794375,PRECONAGO2026,35d82a0d0255b74e35f8f4eddd8b73bc7693cfb2d979d332afe3855004093588,https://www.agenziagiornalisticaopinione.it/opinionmix/istat-prezzi-al-consumo-agosto-2026/,ISTAT * «PREZZI AL CONSUMO – AGOSTO 2026» - Agenzia giornalistica Opinione. Notizie da Italia - Mondo / Trentino Alto Adige,149,,,"... Nel mese di agosto 2026 l'indice nazionale dei prezzi al consumo per l'intera collettività (NIC), al lordo dei tabacchi, registra una variazione del +0,5% su base mensile e del +3,3% su base annua (da +2,9% di luglio), confermando la stima ... L'aumento dell'inflazione riflette ... contro, decelera la crescita dei prezzi dei Servizi ricreativi, culturali e per la cura della persona (da +3,0% a +2,6%) e quella dei Servizi relativi ai trasporti (da +1,6% a +0,8%). Nel mese di ... La variazione congiunturale dell'indice generale riflette soprattutto l'aumento dei prezzi degli Energetici regolamentati (+3,0%) e non regolamentati (+2,9%), dei Servizi relativi ai trasporti (+1,3%) e dei Beni durevoli (+0,5%). L'inflazione ... La crescita dei prezzi rallenta ... ai trasporti. Il cosiddetto “carrello della spesa” diminuisce lievemente (da +1,0% a +0,9%), come anche l'inflazione di fondo (da +1,6% a +1,5%)",https://eview.copyscape.com/compare/2ooki9eiaq/4
60,2026-10-01T09:48:16.794375,PRECONAGO2026,35d82a0d0255b74e35f8f4eddd8b73bc7693cfb2d979d332afe3855004093588,https://www.adn24.it/blog/2026/09/16/ad-agosto-linflazione-sale-a-33-sostenuta-dai-prezzi-dei-beni-energetici/,"Ad agosto l’inflazione sale a +3,3% sostenuta dai prezzi dei beni energetici",146,,,"... In particolare, nel mese di agosto 2026 l'indice nazionale dei prezzi al consumo per l'intera collettività (NIC), al lordo dei tabacchi, registra una variazione del +0,5% su base mensile e del +3,3% su base annua (da +2,9% di luglio), ... L'aumento dell'inflazione riflette ... contro, decelera la crescita dei prezzi dei Servizi ricreativi, culturali e per la cura della persona (da +3,0% a +2,6%) e quella dei Servizi relativi ai trasporti (da +1,6% a +0,8%). Nel mese di ... La variazione congiunturale dell'indice generale riflette soprattutto l'aumento dei prezzi degli Energetici regolamentati (+3,0%) e non regolamentati (+2,9%), dei Servizi relativi ai trasporti (+1,3%) e dei Beni durevoli (+0,5%). L'inflazione ... La crescita dei prezzi rallenta ... ai trasporti. Il cosiddetto “carrello della spesa” diminuisce lievemente (da +1,0% a +0,9%), come anche l'inflazione di fondo (da +1,6% a +1,5%)",https://eview.copyscape.com/compare/2ooki9eiaq/5
61,2026-10-01T09:48:16.794375,PRECONAGO2026,35d82a0d0255b74e35f8f4eddd8b73bc7693cfb2d979d332afe3855004093588,https://www.italianews24.news/blog/2026/09/16/ad-agosto-linflazione-sale-a-33-sostenuta-dai-prezzi-dei-beni-energetici/,"Ad agosto l’inflazione sale a +3,3% sostenuta dai prezzi dei beni energetici – ITALIA News 24",145,,,"... L'aumento dell'inflazione riflette ... da +3,6% a +3,8%); di contro, decelera la crescita dei prezzi dei Servizi ricreativi, culturali e per la cura della persona (da +3,0% a +2,6%) e quella dei Servizi relativi ai trasporti (da +1,6% a +0,8%). Nel mese di agosto l'”inflazione ... La variazione tendenziale dei prezzi ... La variazione congiunturale dell'indice generale riflette soprattutto l'aumento dei prezzi degli Energetici regolamentati (+3,0%) e non regolamentati (+2,9%), dei Servizi relativi ai trasporti (+1,3%) e dei Beni durevoli (+0,5%). L'inflazione media del 2026 acquisita ad agosto è pari ... La crescita dei prezzi rallenta anche per alcune tipologie di servizi, tra cui i servizi ricreativi, culturali e per la cura della persona e quelli relativi ai trasporti. Il cosiddetto “carrello della spesa” diminuisce lievemente (da +1,0% a +0,9%), come anche l'inflazione di fondo (da ",https://eview.copyscape.com/compare/2ooki9eiaq/6
62,2026-10-01T09:48:16.794375,PRECONAGO2026,35d82a0d0255b74e35f8f4eddd8b73bc7693cfb2d979d332afe3855004093588,https://www.adnkronos.com/economia/inflazione-agosto-2026-cresce-energia-prezzi_605eKZp4k8qBCZgxgVdQ1u,"Inflazione, ad agosto vola al 3,3%: a spingere i prezzi dell'energia",124,,,"... Ad agosto 2026 l'indice nazionale dei prezzi al consumo per l'intera collettività (Nic), al lordo dei tabacchi, registra una variazione del +0,5% su base mensile e del +3,3% su base annua (da +2,9% di luglio), confermando la stima preliminare.... L'aumento dell'inflazione riflette principalmente l'andamento dei prezzi degli Energetici, regolamentati (da +14,8% a +18,6%) e, soprattutto, non regolamentati (da +11,4% a +17,0%), dei Beni durevoli (da +0,7% a +1,3%) e, in misura più ... La variazione congiunturale dell'indice generale riflette soprattutto l'aumento dei prezzi degli Energetici regolamentati (+3,0%) e non regolamentati (+2,9%), dei Servizi relativi ai trasporti (+1,3%) e dei Beni durevoli (+0,5%). L'inflazione ... tabacchi, registra una variazione congiunturale pari a +0,6% e ",https://eview.copyscape.com/compare/2ooki9eiaq/7
63,2026-10-01T09:48:16.794375,PRECONAGO2026,35d82a0d0255b74e35f8f4eddd8b73bc7693cfb2d979d332afe3855004093588,https://requadro.com/ad-agosto-2026-inflazione-al-33/,"Ad agosto 2026 inflazione al +3,3% - Requadro",117,,,"... Ad agosto 2026 l'inflazione sale a +3,3% (da +2,9% di luglio), sostenuta dall'andamento dei prezzi dei beni energetici (da +11,6% a +17,1%). La stima è di Istat.  L'aumento dell'inflazione riflette principalmente l'andamento dei prezzi degli energetici, regolamentati (da +14,8% a +18,6%) e, soprattutto, non regolamentati (da +11,4% a +17,0%), dei beni durevoli (da +0,7% a +1,3%) e, in misura più lieve, degli Alimentari non lavorati (da +3,6% a +3,8%); di contro, decelera la crescita dei prezzi dei servizi ricreativi, culturali e per la cura della persona (da +3,0% a +2,6%) e quella dei servizi relativi ai trasporti (da +1,6% a +0,8%).... Ad agosto 2026 l'inflazione sale a +3,3% (da +2,9% di luglio), sostenuta dall'andamento dei prezzi dei beni energetici (da +11,6% a +17,1%). La stima è di Istat. L'aumento dell'inflazione riflette principalmente l'andamento dei prezzi ",https://eview.copyscape.com/compare/2ooki9eiaq/8
64,2026-10-01T09:48:16.794375,PRECONAGO2026,35d82a0d0255b74e35f8f4eddd8b73bc7693cfb2d979d332afe3855004093588,https://www.ragionierieprevidenza.it/2026/09/inflazione-ad-agosto-vola-al-33-a-spingere-i-prezzi-dellenergia/,"Inflazione, ad agosto vola al 3,3%: a spingere i prezzi dell'energia - Ragionieri e previdenza",114,,,"... Ad agosto 2026 l'indice nazionale dei prezzi al consumo per l'intera collettività (Nic), al lordo dei tabacchi, registra una variazione del +0,5% su base mensile e del +3,3% su base annua (da +2,9% di luglio), confermando la stima preliminare.... L'aumento dell'inflazione riflette principalmente l'andamento dei prezzi degli Energetici, regolamentati (da +14,8% a +18,6%) e, soprattutto, non regolamentati (da +11,4% a +17,0%), dei Beni durevoli (da +0,7% a +1,3%) e, in misura più ... La variazione congiunturale dell'indice generale riflette soprattutto l'aumento dei prezzi degli Energetici regolamentati (+3,0%) e non regolamentati (+2,9%), dei Servizi relativi ai trasporti (+1,3%) e dei Beni durevoli (+0,5%). L'inflazione ",https://eview.copyscape.com/compare/2ooki9eiaq/9
65,2026-10-01T09:48:16.794375,PRECONAGO2026,35d82a0d0255b74e35f8f4eddd8b73bc7693cfb2d979d332afe3855004093588,https://www.blog.it/ad-agosto-linflazione-cresce-al-33-trainata-dai-prezzi-energetici-in-aumento/,"Ad agosto l’inflazione cresce al 3,3% trainata dai prezzi energetici in aumento - Blog.it - Notizie, Lifestyle, Gossip, Viaggi, Tech e molto altro",111,,,"... L'aumento dell'inflazione riflette ... contro, decelera la crescita dei prezzi dei Servizi ricreativi, culturali e per la cura della persona (da +3,0% a +2,6%) e quella dei Servizi relativi ai trasporti (da +1,6% a +0,8%). Nel mese di ... La variazione tendenziale dei prezzi ... La variazione congiunturale dell'indice generale riflette soprattutto l'aumento dei prezzi degli Energetici regolamentati (+3,0%) e non regolamentati (+2,9%), dei Servizi relativi ai trasporti (+1,3%) e dei Beni durevoli (+0,5%). L'inflazione ... La crescita dei prezzi rallenta ... ai trasporti. Il cosiddetto “carrello della spesa” diminuisce lievemente (da +1,0% a +0,9%), come anche l'inflazione di fondo (da +1,6% a +1,5%)",https://eview.copyscape.com/compare/2ooki9eiaq/10
66,2026-10-01T09:48:16.794375,PRECONAGO2026,35d82a0d0255b74e35f8f4eddd8b73bc7693cfb2d979d332afe3855004093588,https://taorminanews24.com/ad-agosto-linflazione-sale-a-33-sostenuta-dai-prezzi-dei-beni-energetici/,"Ad agosto l’inflazione sale a +3,3% sostenuta dai prezzi dei beni energetici",106,,,"... L'aumento dell'inflazione riflette ... contro, decelera la crescita dei prezzi dei Servizi ricreativi, culturali e per la cura della persona (da +3,0% a +2,6%) e quella dei Servizi relativi ai trasporti (da +1,6% a +0,8%). Nel mese di ... La variazione congiunturale dell'indice generale riflette soprattutto l'aumento dei prezzi degli Energetici regolamentati (+3,0%) e non regolamentati (+2,9%), dei Servizi relativi ai trasporti (+1,3%) e dei Beni durevoli (+0,5%). L'inflazione ... La crescita dei prezzi rallenta ... ai trasporti. Il cosiddetto “carrello della spesa” diminuisce lievemente (da +1,0% a +0,9%), come anche l'inflazione di fondo (da +1,6% a +1,5%)",https://eview.copyscape.com/compare/2ooki9eiaq/11
67,2026-10-01T09:48:16.794375,PRECONAGO2026,35d82a0d0255b74e35f8f4eddd8b73bc7693cfb2d979d332afe3855004093588,https://www.astrid-online.it/static/upload/cs_p/cs_prezzi-al-consumo_def_agosto2026.pdf,UFFICIO STAMPA tel. +39 06 4673.2243/44 ufficiostampa@istat.it CONTACT CENTRE,89,,,"... crescita dei prezzi dei Servizi ricreativi, culturali e per la cura della persona (da +3,0% a +2,6%) e quella... La variazione congiunturale dell'indice generale riflette soprattutto l'aumento dei prezzi degli Energetici · regolamentati (+3,0%) e non regolamentati (+2,9%), dei Servizi relativi ai trasporti (+1,3%) e dei Beni ... L'inflazione media del 2026 acquisita ad agosto è pari a +2,9% per l'indice generale e a +1,9% per la ... L'indice armonizzato dei prezzi al consumo (IPCA) registra una variazione pari a +0,1% su base mensile,",https://eview.copyscape.com/compare/2ooki9eiaq/12
68,2026-10-01T09:48:16.794375,PRECONAGO2026,35d82a0d0255b74e35f8f4eddd8b73bc7693cfb2d979d332afe3855004093588,https://teleborsa.ansa.it/notiziario/economia/inflazione-in-accelerazione-al-33-ad-agosto-con-impennata-prezzi-energia/,"Inflazione in accelerazione al 3,3% ad agosto con impennata prezzi energia – teleborsa.ansa.it",88,,,"... Anche la variazione congiunturale dell'indice generale riflette soprattutto l'aumento dei prezzi degli Energetici regolamentati (+3,2%)  e non regolamentati (+2,8%),  dei Servizi relativi ai trasporti (+1,4%), degli Alimentari lavorati (+0,4%)  e dei Beni durevoli (+0,3%). L'inflazione acquisita per il 2026  è pari a +2,9% per l'indice generale e a +1,9% per la componente di fondo. L'indice armonizzato dei prezzi al consumo (IPCA) registra una variazione pari a +0,1% su base mensile, a causa dei saldi estivi di cui il NIC non tiene conto, e a +3,2% su base annua (da +2,9% del mese precedente).",https://eview.copyscape.com/compare/2ooki9eiaq/13
69,2026-10-01T09:48:16.794375,PRECONAGO2026,35d82a0d0255b74e35f8f4eddd8b73bc7693cfb2d979d332afe3855004093588,https://www.ore12.net/inflazione-costa-meno-il-carrello-della-spesa-prezzi-in-calo-dello-03/,"Inflazione: costa meno il 'carrello della spesa', prezzi in calo dello 0,3% - Ore12",88,,,"... Il differenziale tra il comparto dei servizi e quello dei beni ... passa da -0,7 a -0,5 punti percentuali.  La variazione congiunturale dell'indice generale riflette ... l'aumento dei prezzi degli energetici regolamentati (+6,5%),  dei servizi relativi ai trasporti (+1,4%), dei servizi ricreativi, culturali e per la cura della persona (+0,6%), degli energetici non regolamentati1 (+0,5%), degli alimentari lavorati e dei servizi relativi all'abitazione (+0,3% entrambi); tali effetti sono solo parzialmente compensati dalla diminuzione degli alimentari non lavorati (-1,3%). L'inflazione acquisita per il 2026  è pari a +2,7%  per l'indice generale e a +1,8%  per la componente di fondo. L'indice armonizzato dei prezzi al consumo (Ipca) registra una variazione pari a -... 1% su base mensile, a causa dei saldi estivi di cui il Nic non tiene conto, e a +2,9%  su base annua (da +3%  del mese precedente), confermando la stima preliminare.",https://eview.copyscape.com/compare/2ooki9eiaq/14
70,2026-10-01T09:48:16.794375,PRECONAGO2026,35d82a0d0255b74e35f8f4eddd8b73bc7693cfb2d979d332afe3855004093588,https://www.ansa.it/sito/notizie/economia/2026/09/16/istat-lenergia-spinge-linflazione-al-33-confermate-stime_df81ea40-013d-4abf-bd21-717877590380.html,"Istat, l'energia spinge l'inflazione al 3,3%, confermate stime - Notizie - Ansa.it",83,,,"... L'aumento dell'inflazione riflette principalmente l'andamento dei prezzi degli energetici, regolamentati (da +14,8% a +18,6%) e, soprattutto, di quelli non regolamentati come i carburanti ( da +11,4% a +17,0%), dei beni durevoli (da +0,7% a +1,3%) e, in misura più lieve, degli alimentari non lavorati (da +3,6% a +3,8%); di contro, decelera la crescita dei prezzi dei servizi ricreativi, culturali e per la cura della persona (da +3% ... a +2,6%) e quella dei servizi relativi ai trasporti (da +1,6% a +0,8%). Il carrello della spesa ad agosto rallenta allo 0,9% dall'1% di luglio.",https://eview.copyscape.com/compare/2ooki9eiaq/15
71,2026-10-01T09:48:16.794375,PRECONAGO2026,35d82a0d0255b74e35f8f4eddd8b73bc7693cfb2d979d332afe3855004093588,https://www.agrapress.it/2026/09/inflazione-istat-ad-agosto-2026-05-su-luglio-e-33-in-un-anno/,"INFLAZIONE: ISTAT, AD AGOSTO 2026 +0,5% SU LUGLIO E +3,3% IN UN ANNO – AGRA PRESS",81,,,"... nel mese di agosto 2026 l'indice nazionale dei prezzi al consumo per l'intera collettivita' ( nic), al lordo dei tabacchi, registra una variazione del +0,5% su base mensile e del +3,3% su base annua (da +2,9% di luglio), confermando la stima preliminare"". lo rende noto un comunicato dell'istat, che cosi' prosegue: "" l'aumento dell'inflazione riflette principalmente l'andamento dei prezzi degli energetici, regolamentati (da +14,8% a +18,6%) e, soprattutto, non regolamentati (da +11,4% a +17,0%), dei beni durevoli (da +0,7% a +1,3%) e, in misura piu' lieve, degli alimenta",https://eview.copyscape.com/compare/2ooki9eiaq/16
72,2026-10-01T09:48:16.794375,PRECONAGO2026,35d82a0d0255b74e35f8f4eddd8b73bc7693cfb2d979d332afe3855004093588,https://www.redazionenews.it/adnkronos/2026/09/16/inflazione-ad-agosto-vola-al-33-a-spingere-i-prezzi-dellenergia/,"Inflazione, ad agosto vola al 3,3%: a spingere i prezzi dell’energia",80,,,"... Ad agosto 2026 l'indice nazionale dei prezzi al consumo per l'intera collettività (Nic), al lordo dei tabacchi, registra una variazione del +0,5% su base mensile e del +3,3% su base annua (da +2,9% di luglio), confermando la stima preliminare.... L'aumento dell'inflazione riflette principalmente l'andamento dei prezzi degli Energetici, regolamentati (da +14,8% a +18,6%) e, soprattutto, non regolamentati (da +11,4% a +17,0%), dei Beni durevoli (da +0,7% a +1,3%) e, in misura più ",https://eview.copyscape.com/compare/2ooki9eiaq/17
73,2026-10-01T09:48:16.794375,PRECONAGO2026,35d82a0d0255b74e35f8f4eddd8b73bc7693cfb2d979d332afe3855004093588,https://lokkio.it/inflazione-ad-agosto-vola-al-33-a-spingere-i-prezzi-dellenergia/,"Inflazione, ad agosto vola al 3,3%: a spingere i prezzi dell'energia - Lokkio",80,,,"... Ad agosto 2026 l'indice nazionale dei prezzi al consumo per l'intera collettività (Nic), al lordo dei tabacchi, registra una variazione del +0,5% su base mensile e del +3,3% su base annua (da +2,9% di luglio), confermando la stima preliminare.... L'aumento dell'inflazione riflette principalmente l'andamento dei prezzi degli Energetici, regolamentati (da +14,8% a +18,6%) e, soprattutto, non regolamentati (da +11,4% a +17,0%), dei Beni durevoli (da +0,7% a +1,3%) e, in misura più ",https://eview.copyscape.com/compare/2ooki9eiaq/18
74,2026-10-01T09:48:16.794375,PRECONAGO2026,35d82a0d0255b74e35f8f4eddd8b73bc7693cfb2d979d332afe3855004093588,https://giornaledellepmi.it/inflazione-fiammata-dagosto-33-annuo-spinta-dagli-energetici/,"Inflazione, fiammata d’agosto: +3,3% annuo, spinta dagli energetici - Il Giornale delle PMI",70,,,"... L'aumento dell'inflazione riflette principalmente l'andamento dei prezzi degli Energetici, sia  non regolamentati (da +11,4% a +16,9%) sia regolamentati (da +14,8% a +18, 8%); di contro, decelerano i ... di contro, decelerano i prezzi dei Servizi ricreativi, culturali e per la cura della persona (da +3,0% a +2,6%) e ... dei Servizi relativi ai trasporti (da +1,6% a +0,9%)... La variazione congiunturale dell'indice generale riflette soprattutto l'aumento dei prezzi degli Energetici regolamentati (+3,2%)  e non regolamentati (+2,8%),  dei Servizi relativi ai trasporti (+1,4%), degli Alimentari lavorati (+0,4%) e ",https://eview.copyscape.com/compare/2ooki9eiaq/19
75,2026-10-01T09:48:16.794375,PRECONAGO2026,35d82a0d0255b74e35f8f4eddd8b73bc7693cfb2d979d332afe3855004093588,https://www.latiburtinanews.it/2026/09/16/inflazione-ad-agosto-vola-al-33-a-spingere-i-prezzi-dellenergia/,"Inflazione, ad agosto vola al 3,3%: a spingere i prezzi dell'energia - La Tiburtina",65,,,"... Ad agosto 2026 l'indice nazionale ... dei tabacchi, registra una variazione del +0,5% su base mensile e del +3,3% su base annua (da +2,9% di luglio), confermando la stima preliminare.... La variazione congiunturale dell'indice generale riflette soprattutto l'aumento dei prezzi degli Energetici regolamentati (+3,0%) e non regolamentati (+2,9%), dei Servizi relativi ai trasporti (+1,3%) e dei Beni durevoli (+0,5%). L'inflazione ",https://eview.copyscape.com/compare/2ooki9eiaq/20
76,2026-10-01T09:48:16.794375,PRECONAGO2026,35d82a0d0255b74e35f8f4eddd8b73bc7693cfb2d979d332afe3855004093588,https://www.giornaledellepmi.it/inflazione-a-luglio-rallenta-al-29-carrello-della-spesa-a-1-ma-luce-e-gas-corrono-148/,"Inflazione, a luglio rallenta al 2,9%: carrello della spesa a +1%, ma luce e gas corrono (+14,8%) - Il Giornale delle PMI",51,,,"... Il lieve rallentamento dell'inflazione riflette la dinamica dei prezzi degli Energetici non regolamentati (da +13,3% a +11,4%), degli Alimentari non lavorati (da +4,4% a +3,6%) e dei Servizi vari (da +2,5% a +1,8%); in accelerazione sono, invece, i prezzi degli Energetici regolamentati (da +9,2% a +14,8%), dei Servizi relativi ai trasporti (da +1,1% a +1,6%) e  dei Servizi ricreativi, culturali e per la cura della persona (da +2,7% a +3,0%).  Nel mese di luglio  l'“inflazione di fondo”, ... al netto degli energetici e degli alimentari freschi, resta stabile a +1,6%, mentre  quella al netto dei soli beni energetici rallenta da +1,9% a +1,8%. I prezzi dei beni decelerano (da +3,3% a +3,2%), mentre la dinamica di quelli dei servizi è in lieve accelerazione (da +2,6% a +2,7%).  Il differenziale tra il comparto dei servizi e quello dei beni ... passa da -0,7 a -0,5 punti percentuali.",https://eview.copyscape.com/compare/2ooki9eiaq/21
77,2026-10-01T09:48:16.794375,PRECONAGO2026,35d82a0d0255b74e35f8f4eddd8b73bc7693cfb2d979d332afe3855004093588,https://www.hashtagsicilia.it/2026/08/13/inflazione-a-luglio-lieve-frenata-scende-al-29-ma-accelerano-i-prezzi-dellenergia-regolamentata/,"Inflazione, a luglio lieve frenata: scende al 2,9%, ma accelerano i prezzi dell’energia regolamentata - hashtagsicilia",51,,,"... Il lieve rallentamento dell'inflazione riflette la dinamica dei prezzi degli Energetici non regolamentati (da +13,3% a +11,4%), degli Alimentari non lavorati (da +4,4% a +3,6%) e dei Servizi vari (da +2,5% a +1,8%); in accelerazione sono, invece, i prezzi degli Energetici regolamentati (da +9,2% a +14,8%), dei Servizi relativi ai trasporti (da +1,1% a +1,6%) e  dei Servizi ricreativi, culturali e per la cura della persona (da +2,7% a +3,0%). ... Nel mese di luglio  l'“inflazione di fondo”, ... al netto degli energetici e degli alimentari freschi, resta stabile a +1,6%, mentre  quella al netto dei soli beni energetici rallenta da +1,9% a +1,8%. I prezzi dei beni decelerano (da +3,3% a +3,2%), mentre la dinamica di quelli dei servizi è in lieve accelerazione (da +2,6% a +2,7%).  Il differenziale tra il comparto dei servizi e quello dei beni ... passa da -0,7 a -0,5 punti percentuali.",https://eview.copyscape.com/compare/2ooki9eiaq/22
78,2026-10-01T09:48:16.794375,PRECONAGO2026,35d82a0d0255b74e35f8f4eddd8b73bc7693cfb2d979d332afe3855004093588,https://www.nuovogiornalenazionale.com/istat-landamento-dei-prezzi-al-consumo-a-luglio-2026/,"Istat, l'andamento dei prezzi al consumo a luglio 2026 - Nuovo Giornale Nazionale",50,,,"... Il lieve rallentamento dell'inflazione riflette la dinamica dei prezzi degli Energetici non regolamentati (da +13,3% a +11,4%), degli Alimentari non lavorati (da +4,4% a +3,6%) e dei Servizi vari (da +2,5% a +1,8%); in accelerazione sono, invece, i prezzi degli Energetici regolamentati (da +9,2% a +14,8%), dei Servizi relativi ai trasporti (da +1,1% a +1,6%) e  dei Servizi ricreativi, culturali e per la cura della persona (da +2,7% a +3,0%).  Nel mese di luglio la “ inflazione di fondo”, ... al netto degli energetici e degli alimentari freschi, resta stabile a +1,6%, mentre  quella al netto dei soli beni energetici rallenta da +1,9% a +1,8%. I prezzi dei beni decelerano (da +3,3% a +3,2%), mentre la dinamica di quelli dei servizi è in lieve accelerazione (da +2,6% a +2,7%).  Il differenziale tra il comparto dei servizi e quello dei beni ... passa da -0,7 a -0,5 punti percentuali.",https://eview.copyscape.com/compare/2ooki9eiaq/23
79,2026-10-01T09:48:16.794375,PRECONAGO2026,35d82a0d0255b74e35f8f4eddd8b73bc7693cfb2d979d332afe3855004093588,https://ladiscussione.com/462059/economia/inflazione-agosto-2026/,"Inflazione al 3,3% ad agosto 2026, accelerano i prezzi dell’energia",46,,,"... La variazione congiunturale dell'indice generale, pari a +0,5%, riflette soprattutto l'uamento  dei prezzi degli Energetici regolamentati, cresciuti del 3,0% rispetto al mese precedente, e degli Energetici non regolamentati, in aumento del 2,9%. Crescono anche i  Servizi relativi ai trasporti, del  1,3%, e i Beni durevoli, del 0,5%.  L'indice armonizzato dei prezzi al consumo (IPCA) registra ad agosto una variazione dello  0,1% su base mensile, anche per effetto  dei saldi estivi di cui il NIC non tiene conto, e del  3,2% su base annua, rispetto al +2,9% di luglio.",https://eview.copyscape.com/compare/2ooki9eiaq/24
80,2026-10-01T09:48:16.794375,PRECONAGO2026,35d82a0d0255b74e35f8f4eddd8b73bc7693cfb2d979d332afe3855004093588,https://miolegale.it/utilita/ultimo-indice-istat/,"Ultimo indice ISTAT - Indici FOI, NIC e IPCA Agosto 2026",43,,,"... Nel mese di agosto 2026 l'indice nazionale dei prezzi al consumo per l'intera collettività (NIC), al lordo dei tabacchi, registra una variazione del +0,5% su base mensile e del +3,3% su base annua (da +2,9% di luglio), confermando la stima ",https://eview.copyscape.com/compare/2ooki9eiaq/25
81,2026-10-01T09:48:16.794375,PRECONAGO2026,35d82a0d0255b74e35f8f4eddd8b73bc7693cfb2d979d332afe3855004093588,https://news.avvocatoandreani.it/articoli/pubblicato-indice-istat-agosto-2026-108882.html,Pubblicato l'indice Istat di agosto 2026,43,,,"... Nel mese di agosto 2026 l'indice nazionale dei prezzi al consumo per l'intera collettività (NIC), al lordo dei tabacchi, registra una variazione del +0,5% su base mensile e del +3,3% su base annua (da +2,9% di luglio), confermando la stima ",https://eview.copyscape.com/compare/2ooki9eiaq/26
82,2026-10-01T09:48:16.794375,PRECONAGO2026,35d82a0d0255b74e35f8f4eddd8b73bc7693cfb2d979d332afe3855004093588,https://www.blitzquotidiano.it/economia/inflazione-33-ad-agosto-e-il-dato-piu-alto-da-tre-anni-crescono-i-prezzi-dellenergia-3800108,"Inflazione 3,3% ad agosto, è il dato più alto da tre anni",43,,,"... Nel mese di agosto l”inflazione di fondo', calcolata al netto degli energetici e degli alimentari freschi, rallenta  lievemente (da +1,6% a +1,5%) così come quella al netto dei soli beni energetici (da +1,8% a +1,7%). Nel settore dei beni, ",https://eview.copyscape.com/compare/2ooki9eiaq/27
83,2026-10-01T09:48:16.794375,PRECONAGO2026,35d82a0d0255b74e35f8f4eddd8b73bc7693cfb2d979d332afe3855004093588,https://teleborsa.ansa.it/notiziario/economia/inflazione-agosto-confermata-in-accelerazione-al-33-con-prezzi-energia/,"Inflazione agosto confermata in accelerazione al 3,3% con prezzi energia – teleborsa.ansa.it",42,,,"... dei beni energetici (da +11,6% a +17,1%). In particolare, i prezzi degli Energetici regolamentati accelerano  da +14,8% a +18,6% e quelli  non regolamentati da +11,4% a +17,0%. In accelerazione ... Nel settore dei beni i prezzi ... punti percentuali. Il cosiddetto “carrello della spesa” diminuisce lievemente (da +1,0% a +0,9%), mentre l'inflazione  dei prodotti ad alta frequenza d'acquisto aumenta (da +3,4% ",https://eview.copyscape.com/compare/2ooki9eiaq/28
84,2026-10-01T09:48:16.794375,PRECONAGO2026,35d82a0d0255b74e35f8f4eddd8b73bc7693cfb2d979d332afe3855004093588,https://www.shmag.it/lifestyle/economia/16_09_2026/inflazione-ad-agosto-vola-al-33-a-spingere-i-prezzi-dellenergia/,"Inflazione, ad agosto vola al 3,3%: a spingere i prezzi dell’energia • S&H Magazine",41,,,"... Ad agosto 2026 l'indice nazionale dei prezzi al consumo per l'intera collettività (Nic), al lordo dei tabacchi, registra una variazione del +0,5% su base mensile e del +3,3% su base annua (da +2,9% di luglio), confermando la stima preliminare.",https://eview.copyscape.com/compare/2ooki9eiaq/29
85,2026-10-01T09:48:16.794375,PRECONAGO2026,35d82a0d0255b74e35f8f4eddd8b73bc7693cfb2d979d332afe3855004093588,https://canaledieci.it/2026/09/16/inflazione-ad-agosto-vola-al-33-a-spingere-i-prezzi-dellenergia/,"Inflazione, ad agosto vola al 3,3%: a spingere i prezzi dell'energia",41,,,"... Ad agosto 2026 l'indice nazionale dei prezzi al consumo per l'intera collettività (Nic), al lordo dei tabacchi, registra una variazione del +0,5% su base mensile e del +3,3% su base annua (da +2,9% di luglio), confermando la stima preliminare.",https://eview.copyscape.com/compare/2ooki9eiaq/30
86,2026-10-01T09:48:16.794375,PRECONAGO2026,35d82a0d0255b74e35f8f4eddd8b73bc7693cfb2d979d332afe3855004093588,https://askanews.it/2026/09/16/inflazione-listat-conferma-le-stime-ad-agosto-sale-al-33/,"Inflazione, l’Istat conferma le stime: ad agosto sale al 3,3%",41,,,"... La variazione tendenziale dei prezzi dei Beni alimentari, per la cura della casa e della persona si riduce (da +1% ... a +0,9%), mentre quella dei prodotti ad alta frequenza d'acquisto aumenta (da +3,4% a +4,3%). La variazione congiunturale ",https://eview.copyscape.com/compare/2ooki9eiaq/31
87,2026-10-01T09:48:16.794375,PRECONAGO2026,35d82a0d0255b74e35f8f4eddd8b73bc7693cfb2d979d332afe3855004093588,https://lamilano.it/dai-media/inflazione-ad-agosto-vola-al-33-a-spingere-i-prezzi-dellenergia/,"Inflazione, ad agosto vola al 3,3%: a spingere i prezzi dell'energia",41,,,"... Ad agosto 2026 l'indice nazionale dei prezzi al consumo per l'intera collettività (Nic), al lordo dei tabacchi, registra una variazione del +0,5% su base mensile e del +3,3% su base annua (da +2,9% di luglio), confermando la stima preliminare.",https://eview.copyscape.com/compare/2ooki9eiaq/32
88,2026-10-01T09:48:16.794375,PRECONAGO2026,35d82a0d0255b74e35f8f4eddd8b73bc7693cfb2d979d332afe3855004093588,https://www.gazzettadinapoli.it/economia-2/istat-prezzi-al-consumo-ad-agosto-inflazione-05/,"Istat, prezzi al consumo, ad agosto inflazione +0,5%",41,,,"... L'aumento dell'inflazione riflette ... contro, decelera la crescita dei prezzi dei Servizi ricreativi, culturali e per la cura della persona (da +3,0% a +2,6%) e quella dei Servizi relativi ai trasporti (da +1,6% a +0,8%). Nel mese di ",https://eview.copyscape.com/compare/2ooki9eiaq/33
89,2026-10-01T09:48:16.794375,PRECONAGO2026,35d82a0d0255b74e35f8f4eddd8b73bc7693cfb2d979d332afe3855004093588,https://www.jlcnews.it/post/prezzi-al-consumo-agosto-2026-1,Prezzi al consumo - Agosto 2026,40,,,"... Dati definitivi Nel mese di agosto 2026 l'indice nazionale dei prezzi al consumo per l'intera collettività (NIC), al lordo dei tabacchi, registra una variazione del +0,5% su base mensile e del +3,3% su base annua (da +2,9% di luglio), ",https://eview.copyscape.com/compare/2ooki9eiaq/34
90,2026-10-01T09:48:16.794375,PRECONAGO2026,35d82a0d0255b74e35f8f4eddd8b73bc7693cfb2d979d332afe3855004093588,https://www.infoimpresa.info/inflazione-ad-agosto-vola-al-33-a-spingere-i-prezzi-dellenergia/,"Inflazione, ad agosto vola al 3,3%: a spingere i prezzi dell’energia - InfoImpresa",39,,,"... L'aumento dell'inflazione riflette principalmente l'andamento dei prezzi degli Energetici, regolamentati (da +14,8% a +18,6%) e, soprattutto, non regolamentati (da +11,4% a +17,0%), dei Beni durevoli (da +0,7% a +1,3%) e, in misura più ",https://eview.copyscape.com/compare/2ooki9eiaq/35
91,2026-10-01T09:48:16.794375,PRECONAGO2026,35d82a0d0255b74e35f8f4eddd8b73bc7693cfb2d979d332afe3855004093588,https://www.cremaoggi.it/2026/09/16/inflazione-ad-agosto-vola-al-33-a-spingere-i-prezzi-dellenergia/,"Inflazione, ad agosto vola al 3,3%: a spingere i prezzi dell'energia - Cremaoggi",39,,,"... L'aumento dell'inflazione riflette principalmente l'andamento dei prezzi degli Energetici, regolamentati (da +14,8% a +18,6%) e, soprattutto, non regolamentati (da +11,4% a +17,0%), dei Beni durevoli (da +0,7% a +1,3%) e, in misura più ",https://eview.copyscape.com/compare/2ooki9eiaq/36
92,2026-10-01T09:48:16.794375,PRECONAGO2026,35d82a0d0255b74e35f8f4eddd8b73bc7693cfb2d979d332afe3855004093588,https://www.italiaoggi.it/economia-e-politica/economia-e-finanza/prezzi-al-consumo-rallenta-linflazione-grazie-agli-alimentari-cs9sotvp,"Prezzi al consumo, rallenta l'inflazione grazie agli alimentari - ItaliaOggi.it",39,,,"... L'indice armonizzato dei prezzi al consumo (IPCA) registra una variazione pari a -... 1% su base mensile, a causa dei saldi estivi di cui il Nic non tiene conto, ea +2,9%  su base annua (da +3,0%  del mese precedente), confermando la stima preliminare.",https://eview.copyscape.com/compare/2ooki9eiaq/37
93,2026-10-01T09:48:16.794375,PRECONAGO2026,35d82a0d0255b74e35f8f4eddd8b73bc7693cfb2d979d332afe3855004093588,https://www.freshplaza.it/article/9863031/prezzi-alimentari-in-frenata-scendono-frutta-e-verdura/,"Prezzi alimentari in frenata, scendono frutta e verdura",35,,,"... Nel mese di luglio  2026 l'indice nazionale dei prezzi al consumo per l'intera collettività (NIC), al lordo dei tabacchi, registra una variazione del +0,3%  su base mensile e del +2,9%  su base annua (da +3,0% di giugno);  la stima preliminare era 2,8%.",https://eview.copyscape.com/compare/2ooki9eiaq/38
94,2026-10-01T09:48:16.794375,PRECONAGO2026,35d82a0d0255b74e35f8f4eddd8b73bc7693cfb2d979d332afe3855004093588,https://www.agenziagiornalisticaopinione.it/opinionmix/agosto-2026-indice-prezzi-consumo-nic-05-luglio-33-annuo/,ISTAT * «PREZZI AL CONSUMO (DATI PROVVISORI) – AGOSTO 2026» - Agenzia giornalistica Opinione. Notizie da Italia - Mondo / Trentino Alto Adige,31,,,"... L'aumento dell'inflazione riflette ... di contro, decelerano i prezzi dei Servizi ricreativi, culturali e per la cura della persona (da +3,0% a +2,6%) e ... dei Servizi relativi ai trasporti (da +1,6% a +0,9%)",https://eview.copyscape.com/compare/2ooki9eiaq/39
95,2026-10-01T09:48:16.794375,PRECONAGO2026,35d82a0d0255b74e35f8f4eddd8b73bc7693cfb2d979d332afe3855004093588,https://formatresearch.com/2026/09/01/inflazione-al-33-istat-prezzi-al-consumo/,"Inflazione al 3,3% | Istat PREZZI AL CONSUMO - Format Research",31,,,"... L'aumento dell'inflazione riflette ... di contro, decelerano i prezzi dei Servizi ricreativi, culturali e per la cura della persona (da +3,0% a +2,6%) e ... dei Servizi relativi ai trasporti (da +1,6% a +0,9%)",https://eview.copyscape.com/compare/2ooki9eiaq/40
96,2026-10-01T09:48:16.794375,PRECONAGO2026,35d82a0d0255b74e35f8f4eddd8b73bc7693cfb2d979d332afe3855004093588,https://www.rifondazionetoscana.it/istat-linflazione-ad-agosto-segna-un-parziale-33/,"ISTAT: l'inflazione ad Agosto segna un parziale +3,3% - Rifondazione Comunista Toscana",31,,,"... L'aumento dell'inflazione riflette ... di contro, decelerano i prezzi dei Servizi ricreativi, culturali e per la cura della persona (da +3,0% a +2,6%) e ... dei Servizi relativi ai trasporti (da +1,6% a +0,9%)",https://eview.copyscape.com/compare/2ooki9eiaq/41
97,2026-10-01T09:48:16.794375,PRECONAGO2026,35d82a0d0255b74e35f8f4eddd8b73bc7693cfb2d979d332afe3855004093588,https://www.lapresse.it/economia/2026/09/16/prezzi-ad-agosto-sale-linflazione-ma-frena-laumento-del-carrello-della-spesa-allarme-codacons-per-le-famiglie/,"Prezzi, ad agosto sale l'inflazione ma frena l'aumento del carrello ...",30,,,"... L'aumento dell'inflazione riflette principalmente l'andamento dei ... da +1,6% a +0,8%). Il cosiddetto ‘carrello della spesa' diminuisce lievemente (da +1,0% a +0,9%), come anche l'inflazione di fondo (da +1,6% a +1,5%)",https://eview.copyscape.com/compare/2ooki9eiaq/42
98,2026-10-01T09:48:16.794375,PRECONAGO2026,35d82a0d0255b74e35f8f4eddd8b73bc7693cfb2d979d332afe3855004093588,https://www.jlcnews.it/post/prezzi-al-consumo-dati-provvisori-settembre-2026,Prezzi al consumo (dati provvisori) - Settembre 2026,29,,,"... Secondo le stime preliminari, nel mese di settembre  2026 l'indice nazionale dei prezzi al consumo per l'intera collettività (NIC), al lordo dei tabacchi, registra una variazione pari a +0,7%  su base mensile e a +4,2%  su base annua (da +3,3% ",https://eview.copyscape.com/compare/2ooki9eiaq/43
99,2026-10-01T09:48:16.794375,PRECONAGO2026,35d82a0d0255b74e35f8f4eddd8b73bc7693cfb2d979d332afe3855004093588,https://www.ecnews.it/lavoro/rapporto-di-lavoro/gestione-del-rapporto/tfr-indice-di-rivalutazione-di-agosto-2026/,TFR: indice di rivalutazione di agosto 2026 - EC News - Area lavoro,28,,,"... Accelerano anche i prezzi dei Beni durevoli, dallo 0,7% all'1, 3%, e, in misura più contenuta, quelli  degli Alimentari non lavorati, dal 3,6% al 3,8%. Al contrario, rallentano i  Servizi ricreativi, culturali e per la cura della persona, la cui variazione annua scende dal 3% al  2,6%, e i  Servizi relativi ai trasporti, dall'1,6% allo 0,8%.",https://eview.copyscape.com/compare/2ooki9eiaq/44
100,2026-10-01T09:48:16.794375,PRECONAGO2026,35d82a0d0255b74e35f8f4eddd8b73bc7693cfb2d979d332afe3855004093588,https://www.adnkronos.com/economia/inflazione-carrello-spesa-dati-giugno-2026-istat_1XLZ58PGGFHJnBko1f10hf,"Inflazione rallenta a giugno, frena anche il carrello della spesa: i dati Istat",27,,,"... Il lieve rallentamento dell'inflazione riflette la dinamica dei prezzi degli Alimentari non lavorati (da +5,5% a +4,4%),  dei Servizi ricreativi, culturali e per la cura della persona (da +3,0% a +2,7%) e  dei Servizi relativi ai trasporti (da +1,7% a +1,1%); in accelerazione sono invece i prezzi degli Energetici, regolamentati (da +5,6% a +9,2%) ",https://eview.copyscape.com/compare/2ooki9eiaq/45
101,2026-10-01T09:48:16.794375,PRECONAGO2026,35d82a0d0255b74e35f8f4eddd8b73bc7693cfb2d979d332afe3855004093588,https://www.ilmonito.it/inflazione-rallenta-istat-a-giugno-al-3-carrello-della-spesa-all13/,"Inflazione rallenta, Istat: ""A giugno al 3%"". Carrello della spesa all'1,3% | ILMONITO",27,,,"... Il lieve rallentamento dell'inflazione riflette la dinamica dei prezzi degli Alimentari non lavorati (da +5,5% a +4,4%),  dei Servizi ricreativi, culturali e per la cura della persona (da +3,0% a +2,7%) e  dei Servizi relativi ai trasporti (da +1,7% a +1,1%); in accelerazione sono invece i prezzi degli Energetici, regolamentati (da +5,6% a +9,2%) ",https://eview.copyscape.com/compare/2ooki9eiaq/46
102,2026-10-01T09:48:16.794375,PRECONAGO2026,35d82a0d0255b74e35f8f4eddd8b73bc7693cfb2d979d332afe3855004093588,https://www.ansa.it/sito/notizie/economia/pmi/2026/09/30/-istat-linflazione-a-settembre-ai-massimi-da-tre-anni-_fb422a08-c0a7-4d0f-ac0a-5fa0aaad0f1e.html,"Istat, l'inflazione a settembre ai massimi da tre anni - PMI - Ansa.it",25,,,"... Secondo le stime preliminari dell'Istat, nel mese l'indice nazionale dei prezzi al consumo per l'intera collettività (Nic), al lordo dei tabacchi, registra una variazione pari a +0,7%  su base mensile e a +4,2%  su base annua (da +3,3% del mese ",https://eview.copyscape.com/compare/2ooki9eiaq/47
103,2026-10-01T09:48:16.794375,PRECONAGO2026,35d82a0d0255b74e35f8f4eddd8b73bc7693cfb2d979d332afe3855004093588,https://formatresearch.com/2026/07/31/inflazione-al-28-istat-prezzi-al-consumo/,"Inflazione al 2,8% | Istat PREZZI AL CONSUMO - Format Research",25,,,"... Il tasso di variazione tendenziale dei prezzi dei Beni alimentari, per la cura della casa e della persona si mantiene a +1,3%, mentre quello  dei prodotti ad alta frequenza d'acquisto si riduce (da +3,9% a +3,6%).  La variazione congiunturale ",https://eview.copyscape.com/compare/2ooki9eiaq/48
104,2026-10-01T09:48:16.794375,PRECONAGO2026,35d82a0d0255b74e35f8f4eddd8b73bc7693cfb2d979d332afe3855004093588,https://tarantosera.it/2026/09/02/inflazione-stangata-ad-agosto-33-spingono-i-prezzi-dellenergia/,"Inflazione, stangata ad agosto: +3,3%. Spingono i prezzi dell’energia - TarantoSera",24,,,"... La variazione congiunturale dell'indice generale riflette soprattutto l'aumento dei prezzi degli energetici regolamentati (+3,2%)  e non regolamentati (+2,8%),  dei servizi relativi ai trasporti (+1,4%), degli alimentari lavorati (+0,4%) e ",https://eview.copyscape.com/compare/2ooki9eiaq/49
105,2026-10-01T09:48:16.794375,PRECONAGO2026,35d82a0d0255b74e35f8f4eddd8b73bc7693cfb2d979d332afe3855004093588,https://www.aranagenzia.it/download/prezzi-al-consumo-giugno-2026/,Prezzi al consumo – giugno 2026 | Aran Agenzia,20,,,"... Nel mese di giugno  2026, l'indice nazionale dei prezzi al consumo per l'intera collettività, ... al lordo dei tabacchi, registra una variazione congiunturale nulla ",https://eview.copyscape.com/compare/2ooki9eiaq/50
106,2026-10-01T09:48:16.794375,PRECONAGO2026,35d82a0d0255b74e35f8f4eddd8b73bc7693cfb2d979d332afe3855004093588,https://giornaledellepmi.it/istat-inflazione-al-42-a-settembre-spinta-da-energia-e-alimentari/,"Istat: inflazione al 4,2% a settembre, spinta da energia e alimentari – Il Giornale delle PMI",20,,,"... degli Energetici regolamentati (+5,9%) e non regolamentati (+4,4%),  degli Alimentari non lavorati (+2,2%) e  dei Servizi ricreativi, culturali e per la cura della persona (+0,5%).... La variazione congiunturale ",https://eview.copyscape.com/compare/2ooki9eiaq/51
107,2026-10-01T09:48:16.794375,PRECONAGO2026,35d82a0d0255b74e35f8f4eddd8b73bc7693cfb2d979d332afe3855004093588,https://www.aranagenzia.it/download/prezzi-al-consumo-agosto-2026/,Prezzi al consumo – agosto 2026 | Aran Agenzia,19,,,"... L'aumento dell'inflazione riflette principalmente l'andamento dei prezzi degli Energetici, regolamentati (da +14,8% a +18,6%) e, soprattutto, non ",https://eview.copyscape.com/compare/2ooki9eiaq/52
108,2026-10-01T09:48:16.794375,PRECONAGO2026,35d82a0d0255b74e35f8f4eddd8b73bc7693cfb2d979d332afe3855004093588,https://www.touchpoint.news/2026/09/16/inflazione-ad-agosto-vola-al-33-a-spingere-i-prezzi-dellenergia/,"Inflazione, ad agosto vola al 3,3%: a spingere i prezzi dell'energia",16,,,"... L'aumento dell'inflazione riflette principalmente l'andamento dei ... tabacchi, registra una variazione congiunturale pari a +0,6% e ",https://eview.copyscape.com/compare/2ooki9eiaq/53
109,2026-10-01T09:48:16.794375,PRECONAGO2026,35d82a0d0255b74e35f8f4eddd8b73bc7693cfb2d979d332afe3855004093588,https://formatresearch.com/2026/09/16/inflazione-al-33-istat-prezzi-al-consumo/,"Inflazione al 3,3% | Istat PREZZI AL CONSUMO - Format Research",16,,,"... L'aumento dell'inflazione riflette principalmente l'andamento dei ... tabacchi, registra una variazione congiunturale pari a +0,6% e ",https://eview.copyscape.com/compare/2ooki9eiaq/54
110,2026-10-01T09:48:16.794375,PRECONAGO2026,35d82a0d0255b74e35f8f4eddd8b73bc7693cfb2d979d332afe3855004093588,https://www.aduc.it/notizia/inflazione+istat+conferma+agosto_143624.php,"Inflazione. Istat conferma +3,3% per agosto - ADUC",16,,,"... L'aumento dell'inflazione riflette principalmente l'andamento dei ... tabacchi, registra una variazione congiunturale pari a +0,6% e ",https://eview.copyscape.com/compare/2ooki9eiaq/55
111,2026-10-01T09:48:18.355499,PROINDLUG2026,27c192767b0bd121e01a6fcadc0e4e97b108d9f0368029cee98b49474395853a,https://formatresearch.com/2026/09/10/aumento-della-produzione-industriale-istat-luglio-2026/,Aumento della produzione industriale | Istat Luglio 2026 - Format Research,216,,,"... Nella media del periodo maggio-luglio si registra una diminuzione del livello della produzione dello 0,1% rispetto ai tre mesi precedenti. L'indice destagionalizzato mostra a luglio un calo congiunturale solo per l'energia (-0,9%); viceversa ... Al netto degli effetti di calendario, a luglio 2026 la produzione è rimasta invariata rispetto all'anno precedente (i giorni lavorativi di calendario sono stati 23 come a luglio 2025).... I settori di attività economica che registrano gli incrementi tendenziali più elevati sono la fornitura di energia elettrica, gas, vapore ed aria (+7,6%), la produzione di prodotti farmaceutici di base e preparati farmaceutici (+7,4%) e la fabbricazione di computer, prodotti di elettronica e ottica, apparecchi elettromedicali, apparecchi di misurazione (+2,4%). Le flessioni più ampie si rilevano nelle altre industrie manifatturiere, riparazione e installazione di macchine ed apparecchiature (-4,6%), nella fabbricazione di prodotti chimici (-3,4%) e nella fabbricazione di apparecchiature elettriche e apparecchiature per uso domestico non elettriche (-2,8%). ... A luglio la produzione industriale destagionalizzata registra un incremento congiunturale. Si rileva una dinamica mensile positiva per tutti i raggruppamenti di industrie ad eccezione dell'energia.... In termini tendenziali la produzione, al netto degli effetti di calendario, rimane invariata. Tra i principali settori di attività, a parte l'energia, si distingue su base annua la crescita dei prodotti farmaceutici.",https://eview.copyscape.com/compare/45iyt4ixc6/1
112,2026-10-01T09:48:18.355499,PROINDLUG2026,27c192767b0bd121e01a6fcadc0e4e97b108d9f0368029cee98b49474395853a,https://giornaledellepmi.it/produzione-industriale-a-luglio-07-su-giugno-ma-il-trimestre-resta-in-leggero-calo-01/,"Produzione industriale, a luglio +0,7% su giugno ma il trimestre resta in leggero calo (-0,1%) – Il Giornale delle PMI",216,,,"... Nella media del periodo maggio-luglio si registra una diminuzione del livello della produzione dello 0,1% rispetto ai tre mesi precedenti. L'indice destagionalizzato mostra a luglio un calo congiunturale solo per l'energia (-0,9%); viceversa ... Al netto degli effetti di calendario, a luglio 2026 la produzione è rimasta invariata rispetto all'anno precedente (i giorni lavorativi di calendario sono stati 23 come a luglio 2025).... I settori di attività economica che registrano gli incrementi tendenziali più elevati sono la fornitura di energia elettrica, gas, vapore ed aria (+7,6%), la produzione di prodotti farmaceutici di base e preparati farmaceutici (+7,4%) e la fabbricazione di computer, prodotti di elettronica e ottica, apparecchi elettromedicali, apparecchi di misurazione (+2,4%). Le flessioni più ampie si rilevano nelle altre industrie manifatturiere, riparazione e installazione di macchine ed apparecchiature (-4,6%), nella fabbricazione di prodotti chimici (-3,4%) e nella fabbricazione di apparecchiature elettriche e apparecchiature per uso domestico non elettriche (-2,8%). ... A luglio la produzione industriale destagionalizzata registra un incremento congiunturale. Si rileva una dinamica mensile positiva per tutti i raggruppamenti di industrie ad eccezione dell'energia.... In termini tendenziali la produzione, al netto degli effetti di calendario, rimane invariata. Tra i principali settori di attività, a parte l'energia, si distingue su base annua la crescita dei prodotti farmaceutici.",https://eview.copyscape.com/compare/45iyt4ixc6/2
113,2026-10-01T09:48:18.355499,PROINDLUG2026,27c192767b0bd121e01a6fcadc0e4e97b108d9f0368029cee98b49474395853a,https://www.lachirico.it/2026/09/11/istat-produzione-industriale-luglio-07-su-mese-invariata-su-anno/,"Istat, produzione industriale luglio +0,7% su mese, invariata su anno",147,,,"... A luglio 2026 si stima che l'indice destagionalizzato della produzione industriale aumenti dello 0,7% rispetto a giugno. Lo comunica l'Istat sottolineando che  al netto degli effetti di calendario, a luglio 2026 la produzione è rimasta invariata ... Al netto degli effetti di calendario, a luglio 2026 su base tendenziale si registra un incremento solo per l'energia (+6,4%) mentre  variazioni negative si osservano ... per beni strumentali (-0,1%), i beni intermedi (-0,8%) e i beni di consumo (-1,2%). I settori di attività economica che registrano gli incrementi tendenziali più elevati sono la fornitura di energia elettrica, gas, vapore ed aria (+7,6%), la produzione di prodotti farmaceutici di base e preparati farmaceutici (+7,4%) e la fabbricazione di computer, prodotti di elettronica e ottica, apparecchi elettromedicali, apparecchi di misurazione (+2,4%).... Le flessioni più ampie si rilevano nelle altre industrie manifatturiere, riparazione e installazione di macchine ed apparecchiature (-4,6%), nella fabbricazione di prodotti chimici (-3,4%) e nella fabbricazione di apparecchiature elettriche ",https://eview.copyscape.com/compare/45iyt4ixc6/3
114,2026-10-01T09:48:18.355499,PROINDLUG2026,27c192767b0bd121e01a6fcadc0e4e97b108d9f0368029cee98b49474395853a,https://www.italianews24.news/blog/2026/09/10/la-produzione-industriale-a-luglio-aumenta-dello-07-su-base-mensile/,"La produzione industriale a luglio aumenta dello 0,7% su base mensile – ITALIA News 24",146,,,"... Nella media del periodo maggio-luglio si registra una diminuzione del livello della produzione dello 0,1% rispetto ai tre mesi precedenti. È quanto emerge dai dati Istat sulla produzione industriale per il mese di luglio 2026.  L'indice destagionalizzato mostra a luglio un calo congiunturale ... Al netto degli effetti di calendario, a luglio 2026 la produzione è rimasta invariata rispetto all'anno precedente (i giorni lavorativi di calendario sono stati 23 come a luglio 2025). Si registra un incremento solo per l'energia (+6,4%); variazioni negative si osservano invece, per beni ... I settori di attività economica ... ampie si rilevano nelle altre industrie manifatturiere, riparazione e installazione di macchine ed apparecchiature (-4,6%), nella fabbricazione di prodotti chimici (-3,4%) e nella fabbricazione di apparecchiature elettriche e apparecchiature ... Risulta, tuttavia, in debole flessione ... tendenziali la produzione, al netto degli effetti di calendario, rimane invariata. Tra i principali settori di attività, a parte l'energia, si distingue su base annua la crescita dei prodotti farmaceutici”",https://eview.copyscape.com/compare/45iyt4ixc6/4
115,2026-10-01T09:48:18.355499,PROINDLUG2026,27c192767b0bd121e01a6fcadc0e4e97b108d9f0368029cee98b49474395853a,https://www.ripartelitalia.it/produzione-industriale-a-luglio-07-su-base-mensile-invariata-rispetto-a-un-anno-prima-le-stime-dellistat/,"Produzione industriale: a luglio +0,7% su base mensile, invariata rispetto a un anno prima | Le stime dell’Istat",131,,,"... Nella media del periodo maggio-luglio si registra una diminuzione del livello della produzione dello 0,1% rispetto ai tre mesi precedenti. L'indice destagionalizzato mostra a luglio un calo congiunturale solo per l'energia (-0,9%); viceversa ... Le flessioni più ampie si rilevano nelle altre industrie manifatturiere, riparazione e installazione di macchine ed apparecchiature (-4,6%), nella fabbricazione di prodotti chimici (-3,4%) e nella fabbricazione di apparecchiature elettriche ... Si rileva una dinamica mensile positiva per tutti i raggruppamenti di industrie ad eccezione dell'energia. Risulta, tuttavia, in debole flessione l'andamento congiunturale ... complessivo nella media del periodo maggio-luglio (-0,1%). In termini tendenziali la produzione, al netto degli effetti di calendario, rimane ... invariata. Tra i principali settori di attività, a parte l'energia, si distingue su base annua la crescita dei prodotti farmaceutici.",https://eview.copyscape.com/compare/45iyt4ixc6/5
116,2026-10-01T09:48:18.355499,PROINDLUG2026,27c192767b0bd121e01a6fcadc0e4e97b108d9f0368029cee98b49474395853a,https://www.ilsole24ore.com/art/istat-luglio-produzione-industriale-07percento-invariata-anno-AJx2pv8,"Produzione (+0,7%) avanti adagio, invariata su anno nonostante la spinta dell’auto - Il Sole 24 ORE",127,,,"... A luglio l'indice destagionalizzato della produzione industriale aumenta  dello 0,7% rispetto a giugno. ... È la stima dell'Istat che ricorda come i giorni lavorativi di calendario siano stati 23 come a luglio 2025. Nella media del periodo maggio-luglio si registra una diminuzione del livello della produzione dello 0,1% rispetto ai tre mesi precedenti.... L'indice destagionalizzato mostra a luglio un calo congiunturale solo per l'energia (-0,9%); viceversa si osservano aumenti per i beni di consumo (+2,1%), i beni intermedi (+0,5%) e i beni strumentali (+0,2%). Su base annua si registra un ... Al netto degli effetti di calendario, a luglio ... la produzione è rimasta invariata rispetto all'anno precedente. È la stima dell'Istat che ricorda come  i giorni lavorativi di calendario siano  stati 23 come a luglio 2025.... Le flessioni più ampie si rilevano nelle altre industrie manifatturiere, riparazione e installazione di macchine ed apparecchiature (-4,6%), nella fabbricazione di prodotti chimici (-3,4%) e nella fabbricazione di apparecchiature elettriche ",https://eview.copyscape.com/compare/45iyt4ixc6/6
117,2026-10-01T09:48:18.355499,PROINDLUG2026,27c192767b0bd121e01a6fcadc0e4e97b108d9f0368029cee98b49474395853a,https://www.blog.it/produzione-industriale-a-luglio-cresce-dello-07-mese-su-mese/,"Produzione industriale a luglio cresce dello 0,7% mese su mese - Blog.it - Notizie, Lifestyle, Gossip, Viaggi, Tech e molto altro",125,,,"... Al netto degli effetti di calendario, a luglio 2026 la produzione è rimasta invariata rispetto all'anno precedente (i giorni lavorativi di calendario sono stati 23 come a luglio 2025).... I settori di attività economica ... Le flessioni più ampie si rilevano ... industrie manifatturiere, riparazione e installazione di macchine ed apparecchiature (-4,6%), nella fabbricazione di prodotti chimici (-3,4%) e nella fabbricazione di apparecchiature elettriche ... A luglio la produzione industriale destagionalizzata registra un incremento congiunturale – evidenzia l'Istat nel commento -.  Si rileva una dinamica mensile positiva per tutti i raggruppamenti di industrie ad eccezione dell'energia.... Risulta, tuttavia, in debole flessione ... l'andamento congiunturale complessivo nella media del periodo maggio-luglio (-0,1%).... invariata. Tra i principali settori di attività, a parte l'energia, si distingue su base annua la crescita dei prodotti farmaceutici”",https://eview.copyscape.com/compare/45iyt4ixc6/7
118,2026-10-01T09:48:18.355499,PROINDLUG2026,27c192767b0bd121e01a6fcadc0e4e97b108d9f0368029cee98b49474395853a,https://www.lapresse.it/economia/2026/09/10/produzione-industriale-istat-a-luglio-07/,"Produzione industriale, Istat: a luglio +0,7% - LaPresse",113,,,"... Nella media del periodo maggio-luglio si registra invece  una diminuzione del livello della produzione dello 0,1% rispetto ai tre mesi precedenti. L'indice destagionalizzato, sottolinea l'istituto di statistica, ... L'indice destagionalizzato, sottolinea l'istituto di statistica, mostra a luglio un calo congiunturale solo per l'energia (-0,9%); viceversa si osservano aumenti per i beni di consumo (+2,1%), i beni intermedi (+0,5%) e i beni strumentali ... Al netto degli effetti di calendario, a luglio 2026 la produzione è rimasta invece  invariata rispetto all'anno precedente (i giorni lavorativi di calendario sono stati 23 come a luglio 2025).... I settori di attività economica ... industrie manifatturiere, riparazione e installazione di macchine ed apparecchiature (-4,6%), nella fabbricazione di prodotti chimici (-3,4%) e nella fabbricazione di apparecchiature elettriche ",https://eview.copyscape.com/compare/45iyt4ixc6/8
119,2026-10-01T09:48:18.355499,PROINDLUG2026,27c192767b0bd121e01a6fcadc0e4e97b108d9f0368029cee98b49474395853a,https://www.agenziagiornalisticaopinione.it/opinionmix/istat-produzione-industriale-luglio-2026/,ISTAT * «PRODUZIONE INDUSTRIALE – LUGLIO 2026» - Agenzia giornalistica Opinione. Notizie da Italia - Mondo / Trentino Alto Adige,109,,,"... Al netto degli effetti di calendario, a luglio 2026 la produzione è rimasta invariata rispetto all'anno precedente (i giorni lavorativi di calendario sono stati 23 come a luglio 2025).... I settori di attività economica ... industrie manifatturiere, riparazione e installazione di macchine ed apparecchiature (-4,6%), nella fabbricazione di prodotti chimici (-3,4%) e nella fabbricazione di ... apparecchiature elettriche e apparecchiature per uso domestico non elettriche (-2,8%). ... A luglio la produzione industriale destagionalizzata registra un incremento congiunturale... In termini tendenziali la produzione, al netto degli effetti di calendario, rimane invariata. Tra i principali settori di attività, a parte l'energia, si distingue su base annua la crescita dei prodotti farmaceutici.",https://eview.copyscape.com/compare/45iyt4ixc6/9
120,2026-10-01T09:48:18.355499,PROINDLUG2026,27c192767b0bd121e01a6fcadc0e4e97b108d9f0368029cee98b49474395853a,https://www.canaleuno.it/2026/09/10/industria-istat-a-luglio-produzione-07-su-mese-ferma-su-anno/,"Industria, Istat: a luglio produzione +0,7% su mese, ferma su anno - CanaleUno",105,,,"... Roma, 10 set. (askanews) – A luglio l'indice destagionalizzato della produzione industriale aumenta  dello 0,7% rispetto a giugno. ... L'indice destagionalizzato mostra a luglio un calo congiunturale solo per l'energia (-0,9%); viceversa si osservano aumenti per i beni di consumo (+2,1%), i beni intermedi (+0,5%) e i beni strumentali (+0,2%). Su base annua si registra un ... Al netto degli effetti di calendario, a luglio ... la produzione è rimasta invariata rispetto all'anno precedente.... E' la stima dell'Istat che ricorda come i giorni lavorativi di calendario siano  stati 23 come a luglio 2025.... Le flessioni più ampie si rilevano nelle altre industrie manifatturiere, riparazione e installazione di macchine ed apparecchiature (-4,6%), nella fabbricazione di prodotti chimici (-3,4%) e nella fabbricazione di apparecchiature elettriche ",https://eview.copyscape.com/compare/45iyt4ixc6/10
121,2026-10-01T09:48:18.355499,PROINDLUG2026,27c192767b0bd121e01a6fcadc0e4e97b108d9f0368029cee98b49474395853a,https://www.jlcnews.it/post/produzione-industriale-luglio-2026,Produzione industriale - Luglio 2026,104,,,"... A luglio 2026 si stima che l'indice destagionalizzato della produzione industriale aumenti dello 0,7% rispetto a giugno. Nella media del periodo maggio-luglio si registra una diminuzione del livello della produzione dello 0,1% rispetto ai tre mesi precedenti.L'indice destagionalizzato mostra a luglio un calo congiunturale solo per l'energia (-0,9%); viceversa si osservano aumenti per i beni di consumo (+2,1%), i beni intermedi (+0,5%) e i beni strumentali (+0,2%).... Al netto degli effetti di calendario, a luglio 2026 la produzione è rimasta invariata rispetto all'anno precedente (i giorni lavorativi di calendario sono stati 23 come a luglio 2025).",https://eview.copyscape.com/compare/45iyt4ixc6/11
122,2026-10-01T09:48:18.355499,PROINDLUG2026,27c192767b0bd121e01a6fcadc0e4e97b108d9f0368029cee98b49474395853a,https://ildirigente.com/la-produzione-industriale-a-luglio-aumenta-dello-07-su-base-mensile/,"La produzione industriale a luglio aumenta dello 0,7% su base mensile - Il Dirigente",102,,,"... Al netto degli effetti di calendario, a luglio 2026 la produzione è rimasta invariata rispetto all'anno precedente (i giorni lavorativi di calendario sono stati 23 come a luglio 2025).... I settori di attività economica ... Le flessioni più ampie si rilevano nelle altre industrie manifatturiere, riparazione e installazione di macchine ed apparecchiature (-4,6%), nella fabbricazione di prodotti chimici (-3,4%) e nella fabbricazione di apparecchiature elettriche ... Risulta, tuttavia, in debole flessione ... l'andamento congiunturale complessivo nella media del periodo maggio-luglio (-0,1%).... invariata. Tra i principali settori di attività, a parte l'energia, si distingue su base annua la crescita dei prodotti farmaceutici”",https://eview.copyscape.com/compare/45iyt4ixc6/12
123,2026-10-01T09:48:18.355499,PROINDLUG2026,27c192767b0bd121e01a6fcadc0e4e97b108d9f0368029cee98b49474395853a,https://www.fedaiisf.it/istat-produzione-industriale-di-prodotti-farmaceutici-a-luglio-74/,"ISTAT. Produzione industriale di prodotti farmaceutici: a luglio +7,4 | Fedaiisf Federazione delle Associazioni Italiane degli Informatori Scientifici del Farmaco e del Parafarmaco",97,,,"... Nella media del periodo maggio-luglio si registra una diminuzione del livello della produzione dello 0,1% rispetto ai tre mesi precedenti. L'indice destagionalizzato mostra a luglio un calo congiunturale solo per l'energia (-0,9%); viceversa ... Al netto degli effetti di calendario, a luglio 2026 la produzione è rimasta invariata rispetto all'anno precedente (i giorni lavorativi di calendario sono stati 23 come a luglio 2025).... In termini tendenziali la produzione, al netto degli effetti di calendario, rimane invariata. Tra i principali settori di attività, a parte l'energia, si distingue su base annua la crescita dei prodotti farmaceutici.",https://eview.copyscape.com/compare/45iyt4ixc6/13
124,2026-10-01T09:48:18.355499,PROINDLUG2026,27c192767b0bd121e01a6fcadc0e4e97b108d9f0368029cee98b49474395853a,https://askanews.it/2026/09/10/industria-istat-a-luglio-produzione-07-su-mese-ferma-su-anno/,"Industria, Istat: a luglio produzione +0,7% su mese, ferma su anno",95,,,"... Roma, 10 set. (askanews) – A luglio l'indice destagionalizzato della produzione industriale aumenta  dello 0,7% rispetto a giugno. ... Nella media del periodo maggio-luglio si registra una diminuzione del livello della produzione dello 0,1% rispetto ai tre mesi precedenti. L'indice destagionalizzato mostra a luglio un calo congiunturale solo per l'energia (-0,9%); viceversa ... Al netto degli effetti di calendario, a luglio ... la produzione è rimasta invariata rispetto all'anno precedente.... Le flessioni più ampie si rilevano nelle altre industrie manifatturiere, riparazione e installazione di macchine ed apparecchiature (-4,6%), nella fabbricazione di prodotti chimici (-3,4%) e nella fabbricazione di apparecchiature elettriche ",https://eview.copyscape.com/compare/45iyt4ixc6/14
125,2026-10-01T09:48:18.355499,PROINDLUG2026,27c192767b0bd121e01a6fcadc0e4e97b108d9f0368029cee98b49474395853a,https://www.ore12.net/industria-con-il-freno-a-mano-tirato-produzione-07-giu-i-beni-di-consumo/,"Industria con il freno a mano tirato. Produzione +0,7%. Giù i beni di consumo - Ore12",86,,,"... Nella media del periodo maggio-luglio si registra invece  una diminuzione del livello della produzione dello 0,1% rispetto ai tre mesi precedenti. L'indice destagionalizzato, sottolinea l'istituto di statistica, ... L'indice destagionalizzato, sottolinea l'istituto di statistica, mostra a luglio un calo congiunturale solo per l'energia (-0,9%); viceversa si osservano aumenti per i beni di consumo (+2,1%), i beni intermedi (+0,5%) e i beni strumentali (+0,2%). Al netto degli effetti di calendario, a luglio 2026 la produzione è rimasta invece  invariata rispetto all'anno precedente (i giorni lavorativi di calendario sono stati 23 come a luglio 2025).",https://eview.copyscape.com/compare/45iyt4ixc6/15
126,2026-10-01T09:48:18.355499,PROINDLUG2026,27c192767b0bd121e01a6fcadc0e4e97b108d9f0368029cee98b49474395853a,https://www.ildiariodellavoro.it/industria-istat-a-luglio-produzione-07-su-mese-ferma-su-anno/,"Industria, Istat: a luglio produzione +0,7% su mese, ferma su anno - Il Diario del Lavoro",68,,,"... Nella media del periodo maggio-luglio si registra una diminuzione del livello della produzione dello 0,1% rispetto ai tre mesi precedenti. L'indice destagionalizzato mostra a luglio un calo congiunturale solo per l'energia (-0,9%); viceversa ... Le flessioni più ampie si rilevano nelle altre industrie manifatturiere, riparazione e installazione di macchine ed apparecchiature (-4,6%), nella fabbricazione di prodotti chimici (-3,4%) e nella fabbricazione di apparecchiature elettriche ",https://eview.copyscape.com/compare/45iyt4ixc6/16
127,2026-10-01T09:48:18.355499,PROINDLUG2026,27c192767b0bd121e01a6fcadc0e4e97b108d9f0368029cee98b49474395853a,https://www.radiostudio90italia.it/industria-istat-a-luglio-produzione-07-su-mese-ferma-su-anno/,"Industria, Istat: a luglio produzione +0,7% su mese, ferma su anno - Radio Studio90 Italia",68,,,"... Nella media del periodo maggio-luglio si registra una diminuzione del livello della produzione dello 0,1% rispetto ai tre mesi precedenti. L'indice destagionalizzato mostra a luglio un calo congiunturale solo per l'energia (-0,9%); viceversa ... Le flessioni più ampie si rilevano nelle altre industrie manifatturiere, riparazione e installazione di macchine ed apparecchiature (-4,6%), nella fabbricazione di prodotti chimici (-3,4%) e nella fabbricazione di apparecchiature elettriche ",https://eview.copyscape.com/compare/45iyt4ixc6/17
128,2026-10-01T09:48:18.355499,PROINDLUG2026,27c192767b0bd121e01a6fcadc0e4e97b108d9f0368029cee98b49474395853a,https://ladiscussione.com/461036/economia/produzione-industriale-italiana/,"Produzione industriale, a luglio +0,7% su giugno: su base annua resta invariata",67,,,"... Tra i settori di attività economica, ... gli incrementi tendenziali più elevati si registrano nella  fornitura di energia elettrica, gas, vapore e aria, con un aumento del 7,6%, e nella  produzione di prodotti farmaceutici di base e preparati ... che registrano un calo del 4,6%. Seguono la fabbricazione di prodotti chimici, in diminuzione del  3,4%, e la  fabbricazione di apparecchiature elettriche e apparecchiature per uso domestico ... Nel commento ai dati, l'Istat sottolinea che a luglio la produzione industriale destagionalizzata registra un incremento congiunturale e che la dinamica mensile è  positiva per tutti i ... Resta però “in debole flessione” ... Tra i principali settori, oltre all'energia, l'Istat segnala la crescita  su base annua ... dei prodotti farmaceutici",https://eview.copyscape.com/compare/45iyt4ixc6/18
129,2026-10-01T09:48:18.355499,PROINDLUG2026,27c192767b0bd121e01a6fcadc0e4e97b108d9f0368029cee98b49474395853a,https://www.quotidianodelsud.it/2026/09/10/industria-istat-a-luglio-produzione-07-su-mese-ferma-su-anno,"Industria, Istat: a luglio produzione +0,7% su mese, ferma su anno - Il Quotidiano del Sud",62,,,"... askanews) – A luglio l'indice destagionalizzato della produzione industriale aumenta  dello 0,7% rispetto a giugno. ... L'indice destagionalizzato mostra a luglio un calo congiunturale solo per l'energia (-0,9%); viceversa si osservano aumenti per i beni di consumo (+2,1%), i beni intermedi (+0,5%) e i beni strumentali (+0,2%). Su base annua si registra un ... Al netto degli effetti di calendario, a luglio ... la produzione è rimasta invariata rispetto all'anno precedente.",https://eview.copyscape.com/compare/45iyt4ixc6/19
130,2026-10-01T09:48:18.355499,PROINDLUG2026,27c192767b0bd121e01a6fcadc0e4e97b108d9f0368029cee98b49474395853a,https://www.ragionierieprevidenza.it/2026/09/industria-istat-a-luglio-produzione-07-su-mese-ferma-su-anno/,"Industria, Istat: a luglio produzione +0,7% su mese, ferma su anno - Ragionieri e previdenza",57,,,"... Nella media del periodo maggio-luglio si registra una diminuzione del livello della produzione dello 0,1% rispetto ai tre mesi precedenti. L'indice destagionalizzato mostra a luglio un calo ... congiunturale solo per l'energia (-0,9%); viceversa si osservano aumenti per i beni di consumo (+2,1%), i beni intermedi (+0,5%) e i beni strumentali (+0,2%). Su base annua si registra un ",https://eview.copyscape.com/compare/45iyt4ixc6/20
131,2026-10-01T09:48:18.355499,PROINDLUG2026,27c192767b0bd121e01a6fcadc0e4e97b108d9f0368029cee98b49474395853a,https://www.interris.it/italia/industria-produzione-congiunturale-in-lieve-calo-frenano-consumi-e-manifattura/,"Industria, produzione congiunturale in lieve calo: frenano consumi e manifattura",57,,,"... I settori di attività economica che registrano gli incrementi tendenziali più elevati sono la fabbricazione di mezzi di trasporto (+11, 6%), la produzione di prodotti farmaceutici di base e preparati farmaceutici (+3,5%)  e la fabbricazione di prodotti chimici (+3,3%).  Le flessioni più ampie si rilevano nelle industrie tessili, abbigliamento, pelli e accessori (-6,6%),  nelle altre industrie manifatturiere, riparazione e installazione di macchinari ed apparecchiature (-3,8%)  e nella fabbricazione di apparecchiature elettriche e apparecchiature per uso domestico non elettriche (-2,6%).",https://eview.copyscape.com/compare/45iyt4ixc6/21
132,2026-10-01T09:48:18.355499,PROINDLUG2026,27c192767b0bd121e01a6fcadc0e4e97b108d9f0368029cee98b49474395853a,https://teleborsa.ansa.it/notiziario/economia/istat-produzione-industriale-a-luglio-07-su-giugno/,"Istat, produzione industriale a luglio +0,7% su giugno – teleborsa.ansa.it",37,,,"... Tra i settori, gli incrementi tendenziali più elevati si registrano nella  fornitura di energia elettrica, gas, vapore e aria condizionata (+7,6%), nella  produzione di prodotti farmaceutici di base e preparati farmaceutici (+7,4%) e nella  fabbricazione di computer, prodotti di elettronica e ottica, apparecchi elettromedicali e  di misurazione (+2,4%).",https://eview.copyscape.com/compare/45iyt4ixc6/22
133,2026-10-01T09:48:18.355499,PROINDLUG2026,27c192767b0bd121e01a6fcadc0e4e97b108d9f0368029cee98b49474395853a,https://www.adn24.it/blog/2026/09/10/la-produzione-industriale-a-luglio-aumenta-dello-07-su-base-mensile/,"La produzione industriale a luglio aumenta dello 0,7% su base mensile",30,,,"... Nella media del periodo maggio-luglio si registra una diminuzione del livello della produzione dello 0,1% rispetto ai tre mesi precedenti. È quanto emerge dai dati Istat sulla produzione industriale per il mese di luglio 2026.  L'indice destagionalizzato mostra a luglio un calo congiunturale ",https://eview.copyscape.com/compare/45iyt4ixc6/23
134,2026-10-01T09:48:18.355499,PROINDLUG2026,27c192767b0bd121e01a6fcadc0e4e97b108d9f0368029cee98b49474395853a,https://www.soldionline.it/notizie/macroeconomia/produzione-industriale-luglio-2026-ferma-su-base-annua-cosa-succede,"Produzione industriale, luglio 2026 ferma su base annua: cosa succede - SoldiOnline.it",30,,,"... L'indice destagionalizzato della produzione industriale – che misura l'andamento dell'attività delle imprese al netto degli effetti ricorrenti, come stagionalità e calendario – è aumentato a luglio 2026  dello 0,7% rispetto a giugno.... Le flessioni più marcate su base annua si osservano invece in:  altre industrie manifatturiere, riparazione e installazione di macchine ed apparecchiature, in calo del 4,6%;... Quando si guarda però al periodo più lungo, il quadro appare meno brillante: nella media del trimestre maggio-luglio l'andamento complessivo risulta in debole flessione, con una variazione congiunturale pari a - 0,1%. In altri termini, l'industria ",https://eview.copyscape.com/compare/45iyt4ixc6/24
135,2026-10-01T09:48:18.355499,PROINDLUG2026,27c192767b0bd121e01a6fcadc0e4e97b108d9f0368029cee98b49474395853a,https://lavoceditalia.com/2026/09/10/831040/industria-istat-a-luglio-produzione-07-su-mese-ferma-su-anno/,"Industria, Istat: a luglio produzione +0,7% su mese, ferma su anno - La Voce d'Italia",27,,,"... Roma, 10 set. (askanews) – A luglio l'indice destagionalizzato della produzione industriale aumenta  dello 0,7% rispetto a giugno. ... Al netto degli effetti di calendario, a luglio ... la produzione è rimasta invariata rispetto all'anno precedente.",https://eview.copyscape.com/compare/45iyt4ixc6/25
136,2026-10-01T09:48:18.355499,PROINDLUG2026,27c192767b0bd121e01a6fcadc0e4e97b108d9f0368029cee98b49474395853a,https://www.italpress.com/la-produzione-industriale-a-luglio-aumenta-dello-07-su-base-mensile/,"La produzione industriale a luglio aumenta dello 0,7% su base mensile",21,,,"... Le flessioni più ampie si rilevano ... tuttavia, in debole flessione l'andamento congiunturale complessivo nella media del periodo maggio-luglio (-0,1%).",https://eview.copyscape.com/compare/45iyt4ixc6/26
137,2026-10-01T09:48:18.355499,PROINDLUG2026,27c192767b0bd121e01a6fcadc0e4e97b108d9f0368029cee98b49474395853a,https://www.rassegnabusiness.news/istat-pil-italiano-ancora-crescita-ma-pesano-inflazione-e-incertezza-internazionale/,"Istat economia italiana maggio 2026: Pil +0,2%, inflazione al 2,9% ad aprile",20,,,"... A marzo l'indice destagionalizzato aumenta dello 0,7% rispetto a febbraio, dopo il +0,2% del mese precedente.  Nella media del primo trimestre, però, la produzione resta in calo dello 0,2%  rispetto ai tre mesi precedenti. Il dettaglio per raggruppamenti conferma un andamento selettivo. Tra gennaio e marzo crescono i beni strumentali e l'energia, entrambi dello 0,3%, mentre arretrano  i beni di consumo, in flessione dell'1,3%, e  i beni intermedi, in calo dello 0,5%. Il recupero di marzo appare quindi concentrato e non elimina la debolezza accumulata nella prima parte dell'anno.",https://eview.copyscape.com/compare/45iyt4ixc6/27
138,2026-10-01T09:48:18.355499,PROINDLUG2026,27c192767b0bd121e01a6fcadc0e4e97b108d9f0368029cee98b49474395853a,https://www.confapivenezia.it/news/lultima-indagine-dellistat-sullindustria-a-luglio-la-produzione-registra-un-incremento/,L'ultima indagine dell'Istat sull'industria: “A luglio la produzione ...,17,,,... A luglio 2026 ... l'indice destagionalizzato della produzione industriale ... mesi precedenti. L'indice destagionalizzato mostra a luglio un calo ,https://eview.copyscape.com/compare/45iyt4ixc6/28
139,2026-10-01T09:48:18.355499,PROINDLUG2026,27c192767b0bd121e01a6fcadc0e4e97b108d9f0368029cee98b49474395853a,https://www.scoa.it/2026/09/produzione-industriale-in-ripresa-cosa-dicono-i-dati-istat/,Produzione industriale in ripresa? Cosa dicono i dati Istat - SCOA,15,,,... A luglio 2026 ... l'indice destagionalizzato della produzione industriale ... debole flessione l'andamento congiunturale complessivo nella media ,https://eview.copyscape.com/compare/45iyt4ixc6/29
140,2026-10-01T09:48:19.356980,PROINDLUG2026,27c192767b0bd121e01a6fcadc0e4e97b108d9f0368029cee98b49474395853a,https://formatresearch.com/2026/09/10/aumento-della-produzione-industriale-istat-luglio-2026/,Aumento della produzione industriale | Istat Luglio 2026 - Format Research,216,,,"... Nella media del periodo maggio-luglio si registra una diminuzione del livello della produzione dello 0,1% rispetto ai tre mesi precedenti. L'indice destagionalizzato mostra a luglio un calo congiunturale solo per l'energia (-0,9%); viceversa ... Al netto degli effetti di calendario, a luglio 2026 la produzione è rimasta invariata rispetto all'anno precedente (i giorni lavorativi di calendario sono stati 23 come a luglio 2025).... I settori di attività economica che registrano gli incrementi tendenziali più elevati sono la fornitura di energia elettrica, gas, vapore ed aria (+7,6%), la produzione di prodotti farmaceutici di base e preparati farmaceutici (+7,4%) e la fabbricazione di computer, prodotti di elettronica e ottica, apparecchi elettromedicali, apparecchi di misurazione (+2,4%). Le flessioni più ampie si rilevano nelle altre industrie manifatturiere, riparazione e installazione di macchine ed apparecchiature (-4,6%), nella fabbricazione di prodotti chimici (-3,4%) e nella fabbricazione di apparecchiature elettriche e apparecchiature per uso domestico non elettriche (-2,8%). ... A luglio la produzione industriale destagionalizzata registra un incremento congiunturale. Si rileva una dinamica mensile positiva per tutti i raggruppamenti di industrie ad eccezione dell'energia.... In termini tendenziali la produzione, al netto degli effetti di calendario, rimane invariata. Tra i principali settori di attività, a parte l'energia, si distingue su base annua la crescita dei prodotti farmaceutici.",https://eview.copyscape.com/compare/vznv4qmyhj/1
141,2026-10-01T09:48:19.356980,PROINDLUG2026,27c192767b0bd121e01a6fcadc0e4e97b108d9f0368029cee98b49474395853a,https://giornaledellepmi.it/produzione-industriale-a-luglio-07-su-giugno-ma-il-trimestre-resta-in-leggero-calo-01/,"Produzione industriale, a luglio +0,7% su giugno ma il trimestre resta in leggero calo (-0,1%) – Il Giornale delle PMI",216,,,"... Nella media del periodo maggio-luglio si registra una diminuzione del livello della produzione dello 0,1% rispetto ai tre mesi precedenti. L'indice destagionalizzato mostra a luglio un calo congiunturale solo per l'energia (-0,9%); viceversa ... Al netto degli effetti di calendario, a luglio 2026 la produzione è rimasta invariata rispetto all'anno precedente (i giorni lavorativi di calendario sono stati 23 come a luglio 2025).... I settori di attività economica che registrano gli incrementi tendenziali più elevati sono la fornitura di energia elettrica, gas, vapore ed aria (+7,6%), la produzione di prodotti farmaceutici di base e preparati farmaceutici (+7,4%) e la fabbricazione di computer, prodotti di elettronica e ottica, apparecchi elettromedicali, apparecchi di misurazione (+2,4%). Le flessioni più ampie si rilevano nelle altre industrie manifatturiere, riparazione e installazione di macchine ed apparecchiature (-4,6%), nella fabbricazione di prodotti chimici (-3,4%) e nella fabbricazione di apparecchiature elettriche e apparecchiature per uso domestico non elettriche (-2,8%). ... A luglio la produzione industriale destagionalizzata registra un incremento congiunturale. Si rileva una dinamica mensile positiva per tutti i raggruppamenti di industrie ad eccezione dell'energia.... In termini tendenziali la produzione, al netto degli effetti di calendario, rimane invariata. Tra i principali settori di attività, a parte l'energia, si distingue su base annua la crescita dei prodotti farmaceutici.",https://eview.copyscape.com/compare/vznv4qmyhj/2
142,2026-10-01T09:48:19.356980,PROINDLUG2026,27c192767b0bd121e01a6fcadc0e4e97b108d9f0368029cee98b49474395853a,https://www.lachirico.it/2026/09/11/istat-produzione-industriale-luglio-07-su-mese-invariata-su-anno/,"Istat, produzione industriale luglio +0,7% su mese, invariata su anno",147,,,"... A luglio 2026 si stima che l'indice destagionalizzato della produzione industriale aumenti dello 0,7% rispetto a giugno. Lo comunica l'Istat sottolineando che  al netto degli effetti di calendario, a luglio 2026 la produzione è rimasta invariata ... Al netto degli effetti di calendario, a luglio 2026 su base tendenziale si registra un incremento solo per l'energia (+6,4%) mentre  variazioni negative si osservano ... per beni strumentali (-0,1%), i beni intermedi (-0,8%) e i beni di consumo (-1,2%). I settori di attività economica che registrano gli incrementi tendenziali più elevati sono la fornitura di energia elettrica, gas, vapore ed aria (+7,6%), la produzione di prodotti farmaceutici di base e preparati farmaceutici (+7,4%) e la fabbricazione di computer, prodotti di elettronica e ottica, apparecchi elettromedicali, apparecchi di misurazione (+2,4%).... Le flessioni più ampie si rilevano nelle altre industrie manifatturiere, riparazione e installazione di macchine ed apparecchiature (-4,6%), nella fabbricazione di prodotti chimici (-3,4%) e nella fabbricazione di apparecchiature elettriche ",https://eview.copyscape.com/compare/vznv4qmyhj/3
143,2026-10-01T09:48:19.356980,PROINDLUG2026,27c192767b0bd121e01a6fcadc0e4e97b108d9f0368029cee98b49474395853a,https://www.italianews24.news/blog/2026/09/10/la-produzione-industriale-a-luglio-aumenta-dello-07-su-base-mensile/,"La produzione industriale a luglio aumenta dello 0,7% su base mensile – ITALIA News 24",146,,,"... Nella media del periodo maggio-luglio si registra una diminuzione del livello della produzione dello 0,1% rispetto ai tre mesi precedenti. È quanto emerge dai dati Istat sulla produzione industriale per il mese di luglio 2026.  L'indice destagionalizzato mostra a luglio un calo congiunturale ... Al netto degli effetti di calendario, a luglio 2026 la produzione è rimasta invariata rispetto all'anno precedente (i giorni lavorativi di calendario sono stati 23 come a luglio 2025). Si registra un incremento solo per l'energia (+6,4%); variazioni negative si osservano invece, per beni ... I settori di attività economica ... ampie si rilevano nelle altre industrie manifatturiere, riparazione e installazione di macchine ed apparecchiature (-4,6%), nella fabbricazione di prodotti chimici (-3,4%) e nella fabbricazione di apparecchiature elettriche e apparecchiature ... Risulta, tuttavia, in debole flessione ... tendenziali la produzione, al netto degli effetti di calendario, rimane invariata. Tra i principali settori di attività, a parte l'energia, si distingue su base annua la crescita dei prodotti farmaceutici”",https://eview.copyscape.com/compare/vznv4qmyhj/4
144,2026-10-01T09:48:19.356980,PROINDLUG2026,27c192767b0bd121e01a6fcadc0e4e97b108d9f0368029cee98b49474395853a,https://www.ripartelitalia.it/produzione-industriale-a-luglio-07-su-base-mensile-invariata-rispetto-a-un-anno-prima-le-stime-dellistat/,"Produzione industriale: a luglio +0,7% su base mensile, invariata rispetto a un anno prima | Le stime dell’Istat",131,,,"... Nella media del periodo maggio-luglio si registra una diminuzione del livello della produzione dello 0,1% rispetto ai tre mesi precedenti. L'indice destagionalizzato mostra a luglio un calo congiunturale solo per l'energia (-0,9%); viceversa ... Le flessioni più ampie si rilevano nelle altre industrie manifatturiere, riparazione e installazione di macchine ed apparecchiature (-4,6%), nella fabbricazione di prodotti chimici (-3,4%) e nella fabbricazione di apparecchiature elettriche ... Si rileva una dinamica mensile positiva per tutti i raggruppamenti di industrie ad eccezione dell'energia. Risulta, tuttavia, in debole flessione l'andamento congiunturale ... complessivo nella media del periodo maggio-luglio (-0,1%). In termini tendenziali la produzione, al netto degli effetti di calendario, rimane ... invariata. Tra i principali settori di attività, a parte l'energia, si distingue su base annua la crescita dei prodotti farmaceutici.",https://eview.copyscape.com/compare/vznv4qmyhj/5
145,2026-10-01T09:48:19.356980,PROINDLUG2026,27c192767b0bd121e01a6fcadc0e4e97b108d9f0368029cee98b49474395853a,https://www.ilsole24ore.com/art/istat-luglio-produzione-industriale-07percento-invariata-anno-AJx2pv8,"Produzione (+0,7%) avanti adagio, invariata su anno nonostante la spinta dell’auto - Il Sole 24 ORE",127,,,"... A luglio l'indice destagionalizzato della produzione industriale aumenta  dello 0,7% rispetto a giugno. ... È la stima dell'Istat che ricorda come i giorni lavorativi di calendario siano stati 23 come a luglio 2025. Nella media del periodo maggio-luglio si registra una diminuzione del livello della produzione dello 0,1% rispetto ai tre mesi precedenti.... L'indice destagionalizzato mostra a luglio un calo congiunturale solo per l'energia (-0,9%); viceversa si osservano aumenti per i beni di consumo (+2,1%), i beni intermedi (+0,5%) e i beni strumentali (+0,2%). Su base annua si registra un ... Al netto degli effetti di calendario, a luglio ... la produzione è rimasta invariata rispetto all'anno precedente. È la stima dell'Istat che ricorda come  i giorni lavorativi di calendario siano  stati 23 come a luglio 2025.... Le flessioni più ampie si rilevano nelle altre industrie manifatturiere, riparazione e installazione di macchine ed apparecchiature (-4,6%), nella fabbricazione di prodotti chimici (-3,4%) e nella fabbricazione di apparecchiature elettriche ",https://eview.copyscape.com/compare/vznv4qmyhj/6
146,2026-10-01T09:48:19.356980,PROINDLUG2026,27c192767b0bd121e01a6fcadc0e4e97b108d9f0368029cee98b49474395853a,https://www.blog.it/produzione-industriale-a-luglio-cresce-dello-07-mese-su-mese/,"Produzione industriale a luglio cresce dello 0,7% mese su mese - Blog.it - Notizie, Lifestyle, Gossip, Viaggi, Tech e molto altro",125,,,"... Al netto degli effetti di calendario, a luglio 2026 la produzione è rimasta invariata rispetto all'anno precedente (i giorni lavorativi di calendario sono stati 23 come a luglio 2025).... I settori di attività economica ... Le flessioni più ampie si rilevano ... industrie manifatturiere, riparazione e installazione di macchine ed apparecchiature (-4,6%), nella fabbricazione di prodotti chimici (-3,4%) e nella fabbricazione di apparecchiature elettriche ... A luglio la produzione industriale destagionalizzata registra un incremento congiunturale – evidenzia l'Istat nel commento -.  Si rileva una dinamica mensile positiva per tutti i raggruppamenti di industrie ad eccezione dell'energia.... Risulta, tuttavia, in debole flessione ... l'andamento congiunturale complessivo nella media del periodo maggio-luglio (-0,1%).... invariata. Tra i principali settori di attività, a parte l'energia, si distingue su base annua la crescita dei prodotti farmaceutici”",https://eview.copyscape.com/compare/vznv4qmyhj/7
147,2026-10-01T09:48:19.356980,PROINDLUG2026,27c192767b0bd121e01a6fcadc0e4e97b108d9f0368029cee98b49474395853a,https://www.lapresse.it/economia/2026/09/10/produzione-industriale-istat-a-luglio-07/,"Produzione industriale, Istat: a luglio +0,7% - LaPresse",113,,,"... Nella media del periodo maggio-luglio si registra invece  una diminuzione del livello della produzione dello 0,1% rispetto ai tre mesi precedenti. L'indice destagionalizzato, sottolinea l'istituto di statistica, ... L'indice destagionalizzato, sottolinea l'istituto di statistica, mostra a luglio un calo congiunturale solo per l'energia (-0,9%); viceversa si osservano aumenti per i beni di consumo (+2,1%), i beni intermedi (+0,5%) e i beni strumentali ... Al netto degli effetti di calendario, a luglio 2026 la produzione è rimasta invece  invariata rispetto all'anno precedente (i giorni lavorativi di calendario sono stati 23 come a luglio 2025).... I settori di attività economica ... industrie manifatturiere, riparazione e installazione di macchine ed apparecchiature (-4,6%), nella fabbricazione di prodotti chimici (-3,4%) e nella fabbricazione di apparecchiature elettriche ",https://eview.copyscape.com/compare/vznv4qmyhj/8
148,2026-10-01T09:48:19.356980,PROINDLUG2026,27c192767b0bd121e01a6fcadc0e4e97b108d9f0368029cee98b49474395853a,https://www.agenziagiornalisticaopinione.it/opinionmix/istat-produzione-industriale-luglio-2026/,ISTAT * «PRODUZIONE INDUSTRIALE – LUGLIO 2026» - Agenzia giornalistica Opinione. Notizie da Italia - Mondo / Trentino Alto Adige,109,,,"... Al netto degli effetti di calendario, a luglio 2026 la produzione è rimasta invariata rispetto all'anno precedente (i giorni lavorativi di calendario sono stati 23 come a luglio 2025).... I settori di attività economica ... industrie manifatturiere, riparazione e installazione di macchine ed apparecchiature (-4,6%), nella fabbricazione di prodotti chimici (-3,4%) e nella fabbricazione di ... apparecchiature elettriche e apparecchiature per uso domestico non elettriche (-2,8%). ... A luglio la produzione industriale destagionalizzata registra un incremento congiunturale... In termini tendenziali la produzione, al netto degli effetti di calendario, rimane invariata. Tra i principali settori di attività, a parte l'energia, si distingue su base annua la crescita dei prodotti farmaceutici.",https://eview.copyscape.com/compare/vznv4qmyhj/9
149,2026-10-01T09:48:19.356980,PROINDLUG2026,27c192767b0bd121e01a6fcadc0e4e97b108d9f0368029cee98b49474395853a,https://www.canaleuno.it/2026/09/10/industria-istat-a-luglio-produzione-07-su-mese-ferma-su-anno/,"Industria, Istat: a luglio produzione +0,7% su mese, ferma su anno - CanaleUno",105,,,"... Roma, 10 set. (askanews) – A luglio l'indice destagionalizzato della produzione industriale aumenta  dello 0,7% rispetto a giugno. ... L'indice destagionalizzato mostra a luglio un calo congiunturale solo per l'energia (-0,9%); viceversa si osservano aumenti per i beni di consumo (+2,1%), i beni intermedi (+0,5%) e i beni strumentali (+0,2%). Su base annua si registra un ... Al netto degli effetti di calendario, a luglio ... la produzione è rimasta invariata rispetto all'anno precedente.... E' la stima dell'Istat che ricorda come i giorni lavorativi di calendario siano  stati 23 come a luglio 2025.... Le flessioni più ampie si rilevano nelle altre industrie manifatturiere, riparazione e installazione di macchine ed apparecchiature (-4,6%), nella fabbricazione di prodotti chimici (-3,4%) e nella fabbricazione di apparecchiature elettriche ",https://eview.copyscape.com/compare/vznv4qmyhj/10
150,2026-10-01T09:48:19.356980,PROINDLUG2026,27c192767b0bd121e01a6fcadc0e4e97b108d9f0368029cee98b49474395853a,https://www.jlcnews.it/post/produzione-industriale-luglio-2026,Produzione industriale - Luglio 2026,104,,,"... A luglio 2026 si stima che l'indice destagionalizzato della produzione industriale aumenti dello 0,7% rispetto a giugno. Nella media del periodo maggio-luglio si registra una diminuzione del livello della produzione dello 0,1% rispetto ai tre mesi precedenti.L'indice destagionalizzato mostra a luglio un calo congiunturale solo per l'energia (-0,9%); viceversa si osservano aumenti per i beni di consumo (+2,1%), i beni intermedi (+0,5%) e i beni strumentali (+0,2%).... Al netto degli effetti di calendario, a luglio 2026 la produzione è rimasta invariata rispetto all'anno precedente (i giorni lavorativi di calendario sono stati 23 come a luglio 2025).",https://eview.copyscape.com/compare/vznv4qmyhj/11
151,2026-10-01T09:48:19.356980,PROINDLUG2026,27c192767b0bd121e01a6fcadc0e4e97b108d9f0368029cee98b49474395853a,https://ildirigente.com/la-produzione-industriale-a-luglio-aumenta-dello-07-su-base-mensile/,"La produzione industriale a luglio aumenta dello 0,7% su base mensile - Il Dirigente",102,,,"... Al netto degli effetti di calendario, a luglio 2026 la produzione è rimasta invariata rispetto all'anno precedente (i giorni lavorativi di calendario sono stati 23 come a luglio 2025).... I settori di attività economica ... Le flessioni più ampie si rilevano nelle altre industrie manifatturiere, riparazione e installazione di macchine ed apparecchiature (-4,6%), nella fabbricazione di prodotti chimici (-3,4%) e nella fabbricazione di apparecchiature elettriche ... Risulta, tuttavia, in debole flessione ... l'andamento congiunturale complessivo nella media del periodo maggio-luglio (-0,1%).... invariata. Tra i principali settori di attività, a parte l'energia, si distingue su base annua la crescita dei prodotti farmaceutici”",https://eview.copyscape.com/compare/vznv4qmyhj/12
152,2026-10-01T09:48:19.356980,PROINDLUG2026,27c192767b0bd121e01a6fcadc0e4e97b108d9f0368029cee98b49474395853a,https://www.fedaiisf.it/istat-produzione-industriale-di-prodotti-farmaceutici-a-luglio-74/,"ISTAT. Produzione industriale di prodotti farmaceutici: a luglio +7,4 | Fedaiisf Federazione delle Associazioni Italiane degli Informatori Scientifici del Farmaco e del Parafarmaco",97,,,"... Nella media del periodo maggio-luglio si registra una diminuzione del livello della produzione dello 0,1% rispetto ai tre mesi precedenti. L'indice destagionalizzato mostra a luglio un calo congiunturale solo per l'energia (-0,9%); viceversa ... Al netto degli effetti di calendario, a luglio 2026 la produzione è rimasta invariata rispetto all'anno precedente (i giorni lavorativi di calendario sono stati 23 come a luglio 2025).... In termini tendenziali la produzione, al netto degli effetti di calendario, rimane invariata. Tra i principali settori di attività, a parte l'energia, si distingue su base annua la crescita dei prodotti farmaceutici.",https://eview.copyscape.com/compare/vznv4qmyhj/13
153,2026-10-01T09:48:19.356980,PROINDLUG2026,27c192767b0bd121e01a6fcadc0e4e97b108d9f0368029cee98b49474395853a,https://askanews.it/2026/09/10/industria-istat-a-luglio-produzione-07-su-mese-ferma-su-anno/,"Industria, Istat: a luglio produzione +0,7% su mese, ferma su anno",95,,,"... Roma, 10 set. (askanews) – A luglio l'indice destagionalizzato della produzione industriale aumenta  dello 0,7% rispetto a giugno. ... Nella media del periodo maggio-luglio si registra una diminuzione del livello della produzione dello 0,1% rispetto ai tre mesi precedenti. L'indice destagionalizzato mostra a luglio un calo congiunturale solo per l'energia (-0,9%); viceversa ... Al netto degli effetti di calendario, a luglio ... la produzione è rimasta invariata rispetto all'anno precedente.... Le flessioni più ampie si rilevano nelle altre industrie manifatturiere, riparazione e installazione di macchine ed apparecchiature (-4,6%), nella fabbricazione di prodotti chimici (-3,4%) e nella fabbricazione di apparecchiature elettriche ",https://eview.copyscape.com/compare/vznv4qmyhj/14
154,2026-10-01T09:48:19.356980,PROINDLUG2026,27c192767b0bd121e01a6fcadc0e4e97b108d9f0368029cee98b49474395853a,https://www.ore12.net/industria-con-il-freno-a-mano-tirato-produzione-07-giu-i-beni-di-consumo/,"Industria con il freno a mano tirato. Produzione +0,7%. Giù i beni di consumo - Ore12",86,,,"... Nella media del periodo maggio-luglio si registra invece  una diminuzione del livello della produzione dello 0,1% rispetto ai tre mesi precedenti. L'indice destagionalizzato, sottolinea l'istituto di statistica, ... L'indice destagionalizzato, sottolinea l'istituto di statistica, mostra a luglio un calo congiunturale solo per l'energia (-0,9%); viceversa si osservano aumenti per i beni di consumo (+2,1%), i beni intermedi (+0,5%) e i beni strumentali (+0,2%). Al netto degli effetti di calendario, a luglio 2026 la produzione è rimasta invece  invariata rispetto all'anno precedente (i giorni lavorativi di calendario sono stati 23 come a luglio 2025).",https://eview.copyscape.com/compare/vznv4qmyhj/15
155,2026-10-01T09:48:19.356980,PROINDLUG2026,27c192767b0bd121e01a6fcadc0e4e97b108d9f0368029cee98b49474395853a,https://www.ildiariodellavoro.it/industria-istat-a-luglio-produzione-07-su-mese-ferma-su-anno/,"Industria, Istat: a luglio produzione +0,7% su mese, ferma su anno - Il Diario del Lavoro",68,,,"... Nella media del periodo maggio-luglio si registra una diminuzione del livello della produzione dello 0,1% rispetto ai tre mesi precedenti. L'indice destagionalizzato mostra a luglio un calo congiunturale solo per l'energia (-0,9%); viceversa ... Le flessioni più ampie si rilevano nelle altre industrie manifatturiere, riparazione e installazione di macchine ed apparecchiature (-4,6%), nella fabbricazione di prodotti chimici (-3,4%) e nella fabbricazione di apparecchiature elettriche ",https://eview.copyscape.com/compare/vznv4qmyhj/16
156,2026-10-01T09:48:19.356980,PROINDLUG2026,27c192767b0bd121e01a6fcadc0e4e97b108d9f0368029cee98b49474395853a,https://www.radiostudio90italia.it/industria-istat-a-luglio-produzione-07-su-mese-ferma-su-anno/,"Industria, Istat: a luglio produzione +0,7% su mese, ferma su anno - Radio Studio90 Italia",68,,,"... Nella media del periodo maggio-luglio si registra una diminuzione del livello della produzione dello 0,1% rispetto ai tre mesi precedenti. L'indice destagionalizzato mostra a luglio un calo congiunturale solo per l'energia (-0,9%); viceversa ... Le flessioni più ampie si rilevano nelle altre industrie manifatturiere, riparazione e installazione di macchine ed apparecchiature (-4,6%), nella fabbricazione di prodotti chimici (-3,4%) e nella fabbricazione di apparecchiature elettriche ",https://eview.copyscape.com/compare/vznv4qmyhj/17
157,2026-10-01T09:48:19.356980,PROINDLUG2026,27c192767b0bd121e01a6fcadc0e4e97b108d9f0368029cee98b49474395853a,https://ladiscussione.com/461036/economia/produzione-industriale-italiana/,"Produzione industriale, a luglio +0,7% su giugno: su base annua resta invariata",67,,,"... Tra i settori di attività economica, ... gli incrementi tendenziali più elevati si registrano nella  fornitura di energia elettrica, gas, vapore e aria, con un aumento del 7,6%, e nella  produzione di prodotti farmaceutici di base e preparati ... che registrano un calo del 4,6%. Seguono la fabbricazione di prodotti chimici, in diminuzione del  3,4%, e la  fabbricazione di apparecchiature elettriche e apparecchiature per uso domestico ... Nel commento ai dati, l'Istat sottolinea che a luglio la produzione industriale destagionalizzata registra un incremento congiunturale e che la dinamica mensile è  positiva per tutti i ... Resta però “in debole flessione” ... Tra i principali settori, oltre all'energia, l'Istat segnala la crescita  su base annua ... dei prodotti farmaceutici",https://eview.copyscape.com/compare/vznv4qmyhj/18
158,2026-10-01T09:48:19.356980,PROINDLUG2026,27c192767b0bd121e01a6fcadc0e4e97b108d9f0368029cee98b49474395853a,https://www.quotidianodelsud.it/2026/09/10/industria-istat-a-luglio-produzione-07-su-mese-ferma-su-anno,"Industria, Istat: a luglio produzione +0,7% su mese, ferma su anno - Il Quotidiano del Sud",62,,,"... askanews) – A luglio l'indice destagionalizzato della produzione industriale aumenta  dello 0,7% rispetto a giugno. ... L'indice destagionalizzato mostra a luglio un calo congiunturale solo per l'energia (-0,9%); viceversa si osservano aumenti per i beni di consumo (+2,1%), i beni intermedi (+0,5%) e i beni strumentali (+0,2%). Su base annua si registra un ... Al netto degli effetti di calendario, a luglio ... la produzione è rimasta invariata rispetto all'anno precedente.",https://eview.copyscape.com/compare/vznv4qmyhj/19
159,2026-10-01T09:48:19.356980,PROINDLUG2026,27c192767b0bd121e01a6fcadc0e4e97b108d9f0368029cee98b49474395853a,https://www.ragionierieprevidenza.it/2026/09/industria-istat-a-luglio-produzione-07-su-mese-ferma-su-anno/,"Industria, Istat: a luglio produzione +0,7% su mese, ferma su anno - Ragionieri e previdenza",57,,,"... Nella media del periodo maggio-luglio si registra una diminuzione del livello della produzione dello 0,1% rispetto ai tre mesi precedenti. L'indice destagionalizzato mostra a luglio un calo ... congiunturale solo per l'energia (-0,9%); viceversa si osservano aumenti per i beni di consumo (+2,1%), i beni intermedi (+0,5%) e i beni strumentali (+0,2%). Su base annua si registra un ",https://eview.copyscape.com/compare/vznv4qmyhj/20
160,2026-10-01T09:48:19.356980,PROINDLUG2026,27c192767b0bd121e01a6fcadc0e4e97b108d9f0368029cee98b49474395853a,https://www.interris.it/italia/industria-produzione-congiunturale-in-lieve-calo-frenano-consumi-e-manifattura/,"Industria, produzione congiunturale in lieve calo: frenano consumi e manifattura",57,,,"... I settori di attività economica che registrano gli incrementi tendenziali più elevati sono la fabbricazione di mezzi di trasporto (+11, 6%), la produzione di prodotti farmaceutici di base e preparati farmaceutici (+3,5%)  e la fabbricazione di prodotti chimici (+3,3%).  Le flessioni più ampie si rilevano nelle industrie tessili, abbigliamento, pelli e accessori (-6,6%),  nelle altre industrie manifatturiere, riparazione e installazione di macchinari ed apparecchiature (-3,8%)  e nella fabbricazione di apparecchiature elettriche e apparecchiature per uso domestico non elettriche (-2,6%).",https://eview.copyscape.com/compare/vznv4qmyhj/21
161,2026-10-01T09:48:19.356980,PROINDLUG2026,27c192767b0bd121e01a6fcadc0e4e97b108d9f0368029cee98b49474395853a,https://teleborsa.ansa.it/notiziario/economia/istat-produzione-industriale-a-luglio-07-su-giugno/,"Istat, produzione industriale a luglio +0,7% su giugno – teleborsa.ansa.it",37,,,"... Tra i settori, gli incrementi tendenziali più elevati si registrano nella  fornitura di energia elettrica, gas, vapore e aria condizionata (+7,6%), nella  produzione di prodotti farmaceutici di base e preparati farmaceutici (+7,4%) e nella  fabbricazione di computer, prodotti di elettronica e ottica, apparecchi elettromedicali e  di misurazione (+2,4%).",https://eview.copyscape.com/compare/vznv4qmyhj/22
162,2026-10-01T09:48:19.356980,PROINDLUG2026,27c192767b0bd121e01a6fcadc0e4e97b108d9f0368029cee98b49474395853a,https://www.adn24.it/blog/2026/09/10/la-produzione-industriale-a-luglio-aumenta-dello-07-su-base-mensile/,"La produzione industriale a luglio aumenta dello 0,7% su base mensile",30,,,"... Nella media del periodo maggio-luglio si registra una diminuzione del livello della produzione dello 0,1% rispetto ai tre mesi precedenti. È quanto emerge dai dati Istat sulla produzione industriale per il mese di luglio 2026.  L'indice destagionalizzato mostra a luglio un calo congiunturale ",https://eview.copyscape.com/compare/vznv4qmyhj/23
163,2026-10-01T09:48:19.356980,PROINDLUG2026,27c192767b0bd121e01a6fcadc0e4e97b108d9f0368029cee98b49474395853a,https://www.soldionline.it/notizie/macroeconomia/produzione-industriale-luglio-2026-ferma-su-base-annua-cosa-succede,"Produzione industriale, luglio 2026 ferma su base annua: cosa succede - SoldiOnline.it",30,,,"... L'indice destagionalizzato della produzione industriale – che misura l'andamento dell'attività delle imprese al netto degli effetti ricorrenti, come stagionalità e calendario – è aumentato a luglio 2026  dello 0,7% rispetto a giugno.... Le flessioni più marcate su base annua si osservano invece in:  altre industrie manifatturiere, riparazione e installazione di macchine ed apparecchiature, in calo del 4,6%;... Quando si guarda però al periodo più lungo, il quadro appare meno brillante: nella media del trimestre maggio-luglio l'andamento complessivo risulta in debole flessione, con una variazione congiunturale pari a - 0,1%. In altri termini, l'industria ",https://eview.copyscape.com/compare/vznv4qmyhj/24
164,2026-10-01T09:48:19.356980,PROINDLUG2026,27c192767b0bd121e01a6fcadc0e4e97b108d9f0368029cee98b49474395853a,https://lavoceditalia.com/2026/09/10/831040/industria-istat-a-luglio-produzione-07-su-mese-ferma-su-anno/,"Industria, Istat: a luglio produzione +0,7% su mese, ferma su anno - La Voce d'Italia",27,,,"... Roma, 10 set. (askanews) – A luglio l'indice destagionalizzato della produzione industriale aumenta  dello 0,7% rispetto a giugno. ... Al netto degli effetti di calendario, a luglio ... la produzione è rimasta invariata rispetto all'anno precedente.",https://eview.copyscape.com/compare/vznv4qmyhj/25
165,2026-10-01T09:48:19.356980,PROINDLUG2026,27c192767b0bd121e01a6fcadc0e4e97b108d9f0368029cee98b49474395853a,https://www.italpress.com/la-produzione-industriale-a-luglio-aumenta-dello-07-su-base-mensile/,"La produzione industriale a luglio aumenta dello 0,7% su base mensile",21,,,"... Le flessioni più ampie si rilevano ... tuttavia, in debole flessione l'andamento congiunturale complessivo nella media del periodo maggio-luglio (-0,1%).",https://eview.copyscape.com/compare/vznv4qmyhj/26
166,2026-10-01T09:48:19.356980,PROINDLUG2026,27c192767b0bd121e01a6fcadc0e4e97b108d9f0368029cee98b49474395853a,https://www.rassegnabusiness.news/istat-pil-italiano-ancora-crescita-ma-pesano-inflazione-e-incertezza-internazionale/,"Istat economia italiana maggio 2026: Pil +0,2%, inflazione al 2,9% ad aprile",20,,,"... A marzo l'indice destagionalizzato aumenta dello 0,7% rispetto a febbraio, dopo il +0,2% del mese precedente.  Nella media del primo trimestre, però, la produzione resta in calo dello 0,2%  rispetto ai tre mesi precedenti. Il dettaglio per raggruppamenti conferma un andamento selettivo. Tra gennaio e marzo crescono i beni strumentali e l'energia, entrambi dello 0,3%, mentre arretrano  i beni di consumo, in flessione dell'1,3%, e  i beni intermedi, in calo dello 0,5%. Il recupero di marzo appare quindi concentrato e non elimina la debolezza accumulata nella prima parte dell'anno.",https://eview.copyscape.com/compare/vznv4qmyhj/27
167,2026-10-01T09:48:19.356980,PROINDLUG2026,27c192767b0bd121e01a6fcadc0e4e97b108d9f0368029cee98b49474395853a,https://www.confapivenezia.it/news/lultima-indagine-dellistat-sullindustria-a-luglio-la-produzione-registra-un-incremento/,L'ultima indagine dell'Istat sull'industria: “A luglio la produzione ...,17,,,... A luglio 2026 ... l'indice destagionalizzato della produzione industriale ... mesi precedenti. L'indice destagionalizzato mostra a luglio un calo ,https://eview.copyscape.com/compare/vznv4qmyhj/28
168,2026-10-01T09:48:19.356980,PROINDLUG2026,27c192767b0bd121e01a6fcadc0e4e97b108d9f0368029cee98b49474395853a,https://www.scoa.it/2026/09/produzione-industriale-in-ripresa-cosa-dicono-i-dati-istat/,Produzione industriale in ripresa? Cosa dicono i dati Istat - SCOA,15,,,... A luglio 2026 ... l'indice destagionalizzato della produzione industriale ... debole flessione l'andamento congiunturale complessivo nella media ,https://eview.copyscape.com/compare/vznv4qmyhj/29
169,2026-10-01T09:48:20.970155,OCCDISPROLUG2026,67862c6615025739a807cb1ea37ad285591a56fc9039c31c62e5e1eae9b60aba,https://formatresearch.com/2026/09/01/occupati-e-disoccupati-istat-luglio-2026-dati-provvisori/,Occupati e disoccupati | ISTAT - Luglio 2026 (dati provvisori),290,,,"... associa alla diminuzione dei disoccupati e degli inattivi ... La stabilità degli occupati è ... tra le donne, i dipendenti a termine e tutte le altre classi d'età. Il tasso di occupazione è invariato al 63,2%... Il calo delle persone in cerca di lavoro (-1,1%, pari a -17mila unità) coinvolge gli uomini e tutte le classi d'età ad eccezione dei 35-49enni, tra i quali, come per le donne, il numero di ... La diminuzione degli inattivi tra i 15 e i 64 anni (-0,1%, pari a -17mila unità) riguarda soltanto gli uomini e i 35-49enni; nelle altre classi d'età il numero di inattivi è in crescita e tra le donne è sostanzialmente stabile.... unità), mentre diminuiscono gli inattivi di 15-64 anni (-1,2%, pari a ... A luglio 2026, la crescita del numero di occupati rispetto a luglio 2025 (+1,3%, +307mila unità) interessa gli uomini, le donne, i 25-34enni e coloro che hanno almeno 50 anni. Tra i 15-24enni e i 35-49enni, invece, gli occupati diminuiscono.... Rispetto a luglio 2025, diminuisce ... i 64 anni (-2,5%, pari a -307mila unità). ... A luglio 2026 il numero di occupati, pari a 24 milioni 370mila, è stabile rispetto al mese precedente... La crescita dei dipendenti permanenti (16 milioni 583mila) e degli autonomi (5 milioni 301mila) è compensata dal calo dei dipendenti a termine (2 milioni 486mila).... La crescita dell'occupazione rispetto a luglio 2025 (+307mila occupati in un anno) è sintesi dell'aumento dei dipendenti permanenti (+303mila) e degli autonomi (+85mila) e della diminuzione dei dipendenti a termine (-82mila). Su base mensile il tasso di occupazione e quello di inattività rimangono stabili al 63,2% e al 32,8%, rispettivamente, e il tasso di disoccupazione scende al 5,8%.",https://eview.copyscape.com/compare/fca63p3gp1/1
170,2026-10-01T09:48:20.970155,OCCDISPROLUG2026,67862c6615025739a807cb1ea37ad285591a56fc9039c31c62e5e1eae9b60aba,https://www.imgpress.it/attualita/occupati-e-disoccupati-luglio-2026/,ISTAT: Occupati e disoccupati - Luglio 2026 - imgpress,237,,,"... A luglio 2026, su base mensile, il numero degli occupati rimane stabile e si associa alla diminuzione dei disoccupati e degli inattivi. La stabilità degli occupati è sintesi dell'aumento tra gli uomini, i dipendenti permanenti, gli autonomi ... tra le donne, i dipendenti a termine e tutte le altre classi d'età. Il tasso di occupazione è invariato al 63,2%... Il calo delle persone in cerca di lavoro (-1,1%, pari a -17mila unità) coinvolge gli uomini e tutte le classi d'età ad eccezione dei 35-49enni, tra i quali, come per le donne, il numero di ... La diminuzione degli inattivi tra i 15 e i 64 anni (-0,1%, pari a -17mila unità) riguarda soltanto gli uomini e i 35-49enni; nelle altre classi d'età il numero di inattivi è in crescita e tra le donne è sostanzialmente stabile.... A luglio 2026, la crescita del numero di occupati rispetto a luglio 2025 (+1,3%, +307mila unità) interessa gli uomini, le donne, i 25-34enni e coloro che hanno almeno 50 anni; tra i 15-24enni e i 35-49enni, invece, gli occupati diminuiscono.... A luglio 2026 il numero di occupati, pari a 24 milioni 370mila, è stabile rispetto al mese precedente. La crescita dei dipendenti permanenti (16 milioni 583mila) e ... degli autonomi (5 milioni 301mila) è compensata dal calo dei dipendenti a termine (2 milioni 486mila).La crescita dell'occupazione rispetto a luglio 2025 (+307mila occupati in un ",https://eview.copyscape.com/compare/fca63p3gp1/2
171,2026-10-01T09:48:20.970155,OCCDISPROLUG2026,67862c6615025739a807cb1ea37ad285591a56fc9039c31c62e5e1eae9b60aba,https://www.borsaitaliana.it/borsa/notizie/teleborsa/economia/mercato-lavoro-disoccupazione-in-calo-al-58-e-occupati-stabili-a-luglio-55_2026-09-01_TLB.html,"Mercato lavoro, disoccupazione in calo al 5,8% e occupati stabili a ...",197,,,"... E' quanto emerge dall'ultimo rapporto dell'Istat sul mercato del lavoro, da cui emerge che la stabilità degli occupati è sintesi dell'aumento tra gli uomini, i dipendenti permanenti, gli autonomi e i 35-49enni e del calo tra le donne, i dipendenti a termine e tutte le altre classi d'età.... di lavoro (-1,1%, pari a -17mila unità), che  coinvolge gli uomini e tutte le classi d'età ad eccezione dei 35-49enni, tra i quali, come per le donne, il numero di disoccupati ... è in crescita. Il tasso di disoccupazione scende al 5,8% (-0,1 punti), mentre quello giovanile sale al 18,9% (+0,2 punti).... La diminuzione degli inattivi tra i 15 e i 64 anni (-0,1%, pari a -17mila unità) riguarda soltanto gli uomini e i 35-49enni; nelle altre classi d'età il numero di inattivi è in crescita e tra le donne è sostanzialmente stabile. Il tasso di inattività rimane invariato al 32,8%. Rispetto ... Confrontando il trimestre maggio-luglio ... unità), mentre diminuiscono gli inattivi di 15-64 anni (-1,2 ... 49enni, invece, gli occupati diminuiscono. Su base annua il tasso di ... L'occupazione risulta in crescita rispetto a luglio 2025 (+307mila occupati in un anno), ... sintesi dell'aumento dei dipendenti permanenti (+303mila) e degli autonomi (+85mila) e della diminuzione dei dipendenti a termine (-82mila). La crescita interessa gli uomini, le donne, i 25-34enni e coloro ",https://eview.copyscape.com/compare/fca63p3gp1/3
172,2026-10-01T09:48:20.970155,OCCDISPROLUG2026,67862c6615025739a807cb1ea37ad285591a56fc9039c31c62e5e1eae9b60aba,https://giornaledellepmi.it/occupati-invariati-a-luglio-scendono-disoccupati-e-inattivi-tasso-di-disoccupazione-al-58/,"Occupati invariati a luglio, scendono disoccupati e inattivi: tasso di disoccupazione al 5,8% - Il Giornale delle PMI",197,,,"... Il tasso di occupazione è invariato al 63,2%. Il calo delle persone in cerca di lavoro (-1,1%, pari a -17mila unità) coinvolge gli uomini e tutte le classi d'età ad eccezione dei 35-49enni, tra i quali, come per le donne, il numero di ... La diminuzione degli inattivi tra i 15 e i 64 anni (-0,1%, pari a -17mila unità) riguarda soltanto gli uomini e i 35-49enni; nelle altre classi d'età il numero di inattivi è in crescita e tra le donne è sostanzialmente stabile.... A luglio 2026, la crescita del numero di occupati rispetto a luglio 2025 (+1,3%, +307mila unità) interessa gli uomini, le donne, i 25-34enni e coloro che hanno almeno 50 anni; tra i 15-24enni e i 35-49enni, invece, gli occupati diminuiscono.... A luglio 2026 il numero di occupati, ... precedente. La crescita dei dipendenti permanenti (16 milioni 583mila) e degli autonomi (5 milioni 301mila) è compensata dal calo dei dipendenti a termine (2 milioni 486mila).... La crescita dell'occupazione rispetto a luglio 2025 (+307mila occupati in un anno) è sintesi dell'aumento dei dipendenti permanenti (+303mila) e degli autonomi (+85mila) e della diminuzione dei dipendenti a termine (-82mila).",https://eview.copyscape.com/compare/fca63p3gp1/4
173,2026-10-01T09:48:20.970155,OCCDISPROLUG2026,67862c6615025739a807cb1ea37ad285591a56fc9039c31c62e5e1eae9b60aba,https://www.agenziagiornalisticaopinione.it/opinionmix/istat-occupati-e-disoccupati-dati-provvisori-luglio-2026/,ISTAT * «OCCUPATI E DISOCCUPATI (DATI PROVVISORI)- LUGLIO 2026» - Agenzia giornalistica Opinione. Notizie da Italia - Mondo / Trentino Alto Adige,184,,,"... La stabilità degli occupati è ... tra le donne, i dipendenti a termine e tutte le altre classi d'età. Il tasso di occupazione è invariato al 63,2%... Il calo delle persone in cerca di lavoro (-1,1%, pari a -17mila unità) coinvolge gli uomini e tutte le classi d'età ad eccezione dei 35-49enni, tra i quali, come per le donne, il numero di ... La diminuzione degli inattivi tra i 15 e i 64 anni (-0,1%, pari a -17mila unità) riguarda soltanto gli uomini e i 35-49enni; nelle altre classi d'età il numero di inattivi è in crescita e tra le donne è sostanzialmente stabile.... A luglio 2026, la crescita del numero di occupati rispetto a luglio 2025 (+1,3%, +307mila unità) interessa gli uomini, le donne, i 25-34enni e coloro che hanno almeno 50 anni; tra i 15-24enni e i 35-49enni, invece, gli occupati diminuiscono.... A luglio 2026 il numero di occupati, ... precedente. La crescita dei dipendenti permanenti (16 milioni 583mila) e degli autonomi (5 milioni 301mila) è compensata dal calo dei dipendenti a termine (2 milioni 486mila).",https://eview.copyscape.com/compare/fca63p3gp1/5
174,2026-10-01T09:48:20.970155,OCCDISPROLUG2026,67862c6615025739a807cb1ea37ad285591a56fc9039c31c62e5e1eae9b60aba,https://www.agenzianova.com/news/a-luglio-occupazione-stabile-al-632-per-cento-la-disoccupazione-scende-al-58-per-cento/,"A luglio occupazione stabile al 63,2 per cento, la disoccupazione scende al 5,8 per cento",150,,,"... A luglio 2026, su base mensile, il numero degli occupati rimane stabile ... La stabilità degli occupati è sintesi dell'aumento tra gli uomini, i dipendenti permanenti, gli autonomi e i 35-49enni e del calo tra ... le donne, i dipendenti a termine e tutte le altre classi d'età. Il tasso di occupazione è invariato al 63,2 per cento Il calo delle persone in cerca di lavoro (-1,1 per cento, pari a -17 mila  unità) coinvolge gli uomini e tutte le classi d'età ad eccezione dei 35-49enni, tra i quali, come per le donne, ... La diminuzione degli inattivi tra i 15 e i 64 anni (-0,1 per cento, pari a -17 mila  unità) riguarda soltanto gli uomini e i 35-49enni; nelle altre classi d'età il numero di inattivi è in crescita e tra le donne è sostanzialmente stabile.... Rispetto al trimestre precedente, crescono anche le persone in cerca di lavoro (+3,4 per cento, pari a +49 mila  unità), mentre diminuiscono gli inattivi di 15-64 anni ",https://eview.copyscape.com/compare/fca63p3gp1/6
175,2026-10-01T09:48:20.970155,OCCDISPROLUG2026,67862c6615025739a807cb1ea37ad285591a56fc9039c31c62e5e1eae9b60aba,https://teleborsa.ansa.it/notiziario/economia/mercato-lavoro-disoccupazione-in-calo-al-5-8-e-occupati-stabili-a-luglio/,"Mercato lavoro, disoccupazione in calo al 5.,8% e occupati stabili a luglio – teleborsa.ansa.it",131,,,"... a -17mila unità), che  coinvolge gli uomini e tutte le classi d'età ad eccezione dei 35-49enni, tra i quali, come per le donne, il numero di disoccupati è in crescita... di disoccupazione scende al 5,8% (-0,1 punti), mentre quello giovanile sale al 18,9% (+0,2 punti).... La diminuzione degli inattivi tra ... inattivi è in crescita e tra le donne è sostanzialmente stabile. Il tasso di inattività rimane invariato al 32,8%... Confrontando il trimestre maggio-luglio ... Il tasso di occupazione è invariato al 63,2%. La crescita dei dipendenti permanenti (16 milioni 583mila) e degli autonomi (5 milioni 301mila) è compensata dal calo dei dipendenti a termine (2 milioni 486mila).... L'occupazione risulta in crescita rispetto a luglio 2025 (+307mila occupati in un anno), ... sintesi dell'aumento dei dipendenti permanenti (+303mila) e degli autonomi (+85mila) e della diminuzione dei dipendenti a termine (-82mila).",https://eview.copyscape.com/compare/fca63p3gp1/7
176,2026-10-01T09:48:20.970155,OCCDISPROLUG2026,67862c6615025739a807cb1ea37ad285591a56fc9039c31c62e5e1eae9b60aba,https://www.bollettinoadapt.it/wp-content/uploads/2026/09/CS_Occupati-e-disoccupati_LUGLIO_2026.pdf,UFFICIO STAMPA tel. +39 06 4673.2243/44 ufficiostampa@istat.it CONTACT CENTRE,119,,,"... La stabilità degli occupati è sintesi dell'aumento tra gli uomini, i dipendenti permanenti, gli autonomi e i 35- 49enni e del calo tra le donne, i dipendenti a termine e tutte le altre classi d'età. Il tasso di occupazione è ... Il calo delle persone in cerca di lavoro (-1,1%, pari a -17mila unità) coinvolge gli uomini e ... tutte le classi d'età ad eccezione dei 35-49enni... A luglio 2026, la crescita del numero di occupati rispetto a luglio 2025 (+1,3%, +307mila unità) interessa gli · uomini, le donne, i 25-34enni e coloro che hanno almeno 50 anni; tra i 15-24enni e i 35-49enni, invece, gli · occupati diminuiscono. Su base annua il tasso di occupazione aumenta ",https://eview.copyscape.com/compare/fca63p3gp1/8
177,2026-10-01T09:48:20.970155,OCCDISPROLUG2026,67862c6615025739a807cb1ea37ad285591a56fc9039c31c62e5e1eae9b60aba,https://www.lavorosi.it/istat-occupati-stabili-a-luglio-307mila-disoccupazione-cala-al-58,"Istat: occupati stabili a luglio +307mila. Disoccupazione cala al 5,8% - Lavorosì",111,,,"... le donne, i dipendenti a termine e tutte le altre classi d'età. Il tasso di occupazione resta  invariato al 63,2%... La diminuzione degli inattivi tra i 15 e i 64 anni (-0,1%, pari a -17mila unità) riguarda soltanto gli uomini e i 35-49enni; nelle altre classi d'età il numero di inattivi è in crescita e tra le donne è sostanzialmente stabile.... A luglio 2026, la crescita del numero di occupati rispetto a luglio 2025 (+1,3%, +307mila unità) interessa gli uomini, le donne, i 25-34enni e coloro che hanno almeno 50 anni; tra i 15-24enni e i 35-49enni, invece, gli occupati diminuiscono.... Il dato, stabile rispetto al mese ",https://eview.copyscape.com/compare/fca63p3gp1/9
178,2026-10-01T09:48:20.970155,OCCDISPROLUG2026,67862c6615025739a807cb1ea37ad285591a56fc9039c31c62e5e1eae9b60aba,https://www.ilsole24ore.com/art/istat-luglio-occupazione-stabile-scende-disoccupazione-58percento-AJRY5F0,"Istat: a luglio occupazione stabile. Scende la disoccupazione (5,8%) - Il Sole 24 ORE",108,,,"... Il calo delle persone in cerca di lavoro (-1,1%, pari a -17mila unità) coinvolge gli uomini e tutte le classi d'età ad eccezione dei 35-49enni, tra i quali, come per le donne, il numero di disoccupati è in crescita.... La diminuzione degli inattivi tra i 15 e i 64 anni (-0,1%, pari a -17mila unità) riguarda soltanto gli uomini e i 35-49enni; nelle altre classi d'età il numero di ... inattivi è in crescita e tra le donne è sostanzialmente stabile. Il tasso di inattività rimane invariato al 32,8%... Un mercato del lavoro sostanzialmente stabile. A luglio il numero di occupati, pari a 24 milioni 370mila, è stabile rispetto al mese precedente.",https://eview.copyscape.com/compare/fca63p3gp1/10
179,2026-10-01T09:48:20.970155,OCCDISPROLUG2026,67862c6615025739a807cb1ea37ad285591a56fc9039c31c62e5e1eae9b60aba,https://www.gazzettadinapoli.it/economia-2/lavoro-istat-occupazione-stabile-a-luglio/,"Lavoro, Istat, occupazione stabile a luglio",96,,,"... La diminuzione degli inattivi tra i 15 e i 64 anni (-0,1%, pari a -17mila unità) riguarda soltanto gli uomini e i 35-49enni; nelle altre classi d'età il numero di ... inattivi è in crescita e tra le donne è sostanzialmente stabile. Il tasso di inattività rimane invariato al 32,8%... A luglio 2026, la crescita del numero di occupati rispetto a luglio 2025 (+1,3%, +307mila unità) interessa gli uomini, le donne, i 25-34enni e coloro che hanno almeno 50 anni; tra i 15-24enni e i 35-49enni, invece, gli occupati diminuiscono.",https://eview.copyscape.com/compare/fca63p3gp1/11
180,2026-10-01T09:48:20.970155,OCCDISPROLUG2026,67862c6615025739a807cb1ea37ad285591a56fc9039c31c62e5e1eae9b60aba,https://www.gazzettadisalerno.it/lavoro-occupazione-stabile-a-luglio-calano-disoccupati/,"Lavoro, occupazione stabile a luglio, calano disoccupati",90,,,"... Il tasso di occupazione è invariato al 63,2%. Il calo delle persone in cerca di lavoro (-1,1%, pari a -17mila unità) coinvolge gli uomini e tutte le classi d'età ad eccezione dei 35-49enni, tra i quali, come per le donne, il numero di ... A luglio 2026, la crescita del numero di occupati rispetto a luglio 2025 (+1,3%, +307mila unità) interessa gli uomini, le donne, i 25-34enni e coloro che hanno almeno 50 anni; tra i 15-24enni e i 35-49enni, invece, gli occupati diminuiscono.",https://eview.copyscape.com/compare/fca63p3gp1/12
181,2026-10-01T09:48:20.970155,OCCDISPROLUG2026,67862c6615025739a807cb1ea37ad285591a56fc9039c31c62e5e1eae9b60aba,https://www.dottrinalavoro.it/notizie-c/istat-occupati-e-disoccupati-giugno-2026-2,ISTAT: Occupati e Disoccupati – Luglio 2026 | Dottrina Per il Lavoro,81,,,"... La stabilità degli occupati è sintesi dell'aumento tra gli uomini, i dipendenti permanenti, gli autonomi e i 35-49enni e del calo ... tra le donne, i dipendenti a termine e tutte le altre classi d'età. Il tasso di occupazione è invariato al 63,2%... Il calo delle persone in cerca di lavoro (-1,1%, pari a -17mila unità) coinvolge gli uomini e tutte le classi d'età ad eccezione dei 35-49enni, tra i quali, come per le donne, il numero di ",https://eview.copyscape.com/compare/fca63p3gp1/13
182,2026-10-01T09:48:20.970155,OCCDISPROLUG2026,67862c6615025739a807cb1ea37ad285591a56fc9039c31c62e5e1eae9b60aba,https://www.ildiariodellavoro.it/lavoro-istat-occupati-stabili-a-luglio-su-anno-307mila-tasso-di-disoccupazione-cala-al-58/,"Lavoro, Istat: occupati stabili a luglio, su anno +307mila. Tasso di disoccupazione cala al 5,8% - Il Diario del Lavoro",68,,,"... le donne, i dipendenti a termine e tutte le altre classi d'età. Il tasso di occupazione resta  invariato al 63,2%... A luglio 2026, la crescita del numero di occupati rispetto a luglio 2025 (+1,3%, +307mila unità) interessa gli uomini, le donne, i 25-34enni e coloro che hanno almeno 50 anni; tra i 15-24enni e i 35-49enni, invece, gli occupati diminuiscono.... Il dato, stabile rispetto al mese ",https://eview.copyscape.com/compare/fca63p3gp1/14
183,2026-10-01T09:48:20.970155,OCCDISPROLUG2026,67862c6615025739a807cb1ea37ad285591a56fc9039c31c62e5e1eae9b60aba,https://www.agenziaentrate.gov.it/portale/documents/d/guest/statisticheomi_res_ii_2026,RESIDENZIALE 2 | 2026 Il mercato delle abitazioni nel II trimestre 2026,47,,,"... Il tasso di inattività rimane invariato al 32,8%. Confrontando il trimestre maggio-luglio 2026 con quello precedente (febbraio-aprile 2026) si registra un aumento di 91mila occupati (+0,4%). Rispetto al trimestre precedente, crescono anche le persone in cerca di lavoro (+3,4%, pari · a +49mila ",https://eview.copyscape.com/compare/fca63p3gp1/15
184,2026-10-01T09:48:20.970155,OCCDISPROLUG2026,67862c6615025739a807cb1ea37ad285591a56fc9039c31c62e5e1eae9b60aba,https://www.jlcnews.it/post/occupati-e-disoccupati-luglio-2026,Occupati e disoccupati - Luglio 2026,43,,,"... La diminuzione degli inattivi tra i 15 e i 64 anni (-0,1%, pari a -17mila unità) riguarda soltanto gli uomini e i 35-49enni; nelle altre classi d'età il numero di inattivi è in crescita e tra le donne è sostanzialmente stabile.",https://eview.copyscape.com/compare/fca63p3gp1/16
185,2026-10-01T09:48:20.970155,OCCDISPROLUG2026,67862c6615025739a807cb1ea37ad285591a56fc9039c31c62e5e1eae9b60aba,https://www.italpress.com/a-luglio-la-disoccupazione-cala-al-58-stabile-il-numero-degli-occupati/,"A luglio la disoccupazione cala al 5,8%, stabile il numero degli occupati",43,,,"... La diminuzione degli inattivi tra i 15 e i 64 anni (-0,1%, pari a -17mila unità) riguarda soltanto gli uomini e i 35-49enni; nelle altre classi d'età il numero di inattivi è in crescita e tra le donne è sostanzialmente stabile.",https://eview.copyscape.com/compare/fca63p3gp1/17
186,2026-10-01T09:48:20.970155,OCCDISPROLUG2026,67862c6615025739a807cb1ea37ad285591a56fc9039c31c62e5e1eae9b60aba,https://ladiscussione.com/459569/lavoro/mercato-lavoro-occupati/,"Lavoro, 307mila occupati in più in un anno. A luglio frenano i giovani",42,,,"... Il tasso di occupazione si conferma  al 63,2%, quello  di disoccupazione scende al 5,8%, con una flessione di  0,1 punti, mentre tra i giovani  sale al 18,9%, 0,2 punti in più rispetto al mese precedente.... La crescita interessa uomini, donne, 25-34enni e persone con  almeno 50 anni, mentre si registra una contrazione  tra i 15-24enni e nella fascia compresa tra 35 e 49 anni. Nell'arco di dodici mesi  il tasso di occupazione guadagna  0,8 punti ",https://eview.copyscape.com/compare/fca63p3gp1/18
187,2026-10-01T09:48:20.970155,OCCDISPROLUG2026,67862c6615025739a807cb1ea37ad285591a56fc9039c31c62e5e1eae9b60aba,https://www.giornaledellepmi.it/a-maggio-diminuiscono-occupati-e-disoccupati-crescono-gli-inattivi/,"A maggio diminuiscono occupati e disoccupati, crescono gli inattivi - Il Giornale delle PMI",41,,,"... Su base annua il tasso di occupazione aumenta di 0,4  punti. Rispetto a maggio 2025, diminuisce  il numero di persone in cerca di lavoro (-23,8%, pari a -399mila unità) e sale  quello degli inattivi tra i 15 e i 64 anni (+1, 5%, pari a +190mila unità).... La diminuzione è determinata dai soli dipendenti a termine (2 milioni 388mila), a fronte della crescita tra i dipendenti permanenti (16 milioni 588mila) e gli  autonomi (5 milioni 360mila).",https://eview.copyscape.com/compare/fca63p3gp1/19
188,2026-10-01T09:48:20.970155,OCCDISPROLUG2026,67862c6615025739a807cb1ea37ad285591a56fc9039c31c62e5e1eae9b60aba,https://www.giornaledellepmi.it/occupati-fermi-ma-crescono-i-disoccupati-giugno-segna-linversione-di-tendenza-per-il-lavoro/,"Occupati fermi, ma crescono i disoccupati: giugno segna l'inversione di tendenza per il lavoro - Il Giornale delle PMI",40,,,"... A giugno 2026, su base mensile, il numero degli occupati risulta  stabile e si associa alla crescita  dei disoccupati e alla diminuzione  degli inattivi. La stabilità degli occupati è ... sintesi dell'aumento tra gli uomini, i dipendenti a termine, i 25-34enni e chi ha almeno 50 anni,  e del calo tra le donne, ... i dipendenti a termine, ",https://eview.copyscape.com/compare/fca63p3gp1/20
189,2026-10-01T09:48:20.970155,OCCDISPROLUG2026,67862c6615025739a807cb1ea37ad285591a56fc9039c31c62e5e1eae9b60aba,https://www.corriere.it/economia/lavoro/26_luglio_02/istat-calano-gli-occupati-22mila-a-maggio-tasso-di-disoccupazione-al-5-inattivi-oltre-il-33-8a5eb5d8-8798-46d6-b100-a7084688fxlk.shtml,"Istat, calano gli occupati: -22 mila a maggio. Tasso di disoccupazione al 5%, inattivi oltre il 33% | Corriere.it",38,,,"... le donne, i dipendenti a termine e tutte le classi d'età ad eccezione di chi ha almeno 50 anni; in questa classe di età ... Secondo l'Istat, in un anno gli occupati sono 228mila in più, la disoccupazione scende al 5% e il tasso di inattività sale al 33,6% Calo degli occupati in maggio: lo certifica l'Istat spiegando che il ribasso (-0, 1%, pari a -22mila  unità) coinvolge gli uomini, le donne, i dipendenti a termine  e tutte le classi d'età ad eccezione di chi ha almeno 50 anni; in questa classe di età  il numero di occupati risulta in crescita, così come tra i dipendenti  permanenti e gli autonomi. Il tasso di occupazione scende al 63% (- 0,1 punti). La diminuzione - spiega Istat - è determinata dai soli dipendenti a termine (2 milioni 388mila), a fronte della crescita tra i dipendenti permanenti (16 milioni 588mila) e gli autonomi (5 milioni 360mila).... Secondo l'Istat, in un anno gli ",https://eview.copyscape.com/compare/fca63p3gp1/21
190,2026-10-01T09:48:20.970155,OCCDISPROLUG2026,67862c6615025739a807cb1ea37ad285591a56fc9039c31c62e5e1eae9b60aba,https://www.cliclavoro.gov.it/sites/default/files/2026-01/CS_Occupati-e-disoccupati_Ottobre_2025.pdf,2 dicembre 2025 Ottobre 2025 OCCUPATI E DISOCCUPATI Dati provvisori,37,,,"... è sintesi della · crescita tra i 15-34enni e della diminuzione tra chi ha almeno 35 anni di età. Il tasso di inattività è invariato... Il tasso di disoccupazione scende ... aumentano gli inattivi di 15-64 anni (+0,5%, pari a +61mila unità). A ottobre 2025, il  numero di occupati supera quello di ottobre 2024 dello 0,9% (+224mila unità); l'aumento · riguarda  gli uomini, le donne e chi ha ... stabile tra chi ha almeno 50 anni; quello di inattività, infine, cresce  tra i 15-34enni e cala nelle altre classi d'età.  Su base annua, il tasso di occupazione diminuisce  tra i 15-34enni e aumenta tra chi ha almeno 35 anni; il tasso · di disoccupazione cala tra i 25-49enni e cresce nelle ",https://eview.copyscape.com/compare/fca63p3gp1/22
191,2026-10-01T09:48:20.970155,OCCDISPROLUG2026,67862c6615025739a807cb1ea37ad285591a56fc9039c31c62e5e1eae9b60aba,https://www.ilsole24ore.com/art/istat-ad-aprile-tasso-occupazione-sale-631percento-03-punti-AIqcgwLD,"Istat: ad aprile il tasso di occupazione sale al 63,1% (+0,3 punti)",32,,,"... Ad aprile 2026, su base mensile, la crescita degli occupati  si associa alla diminuzione dei disoccupati e degli inattivi. L'aumento degli ... Il tasso di inattività scende al 33,4% (-0,3 punti). ... Confrontando il trimestre febbraio-aprile  2026 con quello precedente (novembre 2025-gennaio  2026) si registra un aumento di 108mila  occupati (+0,4%).",https://eview.copyscape.com/compare/fca63p3gp1/23
192,2026-10-01T09:48:20.970155,OCCDISPROLUG2026,67862c6615025739a807cb1ea37ad285591a56fc9039c31c62e5e1eae9b60aba,https://cliclavoro.gov.it/sites/default/files/2026-06/Occupati-e-disoccupati-aprile-2026.pdf,UFFICIO STAMPA tel. +39 06 4673.2243/44 ufficiostampa@istat.it CONTACT CENTRE,25,,,"... Il tasso di occupazione sale al 63,1% (+0,3 punti).  Il calo delle persone in cerca di lavoro (-1,3%, pari a -18mila unità) si osserva per uomini e donne e per  tutte · le classi d'età ad eccezione dei 35-49enni, tra i quali i disoccupati risultano in crescita.",https://eview.copyscape.com/compare/fca63p3gp1/24
193,2026-10-01T09:48:20.970155,OCCDISPROLUG2026,67862c6615025739a807cb1ea37ad285591a56fc9039c31c62e5e1eae9b60aba,https://www.ripartelitalia.it/lavoro-a-ottobre-2025-crescono-gli-occupati-e-calano-i-disoccupati-il-rapporto-istat/,Lavoro: a ottobre 2025 crescono gli occupati e calano i disoccupati | Il Rapporto Istat,24,,,"... L'occupazione aumenta anche rispetto a ottobre 2024 (+224mila occupati in un anno), sintesi della crescita  dei dipendenti permanenti (+288mila)  e degli autonomi (+123mila) e del calo  dei dipendenti a termine (-188mila).  Su base mensile, il tasso di occupazione sale al 62,7%, quello di disoccupazione cala al 6,0% e  il tasso di inattività è stabile al 33,2%. A ottobre 2025, rispetto al mese precedente, uomini e donne presentano lo stesso andamento dei tassi: il tasso di occupazione aumenta (+0,1 per gli uomini e +0,2 punti per le donne), quello di disoccupazione cala (-0,2 punti per entrambe le componenti) e il tasso di inattività risulta stabile.",https://eview.copyscape.com/compare/fca63p3gp1/25
194,2026-10-01T09:48:20.970155,OCCDISPROLUG2026,67862c6615025739a807cb1ea37ad285591a56fc9039c31c62e5e1eae9b60aba,https://www.nuovogiornalenazionale.com/istat-andamento-mercato-del-lavoro-a-luglio-2026-dati-provvisori/,"Istat, andamento mercato del lavoro a luglio 2026 - dati provvisori",21,,,"... unità), mentre diminuiscono gli inattivi di 15-64 anni (-1,2%, pari ... 49enni, invece, gli occupati diminuiscono. Su base annua il ",https://eview.copyscape.com/compare/fca63p3gp1/26
195,2026-10-01T09:48:20.970155,OCCDISPROLUG2026,67862c6615025739a807cb1ea37ad285591a56fc9039c31c62e5e1eae9b60aba,https://www.dottrinalavoro.it/notizie-c/istat-occupati-e-disoccupati-giugno-2026,ISTAT: Occupati e Disoccupati – Giugno 2026 | Dottrina Per il Lavoro,18,,,"... unità), mentre diminuiscono gli inattivi di 15-64 anni (-0,9%, pari ... 49enni, invece, gli occupati diminuiscono. Su base annua il ",https://eview.copyscape.com/compare/fca63p3gp1/27
196,2026-10-01T09:48:20.970155,OCCDISPROLUG2026,67862c6615025739a807cb1ea37ad285591a56fc9039c31c62e5e1eae9b60aba,https://www.confael.net/primo-piano/istat-a-giugno-la-disoccupazione-sale-al-54/,"Istat, a giugno la disoccupazione sale al 5,4% - Confael",18,,,"... unità), mentre diminuiscono gli inattivi di 15-64 anni (-0,9%, pari ... 49enni, invece, gli occupati diminuiscono. Su base annua il ",https://eview.copyscape.com/compare/fca63p3gp1/28
197,2026-10-01T09:48:20.970155,OCCDISPROLUG2026,67862c6615025739a807cb1ea37ad285591a56fc9039c31c62e5e1eae9b60aba,https://www.ilgiornale.it/news/interni/lavoro-record-di-occupati-13-milioni-in-4-anni-i-dati-istat/,"Lavoro, record di occupati: +1,3 milioni in 4 anni. I dati Istat – il Giornale",18,,,"... A luglio 2026 il numero di occupati, pari a 24 milioni 370mila, è stabile rispetto al mese precedente”. A certificarlo è l'Istat che registra anche una crescita del +1,3% del numero di occupati rispetto a un anno fa, pari a un aumento ",https://eview.copyscape.com/compare/fca63p3gp1/29
198,2026-10-01T09:48:20.970155,OCCDISPROLUG2026,67862c6615025739a807cb1ea37ad285591a56fc9039c31c62e5e1eae9b60aba,https://www.dottrinalavoro.it/notizie-c/istat-occupati-e-disoccupati-agosto-2025,ISTAT: Occupati e Disoccupati – Agosto 2025 | Dottrina Per il Lavoro,18,,,"... Su base annua, il tasso di occupazione diminuisce tra i 15-34enni, è stabile tra i 35-49enni e aumenta tra chi ha almeno 50 anni;  il tasso di disoccupazione è stabile  tra i 15-24enni, cresce tra  i 35-49enni e cala  nelle altre classi d'età; ",https://eview.copyscape.com/compare/fca63p3gp1/30
199,2026-10-01T09:48:20.970155,OCCDISPROLUG2026,67862c6615025739a807cb1ea37ad285591a56fc9039c31c62e5e1eae9b60aba,https://en.ilsole24ore.com/radiocor/nRC_01.09.2026_10.45_29410294,"Lavoro: Istat, a luglio tasso di disoccupazione cala al 5,8% (RCO)",17,,,"... In particolare, spiega l'Istituto, su base mensile, il numero degli occupati rimane stabile e si associa alla diminuzione dei disoccupati e ",https://eview.copyscape.com/compare/fca63p3gp1/31
200,2026-10-01T09:48:20.970155,OCCDISPROLUG2026,67862c6615025739a807cb1ea37ad285591a56fc9039c31c62e5e1eae9b60aba,https://www.dottrinalavoro.it/notizie-c/istat-occupati-e-disoccupati-maggio-2026,ISTAT: Occupati e Disoccupati – Maggio 2026 | Dottrina Per il Lavoro,17,,,"... Il calo degli occupati (-0,1%, pari a -22mila  unità) coinvolge gli uomini, le donne, i dipendenti a termine  e tutte le classi d'età ad eccezione di chi ha almeno 50 anni; in questa classe di età  il numero di occupati risulta in crescita, ",https://eview.copyscape.com/compare/fca63p3gp1/32
201,2026-10-01T09:48:20.970155,OCCDISPROLUG2026,67862c6615025739a807cb1ea37ad285591a56fc9039c31c62e5e1eae9b60aba,https://www.cliclavoro.gov.it/sites/default/files/2025-10/CS_Occupati-e-disoccupati_GIUGNO_2025_0.pdf,31 luglio 2025 Giugno 2025 OCCUPATI E DISOCCUPATI Dati provvisori,16,,,"... A giugno 2025, su base mensile, la crescita di occupati e inattivi si associa al calo dei disoccupati. L'aumento degli occupati (+0, 1%, pari a +16mila unità) coinvolge le donne, i dipendenti permanenti, gli · autonomi  e tutte le classi d'età ad eccezione dei 35-49enni, per i quali si ",https://eview.copyscape.com/compare/fca63p3gp1/33
202,2026-10-01T09:48:20.970155,OCCDISPROLUG2026,67862c6615025739a807cb1ea37ad285591a56fc9039c31c62e5e1eae9b60aba,https://www.cliclavoro.gov.it/sites/default/files/2025-10/CS_Occupati-e-disoccupati_MAGGIO_2025.pdf,2 luglio 2025 Maggio 2025 OCCUPATI E DISOCCUPATI Dati provvisori,16,,,"... gli uomini e +0,7 punti tra le donne) e diminuisce quello di inattività (-1,1 e -0,5 punti, rispettivamente);  il tasso · di disoccupazione cresce tra i primi (+0,2 punti) e cala tra le seconde (-0,4 punti). ... La crescita congiunturale del numero di occupati, registrata a maggio 2025, è trainata dall'aumento dei · dipendenti permanenti (+0,4%)  e degli autonomi (+0,3%) che più che compensa la  diminuzione dei dipendenti",https://eview.copyscape.com/compare/fca63p3gp1/34
203,2026-10-01T09:48:20.970155,OCCDISPROLUG2026,67862c6615025739a807cb1ea37ad285591a56fc9039c31c62e5e1eae9b60aba,https://argomenti.ilsole24ore.com/tag/tasso-inattivita,"Tasso di inattività, le ultime notizie - Argomenti del Sole 24 Ore",16,,,"... Per l'Istat a gennaio il tasso di occupazione su dicembre sale al 62,6% (+0,2%), ma solo grazie all'incremento degli uomini ... A gennaio 2026, il numero di occupati, pari a 24 milioni 181mila, è in crescita  rispetto al mese precedente. L'aumento coinvolge sia i dipendenti – permanenti ",https://eview.copyscape.com/compare/fca63p3gp1/35
204,2026-10-01T09:48:20.970155,OCCDISPROLUG2026,67862c6615025739a807cb1ea37ad285591a56fc9039c31c62e5e1eae9b60aba,https://www.affaritaliani.it/economia/lavoro-ad-aprile-crescono-gli-occupati-123mila-in-un-mese-disoccupazione-al-51-i-dati-istat.html,"Lavoro, ad aprile crescono gli occupati: +123mila in un mese, disoccupazione al 5,1%: i dati Istat",15,,,"... Il tasso di inattività scende così al 33,4% (-0,3 punti). Nel trimestre febbraio-aprile 2026, confrontato  con quello precedente, ... si registra un aumento di 108mila  occupati (+0,4%).",https://eview.copyscape.com/compare/fca63p3gp1/36
205,2026-10-01T09:48:20.970155,OCCDISPROLUG2026,67862c6615025739a807cb1ea37ad285591a56fc9039c31c62e5e1eae9b60aba,https://www.italiaoggi.it/economia-e-politica/attualita/lavoro-dati-istat-lieve-calo-degli-occupati-ma-scende-il-tasso-di-disoccupazione-5-6-fjo3wjbi,"Lavoro, dati Istat: lieve calo degli occupati, ma scende il tasso di disoccupazione (5,6%) - ItaliaOggi.it",15,,,"... Il tasso di occupazione risulta invariato al 62,4%. Il numero di  persone in cerca di lavoro diminuisce (-1,6%, pari a -24mila unità)  per le donne e i 25-49enni, mentre aumenta  nelle altre classi di età e, seppur lievemente, anche tra gli uomini.",https://eview.copyscape.com/compare/fca63p3gp1/37
206,2026-10-01T09:48:21.987109,OCCDISPROLUG2026,67862c6615025739a807cb1ea37ad285591a56fc9039c31c62e5e1eae9b60aba,https://formatresearch.com/2026/09/01/occupati-e-disoccupati-istat-luglio-2026-dati-provvisori/,Occupati e disoccupati | ISTAT - Luglio 2026 (dati provvisori),290,,,"... associa alla diminuzione dei disoccupati e degli inattivi ... La stabilità degli occupati è ... tra le donne, i dipendenti a termine e tutte le altre classi d'età. Il tasso di occupazione è invariato al 63,2%... Il calo delle persone in cerca di lavoro (-1,1%, pari a -17mila unità) coinvolge gli uomini e tutte le classi d'età ad eccezione dei 35-49enni, tra i quali, come per le donne, il numero di ... La diminuzione degli inattivi tra i 15 e i 64 anni (-0,1%, pari a -17mila unità) riguarda soltanto gli uomini e i 35-49enni; nelle altre classi d'età il numero di inattivi è in crescita e tra le donne è sostanzialmente stabile.... unità), mentre diminuiscono gli inattivi di 15-64 anni (-1,2%, pari a ... A luglio 2026, la crescita del numero di occupati rispetto a luglio 2025 (+1,3%, +307mila unità) interessa gli uomini, le donne, i 25-34enni e coloro che hanno almeno 50 anni. Tra i 15-24enni e i 35-49enni, invece, gli occupati diminuiscono.... Rispetto a luglio 2025, diminuisce ... i 64 anni (-2,5%, pari a -307mila unità). ... A luglio 2026 il numero di occupati, pari a 24 milioni 370mila, è stabile rispetto al mese precedente... La crescita dei dipendenti permanenti (16 milioni 583mila) e degli autonomi (5 milioni 301mila) è compensata dal calo dei dipendenti a termine (2 milioni 486mila).... La crescita dell'occupazione rispetto a luglio 2025 (+307mila occupati in un anno) è sintesi dell'aumento dei dipendenti permanenti (+303mila) e degli autonomi (+85mila) e della diminuzione dei dipendenti a termine (-82mila). Su base mensile il tasso di occupazione e quello di inattività rimangono stabili al 63,2% e al 32,8%, rispettivamente, e il tasso di disoccupazione scende al 5,8%.",https://eview.copyscape.com/compare/uf4c1o8l6e/1
207,2026-10-01T09:48:21.987109,OCCDISPROLUG2026,67862c6615025739a807cb1ea37ad285591a56fc9039c31c62e5e1eae9b60aba,https://www.imgpress.it/attualita/occupati-e-disoccupati-luglio-2026/,ISTAT: Occupati e disoccupati - Luglio 2026 - imgpress,237,,,"... A luglio 2026, su base mensile, il numero degli occupati rimane stabile e si associa alla diminuzione dei disoccupati e degli inattivi. La stabilità degli occupati è sintesi dell'aumento tra gli uomini, i dipendenti permanenti, gli autonomi ... tra le donne, i dipendenti a termine e tutte le altre classi d'età. Il tasso di occupazione è invariato al 63,2%... Il calo delle persone in cerca di lavoro (-1,1%, pari a -17mila unità) coinvolge gli uomini e tutte le classi d'età ad eccezione dei 35-49enni, tra i quali, come per le donne, il numero di ... La diminuzione degli inattivi tra i 15 e i 64 anni (-0,1%, pari a -17mila unità) riguarda soltanto gli uomini e i 35-49enni; nelle altre classi d'età il numero di inattivi è in crescita e tra le donne è sostanzialmente stabile.... A luglio 2026, la crescita del numero di occupati rispetto a luglio 2025 (+1,3%, +307mila unità) interessa gli uomini, le donne, i 25-34enni e coloro che hanno almeno 50 anni; tra i 15-24enni e i 35-49enni, invece, gli occupati diminuiscono.... A luglio 2026 il numero di occupati, pari a 24 milioni 370mila, è stabile rispetto al mese precedente. La crescita dei dipendenti permanenti (16 milioni 583mila) e ... degli autonomi (5 milioni 301mila) è compensata dal calo dei dipendenti a termine (2 milioni 486mila).La crescita dell'occupazione rispetto a luglio 2025 (+307mila occupati in un ",https://eview.copyscape.com/compare/uf4c1o8l6e/2
208,2026-10-01T09:48:21.987109,OCCDISPROLUG2026,67862c6615025739a807cb1ea37ad285591a56fc9039c31c62e5e1eae9b60aba,https://www.borsaitaliana.it/borsa/notizie/teleborsa/economia/mercato-lavoro-disoccupazione-in-calo-al-58-e-occupati-stabili-a-luglio-55_2026-09-01_TLB.html,"Mercato lavoro, disoccupazione in calo al 5,8% e occupati stabili a ...",197,,,"... E' quanto emerge dall'ultimo rapporto dell'Istat sul mercato del lavoro, da cui emerge che la stabilità degli occupati è sintesi dell'aumento tra gli uomini, i dipendenti permanenti, gli autonomi e i 35-49enni e del calo tra le donne, i dipendenti a termine e tutte le altre classi d'età.... di lavoro (-1,1%, pari a -17mila unità), che  coinvolge gli uomini e tutte le classi d'età ad eccezione dei 35-49enni, tra i quali, come per le donne, il numero di disoccupati ... è in crescita. Il tasso di disoccupazione scende al 5,8% (-0,1 punti), mentre quello giovanile sale al 18,9% (+0,2 punti).... La diminuzione degli inattivi tra i 15 e i 64 anni (-0,1%, pari a -17mila unità) riguarda soltanto gli uomini e i 35-49enni; nelle altre classi d'età il numero di inattivi è in crescita e tra le donne è sostanzialmente stabile. Il tasso di inattività rimane invariato al 32,8%. Rispetto ... Confrontando il trimestre maggio-luglio ... unità), mentre diminuiscono gli inattivi di 15-64 anni (-1,2 ... 49enni, invece, gli occupati diminuiscono. Su base annua il tasso di ... L'occupazione risulta in crescita rispetto a luglio 2025 (+307mila occupati in un anno), ... sintesi dell'aumento dei dipendenti permanenti (+303mila) e degli autonomi (+85mila) e della diminuzione dei dipendenti a termine (-82mila). La crescita interessa gli uomini, le donne, i 25-34enni e coloro ",https://eview.copyscape.com/compare/uf4c1o8l6e/3
209,2026-10-01T09:48:21.987109,OCCDISPROLUG2026,67862c6615025739a807cb1ea37ad285591a56fc9039c31c62e5e1eae9b60aba,https://giornaledellepmi.it/occupati-invariati-a-luglio-scendono-disoccupati-e-inattivi-tasso-di-disoccupazione-al-58/,"Occupati invariati a luglio, scendono disoccupati e inattivi: tasso di disoccupazione al 5,8% - Il Giornale delle PMI",197,,,"... Il tasso di occupazione è invariato al 63,2%. Il calo delle persone in cerca di lavoro (-1,1%, pari a -17mila unità) coinvolge gli uomini e tutte le classi d'età ad eccezione dei 35-49enni, tra i quali, come per le donne, il numero di ... La diminuzione degli inattivi tra i 15 e i 64 anni (-0,1%, pari a -17mila unità) riguarda soltanto gli uomini e i 35-49enni; nelle altre classi d'età il numero di inattivi è in crescita e tra le donne è sostanzialmente stabile.... A luglio 2026, la crescita del numero di occupati rispetto a luglio 2025 (+1,3%, +307mila unità) interessa gli uomini, le donne, i 25-34enni e coloro che hanno almeno 50 anni; tra i 15-24enni e i 35-49enni, invece, gli occupati diminuiscono.... A luglio 2026 il numero di occupati, ... precedente. La crescita dei dipendenti permanenti (16 milioni 583mila) e degli autonomi (5 milioni 301mila) è compensata dal calo dei dipendenti a termine (2 milioni 486mila).... La crescita dell'occupazione rispetto a luglio 2025 (+307mila occupati in un anno) è sintesi dell'aumento dei dipendenti permanenti (+303mila) e degli autonomi (+85mila) e della diminuzione dei dipendenti a termine (-82mila).",https://eview.copyscape.com/compare/uf4c1o8l6e/4
210,2026-10-01T09:48:21.987109,OCCDISPROLUG2026,67862c6615025739a807cb1ea37ad285591a56fc9039c31c62e5e1eae9b60aba,https://www.agenziagiornalisticaopinione.it/opinionmix/istat-occupati-e-disoccupati-dati-provvisori-luglio-2026/,ISTAT * «OCCUPATI E DISOCCUPATI (DATI PROVVISORI)- LUGLIO 2026» - Agenzia giornalistica Opinione. Notizie da Italia - Mondo / Trentino Alto Adige,184,,,"... La stabilità degli occupati è ... tra le donne, i dipendenti a termine e tutte le altre classi d'età. Il tasso di occupazione è invariato al 63,2%... Il calo delle persone in cerca di lavoro (-1,1%, pari a -17mila unità) coinvolge gli uomini e tutte le classi d'età ad eccezione dei 35-49enni, tra i quali, come per le donne, il numero di ... La diminuzione degli inattivi tra i 15 e i 64 anni (-0,1%, pari a -17mila unità) riguarda soltanto gli uomini e i 35-49enni; nelle altre classi d'età il numero di inattivi è in crescita e tra le donne è sostanzialmente stabile.... A luglio 2026, la crescita del numero di occupati rispetto a luglio 2025 (+1,3%, +307mila unità) interessa gli uomini, le donne, i 25-34enni e coloro che hanno almeno 50 anni; tra i 15-24enni e i 35-49enni, invece, gli occupati diminuiscono.... A luglio 2026 il numero di occupati, ... precedente. La crescita dei dipendenti permanenti (16 milioni 583mila) e degli autonomi (5 milioni 301mila) è compensata dal calo dei dipendenti a termine (2 milioni 486mila).",https://eview.copyscape.com/compare/uf4c1o8l6e/5
211,2026-10-01T09:48:21.987109,OCCDISPROLUG2026,67862c6615025739a807cb1ea37ad285591a56fc9039c31c62e5e1eae9b60aba,https://www.agenzianova.com/news/a-luglio-occupazione-stabile-al-632-per-cento-la-disoccupazione-scende-al-58-per-cento/,"A luglio occupazione stabile al 63,2 per cento, la disoccupazione scende al 5,8 per cento",150,,,"... A luglio 2026, su base mensile, il numero degli occupati rimane stabile ... La stabilità degli occupati è sintesi dell'aumento tra gli uomini, i dipendenti permanenti, gli autonomi e i 35-49enni e del calo tra ... le donne, i dipendenti a termine e tutte le altre classi d'età. Il tasso di occupazione è invariato al 63,2 per cento Il calo delle persone in cerca di lavoro (-1,1 per cento, pari a -17 mila  unità) coinvolge gli uomini e tutte le classi d'età ad eccezione dei 35-49enni, tra i quali, come per le donne, ... La diminuzione degli inattivi tra i 15 e i 64 anni (-0,1 per cento, pari a -17 mila  unità) riguarda soltanto gli uomini e i 35-49enni; nelle altre classi d'età il numero di inattivi è in crescita e tra le donne è sostanzialmente stabile.... Rispetto al trimestre precedente, crescono anche le persone in cerca di lavoro (+3,4 per cento, pari a +49 mila  unità), mentre diminuiscono gli inattivi di 15-64 anni ",https://eview.copyscape.com/compare/uf4c1o8l6e/6
212,2026-10-01T09:48:21.987109,OCCDISPROLUG2026,67862c6615025739a807cb1ea37ad285591a56fc9039c31c62e5e1eae9b60aba,https://teleborsa.ansa.it/notiziario/economia/mercato-lavoro-disoccupazione-in-calo-al-5-8-e-occupati-stabili-a-luglio/,"Mercato lavoro, disoccupazione in calo al 5.,8% e occupati stabili a luglio – teleborsa.ansa.it",131,,,"... a -17mila unità), che  coinvolge gli uomini e tutte le classi d'età ad eccezione dei 35-49enni, tra i quali, come per le donne, il numero di disoccupati è in crescita... di disoccupazione scende al 5,8% (-0,1 punti), mentre quello giovanile sale al 18,9% (+0,2 punti).... La diminuzione degli inattivi tra ... inattivi è in crescita e tra le donne è sostanzialmente stabile. Il tasso di inattività rimane invariato al 32,8%... Confrontando il trimestre maggio-luglio ... Il tasso di occupazione è invariato al 63,2%. La crescita dei dipendenti permanenti (16 milioni 583mila) e degli autonomi (5 milioni 301mila) è compensata dal calo dei dipendenti a termine (2 milioni 486mila).... L'occupazione risulta in crescita rispetto a luglio 2025 (+307mila occupati in un anno), ... sintesi dell'aumento dei dipendenti permanenti (+303mila) e degli autonomi (+85mila) e della diminuzione dei dipendenti a termine (-82mila).",https://eview.copyscape.com/compare/uf4c1o8l6e/7
213,2026-10-01T09:48:21.987109,OCCDISPROLUG2026,67862c6615025739a807cb1ea37ad285591a56fc9039c31c62e5e1eae9b60aba,https://www.bollettinoadapt.it/wp-content/uploads/2026/09/CS_Occupati-e-disoccupati_LUGLIO_2026.pdf,UFFICIO STAMPA tel. +39 06 4673.2243/44 ufficiostampa@istat.it CONTACT CENTRE,119,,,"... La stabilità degli occupati è sintesi dell'aumento tra gli uomini, i dipendenti permanenti, gli autonomi e i 35- 49enni e del calo tra le donne, i dipendenti a termine e tutte le altre classi d'età. Il tasso di occupazione è ... Il calo delle persone in cerca di lavoro (-1,1%, pari a -17mila unità) coinvolge gli uomini e ... tutte le classi d'età ad eccezione dei 35-49enni... A luglio 2026, la crescita del numero di occupati rispetto a luglio 2025 (+1,3%, +307mila unità) interessa gli · uomini, le donne, i 25-34enni e coloro che hanno almeno 50 anni; tra i 15-24enni e i 35-49enni, invece, gli · occupati diminuiscono. Su base annua il tasso di occupazione aumenta ",https://eview.copyscape.com/compare/uf4c1o8l6e/8
214,2026-10-01T09:48:21.987109,OCCDISPROLUG2026,67862c6615025739a807cb1ea37ad285591a56fc9039c31c62e5e1eae9b60aba,https://www.lavorosi.it/istat-occupati-stabili-a-luglio-307mila-disoccupazione-cala-al-58,"Istat: occupati stabili a luglio +307mila. Disoccupazione cala al 5,8% - Lavorosì",111,,,"... le donne, i dipendenti a termine e tutte le altre classi d'età. Il tasso di occupazione resta  invariato al 63,2%... La diminuzione degli inattivi tra i 15 e i 64 anni (-0,1%, pari a -17mila unità) riguarda soltanto gli uomini e i 35-49enni; nelle altre classi d'età il numero di inattivi è in crescita e tra le donne è sostanzialmente stabile.... A luglio 2026, la crescita del numero di occupati rispetto a luglio 2025 (+1,3%, +307mila unità) interessa gli uomini, le donne, i 25-34enni e coloro che hanno almeno 50 anni; tra i 15-24enni e i 35-49enni, invece, gli occupati diminuiscono.... Il dato, stabile rispetto al mese ",https://eview.copyscape.com/compare/uf4c1o8l6e/9
215,2026-10-01T09:48:21.987109,OCCDISPROLUG2026,67862c6615025739a807cb1ea37ad285591a56fc9039c31c62e5e1eae9b60aba,https://www.ilsole24ore.com/art/istat-luglio-occupazione-stabile-scende-disoccupazione-58percento-AJRY5F0,"Istat: a luglio occupazione stabile. Scende la disoccupazione (5,8%) - Il Sole 24 ORE",108,,,"... Il calo delle persone in cerca di lavoro (-1,1%, pari a -17mila unità) coinvolge gli uomini e tutte le classi d'età ad eccezione dei 35-49enni, tra i quali, come per le donne, il numero di disoccupati è in crescita.... La diminuzione degli inattivi tra i 15 e i 64 anni (-0,1%, pari a -17mila unità) riguarda soltanto gli uomini e i 35-49enni; nelle altre classi d'età il numero di ... inattivi è in crescita e tra le donne è sostanzialmente stabile. Il tasso di inattività rimane invariato al 32,8%... Un mercato del lavoro sostanzialmente stabile. A luglio il numero di occupati, pari a 24 milioni 370mila, è stabile rispetto al mese precedente.",https://eview.copyscape.com/compare/uf4c1o8l6e/10
216,2026-10-01T09:48:21.987109,OCCDISPROLUG2026,67862c6615025739a807cb1ea37ad285591a56fc9039c31c62e5e1eae9b60aba,https://www.gazzettadinapoli.it/economia-2/lavoro-istat-occupazione-stabile-a-luglio/,"Lavoro, Istat, occupazione stabile a luglio",96,,,"... La diminuzione degli inattivi tra i 15 e i 64 anni (-0,1%, pari a -17mila unità) riguarda soltanto gli uomini e i 35-49enni; nelle altre classi d'età il numero di ... inattivi è in crescita e tra le donne è sostanzialmente stabile. Il tasso di inattività rimane invariato al 32,8%... A luglio 2026, la crescita del numero di occupati rispetto a luglio 2025 (+1,3%, +307mila unità) interessa gli uomini, le donne, i 25-34enni e coloro che hanno almeno 50 anni; tra i 15-24enni e i 35-49enni, invece, gli occupati diminuiscono.",https://eview.copyscape.com/compare/uf4c1o8l6e/11
217,2026-10-01T09:48:21.987109,OCCDISPROLUG2026,67862c6615025739a807cb1ea37ad285591a56fc9039c31c62e5e1eae9b60aba,https://www.gazzettadisalerno.it/lavoro-occupazione-stabile-a-luglio-calano-disoccupati/,"Lavoro, occupazione stabile a luglio, calano disoccupati",90,,,"... Il tasso di occupazione è invariato al 63,2%. Il calo delle persone in cerca di lavoro (-1,1%, pari a -17mila unità) coinvolge gli uomini e tutte le classi d'età ad eccezione dei 35-49enni, tra i quali, come per le donne, il numero di ... A luglio 2026, la crescita del numero di occupati rispetto a luglio 2025 (+1,3%, +307mila unità) interessa gli uomini, le donne, i 25-34enni e coloro che hanno almeno 50 anni; tra i 15-24enni e i 35-49enni, invece, gli occupati diminuiscono.",https://eview.copyscape.com/compare/uf4c1o8l6e/12
218,2026-10-01T09:48:21.987109,OCCDISPROLUG2026,67862c6615025739a807cb1ea37ad285591a56fc9039c31c62e5e1eae9b60aba,https://www.dottrinalavoro.it/notizie-c/istat-occupati-e-disoccupati-giugno-2026-2,ISTAT: Occupati e Disoccupati – Luglio 2026 | Dottrina Per il Lavoro,81,,,"... La stabilità degli occupati è sintesi dell'aumento tra gli uomini, i dipendenti permanenti, gli autonomi e i 35-49enni e del calo ... tra le donne, i dipendenti a termine e tutte le altre classi d'età. Il tasso di occupazione è invariato al 63,2%... Il calo delle persone in cerca di lavoro (-1,1%, pari a -17mila unità) coinvolge gli uomini e tutte le classi d'età ad eccezione dei 35-49enni, tra i quali, come per le donne, il numero di ",https://eview.copyscape.com/compare/uf4c1o8l6e/13
219,2026-10-01T09:48:21.987109,OCCDISPROLUG2026,67862c6615025739a807cb1ea37ad285591a56fc9039c31c62e5e1eae9b60aba,https://www.ildiariodellavoro.it/lavoro-istat-occupati-stabili-a-luglio-su-anno-307mila-tasso-di-disoccupazione-cala-al-58/,"Lavoro, Istat: occupati stabili a luglio, su anno +307mila. Tasso di disoccupazione cala al 5,8% - Il Diario del Lavoro",68,,,"... le donne, i dipendenti a termine e tutte le altre classi d'età. Il tasso di occupazione resta  invariato al 63,2%... A luglio 2026, la crescita del numero di occupati rispetto a luglio 2025 (+1,3%, +307mila unità) interessa gli uomini, le donne, i 25-34enni e coloro che hanno almeno 50 anni; tra i 15-24enni e i 35-49enni, invece, gli occupati diminuiscono.... Il dato, stabile rispetto al mese ",https://eview.copyscape.com/compare/uf4c1o8l6e/14
220,2026-10-01T09:48:21.987109,OCCDISPROLUG2026,67862c6615025739a807cb1ea37ad285591a56fc9039c31c62e5e1eae9b60aba,https://www.agenziaentrate.gov.it/portale/documents/d/guest/statisticheomi_res_ii_2026,RESIDENZIALE 2 | 2026 Il mercato delle abitazioni nel II trimestre 2026,47,,,"... Il tasso di inattività rimane invariato al 32,8%. Confrontando il trimestre maggio-luglio 2026 con quello precedente (febbraio-aprile 2026) si registra un aumento di 91mila occupati (+0,4%). Rispetto al trimestre precedente, crescono anche le persone in cerca di lavoro (+3,4%, pari · a +49mila ",https://eview.copyscape.com/compare/uf4c1o8l6e/15
221,2026-10-01T09:48:21.987109,OCCDISPROLUG2026,67862c6615025739a807cb1ea37ad285591a56fc9039c31c62e5e1eae9b60aba,https://www.jlcnews.it/post/occupati-e-disoccupati-luglio-2026,Occupati e disoccupati - Luglio 2026,43,,,"... La diminuzione degli inattivi tra i 15 e i 64 anni (-0,1%, pari a -17mila unità) riguarda soltanto gli uomini e i 35-49enni; nelle altre classi d'età il numero di inattivi è in crescita e tra le donne è sostanzialmente stabile.",https://eview.copyscape.com/compare/uf4c1o8l6e/16
222,2026-10-01T09:48:21.987109,OCCDISPROLUG2026,67862c6615025739a807cb1ea37ad285591a56fc9039c31c62e5e1eae9b60aba,https://www.italpress.com/a-luglio-la-disoccupazione-cala-al-58-stabile-il-numero-degli-occupati/,"A luglio la disoccupazione cala al 5,8%, stabile il numero degli occupati",43,,,"... La diminuzione degli inattivi tra i 15 e i 64 anni (-0,1%, pari a -17mila unità) riguarda soltanto gli uomini e i 35-49enni; nelle altre classi d'età il numero di inattivi è in crescita e tra le donne è sostanzialmente stabile.",https://eview.copyscape.com/compare/uf4c1o8l6e/17
223,2026-10-01T09:48:21.987109,OCCDISPROLUG2026,67862c6615025739a807cb1ea37ad285591a56fc9039c31c62e5e1eae9b60aba,https://ladiscussione.com/459569/lavoro/mercato-lavoro-occupati/,"Lavoro, 307mila occupati in più in un anno. A luglio frenano i giovani",42,,,"... Il tasso di occupazione si conferma  al 63,2%, quello  di disoccupazione scende al 5,8%, con una flessione di  0,1 punti, mentre tra i giovani  sale al 18,9%, 0,2 punti in più rispetto al mese precedente.... La crescita interessa uomini, donne, 25-34enni e persone con  almeno 50 anni, mentre si registra una contrazione  tra i 15-24enni e nella fascia compresa tra 35 e 49 anni. Nell'arco di dodici mesi  il tasso di occupazione guadagna  0,8 punti ",https://eview.copyscape.com/compare/uf4c1o8l6e/18
224,2026-10-01T09:48:21.987109,OCCDISPROLUG2026,67862c6615025739a807cb1ea37ad285591a56fc9039c31c62e5e1eae9b60aba,https://www.giornaledellepmi.it/a-maggio-diminuiscono-occupati-e-disoccupati-crescono-gli-inattivi/,"A maggio diminuiscono occupati e disoccupati, crescono gli inattivi - Il Giornale delle PMI",41,,,"... Su base annua il tasso di occupazione aumenta di 0,4  punti. Rispetto a maggio 2025, diminuisce  il numero di persone in cerca di lavoro (-23,8%, pari a -399mila unità) e sale  quello degli inattivi tra i 15 e i 64 anni (+1, 5%, pari a +190mila unità).... La diminuzione è determinata dai soli dipendenti a termine (2 milioni 388mila), a fronte della crescita tra i dipendenti permanenti (16 milioni 588mila) e gli  autonomi (5 milioni 360mila).",https://eview.copyscape.com/compare/uf4c1o8l6e/19
225,2026-10-01T09:48:21.987109,OCCDISPROLUG2026,67862c6615025739a807cb1ea37ad285591a56fc9039c31c62e5e1eae9b60aba,https://www.giornaledellepmi.it/occupati-fermi-ma-crescono-i-disoccupati-giugno-segna-linversione-di-tendenza-per-il-lavoro/,"Occupati fermi, ma crescono i disoccupati: giugno segna l'inversione di tendenza per il lavoro - Il Giornale delle PMI",40,,,"... A giugno 2026, su base mensile, il numero degli occupati risulta  stabile e si associa alla crescita  dei disoccupati e alla diminuzione  degli inattivi. La stabilità degli occupati è ... sintesi dell'aumento tra gli uomini, i dipendenti a termine, i 25-34enni e chi ha almeno 50 anni,  e del calo tra le donne, ... i dipendenti a termine, ",https://eview.copyscape.com/compare/uf4c1o8l6e/20
226,2026-10-01T09:48:21.987109,OCCDISPROLUG2026,67862c6615025739a807cb1ea37ad285591a56fc9039c31c62e5e1eae9b60aba,https://www.corriere.it/economia/lavoro/26_luglio_02/istat-calano-gli-occupati-22mila-a-maggio-tasso-di-disoccupazione-al-5-inattivi-oltre-il-33-8a5eb5d8-8798-46d6-b100-a7084688fxlk.shtml,"Istat, calano gli occupati: -22 mila a maggio. Tasso di disoccupazione al 5%, inattivi oltre il 33% | Corriere.it",38,,,"... le donne, i dipendenti a termine e tutte le classi d'età ad eccezione di chi ha almeno 50 anni; in questa classe di età ... Secondo l'Istat, in un anno gli occupati sono 228mila in più, la disoccupazione scende al 5% e il tasso di inattività sale al 33,6% Calo degli occupati in maggio: lo certifica l'Istat spiegando che il ribasso (-0, 1%, pari a -22mila  unità) coinvolge gli uomini, le donne, i dipendenti a termine  e tutte le classi d'età ad eccezione di chi ha almeno 50 anni; in questa classe di età  il numero di occupati risulta in crescita, così come tra i dipendenti  permanenti e gli autonomi. Il tasso di occupazione scende al 63% (- 0,1 punti). La diminuzione - spiega Istat - è determinata dai soli dipendenti a termine (2 milioni 388mila), a fronte della crescita tra i dipendenti permanenti (16 milioni 588mila) e gli autonomi (5 milioni 360mila).... Secondo l'Istat, in un anno gli ",https://eview.copyscape.com/compare/uf4c1o8l6e/21
227,2026-10-01T09:48:21.987109,OCCDISPROLUG2026,67862c6615025739a807cb1ea37ad285591a56fc9039c31c62e5e1eae9b60aba,https://www.cliclavoro.gov.it/sites/default/files/2026-01/CS_Occupati-e-disoccupati_Ottobre_2025.pdf,2 dicembre 2025 Ottobre 2025 OCCUPATI E DISOCCUPATI Dati provvisori,37,,,"... è sintesi della · crescita tra i 15-34enni e della diminuzione tra chi ha almeno 35 anni di età. Il tasso di inattività è invariato... Il tasso di disoccupazione scende ... aumentano gli inattivi di 15-64 anni (+0,5%, pari a +61mila unità). A ottobre 2025, il  numero di occupati supera quello di ottobre 2024 dello 0,9% (+224mila unità); l'aumento · riguarda  gli uomini, le donne e chi ha ... stabile tra chi ha almeno 50 anni; quello di inattività, infine, cresce  tra i 15-34enni e cala nelle altre classi d'età.  Su base annua, il tasso di occupazione diminuisce  tra i 15-34enni e aumenta tra chi ha almeno 35 anni; il tasso · di disoccupazione cala tra i 25-49enni e cresce nelle ",https://eview.copyscape.com/compare/uf4c1o8l6e/22
228,2026-10-01T09:48:21.987109,OCCDISPROLUG2026,67862c6615025739a807cb1ea37ad285591a56fc9039c31c62e5e1eae9b60aba,https://www.ilsole24ore.com/art/istat-ad-aprile-tasso-occupazione-sale-631percento-03-punti-AIqcgwLD,"Istat: ad aprile il tasso di occupazione sale al 63,1% (+0,3 punti)",32,,,"... Ad aprile 2026, su base mensile, la crescita degli occupati  si associa alla diminuzione dei disoccupati e degli inattivi. L'aumento degli ... Il tasso di inattività scende al 33,4% (-0,3 punti). ... Confrontando il trimestre febbraio-aprile  2026 con quello precedente (novembre 2025-gennaio  2026) si registra un aumento di 108mila  occupati (+0,4%).",https://eview.copyscape.com/compare/uf4c1o8l6e/23
229,2026-10-01T09:48:21.987109,OCCDISPROLUG2026,67862c6615025739a807cb1ea37ad285591a56fc9039c31c62e5e1eae9b60aba,https://cliclavoro.gov.it/sites/default/files/2026-06/Occupati-e-disoccupati-aprile-2026.pdf,UFFICIO STAMPA tel. +39 06 4673.2243/44 ufficiostampa@istat.it CONTACT CENTRE,25,,,"... Il tasso di occupazione sale al 63,1% (+0,3 punti).  Il calo delle persone in cerca di lavoro (-1,3%, pari a -18mila unità) si osserva per uomini e donne e per  tutte · le classi d'età ad eccezione dei 35-49enni, tra i quali i disoccupati risultano in crescita.",https://eview.copyscape.com/compare/uf4c1o8l6e/24
230,2026-10-01T09:48:21.987109,OCCDISPROLUG2026,67862c6615025739a807cb1ea37ad285591a56fc9039c31c62e5e1eae9b60aba,https://www.ripartelitalia.it/lavoro-a-ottobre-2025-crescono-gli-occupati-e-calano-i-disoccupati-il-rapporto-istat/,Lavoro: a ottobre 2025 crescono gli occupati e calano i disoccupati | Il Rapporto Istat,24,,,"... L'occupazione aumenta anche rispetto a ottobre 2024 (+224mila occupati in un anno), sintesi della crescita  dei dipendenti permanenti (+288mila)  e degli autonomi (+123mila) e del calo  dei dipendenti a termine (-188mila).  Su base mensile, il tasso di occupazione sale al 62,7%, quello di disoccupazione cala al 6,0% e  il tasso di inattività è stabile al 33,2%. A ottobre 2025, rispetto al mese precedente, uomini e donne presentano lo stesso andamento dei tassi: il tasso di occupazione aumenta (+0,1 per gli uomini e +0,2 punti per le donne), quello di disoccupazione cala (-0,2 punti per entrambe le componenti) e il tasso di inattività risulta stabile.",https://eview.copyscape.com/compare/uf4c1o8l6e/25
231,2026-10-01T09:48:21.987109,OCCDISPROLUG2026,67862c6615025739a807cb1ea37ad285591a56fc9039c31c62e5e1eae9b60aba,https://www.nuovogiornalenazionale.com/istat-andamento-mercato-del-lavoro-a-luglio-2026-dati-provvisori/,"Istat, andamento mercato del lavoro a luglio 2026 - dati provvisori",21,,,"... unità), mentre diminuiscono gli inattivi di 15-64 anni (-1,2%, pari ... 49enni, invece, gli occupati diminuiscono. Su base annua il ",https://eview.copyscape.com/compare/uf4c1o8l6e/26
232,2026-10-01T09:48:21.987109,OCCDISPROLUG2026,67862c6615025739a807cb1ea37ad285591a56fc9039c31c62e5e1eae9b60aba,https://www.dottrinalavoro.it/notizie-c/istat-occupati-e-disoccupati-giugno-2026,ISTAT: Occupati e Disoccupati – Giugno 2026 | Dottrina Per il Lavoro,18,,,"... unità), mentre diminuiscono gli inattivi di 15-64 anni (-0,9%, pari ... 49enni, invece, gli occupati diminuiscono. Su base annua il ",https://eview.copyscape.com/compare/uf4c1o8l6e/27
233,2026-10-01T09:48:21.987109,OCCDISPROLUG2026,67862c6615025739a807cb1ea37ad285591a56fc9039c31c62e5e1eae9b60aba,https://www.confael.net/primo-piano/istat-a-giugno-la-disoccupazione-sale-al-54/,"Istat, a giugno la disoccupazione sale al 5,4% - Confael",18,,,"... unità), mentre diminuiscono gli inattivi di 15-64 anni (-0,9%, pari ... 49enni, invece, gli occupati diminuiscono. Su base annua il ",https://eview.copyscape.com/compare/uf4c1o8l6e/28
234,2026-10-01T09:48:21.987109,OCCDISPROLUG2026,67862c6615025739a807cb1ea37ad285591a56fc9039c31c62e5e1eae9b60aba,https://www.ilgiornale.it/news/interni/lavoro-record-di-occupati-13-milioni-in-4-anni-i-dati-istat/,"Lavoro, record di occupati: +1,3 milioni in 4 anni. I dati Istat – il Giornale",18,,,"... A luglio 2026 il numero di occupati, pari a 24 milioni 370mila, è stabile rispetto al mese precedente”. A certificarlo è l'Istat che registra anche una crescita del +1,3% del numero di occupati rispetto a un anno fa, pari a un aumento ",https://eview.copyscape.com/compare/uf4c1o8l6e/29
235,2026-10-01T09:48:21.987109,OCCDISPROLUG2026,67862c6615025739a807cb1ea37ad285591a56fc9039c31c62e5e1eae9b60aba,https://www.dottrinalavoro.it/notizie-c/istat-occupati-e-disoccupati-agosto-2025,ISTAT: Occupati e Disoccupati – Agosto 2025 | Dottrina Per il Lavoro,18,,,"... Su base annua, il tasso di occupazione diminuisce tra i 15-34enni, è stabile tra i 35-49enni e aumenta tra chi ha almeno 50 anni;  il tasso di disoccupazione è stabile  tra i 15-24enni, cresce tra  i 35-49enni e cala  nelle altre classi d'età; ",https://eview.copyscape.com/compare/uf4c1o8l6e/30
236,2026-10-01T09:48:21.987109,OCCDISPROLUG2026,67862c6615025739a807cb1ea37ad285591a56fc9039c31c62e5e1eae9b60aba,https://en.ilsole24ore.com/radiocor/nRC_01.09.2026_10.45_29410294,"Lavoro: Istat, a luglio tasso di disoccupazione cala al 5,8% (RCO)",17,,,"... In particolare, spiega l'Istituto, su base mensile, il numero degli occupati rimane stabile e si associa alla diminuzione dei disoccupati e ",https://eview.copyscape.com/compare/uf4c1o8l6e/31
237,2026-10-01T09:48:21.987109,OCCDISPROLUG2026,67862c6615025739a807cb1ea37ad285591a56fc9039c31c62e5e1eae9b60aba,https://www.dottrinalavoro.it/notizie-c/istat-occupati-e-disoccupati-maggio-2026,ISTAT: Occupati e Disoccupati – Maggio 2026 | Dottrina Per il Lavoro,17,,,"... Il calo degli occupati (-0,1%, pari a -22mila  unità) coinvolge gli uomini, le donne, i dipendenti a termine  e tutte le classi d'età ad eccezione di chi ha almeno 50 anni; in questa classe di età  il numero di occupati risulta in crescita, ",https://eview.copyscape.com/compare/uf4c1o8l6e/32
238,2026-10-01T09:48:21.987109,OCCDISPROLUG2026,67862c6615025739a807cb1ea37ad285591a56fc9039c31c62e5e1eae9b60aba,https://www.cliclavoro.gov.it/sites/default/files/2025-10/CS_Occupati-e-disoccupati_GIUGNO_2025_0.pdf,31 luglio 2025 Giugno 2025 OCCUPATI E DISOCCUPATI Dati provvisori,16,,,"... A giugno 2025, su base mensile, la crescita di occupati e inattivi si associa al calo dei disoccupati. L'aumento degli occupati (+0, 1%, pari a +16mila unità) coinvolge le donne, i dipendenti permanenti, gli · autonomi  e tutte le classi d'età ad eccezione dei 35-49enni, per i quali si ",https://eview.copyscape.com/compare/uf4c1o8l6e/33
239,2026-10-01T09:48:21.987109,OCCDISPROLUG2026,67862c6615025739a807cb1ea37ad285591a56fc9039c31c62e5e1eae9b60aba,https://www.cliclavoro.gov.it/sites/default/files/2025-10/CS_Occupati-e-disoccupati_MAGGIO_2025.pdf,2 luglio 2025 Maggio 2025 OCCUPATI E DISOCCUPATI Dati provvisori,16,,,"... gli uomini e +0,7 punti tra le donne) e diminuisce quello di inattività (-1,1 e -0,5 punti, rispettivamente);  il tasso · di disoccupazione cresce tra i primi (+0,2 punti) e cala tra le seconde (-0,4 punti). ... La crescita congiunturale del numero di occupati, registrata a maggio 2025, è trainata dall'aumento dei · dipendenti permanenti (+0,4%)  e degli autonomi (+0,3%) che più che compensa la  diminuzione dei dipendenti",https://eview.copyscape.com/compare/uf4c1o8l6e/34
240,2026-10-01T09:48:21.987109,OCCDISPROLUG2026,67862c6615025739a807cb1ea37ad285591a56fc9039c31c62e5e1eae9b60aba,https://argomenti.ilsole24ore.com/tag/tasso-inattivita,"Tasso di inattività, le ultime notizie - Argomenti del Sole 24 Ore",16,,,"... Per l'Istat a gennaio il tasso di occupazione su dicembre sale al 62,6% (+0,2%), ma solo grazie all'incremento degli uomini ... A gennaio 2026, il numero di occupati, pari a 24 milioni 181mila, è in crescita  rispetto al mese precedente. L'aumento coinvolge sia i dipendenti – permanenti ",https://eview.copyscape.com/compare/uf4c1o8l6e/35
241,2026-10-01T09:48:21.987109,OCCDISPROLUG2026,67862c6615025739a807cb1ea37ad285591a56fc9039c31c62e5e1eae9b60aba,https://www.affaritaliani.it/economia/lavoro-ad-aprile-crescono-gli-occupati-123mila-in-un-mese-disoccupazione-al-51-i-dati-istat.html,"Lavoro, ad aprile crescono gli occupati: +123mila in un mese, disoccupazione al 5,1%: i dati Istat",15,,,"... Il tasso di inattività scende così al 33,4% (-0,3 punti). Nel trimestre febbraio-aprile 2026, confrontato  con quello precedente, ... si registra un aumento di 108mila  occupati (+0,4%).",https://eview.copyscape.com/compare/uf4c1o8l6e/36
242,2026-10-01T09:48:21.987109,OCCDISPROLUG2026,67862c6615025739a807cb1ea37ad285591a56fc9039c31c62e5e1eae9b60aba,https://www.italiaoggi.it/economia-e-politica/attualita/lavoro-dati-istat-lieve-calo-degli-occupati-ma-scende-il-tasso-di-disoccupazione-5-6-fjo3wjbi,"Lavoro, dati Istat: lieve calo degli occupati, ma scende il tasso di disoccupazione (5,6%) - ItaliaOggi.it",15,,,"... Il tasso di occupazione risulta invariato al 62,4%. Il numero di  persone in cerca di lavoro diminuisce (-1,6%, pari a -24mila unità)  per le donne e i 25-49enni, mentre aumenta  nelle altre classi di età e, seppur lievemente, anche tra gli uomini.",https://eview.copyscape.com/compare/uf4c1o8l6e/37
243,2026-10-01T09:48:22.980509,OCCDISPROLUG2026,67862c6615025739a807cb1ea37ad285591a56fc9039c31c62e5e1eae9b60aba,https://formatresearch.com/2026/09/01/occupati-e-disoccupati-istat-luglio-2026-dati-provvisori/,Occupati e disoccupati | ISTAT - Luglio 2026 (dati provvisori),290,,,"... associa alla diminuzione dei disoccupati e degli inattivi ... La stabilità degli occupati è ... tra le donne, i dipendenti a termine e tutte le altre classi d'età. Il tasso di occupazione è invariato al 63,2%... Il calo delle persone in cerca di lavoro (-1,1%, pari a -17mila unità) coinvolge gli uomini e tutte le classi d'età ad eccezione dei 35-49enni, tra i quali, come per le donne, il numero di ... La diminuzione degli inattivi tra i 15 e i 64 anni (-0,1%, pari a -17mila unità) riguarda soltanto gli uomini e i 35-49enni; nelle altre classi d'età il numero di inattivi è in crescita e tra le donne è sostanzialmente stabile.... unità), mentre diminuiscono gli inattivi di 15-64 anni (-1,2%, pari a ... A luglio 2026, la crescita del numero di occupati rispetto a luglio 2025 (+1,3%, +307mila unità) interessa gli uomini, le donne, i 25-34enni e coloro che hanno almeno 50 anni. Tra i 15-24enni e i 35-49enni, invece, gli occupati diminuiscono.... Rispetto a luglio 2025, diminuisce ... i 64 anni (-2,5%, pari a -307mila unità). ... A luglio 2026 il numero di occupati, pari a 24 milioni 370mila, è stabile rispetto al mese precedente... La crescita dei dipendenti permanenti (16 milioni 583mila) e degli autonomi (5 milioni 301mila) è compensata dal calo dei dipendenti a termine (2 milioni 486mila).... La crescita dell'occupazione rispetto a luglio 2025 (+307mila occupati in un anno) è sintesi dell'aumento dei dipendenti permanenti (+303mila) e degli autonomi (+85mila) e della diminuzione dei dipendenti a termine (-82mila). Su base mensile il tasso di occupazione e quello di inattività rimangono stabili al 63,2% e al 32,8%, rispettivamente, e il tasso di disoccupazione scende al 5,8%.",https://eview.copyscape.com/compare/th5fjgxez1/1
244,2026-10-01T09:48:22.980509,OCCDISPROLUG2026,67862c6615025739a807cb1ea37ad285591a56fc9039c31c62e5e1eae9b60aba,https://www.imgpress.it/attualita/occupati-e-disoccupati-luglio-2026/,ISTAT: Occupati e disoccupati - Luglio 2026 - imgpress,237,,,"... A luglio 2026, su base mensile, il numero degli occupati rimane stabile e si associa alla diminuzione dei disoccupati e degli inattivi. La stabilità degli occupati è sintesi dell'aumento tra gli uomini, i dipendenti permanenti, gli autonomi ... tra le donne, i dipendenti a termine e tutte le altre classi d'età. Il tasso di occupazione è invariato al 63,2%... Il calo delle persone in cerca di lavoro (-1,1%, pari a -17mila unità) coinvolge gli uomini e tutte le classi d'età ad eccezione dei 35-49enni, tra i quali, come per le donne, il numero di ... La diminuzione degli inattivi tra i 15 e i 64 anni (-0,1%, pari a -17mila unità) riguarda soltanto gli uomini e i 35-49enni; nelle altre classi d'età il numero di inattivi è in crescita e tra le donne è sostanzialmente stabile.... A luglio 2026, la crescita del numero di occupati rispetto a luglio 2025 (+1,3%, +307mila unità) interessa gli uomini, le donne, i 25-34enni e coloro che hanno almeno 50 anni; tra i 15-24enni e i 35-49enni, invece, gli occupati diminuiscono.... A luglio 2026 il numero di occupati, pari a 24 milioni 370mila, è stabile rispetto al mese precedente. La crescita dei dipendenti permanenti (16 milioni 583mila) e ... degli autonomi (5 milioni 301mila) è compensata dal calo dei dipendenti a termine (2 milioni 486mila).La crescita dell'occupazione rispetto a luglio 2025 (+307mila occupati in un ",https://eview.copyscape.com/compare/th5fjgxez1/2
245,2026-10-01T09:48:22.980509,OCCDISPROLUG2026,67862c6615025739a807cb1ea37ad285591a56fc9039c31c62e5e1eae9b60aba,https://www.borsaitaliana.it/borsa/notizie/teleborsa/economia/mercato-lavoro-disoccupazione-in-calo-al-58-e-occupati-stabili-a-luglio-55_2026-09-01_TLB.html,"Mercato lavoro, disoccupazione in calo al 5,8% e occupati stabili a ...",197,,,"... E' quanto emerge dall'ultimo rapporto dell'Istat sul mercato del lavoro, da cui emerge che la stabilità degli occupati è sintesi dell'aumento tra gli uomini, i dipendenti permanenti, gli autonomi e i 35-49enni e del calo tra le donne, i dipendenti a termine e tutte le altre classi d'età.... di lavoro (-1,1%, pari a -17mila unità), che  coinvolge gli uomini e tutte le classi d'età ad eccezione dei 35-49enni, tra i quali, come per le donne, il numero di disoccupati ... è in crescita. Il tasso di disoccupazione scende al 5,8% (-0,1 punti), mentre quello giovanile sale al 18,9% (+0,2 punti).... La diminuzione degli inattivi tra i 15 e i 64 anni (-0,1%, pari a -17mila unità) riguarda soltanto gli uomini e i 35-49enni; nelle altre classi d'età il numero di inattivi è in crescita e tra le donne è sostanzialmente stabile. Il tasso di inattività rimane invariato al 32,8%. Rispetto ... Confrontando il trimestre maggio-luglio ... unità), mentre diminuiscono gli inattivi di 15-64 anni (-1,2 ... 49enni, invece, gli occupati diminuiscono. Su base annua il tasso di ... L'occupazione risulta in crescita rispetto a luglio 2025 (+307mila occupati in un anno), ... sintesi dell'aumento dei dipendenti permanenti (+303mila) e degli autonomi (+85mila) e della diminuzione dei dipendenti a termine (-82mila). La crescita interessa gli uomini, le donne, i 25-34enni e coloro ",https://eview.copyscape.com/compare/th5fjgxez1/3
246,2026-10-01T09:48:22.980509,OCCDISPROLUG2026,67862c6615025739a807cb1ea37ad285591a56fc9039c31c62e5e1eae9b60aba,https://giornaledellepmi.it/occupati-invariati-a-luglio-scendono-disoccupati-e-inattivi-tasso-di-disoccupazione-al-58/,"Occupati invariati a luglio, scendono disoccupati e inattivi: tasso di disoccupazione al 5,8% - Il Giornale delle PMI",197,,,"... Il tasso di occupazione è invariato al 63,2%. Il calo delle persone in cerca di lavoro (-1,1%, pari a -17mila unità) coinvolge gli uomini e tutte le classi d'età ad eccezione dei 35-49enni, tra i quali, come per le donne, il numero di ... La diminuzione degli inattivi tra i 15 e i 64 anni (-0,1%, pari a -17mila unità) riguarda soltanto gli uomini e i 35-49enni; nelle altre classi d'età il numero di inattivi è in crescita e tra le donne è sostanzialmente stabile.... A luglio 2026, la crescita del numero di occupati rispetto a luglio 2025 (+1,3%, +307mila unità) interessa gli uomini, le donne, i 25-34enni e coloro che hanno almeno 50 anni; tra i 15-24enni e i 35-49enni, invece, gli occupati diminuiscono.... A luglio 2026 il numero di occupati, ... precedente. La crescita dei dipendenti permanenti (16 milioni 583mila) e degli autonomi (5 milioni 301mila) è compensata dal calo dei dipendenti a termine (2 milioni 486mila).... La crescita dell'occupazione rispetto a luglio 2025 (+307mila occupati in un anno) è sintesi dell'aumento dei dipendenti permanenti (+303mila) e degli autonomi (+85mila) e della diminuzione dei dipendenti a termine (-82mila).",https://eview.copyscape.com/compare/th5fjgxez1/4
247,2026-10-01T09:48:22.980509,OCCDISPROLUG2026,67862c6615025739a807cb1ea37ad285591a56fc9039c31c62e5e1eae9b60aba,https://www.agenziagiornalisticaopinione.it/opinionmix/istat-occupati-e-disoccupati-dati-provvisori-luglio-2026/,ISTAT * «OCCUPATI E DISOCCUPATI (DATI PROVVISORI)- LUGLIO 2026» - Agenzia giornalistica Opinione. Notizie da Italia - Mondo / Trentino Alto Adige,184,,,"... La stabilità degli occupati è ... tra le donne, i dipendenti a termine e tutte le altre classi d'età. Il tasso di occupazione è invariato al 63,2%... Il calo delle persone in cerca di lavoro (-1,1%, pari a -17mila unità) coinvolge gli uomini e tutte le classi d'età ad eccezione dei 35-49enni, tra i quali, come per le donne, il numero di ... La diminuzione degli inattivi tra i 15 e i 64 anni (-0,1%, pari a -17mila unità) riguarda soltanto gli uomini e i 35-49enni; nelle altre classi d'età il numero di inattivi è in crescita e tra le donne è sostanzialmente stabile.... A luglio 2026, la crescita del numero di occupati rispetto a luglio 2025 (+1,3%, +307mila unità) interessa gli uomini, le donne, i 25-34enni e coloro che hanno almeno 50 anni; tra i 15-24enni e i 35-49enni, invece, gli occupati diminuiscono.... A luglio 2026 il numero di occupati, ... precedente. La crescita dei dipendenti permanenti (16 milioni 583mila) e degli autonomi (5 milioni 301mila) è compensata dal calo dei dipendenti a termine (2 milioni 486mila).",https://eview.copyscape.com/compare/th5fjgxez1/5
248,2026-10-01T09:48:22.980509,OCCDISPROLUG2026,67862c6615025739a807cb1ea37ad285591a56fc9039c31c62e5e1eae9b60aba,https://www.agenzianova.com/news/a-luglio-occupazione-stabile-al-632-per-cento-la-disoccupazione-scende-al-58-per-cento/,"A luglio occupazione stabile al 63,2 per cento, la disoccupazione scende al 5,8 per cento",150,,,"... A luglio 2026, su base mensile, il numero degli occupati rimane stabile ... La stabilità degli occupati è sintesi dell'aumento tra gli uomini, i dipendenti permanenti, gli autonomi e i 35-49enni e del calo tra ... le donne, i dipendenti a termine e tutte le altre classi d'età. Il tasso di occupazione è invariato al 63,2 per cento Il calo delle persone in cerca di lavoro (-1,1 per cento, pari a -17 mila  unità) coinvolge gli uomini e tutte le classi d'età ad eccezione dei 35-49enni, tra i quali, come per le donne, ... La diminuzione degli inattivi tra i 15 e i 64 anni (-0,1 per cento, pari a -17 mila  unità) riguarda soltanto gli uomini e i 35-49enni; nelle altre classi d'età il numero di inattivi è in crescita e tra le donne è sostanzialmente stabile.... Rispetto al trimestre precedente, crescono anche le persone in cerca di lavoro (+3,4 per cento, pari a +49 mila  unità), mentre diminuiscono gli inattivi di 15-64 anni ",https://eview.copyscape.com/compare/th5fjgxez1/6
249,2026-10-01T09:48:22.980509,OCCDISPROLUG2026,67862c6615025739a807cb1ea37ad285591a56fc9039c31c62e5e1eae9b60aba,https://teleborsa.ansa.it/notiziario/economia/mercato-lavoro-disoccupazione-in-calo-al-5-8-e-occupati-stabili-a-luglio/,"Mercato lavoro, disoccupazione in calo al 5.,8% e occupati stabili a luglio – teleborsa.ansa.it",131,,,"... a -17mila unità), che  coinvolge gli uomini e tutte le classi d'età ad eccezione dei 35-49enni, tra i quali, come per le donne, il numero di disoccupati è in crescita... di disoccupazione scende al 5,8% (-0,1 punti), mentre quello giovanile sale al 18,9% (+0,2 punti).... La diminuzione degli inattivi tra ... inattivi è in crescita e tra le donne è sostanzialmente stabile. Il tasso di inattività rimane invariato al 32,8%... Confrontando il trimestre maggio-luglio ... Il tasso di occupazione è invariato al 63,2%. La crescita dei dipendenti permanenti (16 milioni 583mila) e degli autonomi (5 milioni 301mila) è compensata dal calo dei dipendenti a termine (2 milioni 486mila).... L'occupazione risulta in crescita rispetto a luglio 2025 (+307mila occupati in un anno), ... sintesi dell'aumento dei dipendenti permanenti (+303mila) e degli autonomi (+85mila) e della diminuzione dei dipendenti a termine (-82mila).",https://eview.copyscape.com/compare/th5fjgxez1/7
250,2026-10-01T09:48:22.980509,OCCDISPROLUG2026,67862c6615025739a807cb1ea37ad285591a56fc9039c31c62e5e1eae9b60aba,https://www.bollettinoadapt.it/wp-content/uploads/2026/09/CS_Occupati-e-disoccupati_LUGLIO_2026.pdf,UFFICIO STAMPA tel. +39 06 4673.2243/44 ufficiostampa@istat.it CONTACT CENTRE,119,,,"... La stabilità degli occupati è sintesi dell'aumento tra gli uomini, i dipendenti permanenti, gli autonomi e i 35- 49enni e del calo tra le donne, i dipendenti a termine e tutte le altre classi d'età. Il tasso di occupazione è ... Il calo delle persone in cerca di lavoro (-1,1%, pari a -17mila unità) coinvolge gli uomini e ... tutte le classi d'età ad eccezione dei 35-49enni... A luglio 2026, la crescita del numero di occupati rispetto a luglio 2025 (+1,3%, +307mila unità) interessa gli · uomini, le donne, i 25-34enni e coloro che hanno almeno 50 anni; tra i 15-24enni e i 35-49enni, invece, gli · occupati diminuiscono. Su base annua il tasso di occupazione aumenta ",https://eview.copyscape.com/compare/th5fjgxez1/8
251,2026-10-01T09:48:22.980509,OCCDISPROLUG2026,67862c6615025739a807cb1ea37ad285591a56fc9039c31c62e5e1eae9b60aba,https://www.lavorosi.it/istat-occupati-stabili-a-luglio-307mila-disoccupazione-cala-al-58,"Istat: occupati stabili a luglio +307mila. Disoccupazione cala al 5,8% - Lavorosì",111,,,"... le donne, i dipendenti a termine e tutte le altre classi d'età. Il tasso di occupazione resta  invariato al 63,2%... La diminuzione degli inattivi tra i 15 e i 64 anni (-0,1%, pari a -17mila unità) riguarda soltanto gli uomini e i 35-49enni; nelle altre classi d'età il numero di inattivi è in crescita e tra le donne è sostanzialmente stabile.... A luglio 2026, la crescita del numero di occupati rispetto a luglio 2025 (+1,3%, +307mila unità) interessa gli uomini, le donne, i 25-34enni e coloro che hanno almeno 50 anni; tra i 15-24enni e i 35-49enni, invece, gli occupati diminuiscono.... Il dato, stabile rispetto al mese ",https://eview.copyscape.com/compare/th5fjgxez1/9
252,2026-10-01T09:48:22.980509,OCCDISPROLUG2026,67862c6615025739a807cb1ea37ad285591a56fc9039c31c62e5e1eae9b60aba,https://www.ilsole24ore.com/art/istat-luglio-occupazione-stabile-scende-disoccupazione-58percento-AJRY5F0,"Istat: a luglio occupazione stabile. Scende la disoccupazione (5,8%) - Il Sole 24 ORE",108,,,"... Il calo delle persone in cerca di lavoro (-1,1%, pari a -17mila unità) coinvolge gli uomini e tutte le classi d'età ad eccezione dei 35-49enni, tra i quali, come per le donne, il numero di disoccupati è in crescita.... La diminuzione degli inattivi tra i 15 e i 64 anni (-0,1%, pari a -17mila unità) riguarda soltanto gli uomini e i 35-49enni; nelle altre classi d'età il numero di ... inattivi è in crescita e tra le donne è sostanzialmente stabile. Il tasso di inattività rimane invariato al 32,8%... Un mercato del lavoro sostanzialmente stabile. A luglio il numero di occupati, pari a 24 milioni 370mila, è stabile rispetto al mese precedente.",https://eview.copyscape.com/compare/th5fjgxez1/10
253,2026-10-01T09:48:22.980509,OCCDISPROLUG2026,67862c6615025739a807cb1ea37ad285591a56fc9039c31c62e5e1eae9b60aba,https://www.gazzettadinapoli.it/economia-2/lavoro-istat-occupazione-stabile-a-luglio/,"Lavoro, Istat, occupazione stabile a luglio",96,,,"... La diminuzione degli inattivi tra i 15 e i 64 anni (-0,1%, pari a -17mila unità) riguarda soltanto gli uomini e i 35-49enni; nelle altre classi d'età il numero di ... inattivi è in crescita e tra le donne è sostanzialmente stabile. Il tasso di inattività rimane invariato al 32,8%... A luglio 2026, la crescita del numero di occupati rispetto a luglio 2025 (+1,3%, +307mila unità) interessa gli uomini, le donne, i 25-34enni e coloro che hanno almeno 50 anni; tra i 15-24enni e i 35-49enni, invece, gli occupati diminuiscono.",https://eview.copyscape.com/compare/th5fjgxez1/11
254,2026-10-01T09:48:22.980509,OCCDISPROLUG2026,67862c6615025739a807cb1ea37ad285591a56fc9039c31c62e5e1eae9b60aba,https://www.gazzettadisalerno.it/lavoro-occupazione-stabile-a-luglio-calano-disoccupati/,"Lavoro, occupazione stabile a luglio, calano disoccupati",90,,,"... Il tasso di occupazione è invariato al 63,2%. Il calo delle persone in cerca di lavoro (-1,1%, pari a -17mila unità) coinvolge gli uomini e tutte le classi d'età ad eccezione dei 35-49enni, tra i quali, come per le donne, il numero di ... A luglio 2026, la crescita del numero di occupati rispetto a luglio 2025 (+1,3%, +307mila unità) interessa gli uomini, le donne, i 25-34enni e coloro che hanno almeno 50 anni; tra i 15-24enni e i 35-49enni, invece, gli occupati diminuiscono.",https://eview.copyscape.com/compare/th5fjgxez1/12
255,2026-10-01T09:48:22.980509,OCCDISPROLUG2026,67862c6615025739a807cb1ea37ad285591a56fc9039c31c62e5e1eae9b60aba,https://www.dottrinalavoro.it/notizie-c/istat-occupati-e-disoccupati-giugno-2026-2,ISTAT: Occupati e Disoccupati – Luglio 2026 | Dottrina Per il Lavoro,81,,,"... La stabilità degli occupati è sintesi dell'aumento tra gli uomini, i dipendenti permanenti, gli autonomi e i 35-49enni e del calo ... tra le donne, i dipendenti a termine e tutte le altre classi d'età. Il tasso di occupazione è invariato al 63,2%... Il calo delle persone in cerca di lavoro (-1,1%, pari a -17mila unità) coinvolge gli uomini e tutte le classi d'età ad eccezione dei 35-49enni, tra i quali, come per le donne, il numero di ",https://eview.copyscape.com/compare/th5fjgxez1/13
256,2026-10-01T09:48:22.980509,OCCDISPROLUG2026,67862c6615025739a807cb1ea37ad285591a56fc9039c31c62e5e1eae9b60aba,https://www.ildiariodellavoro.it/lavoro-istat-occupati-stabili-a-luglio-su-anno-307mila-tasso-di-disoccupazione-cala-al-58/,"Lavoro, Istat: occupati stabili a luglio, su anno +307mila. Tasso di disoccupazione cala al 5,8% - Il Diario del Lavoro",68,,,"... le donne, i dipendenti a termine e tutte le altre classi d'età. Il tasso di occupazione resta  invariato al 63,2%... A luglio 2026, la crescita del numero di occupati rispetto a luglio 2025 (+1,3%, +307mila unità) interessa gli uomini, le donne, i 25-34enni e coloro che hanno almeno 50 anni; tra i 15-24enni e i 35-49enni, invece, gli occupati diminuiscono.... Il dato, stabile rispetto al mese ",https://eview.copyscape.com/compare/th5fjgxez1/14
257,2026-10-01T09:48:22.980509,OCCDISPROLUG2026,67862c6615025739a807cb1ea37ad285591a56fc9039c31c62e5e1eae9b60aba,https://www.agenziaentrate.gov.it/portale/documents/d/guest/statisticheomi_res_ii_2026,RESIDENZIALE 2 | 2026 Il mercato delle abitazioni nel II trimestre 2026,47,,,"... Il tasso di inattività rimane invariato al 32,8%. Confrontando il trimestre maggio-luglio 2026 con quello precedente (febbraio-aprile 2026) si registra un aumento di 91mila occupati (+0,4%). Rispetto al trimestre precedente, crescono anche le persone in cerca di lavoro (+3,4%, pari · a +49mila ",https://eview.copyscape.com/compare/th5fjgxez1/15
258,2026-10-01T09:48:22.980509,OCCDISPROLUG2026,67862c6615025739a807cb1ea37ad285591a56fc9039c31c62e5e1eae9b60aba,https://www.jlcnews.it/post/occupati-e-disoccupati-luglio-2026,Occupati e disoccupati - Luglio 2026,43,,,"... La diminuzione degli inattivi tra i 15 e i 64 anni (-0,1%, pari a -17mila unità) riguarda soltanto gli uomini e i 35-49enni; nelle altre classi d'età il numero di inattivi è in crescita e tra le donne è sostanzialmente stabile.",https://eview.copyscape.com/compare/th5fjgxez1/16
259,2026-10-01T09:48:22.980509,OCCDISPROLUG2026,67862c6615025739a807cb1ea37ad285591a56fc9039c31c62e5e1eae9b60aba,https://www.italpress.com/a-luglio-la-disoccupazione-cala-al-58-stabile-il-numero-degli-occupati/,"A luglio la disoccupazione cala al 5,8%, stabile il numero degli occupati",43,,,"... La diminuzione degli inattivi tra i 15 e i 64 anni (-0,1%, pari a -17mila unità) riguarda soltanto gli uomini e i 35-49enni; nelle altre classi d'età il numero di inattivi è in crescita e tra le donne è sostanzialmente stabile.",https://eview.copyscape.com/compare/th5fjgxez1/17
260,2026-10-01T09:48:22.980509,OCCDISPROLUG2026,67862c6615025739a807cb1ea37ad285591a56fc9039c31c62e5e1eae9b60aba,https://ladiscussione.com/459569/lavoro/mercato-lavoro-occupati/,"Lavoro, 307mila occupati in più in un anno. A luglio frenano i giovani",42,,,"... Il tasso di occupazione si conferma  al 63,2%, quello  di disoccupazione scende al 5,8%, con una flessione di  0,1 punti, mentre tra i giovani  sale al 18,9%, 0,2 punti in più rispetto al mese precedente.... La crescita interessa uomini, donne, 25-34enni e persone con  almeno 50 anni, mentre si registra una contrazione  tra i 15-24enni e nella fascia compresa tra 35 e 49 anni. Nell'arco di dodici mesi  il tasso di occupazione guadagna  0,8 punti ",https://eview.copyscape.com/compare/th5fjgxez1/18
261,2026-10-01T09:48:22.980509,OCCDISPROLUG2026,67862c6615025739a807cb1ea37ad285591a56fc9039c31c62e5e1eae9b60aba,https://www.giornaledellepmi.it/a-maggio-diminuiscono-occupati-e-disoccupati-crescono-gli-inattivi/,"A maggio diminuiscono occupati e disoccupati, crescono gli inattivi - Il Giornale delle PMI",41,,,"... Su base annua il tasso di occupazione aumenta di 0,4  punti. Rispetto a maggio 2025, diminuisce  il numero di persone in cerca di lavoro (-23,8%, pari a -399mila unità) e sale  quello degli inattivi tra i 15 e i 64 anni (+1, 5%, pari a +190mila unità).... La diminuzione è determinata dai soli dipendenti a termine (2 milioni 388mila), a fronte della crescita tra i dipendenti permanenti (16 milioni 588mila) e gli  autonomi (5 milioni 360mila).",https://eview.copyscape.com/compare/th5fjgxez1/19
262,2026-10-01T09:48:22.980509,OCCDISPROLUG2026,67862c6615025739a807cb1ea37ad285591a56fc9039c31c62e5e1eae9b60aba,https://www.giornaledellepmi.it/occupati-fermi-ma-crescono-i-disoccupati-giugno-segna-linversione-di-tendenza-per-il-lavoro/,"Occupati fermi, ma crescono i disoccupati: giugno segna l'inversione di tendenza per il lavoro - Il Giornale delle PMI",40,,,"... A giugno 2026, su base mensile, il numero degli occupati risulta  stabile e si associa alla crescita  dei disoccupati e alla diminuzione  degli inattivi. La stabilità degli occupati è ... sintesi dell'aumento tra gli uomini, i dipendenti a termine, i 25-34enni e chi ha almeno 50 anni,  e del calo tra le donne, ... i dipendenti a termine, ",https://eview.copyscape.com/compare/th5fjgxez1/20
263,2026-10-01T09:48:22.980509,OCCDISPROLUG2026,67862c6615025739a807cb1ea37ad285591a56fc9039c31c62e5e1eae9b60aba,https://www.corriere.it/economia/lavoro/26_luglio_02/istat-calano-gli-occupati-22mila-a-maggio-tasso-di-disoccupazione-al-5-inattivi-oltre-il-33-8a5eb5d8-8798-46d6-b100-a7084688fxlk.shtml,"Istat, calano gli occupati: -22 mila a maggio. Tasso di disoccupazione al 5%, inattivi oltre il 33% | Corriere.it",38,,,"... le donne, i dipendenti a termine e tutte le classi d'età ad eccezione di chi ha almeno 50 anni; in questa classe di età ... Secondo l'Istat, in un anno gli occupati sono 228mila in più, la disoccupazione scende al 5% e il tasso di inattività sale al 33,6% Calo degli occupati in maggio: lo certifica l'Istat spiegando che il ribasso (-0, 1%, pari a -22mila  unità) coinvolge gli uomini, le donne, i dipendenti a termine  e tutte le classi d'età ad eccezione di chi ha almeno 50 anni; in questa classe di età  il numero di occupati risulta in crescita, così come tra i dipendenti  permanenti e gli autonomi. Il tasso di occupazione scende al 63% (- 0,1 punti). La diminuzione - spiega Istat - è determinata dai soli dipendenti a termine (2 milioni 388mila), a fronte della crescita tra i dipendenti permanenti (16 milioni 588mila) e gli autonomi (5 milioni 360mila).... Secondo l'Istat, in un anno gli ",https://eview.copyscape.com/compare/th5fjgxez1/21
264,2026-10-01T09:48:22.980509,OCCDISPROLUG2026,67862c6615025739a807cb1ea37ad285591a56fc9039c31c62e5e1eae9b60aba,https://www.cliclavoro.gov.it/sites/default/files/2026-01/CS_Occupati-e-disoccupati_Ottobre_2025.pdf,2 dicembre 2025 Ottobre 2025 OCCUPATI E DISOCCUPATI Dati provvisori,37,,,"... è sintesi della · crescita tra i 15-34enni e della diminuzione tra chi ha almeno 35 anni di età. Il tasso di inattività è invariato... Il tasso di disoccupazione scende ... aumentano gli inattivi di 15-64 anni (+0,5%, pari a +61mila unità). A ottobre 2025, il  numero di occupati supera quello di ottobre 2024 dello 0,9% (+224mila unità); l'aumento · riguarda  gli uomini, le donne e chi ha ... stabile tra chi ha almeno 50 anni; quello di inattività, infine, cresce  tra i 15-34enni e cala nelle altre classi d'età.  Su base annua, il tasso di occupazione diminuisce  tra i 15-34enni e aumenta tra chi ha almeno 35 anni; il tasso · di disoccupazione cala tra i 25-49enni e cresce nelle ",https://eview.copyscape.com/compare/th5fjgxez1/22
265,2026-10-01T09:48:22.980509,OCCDISPROLUG2026,67862c6615025739a807cb1ea37ad285591a56fc9039c31c62e5e1eae9b60aba,https://www.ilsole24ore.com/art/istat-ad-aprile-tasso-occupazione-sale-631percento-03-punti-AIqcgwLD,"Istat: ad aprile il tasso di occupazione sale al 63,1% (+0,3 punti)",32,,,"... Ad aprile 2026, su base mensile, la crescita degli occupati  si associa alla diminuzione dei disoccupati e degli inattivi. L'aumento degli ... Il tasso di inattività scende al 33,4% (-0,3 punti). ... Confrontando il trimestre febbraio-aprile  2026 con quello precedente (novembre 2025-gennaio  2026) si registra un aumento di 108mila  occupati (+0,4%).",https://eview.copyscape.com/compare/th5fjgxez1/23
266,2026-10-01T09:48:22.980509,OCCDISPROLUG2026,67862c6615025739a807cb1ea37ad285591a56fc9039c31c62e5e1eae9b60aba,https://cliclavoro.gov.it/sites/default/files/2026-06/Occupati-e-disoccupati-aprile-2026.pdf,UFFICIO STAMPA tel. +39 06 4673.2243/44 ufficiostampa@istat.it CONTACT CENTRE,25,,,"... Il tasso di occupazione sale al 63,1% (+0,3 punti).  Il calo delle persone in cerca di lavoro (-1,3%, pari a -18mila unità) si osserva per uomini e donne e per  tutte · le classi d'età ad eccezione dei 35-49enni, tra i quali i disoccupati risultano in crescita.",https://eview.copyscape.com/compare/th5fjgxez1/24
267,2026-10-01T09:48:22.980509,OCCDISPROLUG2026,67862c6615025739a807cb1ea37ad285591a56fc9039c31c62e5e1eae9b60aba,https://www.ripartelitalia.it/lavoro-a-ottobre-2025-crescono-gli-occupati-e-calano-i-disoccupati-il-rapporto-istat/,Lavoro: a ottobre 2025 crescono gli occupati e calano i disoccupati | Il Rapporto Istat,24,,,"... L'occupazione aumenta anche rispetto a ottobre 2024 (+224mila occupati in un anno), sintesi della crescita  dei dipendenti permanenti (+288mila)  e degli autonomi (+123mila) e del calo  dei dipendenti a termine (-188mila).  Su base mensile, il tasso di occupazione sale al 62,7%, quello di disoccupazione cala al 6,0% e  il tasso di inattività è stabile al 33,2%. A ottobre 2025, rispetto al mese precedente, uomini e donne presentano lo stesso andamento dei tassi: il tasso di occupazione aumenta (+0,1 per gli uomini e +0,2 punti per le donne), quello di disoccupazione cala (-0,2 punti per entrambe le componenti) e il tasso di inattività risulta stabile.",https://eview.copyscape.com/compare/th5fjgxez1/25
268,2026-10-01T09:48:22.980509,OCCDISPROLUG2026,67862c6615025739a807cb1ea37ad285591a56fc9039c31c62e5e1eae9b60aba,https://www.nuovogiornalenazionale.com/istat-andamento-mercato-del-lavoro-a-luglio-2026-dati-provvisori/,"Istat, andamento mercato del lavoro a luglio 2026 - dati provvisori",21,,,"... unità), mentre diminuiscono gli inattivi di 15-64 anni (-1,2%, pari ... 49enni, invece, gli occupati diminuiscono. Su base annua il ",https://eview.copyscape.com/compare/th5fjgxez1/26
269,2026-10-01T09:48:22.980509,OCCDISPROLUG2026,67862c6615025739a807cb1ea37ad285591a56fc9039c31c62e5e1eae9b60aba,https://www.dottrinalavoro.it/notizie-c/istat-occupati-e-disoccupati-giugno-2026,ISTAT: Occupati e Disoccupati – Giugno 2026 | Dottrina Per il Lavoro,18,,,"... unità), mentre diminuiscono gli inattivi di 15-64 anni (-0,9%, pari ... 49enni, invece, gli occupati diminuiscono. Su base annua il ",https://eview.copyscape.com/compare/th5fjgxez1/27
270,2026-10-01T09:48:22.980509,OCCDISPROLUG2026,67862c6615025739a807cb1ea37ad285591a56fc9039c31c62e5e1eae9b60aba,https://www.confael.net/primo-piano/istat-a-giugno-la-disoccupazione-sale-al-54/,"Istat, a giugno la disoccupazione sale al 5,4% - Confael",18,,,"... unità), mentre diminuiscono gli inattivi di 15-64 anni (-0,9%, pari ... 49enni, invece, gli occupati diminuiscono. Su base annua il ",https://eview.copyscape.com/compare/th5fjgxez1/28
271,2026-10-01T09:48:22.980509,OCCDISPROLUG2026,67862c6615025739a807cb1ea37ad285591a56fc9039c31c62e5e1eae9b60aba,https://www.ilgiornale.it/news/interni/lavoro-record-di-occupati-13-milioni-in-4-anni-i-dati-istat/,"Lavoro, record di occupati: +1,3 milioni in 4 anni. I dati Istat – il Giornale",18,,,"... A luglio 2026 il numero di occupati, pari a 24 milioni 370mila, è stabile rispetto al mese precedente”. A certificarlo è l'Istat che registra anche una crescita del +1,3% del numero di occupati rispetto a un anno fa, pari a un aumento ",https://eview.copyscape.com/compare/th5fjgxez1/29
272,2026-10-01T09:48:22.980509,OCCDISPROLUG2026,67862c6615025739a807cb1ea37ad285591a56fc9039c31c62e5e1eae9b60aba,https://www.dottrinalavoro.it/notizie-c/istat-occupati-e-disoccupati-agosto-2025,ISTAT: Occupati e Disoccupati – Agosto 2025 | Dottrina Per il Lavoro,18,,,"... Su base annua, il tasso di occupazione diminuisce tra i 15-34enni, è stabile tra i 35-49enni e aumenta tra chi ha almeno 50 anni;  il tasso di disoccupazione è stabile  tra i 15-24enni, cresce tra  i 35-49enni e cala  nelle altre classi d'età; ",https://eview.copyscape.com/compare/th5fjgxez1/30
273,2026-10-01T09:48:22.980509,OCCDISPROLUG2026,67862c6615025739a807cb1ea37ad285591a56fc9039c31c62e5e1eae9b60aba,https://www.dottrinalavoro.it/notizie-c/istat-occupati-e-disoccupati-maggio-2026,ISTAT: Occupati e Disoccupati – Maggio 2026 | Dottrina Per il Lavoro,17,,,"... Il calo degli occupati (-0,1%, pari a -22mila  unità) coinvolge gli uomini, le donne, i dipendenti a termine  e tutte le classi d'età ad eccezione di chi ha almeno 50 anni; in questa classe di età  il numero di occupati risulta in crescita, ",https://eview.copyscape.com/compare/th5fjgxez1/31
274,2026-10-01T09:48:22.980509,OCCDISPROLUG2026,67862c6615025739a807cb1ea37ad285591a56fc9039c31c62e5e1eae9b60aba,https://www.cliclavoro.gov.it/sites/default/files/2025-10/CS_Occupati-e-disoccupati_GIUGNO_2025_0.pdf,31 luglio 2025 Giugno 2025 OCCUPATI E DISOCCUPATI Dati provvisori,16,,,"... A giugno 2025, su base mensile, la crescita di occupati e inattivi si associa al calo dei disoccupati. L'aumento degli occupati (+0, 1%, pari a +16mila unità) coinvolge le donne, i dipendenti permanenti, gli · autonomi  e tutte le classi d'età ad eccezione dei 35-49enni, per i quali si ",https://eview.copyscape.com/compare/th5fjgxez1/32
275,2026-10-01T09:48:22.980509,OCCDISPROLUG2026,67862c6615025739a807cb1ea37ad285591a56fc9039c31c62e5e1eae9b60aba,https://www.cliclavoro.gov.it/sites/default/files/2025-10/CS_Occupati-e-disoccupati_MAGGIO_2025.pdf,2 luglio 2025 Maggio 2025 OCCUPATI E DISOCCUPATI Dati provvisori,16,,,"... gli uomini e +0,7 punti tra le donne) e diminuisce quello di inattività (-1,1 e -0,5 punti, rispettivamente);  il tasso · di disoccupazione cresce tra i primi (+0,2 punti) e cala tra le seconde (-0,4 punti). ... La crescita congiunturale del numero di occupati, registrata a maggio 2025, è trainata dall'aumento dei · dipendenti permanenti (+0,4%)  e degli autonomi (+0,3%) che più che compensa la  diminuzione dei dipendenti",https://eview.copyscape.com/compare/th5fjgxez1/33
276,2026-10-01T09:48:22.980509,OCCDISPROLUG2026,67862c6615025739a807cb1ea37ad285591a56fc9039c31c62e5e1eae9b60aba,https://argomenti.ilsole24ore.com/tag/tasso-inattivita,"Tasso di inattività, le ultime notizie - Argomenti del Sole 24 Ore",16,,,"... Per l'Istat a gennaio il tasso di occupazione su dicembre sale al 62,6% (+0,2%), ma solo grazie all'incremento degli uomini ... A gennaio 2026, il numero di occupati, pari a 24 milioni 181mila, è in crescita  rispetto al mese precedente. L'aumento coinvolge sia i dipendenti – permanenti ",https://eview.copyscape.com/compare/th5fjgxez1/34
277,2026-10-01T09:48:22.980509,OCCDISPROLUG2026,67862c6615025739a807cb1ea37ad285591a56fc9039c31c62e5e1eae9b60aba,https://www.affaritaliani.it/economia/lavoro-ad-aprile-crescono-gli-occupati-123mila-in-un-mese-disoccupazione-al-51-i-dati-istat.html,"Lavoro, ad aprile crescono gli occupati: +123mila in un mese, disoccupazione al 5,1%: i dati Istat",15,,,"... Il tasso di inattività scende così al 33,4% (-0,3 punti). Nel trimestre febbraio-aprile 2026, confrontato  con quello precedente, ... si registra un aumento di 108mila  occupati (+0,4%).",https://eview.copyscape.com/compare/th5fjgxez1/35
278,2026-10-01T09:48:22.980509,OCCDISPROLUG2026,67862c6615025739a807cb1ea37ad285591a56fc9039c31c62e5e1eae9b60aba,https://www.italiaoggi.it/economia-e-politica/attualita/lavoro-dati-istat-lieve-calo-degli-occupati-ma-scende-il-tasso-di-disoccupazione-5-6-fjo3wjbi,"Lavoro, dati Istat: lieve calo degli occupati, ma scende il tasso di disoccupazione (5,6%) - ItaliaOggi.it",15,,,"... Il tasso di occupazione risulta invariato al 62,4%. Il numero di  persone in cerca di lavoro diminuisce (-1,6%, pari a -24mila unità)  per le donne e i 25-49enni, mentre aumenta  nelle altre classi di età e, seppur lievemente, anche tra gli uomini.",https://eview.copyscape.com/compare/th5fjgxez1/36
