Index,data,codice,id_hash,URL,Title,Min Words Matched,Percent Matched,Words Matched (Full),Text Snippet,View URL
1,2026-09-07T11:23:59.052518,OCCDISPROGIU2026,74be3b8beb34752637237ef85d70d850fddfd66b58247b637349562242eec3bf,https://www.confael.net/primo-piano/istat-a-giugno-la-disoccupazione-sale-al-54/,"Istat, a giugno la disoccupazione sale al 5,4% - Confael",178,,,"... A giugno 2026, su base mensile, il numero degli occupati risulta stabile ... associa alla crescita dei disoccupati e alla diminuzione degli inattivi.... La stabilità degli occupati è sintesi dell'aumento tra gli uomini, i dipendenti a termine, i 25-34enni e chi ha almeno 50 anni, e del calo ... Il tasso di disoccupazione sale al 5,7% (+0,4 punti), quello giovanile al 18,4% (+1,5 punti). La diminuzione degli inattivi tra i 15 e i 64 ... Rispetto al trimestre precedente, crescono anche le persone in cerca di lavoro (+0,8%, pari a +11mila unità), mentre diminuiscono gli inattivi ... A giugno 2026, la crescita del numero di occupati rispetto a giugno 2025 (+0,5%, +131mila unità) si osserva tra gli uomini, le donne, i 25 ... La crescita dei dipendenti a termine (2 milioni 542mila) è compensata dal calo dei dipendenti permanenti (16 milioni 491mila) e degli ... milioni 277mila). L'occupazione cresce rispetto a giugno 2025 (+131mila occupati in un anno) per ... effetto dell'aumento dei dipendenti, permanenti (+98mila) e a ... della stabilità degli autonomi. Su base mensile il tasso di ",https://eview.copyscape.com/compare/6bhh4ekqm0/1
2,2026-09-07T11:23:59.052518,OCCDISPROGIU2026,74be3b8beb34752637237ef85d70d850fddfd66b58247b637349562242eec3bf,https://formatresearch.com/2026/07/30/occupati-e-disoccupati-istat-giugno-2026-dati-provvisori/,Occupati e disoccupati | ISTAT - Giugno 2026 (dati provvisori),168,,,"... A giugno 2026, su base mensile, il numero degli occupati risulta stabile e si associa alla crescita dei disoccupati e alla diminuzione degli ... Il tasso di occupazione è invariato al 62,9%. La crescita delle persone in cerca di lavoro (+7,2%, pari a +97mila unità) coinvolge gli ... Rispetto al trimestre precedente, crescono anche le persone in cerca di lavoro (+0,8%, pari a +11mila unità), mentre diminuiscono gli inattivi ... A giugno 2026, la crescita del numero di occupati rispetto a giugno 2025 (+0,5%, +131mila unità) si osserva tra gli uomini, le donne, i 25 ... 49enni, invece, gli occupati diminuiscono. Su base annua il tasso di occupazione aumenta di 0,3 punti. Rispetto a giugno 2025, diminuisce ... sia il numero di persone in cerca di lavoro (-3,6%, pari a -54mila unità) sia quello degli inattivi tra i ... La crescita dei dipendenti a termine (2 milioni 542mila) è compensata dal calo dei dipendenti permanenti (16 milioni 491mila) e degli ... effetto dell'aumento dei dipendenti, permanenti (+98mila) e a ",https://eview.copyscape.com/compare/6bhh4ekqm0/2
3,2026-09-07T11:23:59.052518,OCCDISPROGIU2026,74be3b8beb34752637237ef85d70d850fddfd66b58247b637349562242eec3bf,https://formatresearch.com/2026/09/01/occupati-e-disoccupati-istat-luglio-2026-dati-provvisori/,Occupati e disoccupati | ISTAT - Luglio 2026 (dati provvisori),94,,,"... La stabilità degli occupati è sintesi dell'aumento tra gli uomini, i dipendenti permanenti, gli autonomi e i 35-49enni  e del calo tra le ... Il tasso di occupazione è invariato al 63,2%. Il calo  delle persone in cerca di lavoro (-1,1%, pari a -17mila  unità) coinvolge gli uomini e ... Rispetto al trimestre precedente, crescono anche le persone in cerca di lavoro (+3,4%, pari a +49mila  unità), mentre diminuiscono gli inattivi ... Tra i 15-24enni e i 35-49enni, invece, gli occupati diminuiscono. Su base annua il tasso di occupazione aumenta di 0,8  punti. Rispetto a ... Rispetto a luglio 2025, diminuisce sia il numero di persone in cerca di lavoro (-0,9%, pari a -14mila  unità) sia quello degli inattivi tra i ",https://eview.copyscape.com/compare/6bhh4ekqm0/3
4,2026-09-07T11:23:59.052518,OCCDISPROGIU2026,74be3b8beb34752637237ef85d70d850fddfd66b58247b637349562242eec3bf,https://www.dottrinalavoro.it/notizie-c/istat-occupati-e-disoccupati-giugno-2026,ISTAT: Occupati e Disoccupati – Giugno 2026 | Dottrina Per il Lavoro,74,,,"... Il tasso di occupazione è invariato al 62,9%. La crescita delle persone in cerca di lavoro (+7,2%, pari a +97mila unità) coinvolge gli uomini, ... Rispetto al trimestre precedente, crescono anche le persone in cerca di lavoro (+0,8%, pari a +11mila unità), mentre diminuiscono gli inattivi ... A giugno 2026, la crescita del numero di occupati rispetto a giugno 2025 (+0,5%, +131mila unità) si osserva tra gli uomini, le donne, i 25 ",https://eview.copyscape.com/compare/6bhh4ekqm0/4
5,2026-09-07T11:23:59.052518,OCCDISPROGIU2026,74be3b8beb34752637237ef85d70d850fddfd66b58247b637349562242eec3bf,https://www.dottrinalavoro.it/notizie-c/istat-occupati-e-disoccupati-giugno-2026-2,ISTAT: Occupati e Disoccupati – Luglio 2026 | Dottrina Per il Lavoro,63,,,"... La stabilità degli occupati è sintesi dell'aumento tra gli uomini, i dipendenti permanenti, gli autonomi e i 35-49enni  e del calo tra le ... Il tasso di occupazione è invariato al 63,2%. Il calo  delle persone in cerca di lavoro (-1,1%, pari a -17mila  unità) coinvolge gli uomini e ... Rispetto al trimestre precedente, crescono anche le persone in cerca di lavoro (+3,4%, pari a +49mila  unità), mentre diminuiscono gli inattivi ... unità) sia quello degli inattivi tra i 15 e i 64 anni (-2,5%, pari a -307mila unità). La nota ISTAT. Fonte: Istat. Condividi: Fai clic qui per ",https://eview.copyscape.com/compare/6bhh4ekqm0/5
6,2026-09-07T11:23:59.052518,OCCDISPROGIU2026,74be3b8beb34752637237ef85d70d850fddfd66b58247b637349562242eec3bf,https://www.conquistedellavoro.it/economia/occupazione-stabile-ma-%C3%A8-allarme-giovani-1.3355601,"Occupazione stabile, ma è allarme giovani - Conquiste del Lavoro",57,,,"... A giugno, su base mensile, il numero degli occupati risulta stabile e si associa alla crescita dei disoccupati e alla diminuzione degli inattivi ... Lo comunica l'Istat che sottolinea come rispetto all'anno precedente ci siano 131 mila occupati in più. Il tasso di occupazione è invariato al ... Il tasso di disoccupazione sale al 5,7% (+0,4 punti), quello giovanile al 18,4% (+1,5 punti). La diminuzione degli inattivi tra i 15 e i 64 ",https://eview.copyscape.com/compare/6bhh4ekqm0/6
7,2026-09-07T11:23:59.052518,OCCDISPROGIU2026,74be3b8beb34752637237ef85d70d850fddfd66b58247b637349562242eec3bf,https://www.mondolavorosrl.it/occupati-disoccupati-a-giugno-2026-pubblicata-da-istat-la-nota-metodologica/,Occupati/disoccupati a giugno 2026: pubblicata da ISTAT la nota ...,50,,,"... stabilità degli occupati è sintesi dell'aumento tra gli uomini, i dipendenti a termine, i 25-34enni e chi ha almeno 50 anni, e del calo tra le ... 49enni, invece, gli occupati diminuiscono. Su base annua il tasso di occupazione aumenta di 0,3%. ... Rispetto a giugno 2025, diminuisce sia il ",https://eview.copyscape.com/compare/6bhh4ekqm0/7
8,2026-09-07T11:23:59.052518,OCCDISPROGIU2026,74be3b8beb34752637237ef85d70d850fddfd66b58247b637349562242eec3bf,https://www.lapresse.it/economia/2026/07/30/cresce-il-pil-nel-secondo-trimestre-02-la-disoccupazione-a-giugno-sale-al-57/,"Cresce il Pil nel secondo trimestre: + 0,2%. La disoccupazione a ...",49,,,"... punti).Confrontando il secondo trimestre 2026 con quello precedente si registra invece  un aumento di 116mila occupati (+0,5%). Rispetto al ... 131mila unità) si osserva tra gli uomini, le donne, i 25-34enni e chi ha almeno 50 anni; tra i 15-24enni e i 35-49enni, invece, gli occupati ",https://eview.copyscape.com/compare/6bhh4ekqm0/8
9,2026-09-07T11:23:59.052518,OCCDISPROGIU2026,74be3b8beb34752637237ef85d70d850fddfd66b58247b637349562242eec3bf,https://www.ilnordest.it/italia-ed-esteri/istat-occupati-stabili-a-giugno-97mila-disoccupati-mxqz8c7k,"Istat, occupati stabili a giugno, +97mila disoccupati - il Nord Est",48,,,"... ANSA) - ROMA, 30 LUG - A giugno 2026, su base mensile, il numero degli occupati risulta stabile e si associa alla crescita dei disoccupati ... Il tasso di disoccupazione sale al 5,7% (+0,4 punti), quello giovanile al 18,4% (+1,5 punti). La diminuzione degli inattivi tra i 15 e i 64 ",https://eview.copyscape.com/compare/6bhh4ekqm0/9
10,2026-09-07T11:23:59.052518,OCCDISPROGIU2026,74be3b8beb34752637237ef85d70d850fddfd66b58247b637349562242eec3bf,https://www.ore12.net/lavoro-istat-tasso-disoccupazione-cala-al-58-a-luglio-giovanile-sale-al-189/,"Lavoro: Istat, tasso disoccupazione cala al 5,8% a luglio, giovanile ...",36,,,"... 49enni, invece, gli occupati diminuiscono. Su base annua il tasso di occupazione aumenta di 0,8  punti. Rispetto a luglio 2025, diminuisce ... Rispetto a luglio 2025, diminuisce sia il numero di persone in cerca di lavoro (-0,9%, pari a -14mila  unità) sia quello degli inattivi tra i ",https://eview.copyscape.com/compare/6bhh4ekqm0/10
11,2026-09-07T11:23:59.052518,OCCDISPROGIU2026,74be3b8beb34752637237ef85d70d850fddfd66b58247b637349562242eec3bf,https://finanza.repubblica.it/News/2026/09/01/mercato_lavoro_disoccupazione_in_calo_al_5_8percento_e_occupati_stabili_a_luglio-55/,"Mercato lavoro, disoccupazione in calo al 5,8% e occupati stabili a ...",32,,,"... Rispetto al trimestre precedente, crescono anche le persone in cerca di lavoro (+3,4%, pari a +49mila  unità), mentre diminuiscono gli inattivi ... 49enni, invece, gli occupati diminuiscono. Su base annua il tasso di occupazione aumenta di 0,8 punti. Confrontando il trimestre maggio ",https://eview.copyscape.com/compare/6bhh4ekqm0/11
12,2026-09-07T11:23:59.052518,OCCDISPROGIU2026,74be3b8beb34752637237ef85d70d850fddfd66b58247b637349562242eec3bf,https://tg24.sky.it/economia/2026/07/30/lavoro-disoccupazione-giugno-istat,"Lavoro, disoccupazione sale al 5,7%, quella giovanile al 18,4%. I dati",30,,,"... dal calo dei dipendenti permanenti (16 milioni 491mila) e degli autonomi (5 milioni 277mila)"". L'occupazione ""cresce rispetto a giugno 2025 ... per effetto dell'aumento dei dipendenti, permanenti (+98mila) e a termine (+ ",https://eview.copyscape.com/compare/6bhh4ekqm0/12
13,2026-09-07T11:23:59.052518,OCCDISPROGIU2026,74be3b8beb34752637237ef85d70d850fddfd66b58247b637349562242eec3bf,https://www.quotidiano.net/economia/ultimaora/istat-occupati-stabili-a-giugno-7e60a645,"Istat, occupati stabili a giugno, +97mila disoccupati",29,,,"... Il tasso di disoccupazione sale al 5,7% (+0,4 punti), quello giovanile al 18,4% (+1,5 punti). La diminuzione degli inattivi tra i 15 e i 64 ",https://eview.copyscape.com/compare/6bhh4ekqm0/13
14,2026-09-07T11:23:59.052518,OCCDISPROGIU2026,74be3b8beb34752637237ef85d70d850fddfd66b58247b637349562242eec3bf,https://www.today.it/economia/economia-italiana-cresce-piu-del-previsto-2026.html,L'economia italiana è cresciuta più del previsto nel secondo ... - Today,29,,,"... Il tasso di disoccupazione sale al 5,7% (+0,4 punti), quello giovanile al 18,4% (+1,5 punti). La diminuzione degli inattivi tra i 15 e i 64 ",https://eview.copyscape.com/compare/6bhh4ekqm0/14
15,2026-09-07T11:23:59.052518,OCCDISPROGIU2026,74be3b8beb34752637237ef85d70d850fddfd66b58247b637349562242eec3bf,https://www.mysolution.it/lavoro/informazioni/news/2026/09/02/pubblicata-dallistat-la-nota-metodologica-di-occupati-e-disoccupati-di-luglio-2026/,Pubblicata la nota metodologica di occupati e disoccupati di luglio ...,27,,,"... La stabilità degli occupati è sintesi dell'aumento tra gli uomini, i dipendenti permanenti, gli autonomi e i 35-49enni  e del calo tra le donne, i dipendenti ... Il tasso di occupazione è invariato al 63,2%. Contenuto riservato agli. Abbonati MySolution. Sei già Abbonato? Esegui qui l'accesso. Non sei ancora Abbonato ",https://eview.copyscape.com/compare/6bhh4ekqm0/15
16,2026-09-07T11:23:59.052518,OCCDISPROGIU2026,74be3b8beb34752637237ef85d70d850fddfd66b58247b637349562242eec3bf,https://www.borsaitaliana.it/borsa/notizie/teleborsa/economia/mercato-lavoro-disoccupazione-in-calo-al-58-e-occupati-stabili-a-luglio-55_2026-09-01_TLB.html?lang=it,"Mercato lavoro, disoccupazione in calo al 5,8% e occupati stabili a ...",27,,,"... 49enni, invece, gli occupati diminuiscono. Su base annua il tasso di occupazione aumenta di 0,8 punti. Confrontando il trimestre maggio ... unità) sia quello degli inattivi tra i 15 e i 64 anni (-2,5%, pari a -307mila unità). (Teleborsa) 01-09-2026 11:43. Azioni · Azioni · Home · Cerca ",https://eview.copyscape.com/compare/6bhh4ekqm0/16
17,2026-09-07T11:23:59.052518,OCCDISPROGIU2026,74be3b8beb34752637237ef85d70d850fddfd66b58247b637349562242eec3bf,https://teleborsa.ansa.it/notiziario/economia/mercato-lavoro-disoccupazione-in-calo-al-5-8-e-occupati-stabili-a-luglio/,"Mercato lavoro, disoccupazione in calo al 5,8% e occupati stabili a ...",21,,,"... rapporto dell'Istat sul mercato del lavoro, da cui emerge che la stabilità degli occupati è sintesi dell'aumento tra gli uomini, i ... Il tasso di occupazione è invariato al 63,2%. La crescita dei dipendenti permanenti (16 milioni 583mila)  e degli autonomi (5 milioni 301mila) ",https://eview.copyscape.com/compare/6bhh4ekqm0/17
18,2026-09-07T11:23:59.052518,OCCDISPROGIU2026,74be3b8beb34752637237ef85d70d850fddfd66b58247b637349562242eec3bf,https://www.italiacooperativa.it/Territorio/lavoro-a-gennaio-occupazione-in-calo-34mila-su-mese-362-mila-su-anno-1,"a gennaio occupazione in calo -34mila su mese, +362 mila su anno",21,,,"... Rispetto a gennaio 2023, calano sia il numero di persone in cerca di lavoro (-8,1%, pari a -162mila  unità) sia quello degli inattivi tra i 15 e i 64 anni ",https://eview.copyscape.com/compare/6bhh4ekqm0/18
19,2026-09-07T11:23:59.052518,OCCDISPROGIU2026,74be3b8beb34752637237ef85d70d850fddfd66b58247b637349562242eec3bf,https://tg24.sky.it/economia/2026/05/29/inflazione-maggio-istat,"Inflazione, aumento dei prezzi del 3,2% a maggio. I dati Istat",20,,,"... Il tasso di disoccupazione scende al 5,1% (-0,1  punti). La diminuzione degli inattivi tra i 15 e i 64 anni su marzo (- 0,8%, pari a -102mila ",https://eview.copyscape.com/compare/6bhh4ekqm0/19
20,2026-09-07T11:23:59.052518,OCCDISPROGIU2026,74be3b8beb34752637237ef85d70d850fddfd66b58247b637349562242eec3bf,https://www.strettoweb.com/2026/05/lavoro-italia-da-record-ad-aprile-occupazione-ai-massimi-da-sempre-disoccupazione-al-minimo-storico-dati-istat/2093199/,"Lavoro, Italia da record: ad aprile occupazione ai massimi da ...",20,,,"... Il tasso di disoccupazione scende al 5,1% (-0,1  punti). La diminuzione degli inattivi tra i 15 e i 64 anni su marzo (- 0,8%, pari a -102mila ",https://eview.copyscape.com/compare/6bhh4ekqm0/20
21,2026-09-07T11:23:59.052518,OCCDISPROGIU2026,74be3b8beb34752637237ef85d70d850fddfd66b58247b637349562242eec3bf,https://giornaledellepmi.it/occupazione-in-crescita-a-luglio-13mila-posti-di-lavoro-la-disoccupazione-scende-al-6/,"Occupazione in crescita a luglio: +13mila posti di lavoro, la ...",19,,,"... Rispetto al trimestre precedente, crescono anche le persone in cerca di lavoro (+1, 8%, pari a +28mila unità) e  diminuiscono gli inattivi di ",https://eview.copyscape.com/compare/6bhh4ekqm0/21
22,2026-09-07T11:23:59.052518,OCCDISPROGIU2026,74be3b8beb34752637237ef85d70d850fddfd66b58247b637349562242eec3bf,https://askanews.it/2026/07/30/lavoro-istat-a-giugno-il-tasso-disoccupazione-sale-al-57/,"Lavoro, Istat: a giugno il tasso di disoccupazione sale al 5,7%",18,,,"... Lo comunica l'Istat aggiungendo che su base mensile, il numero degli occupati risulta stabile e si associa alla crescita dei disoccupati e alla ",https://eview.copyscape.com/compare/6bhh4ekqm0/22
23,2026-09-07T11:23:59.052518,OCCDISPROGIU2026,74be3b8beb34752637237ef85d70d850fddfd66b58247b637349562242eec3bf,http://www.paginetessili.it/notizie.php?codice=73005,Visualizza Notizie Tessili,17,,,"... 49enni, invece, gli occupati diminuiscono. «La crescita dei dipendenti a termine (2 milioni 542mila) - spiega l'Istat in una nota - è ... spiega l'Istat in una nota - è compensata dal calo dei dipendenti permanenti (16 ",https://eview.copyscape.com/compare/6bhh4ekqm0/23
24,2026-09-07T11:23:59.052518,OCCDISPROGIU2026,74be3b8beb34752637237ef85d70d850fddfd66b58247b637349562242eec3bf,https://www.lastampa.it/economia/2026/07/30/news/dati_istat_giugno_occupati_stabili_aumento_disoccupati-15702906/,"Lavoro, occupati stabili a giugno ma salgono i disoccupati - La Stampa",17,,,... La crescita dei dipendenti a termine (2 milioni 542mila) - spiega l'Istat in una nota -  è compensata dal calo dei dipendenti permanenti (16 ,https://eview.copyscape.com/compare/6bhh4ekqm0/24
25,2026-09-07T11:23:59.052518,OCCDISPROGIU2026,74be3b8beb34752637237ef85d70d850fddfd66b58247b637349562242eec3bf,https://www.ilsole24ore.com/art/lavoro-istat-luglio-tasso-disoccupazione-cala-58percento-AJUCfI0,"Lavoro: Istat, a luglio tasso di disoccupazione cala al 5,8%",17,,,"... La stabilità degli occupati è sintesi dell'aumento tra gli uomini, i dipendenti permanenti, gli autonomi e i 35-49enni  e del calo tra le ",https://eview.copyscape.com/compare/6bhh4ekqm0/25
26,2026-09-07T11:23:59.052518,OCCDISPROGIU2026,74be3b8beb34752637237ef85d70d850fddfd66b58247b637349562242eec3bf,https://www.dottrinalavoro.it/notizie-c/istat-occupati-e-disoccupati-novembre-2025,ISTAT: Occupati e Disoccupati – Novembre 2025,17,,,"... Rispetto a novembre 2024, cala sia il numero di persone in cerca di lavoro (-6,7%, pari a -106mila  unità) sia quello degli inattivi tra i 15 ",https://eview.copyscape.com/compare/6bhh4ekqm0/26
27,2026-09-07T11:23:59.052518,OCCDISPROGIU2026,74be3b8beb34752637237ef85d70d850fddfd66b58247b637349562242eec3bf,https://www.lachirico.it/2026/07/31/lavoro-la-disoccupazione-sale-al-57-quella-giovanile-al-184/,"Lavoro, la disoccupazione sale al 5,7%, quella giovanile al 18,4%",16,,,"... Secondo i dati Istat, il numero degli occupati risulta stabile. ... L'occupazione “cresce rispetto a giugno 2025 ... per effetto dell'aumento dei ",https://eview.copyscape.com/compare/6bhh4ekqm0/27
28,2026-09-07T11:23:59.052518,OCCDISPROGIU2026,74be3b8beb34752637237ef85d70d850fddfd66b58247b637349562242eec3bf,https://www.ilmattino.it/schede/istat_dati_occupazione_disoccupazione_aprile_italia-8150300.html,"Istat, l'occupazione ad aprile sale al 62,3% - Il Mattino",16,,,"... Rispetto ad aprile 2023, calano sia il numero di persone in cerca di lavoro (-11,8%, pari a -236 mila  unità) sia quello degli inattivi tra i ",https://eview.copyscape.com/compare/6bhh4ekqm0/28
29,2026-09-07T11:23:59.052518,OCCDISPROGIU2026,74be3b8beb34752637237ef85d70d850fddfd66b58247b637349562242eec3bf,https://www.borsaitaliana.it/borsa/notizie/radiocor/economia/dettaglio/lavoro-istat-a-luglio-tasso-di-disoccupazione-cala-al-58-2-nRC_01092026_1059_308100316.html,"Lavoro: Istat, a luglio tasso di disoccupazione cala al 5,8% -2",15,,,"... Rispetto al trimestre precedente, crescono anche le persone in cerca di lavoro (+3,4%, pari a +49mila unita'),  mentre diminuiscono gli ",https://eview.copyscape.com/compare/6bhh4ekqm0/29
30,2026-09-07T11:23:59.052518,OCCDISPROGIU2026,74be3b8beb34752637237ef85d70d850fddfd66b58247b637349562242eec3bf,https://www.agenzianova.com/news/a-luglio-occupazione-stabile-al-632-per-cento-la-disoccupazione-scende-al-58-per-cento/,"A luglio occupazione stabile al 63,2 per cento, la disoccupazione ...",15,,,"... unità), mentre diminuiscono gli inattivi di 15-64 anni (-1,2 per cento, pari a -144 mila unità). A luglio  2026, la crescita del numero di ",https://eview.copyscape.com/compare/6bhh4ekqm0/30
31,2026-09-07T11:23:59.052518,OCCDISPROGIU2026,74be3b8beb34752637237ef85d70d850fddfd66b58247b637349562242eec3bf,https://www.agi.it/agiprima/lavoro-istat-a-luglio-occupati-stabili-su-anno-mila-agi:sur:38812827/,"Lavoro: Istat, a luglio occupati stabili, su anno +307mila - AGI",15,,,"... 49enni, invece, gli occupati diminuiscono. Su base annua il tasso di occupazione aumenta di 0,8 punti. (AGI). ADV. ---- ILA | © 2026 agi. ADV. I ",https://eview.copyscape.com/compare/6bhh4ekqm0/31
32,2026-09-07T11:23:59.052518,OCCDISPROGIU2026,74be3b8beb34752637237ef85d70d850fddfd66b58247b637349562242eec3bf,https://www.ilsole24ore.com/art/lavoro-istat-tasso-disoccupazione-sale-6percento-marzo-giovanile-19percento-AHtLy4Y,"Lavoro, Istat: tasso disoccupazione sale al 6% a marzo, giovanile al ...",15,,,"... Rispetto a marzo 2024, diminuisce sia il numero di persone in cerca di lavoro (-11,8%, pari a -208mila  unità) sia quello degli inattivi (-0 ",https://eview.copyscape.com/compare/6bhh4ekqm0/32
33,2026-09-07T11:24:03.037519,OCCDISPROLUG2026,67862c6615025739a807cb1ea37ad285591a56fc9039c31c62e5e1eae9b60aba,https://formatresearch.com/2026/09/01/occupati-e-disoccupati-istat-luglio-2026-dati-provvisori/,Occupati e disoccupati | ISTAT - Luglio 2026 (dati provvisori),224,,,"... A luglio 2026, su base mensile, il numero degli occupati rimane stabile e si associa alla diminuzione dei disoccupati e degli inattivi.... La stabilità degli occupati è sintesi dell'aumento tra gli uomini ... Il tasso di occupazione è invariato al 63,2%. Il calo delle persone in cerca di lavoro (-1,1%, pari a -17mila unità) coinvolge gli uomini e ... La diminuzione degli inattivi tra i 15 e i 64 anni (-0,1%, pari a -17mila unità) riguarda soltanto gli uomini e i 35-... 49enni; nelle altre classi d'età il numero di inattivi è in crescita e tra le ... donne è sostanzialmente stabile. Il tasso di inattività rimane invariato al 32,8%. confronto con il trimestre precedente. Confrontando il ... Confrontando il trimestre maggio-luglio 2026 con quello precedente (febbraio-aprile 2026) si registra un aumento di 91mila occupati (+0,4%).... Rispetto al trimestre precedente, crescono anche le persone in cerca di lavoro (+3,4%, pari a +49mila unità), mentre diminuiscono gli inattivi ... A luglio 2026, la crescita del numero di occupati rispetto a luglio 2025 (+1,3%, +307mila unità) interessa gli uomini, le donne, i 25-34enni ... Rispetto a luglio 2025, diminuisce sia il numero di persone in cerca di lavoro (-0,9%, pari a -14mila unità) sia quello degli inattivi tra i ... compensata dal calo dei dipendenti a termine (2 milioni 486mila). La ... sintesi dell'aumento dei dipendenti permanenti (+303mila) e degli ",https://eview.copyscape.com/compare/t839uqtnq1/1
34,2026-09-07T11:24:03.037519,OCCDISPROLUG2026,67862c6615025739a807cb1ea37ad285591a56fc9039c31c62e5e1eae9b60aba,https://www.dottrinalavoro.it/notizie-c/istat-occupati-e-disoccupati-giugno-2026-2,ISTAT: Occupati e Disoccupati – Luglio 2026 | Dottrina Per il Lavoro,115,,,"... A luglio 2026, su base mensile, il numero degli occupati rimane stabile e si associa alla diminuzione dei disoccupati e degli inattivi. La ... Il tasso di occupazione è invariato al 63,2%. Il calo delle persone in cerca di lavoro (-1,1%, pari a -17mila unità) coinvolge gli uomini e ... Rispetto al trimestre precedente, crescono anche le persone in cerca di lavoro (+3,4%, pari a +49mila unità), mentre diminuiscono gli inattivi ... A luglio 2026, la crescita del numero di occupati rispetto a luglio 2025 (+1,3%, +307mila unità) interessa gli uomini, le donne, i 25-34enni ... unità) sia quello degli inattivi tra i 15 e i 64 anni (-2,5%, pari a -307mila unità). La nota ISTAT. Fonte: Istat. Condividi: Fai clic qui per ",https://eview.copyscape.com/compare/t839uqtnq1/2
35,2026-09-07T11:24:03.037519,OCCDISPROLUG2026,67862c6615025739a807cb1ea37ad285591a56fc9039c31c62e5e1eae9b60aba,https://www.ore12.net/lavoro-istat-tasso-disoccupazione-cala-al-58-a-luglio-giovanile-sale-al-189/,"Lavoro: Istat, tasso disoccupazione cala al 5,8% a luglio, giovanile ...",109,,,"... A luglio 2026, su base mensile, il numero degli occupati rimane stabile (attestandosi a 24 milioni e 370mila unità)  e si associa alla ... La diminuzione degli inattivi tra i 15 e i 64 anni (-0,1%, pari a -17mila unità) riguarda soltanto gli uomini e i 35-... 49enni; nelle altre classi d'età il numero di inattivi è in crescita e tra le donne è sostanzialmente ... stabile. Il tasso di inattività rimane invariato al 32,8%. Confrontando il trimestre maggio-luglio 2026 ... con quello precedente (febbraio-aprile 2026) si registra un aumento di 91mila occupati (+0,4%).... Su base annua, invece, a luglio 2026 la crescita del numero di occupati rispetto a luglio 2025 (+1,3%, +307mila unità) interessa gli uomini ",https://eview.copyscape.com/compare/t839uqtnq1/3
36,2026-09-07T11:24:03.037519,OCCDISPROLUG2026,67862c6615025739a807cb1ea37ad285591a56fc9039c31c62e5e1eae9b60aba,https://www.provincia.treviso.it/it/news/34395-01-settembre-2026-istat-occupati-e-disoccupati-luglio-2026-dati-provvisori,Istat: Occupati e disoccupati - luglio 2026 (dati provvisori),91,,,"... Il tasso di occupazione è invariato al 63,2%. Il calo delle persone in cerca di lavoro (-1,1%, pari a -17mila unità) coinvolge gli uomini e ... La diminuzione degli inattivi tra i 15 e i 64 anni (-0,1%, pari a -17mila unità) riguarda soltanto gli uomini e i 35-... 49enni; nelle altre classi d'età il numero di inattivi è in crescita e tra le donne è sostanzialmente ... stabile. Il tasso di inattività rimane invariato al 32,8%. Confrontando ... il trimestre maggio-luglio 2026 con quello precedente (febbraio-aprile 2026) ",https://eview.copyscape.com/compare/t839uqtnq1/4
37,2026-09-07T11:24:03.037519,OCCDISPROLUG2026,67862c6615025739a807cb1ea37ad285591a56fc9039c31c62e5e1eae9b60aba,https://www.ilsole24ore.com/art/lavoro-ad-agosto-disoccupazione-cala-58percento-AJ2QNH0,"Lavoro, a luglio occupazione stabile. La disoccupazione cala al 5,8%",70,,,"... È la stima diffusa dall'Istat questa mattina. Il calo delle persone in cerca di lavoro (-1,1%, pari a -17mila unità) coinvolge gli uomini e ... La diminuzione degli inattivi tra i 15 e i 64 anni (-0,1%, pari a -17mila unità) riguarda soltanto gli uomini e i 35-... 49enni; nelle altre classi d'età il numero di inattivi è in crescita e tra le ... donne è sostanzialmente stabile. Il tasso di inattività rimane invariato al 32,8%. Scopri di più. Novità. 24Ore AI, l'assistente che permette ",https://eview.copyscape.com/compare/t839uqtnq1/5
38,2026-09-07T11:24:03.037519,OCCDISPROLUG2026,67862c6615025739a807cb1ea37ad285591a56fc9039c31c62e5e1eae9b60aba,https://finanza.repubblica.it/News/2026/09/01/mercato_lavoro_disoccupazione_in_calo_al_5_8percento_e_occupati_stabili_a_luglio-55/,"Mercato lavoro, disoccupazione in calo al 5,8% e occupati stabili a ...",63,,,"... degli occupati è sintesi dell'aumento tra gli uomini, i dipendenti ... Su base annua il tasso di occupazione aumenta di 0,8 punti. ... Confrontando il trimestre maggio-luglio 2026 con quello precedente (febbraio-aprile 2026) si registra un aumento di 91mila occupati (+0,4%).... Rispetto al trimestre precedente, crescono anche le persone in cerca di lavoro (+3,4%, pari a +49mila unità), mentre diminuiscono gli inattivi ... sintesi dell'aumento dei dipendenti permanenti (+303mila) e ",https://eview.copyscape.com/compare/t839uqtnq1/6
39,2026-09-07T11:24:03.037519,OCCDISPROLUG2026,67862c6615025739a807cb1ea37ad285591a56fc9039c31c62e5e1eae9b60aba,https://teleborsa.ansa.it/notiziario/economia/mercato-lavoro-disoccupazione-in-calo-al-5-8-e-occupati-stabili-a-luglio/,"Mercato lavoro, disoccupazione in calo al 5,8% e occupati stabili a ...",62,,,"... 0,1%, pari a -17mila unità) riguarda soltanto gli uomini e i 35-49enni; nelle altre ... classi d'età il numero di inattivi è in crescita e tra le donne ... è sostanzialmente stabile. Il tasso di inattività rimane invariato al 32,8%. ... Rispetto al trimestre precedente, crescono anche le ... Il tasso di occupazione è invariato al 63,2%. La crescita dei dipendenti permanenti (16 milioni 583mila) e degli autonomi (5 milioni 301mila) ",https://eview.copyscape.com/compare/t839uqtnq1/7
40,2026-09-07T11:24:03.037519,OCCDISPROLUG2026,67862c6615025739a807cb1ea37ad285591a56fc9039c31c62e5e1eae9b60aba,https://www.ilsole24ore.com/art/lavoro-istat-luglio-tasso-disoccupazione-cala-58percento-AJUCfI0,"Lavoro: Istat, a luglio tasso di disoccupazione cala al 5,8%",59,,,"... In particolare, spiega l'Istituto, su base mensile, il numero degli occupati rimane stabile ... La stabilità degli occupati è sintesi dell'aumento tra gli uomini ... milioni 370mila, è stabile rispetto al mese ... sintesi dell'aumento dei dipendenti permanenti (+303mila) e degli ... Su base mensile il tasso di occupazione e quello di inattività rimangono stabili al 63,2% e al 32,8%, rispettivamente, e il tasso di ",https://eview.copyscape.com/compare/t839uqtnq1/8
41,2026-09-07T11:24:03.037519,OCCDISPROLUG2026,67862c6615025739a807cb1ea37ad285591a56fc9039c31c62e5e1eae9b60aba,https://www.mysolution.it/lavoro/informazioni/news/2026/09/02/pubblicata-dallistat-la-nota-metodologica-di-occupati-e-disoccupati-di-luglio-2026/,Pubblicata la nota metodologica di occupati e disoccupati di luglio ...,55,,,"... In tale periodo, su base mensile, il numero degli occupati rimane stabile e si associa alla diminuzione dei disoccupati e degli inattivi. La stabilità degli ... occupati è sintesi dell'aumento tra gli uomini, i dipendenti permanenti, gli autonomi e i 35-49enni e del calo tra le donne, i dipendenti ... Il tasso di occupazione è invariato al 63,2%. Contenuto riservato agli. Abbonati MySolution. Sei già Abbonato? Esegui qui l'accesso. Non sei ancora Abbonato ",https://eview.copyscape.com/compare/t839uqtnq1/9
42,2026-09-07T11:24:03.037519,OCCDISPROLUG2026,67862c6615025739a807cb1ea37ad285591a56fc9039c31c62e5e1eae9b60aba,https://www.lavorosi.it/istat-occupati-stabili-a-luglio-307mila-disoccupazione-cala-al-58/,"Istat: occupati stabili a luglio +307mila. Disoccupazione cala al 5,8%",52,,,"... La diminuzione degli inattivi tra i 15 e i 64 anni (-0,1%, pari a -17mila unità) riguarda soltanto gli uomini e i 35-49enni; nelle altre ... A luglio 2026, la crescita del numero di occupati rispetto a luglio 2025 (+1,3%, +307mila unità) interessa gli uomini, le donne, i 25-34enni ",https://eview.copyscape.com/compare/t839uqtnq1/10
43,2026-09-07T11:24:03.037519,OCCDISPROLUG2026,67862c6615025739a807cb1ea37ad285591a56fc9039c31c62e5e1eae9b60aba,https://www.confael.net/primo-piano/istat-a-giugno-la-disoccupazione-sale-al-54/,"Istat, a giugno la disoccupazione sale al 5,4% - Confael",47,,,"... La stabilità degli occupati è sintesi dell'aumento tra gli uomini, i dipendenti a termine, i 25-34enni e chi ha almeno 50 anni,  e del calo ... Il tasso di disoccupazione sale al 5,7% (+0,4 punti), quello giovanile al 18,4% (+1,5  punti). La diminuzione degli inattivi tra i 15 e i 64 ... Rispetto al trimestre precedente, crescono anche le persone in cerca di lavoro (+0,8%, pari a +11mila  unità), mentre diminuiscono gli inattivi ",https://eview.copyscape.com/compare/t839uqtnq1/11
44,2026-09-07T11:24:03.037519,OCCDISPROLUG2026,67862c6615025739a807cb1ea37ad285591a56fc9039c31c62e5e1eae9b60aba,https://newsitaliamedia.it/lavoro-istat-a-luglio-occupazione-cresce-dello-08-su-2025/,"Lavoro: Istat, a luglio occupazione cresce dello 0,8% su 2025",43,,,"... donne è sostanzialmente stabile. Il tasso di inattività rimane invariato al 32,8%. Confrontando il trimestre maggio-luglio 2026 con quello ... Rispetto al trimestre precedente, crescono anche le persone in cerca di lavoro (+3,4%, pari a +49mila unità), mentre diminuiscono gli inattivi ",https://eview.copyscape.com/compare/t839uqtnq1/12
45,2026-09-07T11:24:03.037519,OCCDISPROLUG2026,67862c6615025739a807cb1ea37ad285591a56fc9039c31c62e5e1eae9b60aba,https://www.agi.it/agiprima/lavoro-istat-a-luglio-occupati-stabili-su-anno-mila-agi:sur:38812827/,"Lavoro: Istat, a luglio occupati stabili, su anno +307mila - AGI",42,,,"... numero degli occupati rimane stabile e si associa alla diminuzione dei disoccupati e degli inattivi. Lo rileva l'Istat aggiungendo che la ... 307mila unità) interessa gli uomini, le donne, i 25-34enni e coloro che hanno almeno 50 anni; tra i 15-24enni e i 35-49enni, invece, gli ",https://eview.copyscape.com/compare/t839uqtnq1/13
46,2026-09-07T11:24:03.037519,OCCDISPROLUG2026,67862c6615025739a807cb1ea37ad285591a56fc9039c31c62e5e1eae9b60aba,https://www.insidertrend.it/breaking-news/lavoro-dati-istat-a-luglio-il-tasso-di-disoccupazione-cala-del-58-quello-di-occupazione-permane-invariato-al-632/,"LAVORO, dati istat. A luglio il tasso di disoccupazione cala del 5,8 ...",42,,,"... associa alla diminuzione dei disoccupati e degli inattivi. La ... donne è sostanzialmente stabile. Il tasso di inattività rimane invariato al 32,8 per cento.  Confrontando il trimestre da maggio a luglio ... unità), mentre diminuiscono gli inattivi nella fascia di età tra i quindici e sessantaquattro anni (meno  1,2%, pari a meno 144.000 unità). A ... compensata dal calo dei dipendenti a termine (2.486.000). La ",https://eview.copyscape.com/compare/t839uqtnq1/14
47,2026-09-07T11:24:03.037519,OCCDISPROLUG2026,67862c6615025739a807cb1ea37ad285591a56fc9039c31c62e5e1eae9b60aba,https://it.marketscreener.com/notizie/italia-disoccupazione-al-5-8-a-luglio-numero-occupati-e-stabile-ce7858dddf8cf324,"Italia, disoccupazione al 5,8% a luglio; numero occupati è stabile",36,,,"... 49enni; nelle altre classi d'età il numero di inattivi è in crescita e tra le ... donne è sostanzialmente stabile. Il tasso di inattività rimane invariato al 32,8%. A luglio,  la crescita del numero di occupati rispetto a ",https://eview.copyscape.com/compare/t839uqtnq1/15
48,2026-09-07T11:24:03.037519,OCCDISPROLUG2026,67862c6615025739a807cb1ea37ad285591a56fc9039c31c62e5e1eae9b60aba,https://formatresearch.com/2026/07/30/occupati-e-disoccupati-istat-giugno-2026-dati-provvisori/,Occupati e disoccupati | ISTAT - Giugno 2026 (dati provvisori),35,,,"... Rispetto al trimestre precedente, crescono anche le persone in cerca di lavoro (+0,8%, pari a +11mila  unità), mentre diminuiscono gli inattivi ... Rispetto a giugno 2025, diminuisce sia il numero di persone in cerca di lavoro (-3,6%, pari a -54mila  unità) sia quello degli inattivi tra i ",https://eview.copyscape.com/compare/t839uqtnq1/16
49,2026-09-07T11:24:03.037519,OCCDISPROLUG2026,67862c6615025739a807cb1ea37ad285591a56fc9039c31c62e5e1eae9b60aba,https://www.borsaitaliana.it/borsa/notizie/teleborsa/economia/mercato-lavoro-disoccupazione-in-calo-al-58-e-occupati-stabili-a-luglio-55_2026-09-01_TLB.html?lang=it,"Mercato lavoro, disoccupazione in calo al 5,8% e occupati stabili a ...",32,,,"... Su base annua il tasso di occupazione aumenta di 0,8 punti.  Confrontando il trimestre maggio-luglio 2026 con quello precedente (febbraio-aprile ... unità) sia quello degli inattivi tra i 15 e i 64 anni (-2,5%, pari a -307mila unità). (Teleborsa) 01-09-2026 11:43. Azioni · Azioni · Home · Cerca ",https://eview.copyscape.com/compare/t839uqtnq1/17
50,2026-09-07T11:24:03.037519,OCCDISPROLUG2026,67862c6615025739a807cb1ea37ad285591a56fc9039c31c62e5e1eae9b60aba,https://www.liberoquotidiano.it/news/politica/49010381/giorgia-meloni-2-giorni-record-storico-mazzata-schlein-conte-report/,"Giorgia Meloni, a 2 giorni dal record storico altra mazzata per ...",32,,,"... donne è sostanzialmente stabile. Il tasso di inattività rimane invariato al 32,8%. Giorgia Meloni, dove si trova ora con la figlia Ginevra ... L'Istat sottolinea poi che la crescita del numero di occupati rispetto a luglio 2025 (+1,3%, +307mila unità) interessa gli uomini, le donne ",https://eview.copyscape.com/compare/t839uqtnq1/18
51,2026-09-07T11:24:03.037519,OCCDISPROLUG2026,67862c6615025739a807cb1ea37ad285591a56fc9039c31c62e5e1eae9b60aba,https://www.milanofinanza.it/mfnewswires/lavoro-occupati-stabili-a-luglio-307-mila-su-anno-istat-202609011228011034,"Lavoro: occupati stabili a luglio, +307 mila su anno (Istat)",27,,,"... punti). La diminuzione degli inattivi tra i 15 e i 64 anni (-0,1%, pari a -17mila unità) riguarda soltanto gli uomini e i 35-49enni; nelle ",https://eview.copyscape.com/compare/t839uqtnq1/19
52,2026-09-07T11:24:03.037519,OCCDISPROLUG2026,67862c6615025739a807cb1ea37ad285591a56fc9039c31c62e5e1eae9b60aba,https://www.conquistedellavoro.it/economia/occupazione-stabile-ma-%C3%A8-allarme-giovani-1.3355601,"Occupazione stabile, ma è allarme giovani - Conquiste del Lavoro",22,,,"... Lo comunica l'Istat che sottolinea come rispetto all'anno precedente ci siano 131 mila occupati in più. Il tasso di occupazione è invariato al ... Il tasso di disoccupazione sale al 5,7% (+0,4 punti), quello giovanile al 18,4% (+1,5  punti). La diminuzione degli inattivi tra i 15 e i 64 ",https://eview.copyscape.com/compare/t839uqtnq1/20
53,2026-09-07T11:24:03.037519,OCCDISPROLUG2026,67862c6615025739a807cb1ea37ad285591a56fc9039c31c62e5e1eae9b60aba,https://www.monetaweb.it/lavoro-e-welfare/la-disoccupazione-scende-al-58-307-mila-occupati-in-piu-in-un-anno/,"Disoccupazione giù al 5,8%; 307 mila occupati in più in un anno",22,,,"... donne è sostanzialmente stabile. Il tasso di inattività rimane invariato al 32,8%. ... A luglio 2026, la crescita del numero di occupati ",https://eview.copyscape.com/compare/t839uqtnq1/21
54,2026-09-07T11:24:03.037519,OCCDISPROLUG2026,67862c6615025739a807cb1ea37ad285591a56fc9039c31c62e5e1eae9b60aba,https://www.italiacooperativa.it/Territorio/lavoro-a-gennaio-occupazione-in-calo-34mila-su-mese-362-mila-su-anno-1,"a gennaio occupazione in calo -34mila su mese, +362 mila su anno",21,,,"... Rispetto a gennaio 2023, calano sia il numero di persone in cerca di lavoro (-8,1%, pari a -162mila  unità) sia quello degli inattivi tra i 15 e i 64 anni ",https://eview.copyscape.com/compare/t839uqtnq1/22
55,2026-09-07T11:24:03.037519,OCCDISPROLUG2026,67862c6615025739a807cb1ea37ad285591a56fc9039c31c62e5e1eae9b60aba,https://www.italpress.com/a-luglio-la-disoccupazione-cala-al-58-stabile-il-numero-degli-occupati/,"A luglio la disoccupazione cala al 5,8%, stabile il numero degli ...",21,,,"... A luglio 2026, rileva l'Istat,  la crescita del numero di occupati rispetto a luglio 2025 (+1,3%, +307mila unità) interessa gli uomini, le ",https://eview.copyscape.com/compare/t839uqtnq1/23
56,2026-09-07T11:24:03.037519,OCCDISPROLUG2026,67862c6615025739a807cb1ea37ad285591a56fc9039c31c62e5e1eae9b60aba,https://www.agenzianova.com/news/a-luglio-occupazione-stabile-al-632-per-cento-la-disoccupazione-scende-al-58-per-cento/,"A luglio occupazione stabile al 63,2 per cento, la disoccupazione ...",20,,,"... unità), mentre diminuiscono gli inattivi di 15-64 anni (-1,2 per cento, pari a -144 mila  unità). A luglio 2026, la crescita del numero di ",https://eview.copyscape.com/compare/t839uqtnq1/24
57,2026-09-07T11:24:03.037519,OCCDISPROLUG2026,67862c6615025739a807cb1ea37ad285591a56fc9039c31c62e5e1eae9b60aba,https://tg24.sky.it/economia/2026/05/29/inflazione-maggio-istat,"Inflazione, aumento dei prezzi del 3,2% a maggio. I dati Istat",19,,,"... Il tasso di disoccupazione scende al 5,1% (-0,1  punti). La diminuzione degli inattivi tra i 15 e i 64 anni su marzo (-0,8%, pari a -102mila ",https://eview.copyscape.com/compare/t839uqtnq1/25
58,2026-09-07T11:24:03.037519,OCCDISPROLUG2026,67862c6615025739a807cb1ea37ad285591a56fc9039c31c62e5e1eae9b60aba,https://www.strettoweb.com/2026/05/lavoro-italia-da-record-ad-aprile-occupazione-ai-massimi-da-sempre-disoccupazione-al-minimo-storico-dati-istat/2093199/,"Lavoro, Italia da record: ad aprile occupazione ai massimi da ...",19,,,"... Il tasso di disoccupazione scende al 5,1% (-0,1  punti). La diminuzione degli inattivi tra i 15 e i 64 anni su marzo (-0,8%, pari a -102mila ",https://eview.copyscape.com/compare/t839uqtnq1/26
59,2026-09-07T11:24:03.037519,OCCDISPROLUG2026,67862c6615025739a807cb1ea37ad285591a56fc9039c31c62e5e1eae9b60aba,https://www.mondolavorosrl.it/occupati-disoccupati-a-giugno-2026-pubblicata-da-istat-la-nota-metodologica/,Occupati/disoccupati a giugno 2026: pubblicata da ISTAT la nota ...,18,,,"... Rispetto a giugno 2025, diminuisce sia il numero di persone in cerca di lavoro (-3,6%, pari a -54.000  unità) sia quello degli inattivi tra i ",https://eview.copyscape.com/compare/t839uqtnq1/27
60,2026-09-07T11:24:03.037519,OCCDISPROLUG2026,67862c6615025739a807cb1ea37ad285591a56fc9039c31c62e5e1eae9b60aba,https://www.nuovogiornalenazionale.com/istat-andamento-mercato-del-lavoro-a-luglio-2026-dati-provvisori/,"Istat, andamento mercato del lavoro a luglio 2026 - dati provvisori",18,,,... La stabilità degli occupati è sintesi dell'aumento tra gli uomini ... sintesi dell'aumento dei dipendenti permanenti (+303mila) e degli ,https://eview.copyscape.com/compare/t839uqtnq1/28
61,2026-09-07T11:24:03.037519,OCCDISPROLUG2026,67862c6615025739a807cb1ea37ad285591a56fc9039c31c62e5e1eae9b60aba,https://www.rainews.it/articoli/2023/08/istat-dopo-7-mesi-di-crescita-a-luglio-2023-cala-occupazione-531b39b0-6651-40cb-b6ba-c95862575cd7.html,"Istat, occupazione in calo dopo sette mesi di crescita: a luglio -0,3%",18,,,"... Il tasso di inattività è stabile al 33,5%.  Confrontando il trimestre maggio-luglio 2023  con quello precedente (febbraio-aprile 2023), si ... 2023), si registra un aumento del livello di occupazione ",https://eview.copyscape.com/compare/t839uqtnq1/29
62,2026-09-07T11:24:03.037519,OCCDISPROLUG2026,67862c6615025739a807cb1ea37ad285591a56fc9039c31c62e5e1eae9b60aba,https://www.borsaitaliana.it/borsa/notizie/radiocor/prima-pagina/dettaglio/lavoro-istat-a-luglio-tasso-di-disoccupazione-cala-al-58-rco-nRC_01092026_1045_294999049.html,"Lavoro: Istat, a luglio tasso di disoccupazione cala al 5,8% (RCO)",17,,,"... In particolare, spiega l'Istituto, su base mensile, il numero degli occupati rimane stabile e si associa alla diminuzione dei disoccupati e ",https://eview.copyscape.com/compare/t839uqtnq1/30
63,2026-09-07T11:24:03.037519,OCCDISPROLUG2026,67862c6615025739a807cb1ea37ad285591a56fc9039c31c62e5e1eae9b60aba,https://en.ilsole24ore.com/radiocor/nRC_01.09.2026_10.45_29410294,"Lavoro: Istat, a luglio tasso di disoccupazione cala al 5,8% (RCO)",17,,,"... In particolare, spiega l'Istituto, su base mensile, il numero degli occupati rimane stabile e si associa alla diminuzione dei disoccupati e ",https://eview.copyscape.com/compare/t839uqtnq1/31
64,2026-09-07T11:24:03.037519,OCCDISPROLUG2026,67862c6615025739a807cb1ea37ad285591a56fc9039c31c62e5e1eae9b60aba,https://www.teleborsa.it/News/2026/09/01/mercato-lavoro-disoccupazione-in-calo-al-5-8percent-e-occupati-stabili-a-luglio-55.html,"Mercato lavoro, disoccupazione in calo al 5,8% e occupati stabili a ...",17,,,"... degli occupati è sintesi dell'aumento tra gli uomini, i dipendenti ... sintesi dell'aumento dei dipendenti permanenti (+303mila) e ",https://eview.copyscape.com/compare/t839uqtnq1/32
65,2026-09-07T11:24:03.037519,OCCDISPROLUG2026,67862c6615025739a807cb1ea37ad285591a56fc9039c31c62e5e1eae9b60aba,https://www.dottrinalavoro.it/notizie-c/istat-occupati-e-disoccupati-giugno-2026,ISTAT: Occupati e Disoccupati – Giugno 2026 | Dottrina Per il Lavoro,17,,,"... Rispetto al trimestre precedente, crescono anche le persone in cerca di lavoro (+0,8%, pari a +11mila  unità), mentre diminuiscono gli inattivi ",https://eview.copyscape.com/compare/t839uqtnq1/33
66,2026-09-07T11:24:03.037519,OCCDISPROLUG2026,67862c6615025739a807cb1ea37ad285591a56fc9039c31c62e5e1eae9b60aba,https://www.ilmattino.it/schede/istat_dati_occupazione_disoccupazione_aprile_italia-8150300.html,"Istat, l'occupazione ad aprile sale al 62,3% - Il Mattino",16,,,"... Rispetto ad aprile 2023, calano sia il numero di persone in cerca di lavoro (-11,8%, pari a -236 mila  unità) sia quello degli inattivi tra i ",https://eview.copyscape.com/compare/t839uqtnq1/34
67,2026-09-07T11:24:03.037519,OCCDISPROLUG2026,67862c6615025739a807cb1ea37ad285591a56fc9039c31c62e5e1eae9b60aba,https://www.ilsole24ore.com/art/lavoro-istat-tasso-disoccupazione-sale-6percento-marzo-giovanile-19percento-AHtLy4Y,"Lavoro, Istat: tasso disoccupazione sale al 6% a marzo, giovanile al ...",15,,,"... Rispetto a marzo 2024, diminuisce sia il numero di persone in cerca di lavoro (-11,8%, pari a -208mila  unità) sia quello degli inattivi (-0 ",https://eview.copyscape.com/compare/t839uqtnq1/35
68,2026-09-07T11:24:03.037519,OCCDISPROLUG2026,67862c6615025739a807cb1ea37ad285591a56fc9039c31c62e5e1eae9b60aba,https://www.ilnordest.it/italia-ed-esteri/istat-occupati-stabili-a-giugno-97mila-disoccupati-mxqz8c7k,"Istat, occupati stabili a giugno, +97mila disoccupati - il Nord Est",15,,,"... Il tasso di disoccupazione sale al 5,7% (+0,4 punti), quello giovanile al 18,4% (+1,5  punti). La diminuzione degli inattivi tra i 15 e i 64 ",https://eview.copyscape.com/compare/t839uqtnq1/36
69,2026-09-07T11:24:03.037519,OCCDISPROLUG2026,67862c6615025739a807cb1ea37ad285591a56fc9039c31c62e5e1eae9b60aba,https://www.quotidiano.net/economia/ultimaora/istat-occupati-stabili-a-giugno-7e60a645,"Istat, occupati stabili a giugno, +97mila disoccupati",15,,,"... Il tasso di disoccupazione sale al 5,7% (+0,4 punti), quello giovanile al 18,4% (+1,5  punti). La diminuzione degli inattivi tra i 15 e i 64 ",https://eview.copyscape.com/compare/t839uqtnq1/37
70,2026-09-07T11:24:03.037519,OCCDISPROLUG2026,67862c6615025739a807cb1ea37ad285591a56fc9039c31c62e5e1eae9b60aba,https://www.today.it/economia/economia-italiana-cresce-piu-del-previsto-2026.html,L'economia italiana è cresciuta più del previsto nel secondo ... - Today,15,,,"... Il tasso di disoccupazione sale al 5,7% (+0,4 punti), quello giovanile al 18,4% (+1,5  punti). La diminuzione degli inattivi tra i 15 e i 64 ",https://eview.copyscape.com/compare/t839uqtnq1/38
71,2026-09-07T11:24:03.037519,OCCDISPROLUG2026,67862c6615025739a807cb1ea37ad285591a56fc9039c31c62e5e1eae9b60aba,https://www.ilgiornale.it/news/interni/lavoro-record-di-occupati-13-milioni-in-4-anni-i-dati-istat/,"Lavoro, record di occupati: +1,3 milioni in 4 anni. I dati Istat - il Giornale",15,,,"... tasso di inattività rimane invariato al 32,8%. Il tasso di disoccupazione, invece,  scende al 5,8% (-0,1 punti), mentre quello giovanile sale ",https://eview.copyscape.com/compare/t839uqtnq1/39
72,2026-09-07T11:24:08.175873,PRECONPROAGO2026,8d11fceadbbabc2285bab0d8dd52b7f2bdcec2696bee7d9462a2f95e836f90ae,https://www.provincia.treviso.it/it/news/34396-01-settembre-2026-istat-inflazione-in-italia-3-3-nel-mese-di-agosto-2026-provvisorio,"Inflazione - in Italia +3,3% nel mese di agosto 2026 (provvisorio)",158,,,"... Testo integrale e nota metodologica. Filtra le Notizie (J).... L'aumento dell'inflazione riflette principalmente l'andamento dei prezzi degli Energetici, sia non regolamentati (da +11,4% a +16,9%) sia ... dei Servizi relativi ai trasporti (da +1,6% a +0,9%). Nel mese di agosto l'“inflazione ... di fondo”, calcolata al netto degli energetici e degli alimentari freschi, rallenta lievemente (da +1,6% a ... netto dei soli beni energetici (da +1,8% a +1,7%). Nel settore dei beni, i prezzi evidenziano ... un'accelerazione del loro ritmo di crescita (da +3,2% a +4,1%) a cui si contrappone il ... rallentamento di quelli dei servizi (da +2,7% a +2,4%). Si amplia il differenziale tra il comparto dei ... servizi e quello dei beni, che passa da -0,5 a -1,7 punti percentuali. Il tasso di variazione ... alta frequenza d'acquisto aumenta (da +3,4% a +4,3%). La variazione ... congiunturale dell'indice generale riflette soprattutto l'aumento dei prezzi degli Energetici regolamentati (+3,2%) e non ",https://eview.copyscape.com/compare/nve8eb8xl6/1
73,2026-09-07T11:24:08.175873,PRECONPROAGO2026,8d11fceadbbabc2285bab0d8dd52b7f2bdcec2696bee7d9462a2f95e836f90ae,https://www.ilsole24ore.com/radiocor/nRC_01.09.2026_11.15_323,"Inflazione: Istat stima +0,5% ad agosto, accelera al +3,3% su anno -2",136,,,"... della persona si mantiene stabile (a +1%), ... mentre quello dei prodotti ad alta frequenza d'acquisto aumenta (da +3,4% a +4,3%). Su base ... dei Servizi relativi ai trasporti (+1,4%), degli Alimentari lavorati ... L'inflazione acquisita per il 2026 e'  pari a +2,9% (Il Sole 24 Ore Radiocor) - Roma, 01 set - Il tasso di variazione tendenziale dei prezzi dei... In base alle stime preliminari, l'indice armonizzato dei prezzi al consumo (Ipca) registra una variazione pari a +0,1% su base mensile, a ... Ad agosto 2026 l'inflazione - commenta Istat -  sale a +3,3% (da +2,9% di luglio), sostenuta dall'andamento dei prezzi dei beni energetici ... tensioni internazionali. Nel settore alimentare la dinamica dei prezzi continua ad essere moderata (stabile a +1,1%), esercitando un freno ... quella dei servizi ricreativi, culturali, e per la cura della ... Il cosiddetto 'carrello della spesa' rimane stabile (a +1%), ... mentre l'inflazione di fondo scende lievemente (da +1,6% a +1,5%). L'inflazione ",https://eview.copyscape.com/compare/nve8eb8xl6/2
74,2026-09-07T11:24:08.175873,PRECONPROAGO2026,8d11fceadbbabc2285bab0d8dd52b7f2bdcec2696bee7d9462a2f95e836f90ae,https://formatresearch.com/2026/09/01/inflazione-al-33-istat-prezzi-al-consumo/,"Inflazione al 3,3% | Istat PREZZI AL CONSUMO - Format Research",133,,,"... L'aumento dell'inflazione riflette principalmente l'andamento dei ... prezzi degli Energetici, sia non regolamentati (da +11,4% a +16 ... degli alimentari freschi, rallenta lievemente (da +1,6% a +1,5 ... Nel settore dei beni, i prezzi evidenziano un'accelerazione del loro ritmo di crescita (da +3,2% a +4,1%) a cui si contrappone il ... rallentamento di quelli dei servizi (da +2,7% a +2,4%). Si amplia il differenziale tra il comparto dei ... servizi e quello dei beni, che passa da -0,5 a -1,7 punti percentuali. Il tasso di variazione ... La variazione congiunturale dell'indice generale riflette soprattutto l'aumento dei prezzi degli Energetici regolamentati (+3,2%) e non ... luglio), sostenuta dall'andamento dei prezzi dei beni energetici ... tensioni internazionali. Nel settore alimentare la dinamica dei ... Il cosiddetto “carrello della spesa” rimane stabile (a +1,0 ",https://eview.copyscape.com/compare/nve8eb8xl6/3
75,2026-09-07T11:24:08.175873,PRECONPROAGO2026,8d11fceadbbabc2285bab0d8dd52b7f2bdcec2696bee7d9462a2f95e836f90ae,https://www.aduc.it/notizia/inflazione+crescita+agosto+istat_143448.php,Inflazione in crescita ad agosto. Istat - ADUC,115,,,"... L'aumento dell'inflazione riflette principalmente l'andamento dei ... prezzi degli Energetici, sia non regolamentati (da +11,4% a +16 ... degli alimentari freschi, rallenta lievemente (da +1,6% a +1,5 ... netto dei soli beni energetici (da +1,8% a +1,7%). Nel settore dei beni, i prezzi evidenziano ... un'accelerazione del loro ritmo di crescita (da +3,2% a +4,1%) a cui si contrappone il ... rallentamento di quelli dei servizi (da +2,7% a +2,4%). Si amplia il differenziale tra il comparto dei servizi e quello dei beni, che passa ... luglio), sostenuta dall'andamento dei prezzi dei beni energetici ... tensioni internazionali. Nel settore alimentare la dinamica dei ... Il cosiddetto “carrello della spesa” rimane stabile (a +1,0 ",https://eview.copyscape.com/compare/nve8eb8xl6/4
76,2026-09-07T11:24:08.175873,PRECONPROAGO2026,8d11fceadbbabc2285bab0d8dd52b7f2bdcec2696bee7d9462a2f95e836f90ae,https://www.conquistedellavoro.it/attualit%C3%A0/i-prezzi-dell-energia-spingono-l-inflazione-ad-agosto-sale-al-3-3-1.3355904,"I prezzi dell'energia spingono l'inflazione: ad agosto sale al +3,3%",95,,,"... L'aumento dell'inflazione riflette principalmente l'andamento ... Nel mese di agosto l''inflazione di fondo', calcolata al netto degli energetici e degli alimentari freschi, rallenta lievemente (da +1,6% a ... Nel settore dei beni, i prezzi evidenziano un'accelerazione del loro ritmo di crescita (da +3,2% a +4,1%) a cui si contrappone il ... rallentamento di quelli dei servizi (da +2,7% a +2,4%). Si amplia il differenziale tra il ... comparto dei servizi e quello dei beni, che passa da -0,5 a -1,7 punti percentuali. La variazione ... luglio), sostenuta dall'andamento dei prezzi dei beni energetici (da ",https://eview.copyscape.com/compare/nve8eb8xl6/5
77,2026-09-07T11:24:08.175873,PRECONPROAGO2026,8d11fceadbbabc2285bab0d8dd52b7f2bdcec2696bee7d9462a2f95e836f90ae,https://www.borsaitaliana.it/borsa/notizie/radiocor/economia/dettaglio/inflazione-istat-stima-02-a-luglio-28-su-anno-2-nRC_31072026_1114_291654660.html,"Inflazione: Istat stima +0,2% a luglio, +2,8% su anno -2 - Borsa Italiana",75,,,"... dei Servizi relativi ai trasporti (da +1,1% a +1,6%).  Nel mese di luglio l'inflazione di fondo,  al netto degli energetici e degli alimentari ... Il tasso di variazione tendenziale dei prezzi dei Beni alimentari, per la cura della casa e della persona si mantiene a +1,3%, mentre quello ... dei prezzi degli Energetici regolamentati (+6,6%),  dei Servizi relativi ai trasporti (+1,4%), degli Alimentari lavorati (+0,7%) e dei ... In base alle stime preliminari, l'indice armonizzato dei prezzi al consumo (Ipca) registra una variazione pari a -... 1% su base mensile, a ",https://eview.copyscape.com/compare/nve8eb8xl6/6
78,2026-09-07T11:24:08.175873,PRECONPROAGO2026,8d11fceadbbabc2285bab0d8dd52b7f2bdcec2696bee7d9462a2f95e836f90ae,https://comunicazioneitaliana.it/news/eb536436e00a911bbda860d7992c1525,"Inflazione accelera, a marzo prezzi +1,7% - Comunicazione Italiana",66,,,"... prezzi dei Servizi ricreativi, culturali e per la cura della persona (da +4,9% a +3,0%),  dei Servizi relativi ai trasporti (da +2,8% a +2,4%) e dei Servizi ... Il tasso di variazione tendenziale dei prezzi dei Beni alimentari, per la cura della casa e della persona evidenzia una moderata accelerazione (da +2,0% a +2,2 ... La variazione congiunturale dell'indice generale risente principalmente dell'aumento  dei prezzi degli Energetici, regolamentati (+8,9%) e non (+4,6%), dei ... In base alle stime preliminari, l'indice armonizzato dei prezzi al consumo (Ipca) registra una variazione pari a +1,6%  su base mensile, per la fine dei ",https://eview.copyscape.com/compare/nve8eb8xl6/7
79,2026-09-07T11:24:08.175873,PRECONPROAGO2026,8d11fceadbbabc2285bab0d8dd52b7f2bdcec2696bee7d9462a2f95e836f90ae,https://www.ore12.net/inflazione-istat-accelera-a-33-su-anno-ad-agosto-con-boom-prezzi-energia/,"Istat, accelera a +3,3% su anno ad agosto con boom prezzi energia",58,,,"... Nel settore dei beni, i prezzi evidenziano un'accelerazione del loro ritmo di crescita (da +3,2% a +4,1%) a cui si contrappone il ... rallentamento di quelli dei servizi (da +2,7% a +2,4%). Si amplia il differenziale tra il ... comparto dei servizi e quello dei beni, che passa da -0,5 a -1,7 punti percentuali. La variazione ",https://eview.copyscape.com/compare/nve8eb8xl6/8
80,2026-09-07T11:24:08.175873,PRECONPROAGO2026,8d11fceadbbabc2285bab0d8dd52b7f2bdcec2696bee7d9462a2f95e836f90ae,https://www.adnkronos.com/economia/inflazione-agosto-2026-dati-istat-carrello-spesa_3XFgRBiAKEO7MEqsJTUBaX,"Inflazione, stangata ad agosto: +3,3%. Spingono i prezzi dell'energia",50,,,"... Nel settore dei beni, i prezzi evidenziano un'accelerazione del loro ritmo di crescita (da +3,2% a +4,1%) a cui si contrappone il ... rallentamento di quelli dei servizi (da +2,7% a +2,4%). Si amplia il differenziale tra il comparto dei servizi e quello dei beni, che passa ",https://eview.copyscape.com/compare/nve8eb8xl6/9
81,2026-09-07T11:24:08.175873,PRECONPROAGO2026,8d11fceadbbabc2285bab0d8dd52b7f2bdcec2696bee7d9462a2f95e836f90ae,https://www.milanofinanza.it/mfnewswires/top-news-italia-ad-agosto-inflazione-balza-al-3-3-202609011532071112,"TOP NEWS ITALIA: ad agosto inflazione balza al 3,3%",47,,,"... Nel settore dei beni, i prezzi evidenziano un'accelerazione del loro ritmo di crescita (da +3,2% a +4,1%) a cui si contrappone il ... Si amplia il differenziale tra il comparto dei servizi e quello dei beni, che passa da -0,5 a -1,7 punti percentuali. CARRELLO DELLA SPESA ",https://eview.copyscape.com/compare/nve8eb8xl6/10
82,2026-09-07T11:24:08.175873,PRECONPROAGO2026,8d11fceadbbabc2285bab0d8dd52b7f2bdcec2696bee7d9462a2f95e836f90ae,https://en.ilsole24ore.com/radiocor/nRC_31.07.2026_11.14_291,"Inflazione: Istat stima +0,2% a luglio, +2,8% su anno - Il Sole 24 ORE",42,,,"... Il tasso di variazione tendenziale dei prezzi dei Beni alimentari, per la cura della casa e della persona si mantiene a +1,3%, mentre quello ... In base alle stime preliminari, l'indice armonizzato dei prezzi al consumo (Ipca) registra una variazione pari a -... 1% su base mensile, a ",https://eview.copyscape.com/compare/nve8eb8xl6/11
83,2026-09-07T11:24:08.175873,PRECONPROAGO2026,8d11fceadbbabc2285bab0d8dd52b7f2bdcec2696bee7d9462a2f95e836f90ae,https://adnverify.adnkronos.com/887b679d64a26f8b254fa3245a2cda4807cf5473ff9f5bff73f640ab0c6a6023/,"Inflazione, stangata ad agosto: +3,3%. Spingono i prezzi dell'energia",40,,,"... della persona si mantiene stabile a +1,0%, mentre quello dei prodotti ad alta frequenza d'acquisto aumenta da +3,4% a +4,3%. Sono i dati ... La variazione congiunturale dell'indice generale riflette soprattutto l'aumento dei prezzi degli energetici regolamentati (+3,2%) e non ",https://eview.copyscape.com/compare/nve8eb8xl6/12
84,2026-09-07T11:24:08.175873,PRECONPROAGO2026,8d11fceadbbabc2285bab0d8dd52b7f2bdcec2696bee7d9462a2f95e836f90ae,https://www.agi.it/agiprima/il-punto-inflazione-eurozona-al-top-da-anni-pesa-energia-agi:sur:38816863/,"IL PUNTO = Inflazione Eurozona al top da 3 anni, pesa energia - AGI",37,,,"... Balzo dell'inflazione anche in Italia: ad agosto sale a +3,3% (da +2,9% di luglio), sostenuta dall'andamento dei prezzi dei beni ... cosiddetto “carrello della spesa” rimane stabile (a +1,0%), mentre l'inflazione di fondo scende lievemente (da +1,6% a +1,5%). L'inflazione ",https://eview.copyscape.com/compare/nve8eb8xl6/13
85,2026-09-07T11:24:08.175873,PRECONPROAGO2026,8d11fceadbbabc2285bab0d8dd52b7f2bdcec2696bee7d9462a2f95e836f90ae,https://www.borsaitaliana.it/borsa/notizie/radiocor/economia/dettaglio/inflazione-istat-stima-05-ad-agosto-accelera-al-33-su-anno-2-nRC_01092026_1115_323196840.html,"Inflazione: Istat stima +0,5% ad agosto, accelera al +3,3% su anno -2",37,,,"... della persona si mantiene stabile (a +1%), ... mentre quello dei prodotti ad alta frequenza d'acquisto aumenta (da +3,4% a +4,3%). Su base ... mensile la variazione dell'indice generale riflette soprattutto l'aumento dei ... L'inflazione acquisita per il 2026 e'  pari a +2,9% (Il Sole 24 Ore Radiocor) - Roma, 01 set - Il tasso di variazione tendenziale dei prezzi dei ",https://eview.copyscape.com/compare/nve8eb8xl6/14
86,2026-09-07T11:24:08.175873,PRECONPROAGO2026,8d11fceadbbabc2285bab0d8dd52b7f2bdcec2696bee7d9462a2f95e836f90ae,https://www.borsaitaliana.it/borsa/notizie/radiocor/economia/dettaglio/inflazione-istat-stima-05-ad-agosto-accelera-al-33-su-anno-rco-nRC_01092026_1110_319171241.html,"Inflazione: Istat stima +0,5% ad agosto, accelera al +3,3% su anno ...",36,,,"... L'aumento dell'inflazione, spiega la nota, riflette principalmente l'andamento dei prezzi degli Energetici, sia non regolamentati (da +11,4 ... Nel mese di agosto l''inflazione di fondo', calcolata al netto degli energetici e degli alimentari freschi, rallenta lievemente (da +1,6% a ",https://eview.copyscape.com/compare/nve8eb8xl6/15
87,2026-09-07T11:24:08.175873,PRECONPROAGO2026,8d11fceadbbabc2285bab0d8dd52b7f2bdcec2696bee7d9462a2f95e836f90ae,https://www.ilsole24ore.com/radiocor/nRC_29.05.2026_11.23_287,"Inflazione: Istat stima +0,4% a maggio, +3,2% su anno - Il Sole 24 ORE",31,,,"... La variazione congiunturale dell'indice generale riflette soprattutto l'aumento dei prezzi dei Servizi ricreativi, culturali e per la cura ... In base alle stime preliminari, l'indice armonizzato dei prezzi al consumo (Ipca) registra una variazione pari a +0,4%  su base mensile e a ",https://eview.copyscape.com/compare/nve8eb8xl6/16
88,2026-09-07T11:24:08.175873,PRECONPROAGO2026,8d11fceadbbabc2285bab0d8dd52b7f2bdcec2696bee7d9462a2f95e836f90ae,https://www.trevisobellunosystem.com/news/istat-agosto-2026-prezzi-al-consumo-dati-provvisori/,ISTAT – Agosto 2026 Prezzi al consumo Dati provvisori,29,,,"... Si amplia il differenziale tra il comparto dei servizi e quello dei beni, che passa da -0,5 a -1,7 punti percentuali. Il tasso di variazione tendenziale dei ",https://eview.copyscape.com/compare/nve8eb8xl6/17
89,2026-09-07T11:24:08.175873,PRECONPROAGO2026,8d11fceadbbabc2285bab0d8dd52b7f2bdcec2696bee7d9462a2f95e836f90ae,https://www.ilsole24ore.com/radiocor/nRC_16.06.2026_10.14_226,"Inflazione: Istat conferma, +0,4% a maggio, +3,2% su anno -2",28,,,"... Il tasso di variazione tendenziale dei prezzi dei Beni alimentari, per la cura della casa e della persona scende a +1,9% (da +2,3 ... La variazione congiunturale dell'indice generale riflette soprattutto l'aumento dei prezzi dei Servizi ricreativi, culturali e per la cura ",https://eview.copyscape.com/compare/nve8eb8xl6/18
90,2026-09-07T11:24:08.175873,PRECONPROAGO2026,8d11fceadbbabc2285bab0d8dd52b7f2bdcec2696bee7d9462a2f95e836f90ae,https://teleborsa.ansa.it/notiziario/economia/inflazione-in-accelerazione-al-33-ad-agosto-con-impennata-prezzi-energia/,"Inflazione in accelerazione al 3,3% ad agosto con impennata prezzi ...",27,,,"... Si amplia il differenziale tra il comparto dei servizi e quello dei beni, che passa da -0,5 a -1,7 punti percentuali. Il tasso di variazione ",https://eview.copyscape.com/compare/nve8eb8xl6/19
91,2026-09-07T11:24:08.175873,PRECONPROAGO2026,8d11fceadbbabc2285bab0d8dd52b7f2bdcec2696bee7d9462a2f95e836f90ae,https://www.confcommerciovicenza.info/notizie-flash/ad-agosto-sale-l-inflazione-0-5-su-base-mensile-3-3-su-base-annua,"AD AGOSTO SALE L'INFLAZIONE: + 0,5% SU BASE MENSILE, + 3 ...",26,,,"... degli alimentari freschi, rallenta lievemente (da +1,6% a +1,5%) così come quella al netto dei soli beni energetici (da +1,8% a +1,7%). I ",https://eview.copyscape.com/compare/nve8eb8xl6/20
92,2026-09-07T11:24:08.175873,PRECONPROAGO2026,8d11fceadbbabc2285bab0d8dd52b7f2bdcec2696bee7d9462a2f95e836f90ae,https://www.lametasociale.it/2026/09/01/bollino-rosso/,BOLLINO ROSSO - Metasociale,24,,,"... Mentre, nel settore dei beni, i prezzi evidenziano un'accelerazione del loro ritmo di crescita (da +3,2% a +4,1%) a cui si contrappone il ",https://eview.copyscape.com/compare/nve8eb8xl6/21
93,2026-09-07T11:24:08.175873,PRECONPROAGO2026,8d11fceadbbabc2285bab0d8dd52b7f2bdcec2696bee7d9462a2f95e836f90ae,https://www.aranagenzia.it/download/prezzi-al-consumo-luglio-2022/,Prezzi al consumo – luglio 2022 | Aran Agenzia,23,,,"... prezzi dei Servizi ricreativi, culturali e per la cura della persona (da +5,0% a +4,6%); dall'altra parte, accelerano i prezzi dei Beni alimentari lavorati ... L'aumento congiunturale dell'indice generale è dovuto prevalentemente ai prezzi  dei Servizi relativi ai trasporti (+2,7%) e  degli Alimentari lavorati (+1,4%) ed ",https://eview.copyscape.com/compare/nve8eb8xl6/22
94,2026-09-07T11:24:08.175873,PRECONPROAGO2026,8d11fceadbbabc2285bab0d8dd52b7f2bdcec2696bee7d9462a2f95e836f90ae,https://www.salernonotizie.it/2026/09/04/linflazione-e-salita-al-33-ad-agosto-con-limpennata-dei-prezzi-energia/,"L'Inflazione? È salita al 3,3% ad agosto con l'impennata dei prezzi ...",23,,,"... Va detto che “nel settore dei beni, i prezzi evidenziano un'accelerazione del loro ritmo di crescita (da +3,2% a +4,1%) a cui si contrappone ",https://eview.copyscape.com/compare/nve8eb8xl6/23
95,2026-09-07T11:24:08.175873,PRECONPROAGO2026,8d11fceadbbabc2285bab0d8dd52b7f2bdcec2696bee7d9462a2f95e836f90ae,https://www.ilnordest.it/italia-ed-esteri/istat-prezzi-energia-spingono-linflazione-ad-agosto-sale-al-3-3-nvis9thb,"Istat, prezzi energia spingono l'inflazione, ad agosto sale al +3,3%",23,,,"... della persona) si mantiene stabile (a +1,0%), mentre quello dei prodotti ad alta frequenza d'acquisto aumenta (da +3,4% a +4,3%). L ",https://eview.copyscape.com/compare/nve8eb8xl6/24
96,2026-09-07T11:24:08.175873,PRECONPROAGO2026,8d11fceadbbabc2285bab0d8dd52b7f2bdcec2696bee7d9462a2f95e836f90ae,https://www.aranagenzia.it/download/prezzi-al-consumo-ottobre-2024/,Prezzi al consumo – ottobre 2024 | Aran Agenzia,22,,,"... prezzi dei Servizi ricreativi, culturali e per la cura della persona (da +4,0% a +3,6%).  Nel mese di ottobre  l'“inflazione di fondo”, ... al netto degli ",https://eview.copyscape.com/compare/nve8eb8xl6/25
97,2026-09-07T11:24:08.175873,PRECONPROAGO2026,8d11fceadbbabc2285bab0d8dd52b7f2bdcec2696bee7d9462a2f95e836f90ae,https://www.oglioponews.it/2026/09/01/ad-agosto-linflazione-sale-al-33-pesano-i-rincari-energetici/,"Ad agosto l'inflazione sale al 3,3%, pesano i rincari energetici",21,,,"... Si amplia così il differenziale tra il comparto dei servizi e quello dei beni, che passa da -0,5 a -1,7 punti percentuali. Stabile all'1% il ",https://eview.copyscape.com/compare/nve8eb8xl6/26
98,2026-09-07T11:24:08.175873,PRECONPROAGO2026,8d11fceadbbabc2285bab0d8dd52b7f2bdcec2696bee7d9462a2f95e836f90ae,https://teleborsa.ansa.it/notiziario/economia/italia-inflazione-luglio-rivista-al-rialzo-al-29-su-anno/,"Italia, inflazione luglio rivista al rialzo al +2,9% su anno - Teleborsa",21,,,"... Il tasso di variazione tendenziale dei prezzi dei Beni alimentari, per la cura della casa e della persona scende (da +1,3%  a +1,0%), come ",https://eview.copyscape.com/compare/nve8eb8xl6/27
99,2026-09-07T11:24:08.175873,PRECONPROAGO2026,8d11fceadbbabc2285bab0d8dd52b7f2bdcec2696bee7d9462a2f95e836f90ae,https://www.civonline.it/news/italia-e-mondo/1315846/inflazione-istat-a-settembre-0-2-+1-6-su-anno.html,"*Inflazione: Istat, a settembre -0,2%, +1,6% su anno** - Civonline",20,,,"... In base alle stime preliminari, l'indice armonizzato dei prezzi al consumo (Ipca) registra una variazione pari a +1,3%  su base mensile, per ",https://eview.copyscape.com/compare/nve8eb8xl6/28
100,2026-09-07T11:24:08.175873,PRECONPROAGO2026,8d11fceadbbabc2285bab0d8dd52b7f2bdcec2696bee7d9462a2f95e836f90ae,https://www.aranagenzia.it/download/prezzi-al-consumo-maggio-2020/,Prezzi al consumo – maggio 2020 | Aran Agenzia,19,,,"... L'“inflazione di fondo”, ... al netto degli energetici e degli alimentari freschi, e  quella al netto dei soli beni energetici rimangono stabili rispettivamente ",https://eview.copyscape.com/compare/nve8eb8xl6/29
101,2026-09-07T11:24:08.175873,PRECONPROAGO2026,8d11fceadbbabc2285bab0d8dd52b7f2bdcec2696bee7d9462a2f95e836f90ae,https://www.aranagenzia.it/download/prezzi-al-consumo-maggio-2022/,Prezzi al consumo – maggio 2022 | Aran Agenzia,19,,,"... Pertanto, l'“inflazione di fondo”, ... al netto degli energetici e degli alimentari freschi, accelera da +2,4% a +3,2% e  quella al netto dei soli beni energetici ",https://eview.copyscape.com/compare/nve8eb8xl6/30
102,2026-09-07T11:24:08.175873,PRECONPROAGO2026,8d11fceadbbabc2285bab0d8dd52b7f2bdcec2696bee7d9462a2f95e836f90ae,https://www.aranagenzia.it/download/prezzi-al-consumo-gennaio-2020/,Prezzi al consumo – gennaio 2020 | Aran Agenzia,19,,,"... L'“inflazione di fondo”, ... al netto degli energetici e degli alimentari freschi, e  quella al netto dei soli beni energetici si portano entrambe a +0,8 ",https://eview.copyscape.com/compare/nve8eb8xl6/31
103,2026-09-07T11:24:08.175873,PRECONPROAGO2026,8d11fceadbbabc2285bab0d8dd52b7f2bdcec2696bee7d9462a2f95e836f90ae,https://lapostadelsindaco.it/servizi-pubblica-amministrazione/41171/prezzi-al-consumo-dati-provvisori---dicembre-2024,Prezzi al consumo (dati provvisori) - Dicembre 2024,19,,,"... In base alle stime preliminari, l'indice armonizzato dei prezzi al consumo (IPCA) registra una variazione su base mensile  pari a +0,1% e una del +1,4% su ",https://eview.copyscape.com/compare/nve8eb8xl6/32
104,2026-09-07T11:24:08.175873,PRECONPROAGO2026,8d11fceadbbabc2285bab0d8dd52b7f2bdcec2696bee7d9462a2f95e836f90ae,https://www.aranagenzia.it/download/prezzi-al-consumo-ottobre-2023/,Prezzi al consumo – ottobre 2023 | Aran Agenzia,18,,,"... La consistente decelerazione del tasso di inflazione si deve prevalentemente al forte rallentamento su base tendenziale dei prezzi degli energetici, sia non ... netto dei soli beni energetici (da +4,8%, registrato a settembre, a +4,2%). L'inflazione acquisita per il 2023  è pari a +5,7%  per l'indice generale e a +5,1 ",https://eview.copyscape.com/compare/nve8eb8xl6/33
105,2026-09-07T11:24:08.175873,PRECONPROAGO2026,8d11fceadbbabc2285bab0d8dd52b7f2bdcec2696bee7d9462a2f95e836f90ae,https://www.aranagenzia.it/download/prezzi-al-consumo-maggio-2026/,Prezzi al consumo - maggio 2026 | Aran Agenzia,18,,,"... Il tasso di variazione tendenziale dei prezzi dei Beni alimentari, per la cura della casa e della persona scende a +1,9% (da +2,3% registrato ad aprile) ",https://eview.copyscape.com/compare/nve8eb8xl6/34
106,2026-09-07T11:24:08.175873,PRECONPROAGO2026,8d11fceadbbabc2285bab0d8dd52b7f2bdcec2696bee7d9462a2f95e836f90ae,https://www.rivaluta.it/inflazione-stabile-in-italia-a-giugno-2024/,"Inflazione stabile in Italia a Giugno 2024: +0,8% - Rivaluta.it",18,,,"... In base alle stime preliminari, l'indice armonizzato dei prezzi al consumo (IPCA) aumenta di 0,2%  su base mensile e dello 0,9%  su base annua ",https://eview.copyscape.com/compare/nve8eb8xl6/35
107,2026-09-07T11:24:08.175873,PRECONPROAGO2026,8d11fceadbbabc2285bab0d8dd52b7f2bdcec2696bee7d9462a2f95e836f90ae,https://www.aranagenzia.it/download/prezzi-al-consumo-aprile-2022/,Prezzi al consumo – aprile 2022 | Aran Agenzia,17,,,"... Decelerano anche i prezzi dei servizi ricreativi, culturali e per la cura della persona (da +3,3% a +2,4%). Accelerano invece i prezzi  dei servizi relativi ",https://eview.copyscape.com/compare/nve8eb8xl6/36
108,2026-09-07T11:24:13.494516,PRECONPROLUG2026,58ad50152255e17f721af3de8710f32291300deeccf656bcd048a0ceb6a2250e,https://www.borsaitaliana.it/borsa/notizie/radiocor/economia/dettaglio/inflazione-istat-stima-02-a-luglio-28-su-anno-2-nRC_31072026_1114_291654660.html,"Inflazione: Istat stima +0,2% a luglio, +2,8% su anno -2 - Borsa Italiana",178,,,"... dinamica dei prezzi degli Alimentari non lavorati (da +4,4% a +3,8%), degli Energetici non regolamentati (da +13,3% a +10,6%) e dei Servizi ... dei Servizi relativi ai trasporti (da +1,1% a +1,6%). Nel mese di luglio l'inflazione  di fondo, al netto degli energetici e degli alimentari freschi, resta stabile a +1,6%, mentre quella al ... dei soli beni energetici rallenta da +1,9% a +1,8%. I prezzi dei beni decelerano (da +3,3% ... a +3,1%), mentre la dinamica di quelli dei servizi resta stabile (+2,6%). Il differenziale tra il ... Il tasso di variazione tendenziale dei prezzi dei Beni alimentari, per la cura della casa e della persona si mantiene a +1,3%, mentre quello ... alta frequenza d'acquisto si riduce (da +3,9% a +3,6%). La variazione congiunturale ... dell'indice generale riflette l'aumento dei prezzi degli Energetici regolamentati (+6,6%), dei Servizi ... relativi ai trasporti (+1,4%), degli Alimentari lavorati (+0,7%) e dei ... parzialmente compensati dalla diminuzione degli Alimentari non lavorati (-1,1%) e degli Energetici non regolamentati (-0,3%). L'inflazione ",https://eview.copyscape.com/compare/hathbm2uh0/1
109,2026-09-07T11:24:13.494516,PRECONPROLUG2026,58ad50152255e17f721af3de8710f32291300deeccf656bcd048a0ceb6a2250e,https://en.ilsole24ore.com/radiocor/nRC_31.07.2026_11.14_291,"Inflazione: Istat stima +0,2% a luglio, +2,8% su anno - Il Sole 24 ORE",155,,,"... prezzi degli Alimentari lavorati (da -0,2% a +0,2%), degli Energetici regolamentati (da +9,2% a +14,9%) e dei Servizi relativi ai trasporti ... Nel mese di luglio l'inflazione  di fondo, al netto degli energetici e degli alimentari freschi, resta stabile a +1,6%, mentre quella al ... dei soli beni energetici rallenta da +1,9% a +1,8%. I prezzi dei beni decelerano (da +3,3% ... a +3,1%), mentre la dinamica di quelli dei servizi resta stabile (+2,6%). Il differenziale tra il ... Il tasso di variazione tendenziale dei prezzi dei Beni alimentari, per la cura della casa e della persona si mantiene a +1,3%, mentre quello ... alta frequenza d'acquisto si riduce (da +3,9% a +3,6%). La variazione congiunturale ... dell'indice generale riflette l'aumento dei prezzi degli Energetici regolamentati (+6,6%), dei Servizi relativi ... parzialmente compensati dalla diminuzione degli Alimentari non lavorati (-1,1%) e degli Energetici non regolamentati (-0,3%). L'inflazione ",https://eview.copyscape.com/compare/hathbm2uh0/2
110,2026-09-07T11:24:13.494516,PRECONPROLUG2026,58ad50152255e17f721af3de8710f32291300deeccf656bcd048a0ceb6a2250e,https://www.ilsole24ore.com/radiocor/nRC_12.08.2026_10.20_203,"Inflazione: Istat, in luglio +0,3% mensile, +2,9% annuo - Il Sole 24 ORE",74,,,"... degli alimentari freschi, resta stabile a +1,6%, mentre quella al netto dei soli beni energetici rallenta ... da +1,9% a +1,8%. I prezzi dei beni decelerano (da +3,3% a +3,2%),  mentre la dinamica di quelli dei ... L'indice armonizzato dei prezzi al consumo (Ipca) registra una variazione pari a -1% ... su base mensile, a causa dei saldi estivi di cui il Nic ... L'istituto nazionale di statistica nel commento sottolinea come i prezzi dei beni che compongono il 'carrello della spesa' siano in ",https://eview.copyscape.com/compare/hathbm2uh0/3
111,2026-09-07T11:24:13.494516,PRECONPROLUG2026,58ad50152255e17f721af3de8710f32291300deeccf656bcd048a0ceb6a2250e,https://www.myfruit.it/news/inflazione-a-luglio-rallenta-frutta-in-calo-su-base-annua,"Inflazione, a luglio rallenta: frutta in calo su base annua - Myfruit",62,,,"... L'Istat riassume così il quadro: ""A luglio 2026 l'inflazione cala al +2,8% (dal +3,0% di giugno), per effetto soprattutto della dinamica ... dei prezzi degli alimentari non lavorati e degli energetici non regolamentati. Di contro, un sostegno all'inflazione è esercitato ... I prezzi dei beni che compongono il “carrello della spesa” sono stabili su base annua (a +1,3%), così come l'inflazione di fondo (a +1,6%).",https://eview.copyscape.com/compare/hathbm2uh0/4
112,2026-09-07T11:24:13.494516,PRECONPROLUG2026,58ad50152255e17f721af3de8710f32291300deeccf656bcd048a0ceb6a2250e,https://comunicazioneitaliana.it/news/eb536436e00a911bbda860d7992c1525,"Inflazione accelera, a marzo prezzi +1,7% - Comunicazione Italiana",49,,,"... Il tasso di variazione tendenziale dei prezzi dei Beni alimentari, per la cura della casa e della persona evidenzia una moderata accelerazione (da +2,0% a +2,2 ... La variazione congiunturale dell'indice generale risente principalmente dell'aumento  dei prezzi degli Energetici, regolamentati (+8,9%) e non (+4,6%), dei ... In base alle stime preliminari, l'indice armonizzato dei prezzi al consumo (Ipca) registra una variazione pari a +1,6%  su base mensile, per la fine dei ",https://eview.copyscape.com/compare/hathbm2uh0/5
113,2026-09-07T11:24:13.494516,PRECONPROLUG2026,58ad50152255e17f721af3de8710f32291300deeccf656bcd048a0ceb6a2250e,https://www.teleborsa.it/News/2026/08/12/italia-inflazione-luglio-rivista-al-rialzo-al-2-9percent-su-anno-51.html,"Italia, inflazione luglio rivista al rialzo al +2,9% su anno | Teleborsa.it",49,,,"... Nel mese di luglio l'inflazione  di fondo, al netto degli energetici e degli alimentari freschi, resta stabile a +1,6%, mentre quella al ... dei soli beni energetici rallenta da +1,9% a +1,8%. I prezzi dei beni decelerano (da +3,3% a +3,2%),  mentre la dinamica di quelli dei ",https://eview.copyscape.com/compare/hathbm2uh0/6
114,2026-09-07T11:24:13.494516,PRECONPROLUG2026,58ad50152255e17f721af3de8710f32291300deeccf656bcd048a0ceb6a2250e,https://euroborsa.it/inflazione-luglio-2026-istat-carrello-spesa.aspx,"Inflazione a luglio scende al 2,8%. Carrello della spesa stabile",48,,,"... effetto soprattutto della dinamica dei prezzi degli Alimentari non lavorati e ... degli Energetici non regolamentati. Di contro, un sostegno all'inflazione è esercitato ... I prezzi dei beni che compongono il carrello della spesa sono stabili su base annua (a +1,3%), così come l'inflazione di fondo (a +1,6%). L ",https://eview.copyscape.com/compare/hathbm2uh0/7
115,2026-09-07T11:24:13.494516,PRECONPROLUG2026,58ad50152255e17f721af3de8710f32291300deeccf656bcd048a0ceb6a2250e,https://www.provincia.treviso.it/it/news/34396-01-settembre-2026-istat-inflazione-in-italia-3-3-nel-mese-di-agosto-2026-provvisorio,"Inflazione - in Italia +3,3% nel mese di agosto 2026 (provvisorio)",46,,,"... Testo integrale e nota metodologica. Filtra le Notizie (J).... tabacchi, registra una variazione pari a +0,5%  su base mensile e a +3,3%  su base annua (da +2,9%  del mese precedente). L'aumento dell ... La variazione congiunturale dell'indice generale riflette soprattutto  l'aumento dei prezzi degli Energetici regolamentati (+3,2%) e non ... dei Servizi relativi ai trasporti (+1,4%), degli Alimentari lavorati ",https://eview.copyscape.com/compare/hathbm2uh0/8
116,2026-09-07T11:24:13.494516,PRECONPROLUG2026,58ad50152255e17f721af3de8710f32291300deeccf656bcd048a0ceb6a2250e,https://www.ansa.it/sito/notizie/economia/pmi/2026/07/31/istat-linflazione-a-luglio-cala-al-28-2_682190f5-ef9f-4fc2-9fe9-cf692a65694d.html,"Istat, l'inflazione a luglio cala al 2,8% (2) - PMI - Ansa.it",43,,,"... I prezzi dei beni decelerano (da +3,3% a +3,1%), mentre la dinamica di quelli dei servizi resta stabile (+2,6%). Il differenziale tra il ... parzialmente compensati dalla diminuzione degli Alimentari non lavorati (-1,1%) e degli Energetici non regolamentati (-0,3%). Inoltre, in ",https://eview.copyscape.com/compare/hathbm2uh0/9
117,2026-09-07T11:24:13.494516,PRECONPROLUG2026,58ad50152255e17f721af3de8710f32291300deeccf656bcd048a0ceb6a2250e,https://www.avvenire.it/calo-dellinflazione-a-luglio-e-al-28_111552,"Calo dell'inflazione a luglio, è al 2,8% - Avvenire",40,,,"... tabacchi, registra una variazione pari a +0,2% su base mensile e a +2,8% su base annua (da +3,0% del mese precedente). Il calo dell ... Il calo dell'inflazione, spiega l'Istituto di statistica, riflette la dinamica dei prezzi degli Alimentari non lavorati (da +4,4% a +3,8%) e ",https://eview.copyscape.com/compare/hathbm2uh0/10
118,2026-09-07T11:24:13.494516,PRECONPROLUG2026,58ad50152255e17f721af3de8710f32291300deeccf656bcd048a0ceb6a2250e,https://teleborsa.ansa.it/notiziario/economia/italia-inflazione-luglio-rivista-al-rialzo-al-29-su-anno/,"Italia, inflazione luglio rivista al rialzo al +2,9% su anno - Teleborsa",39,,,"... Il tasso di variazione tendenziale dei prezzi dei Beni alimentari, per la cura della casa e della persona scende (da +1,3% a +1,0%), come ... parzialmente compensati dalla diminuzione degli Alimentari non lavorati (-1,... 3%). L'inflazione acquisita per il 2026 è pari a +2,7% per l ",https://eview.copyscape.com/compare/hathbm2uh0/11
119,2026-09-07T11:24:13.494516,PRECONPROLUG2026,58ad50152255e17f721af3de8710f32291300deeccf656bcd048a0ceb6a2250e,https://www.ilsole24ore.com/radiocor/nRC_16.06.2026_10.14_226,"Inflazione: Istat conferma, +0,4% a maggio, +3,2% su anno -2",35,,,"... Il tasso di variazione tendenziale dei prezzi dei Beni alimentari, per la cura della casa e della persona scende a +1,9% (da +2,3 ... La variazione congiunturale dell'indice generale riflette soprattutto  l'aumento dei prezzi ... dei Servizi ricreativi, culturali e per la cura ",https://eview.copyscape.com/compare/hathbm2uh0/12
120,2026-09-07T11:24:13.494516,PRECONPROLUG2026,58ad50152255e17f721af3de8710f32291300deeccf656bcd048a0ceb6a2250e,https://www.aranagenzia.it/download/prezzi-al-consumo-marzo-2026/,Prezzi al consumo - marzo 2026 | Aran Agenzia,31,,,"... La variazione congiunturale dell'indice generale risente principalmente dell'aumento  dei prezzi degli Energetici, regolamentati (+8,5%) e non (+5,0%), degli ... L'indice armonizzato dei prezzi al consumo (IPCA) registra una variazione pari a +1,7%  su base mensile, per la fine dei saldi stagionali  di cui il NIC non ",https://eview.copyscape.com/compare/hathbm2uh0/13
121,2026-09-07T11:24:13.494516,PRECONPROLUG2026,58ad50152255e17f721af3de8710f32291300deeccf656bcd048a0ceb6a2250e,https://www.ilsole24ore.com/art/inflazione-istat-luglio-03percento-mensile-29percento-annuo-AJCYUjk,"Istat rialza le stime, a luglio inflazione al 2,9%. Accelera anche in ...",31,,,"... A luglio 2026, spiega l'Istat, l'inflazione scende al +2,9% ( dal +3,0% di giugno), per effetto soprattutto della dinamica dei prezzi degli ... Alimentari non lavorati e degli Energetici non regolamentati. Di contro, un sostegno all'inflazione è esercitato ",https://eview.copyscape.com/compare/hathbm2uh0/14
122,2026-09-07T11:24:13.494516,PRECONPROLUG2026,58ad50152255e17f721af3de8710f32291300deeccf656bcd048a0ceb6a2250e,https://www.primocanale.it/attualit%C3%A0/70386-inflazione-liguria-genova-luglio-2026-dati-istat.html,"Inflazione, Liguria sopra la media italiana - Genova - Primocanale",31,,,"... effetto soprattutto della dinamica dei prezzi degli alimentari non lavorati e degli energetici non regolamentati. Dall'altra parte, un ... I prezzi dei beni che compongono il “carrello della spesa” rallentano  su base annua portandosi al +1%, mentre  l'inflazione di fondo rimane ",https://eview.copyscape.com/compare/hathbm2uh0/15
123,2026-09-07T11:24:13.494516,PRECONPROLUG2026,58ad50152255e17f721af3de8710f32291300deeccf656bcd048a0ceb6a2250e,https://www.ilsole24ore.com/radiocor/nRC_01.09.2026_11.15_323,"Inflazione: Istat stima +0,5% ad agosto, accelera al +3,3% su anno -2",29,,,"... L'inflazione acquisita per il 2026 e'  pari a +2,9% (Il Sole 24 Ore Radiocor) - Roma, 01 set - Il tasso di variazione tendenziale dei prezzi dei... In base alle stime preliminari, l'indice armonizzato dei prezzi al consumo (Ipca) registra una variazione pari a +0,1%  su base mensile, a ",https://eview.copyscape.com/compare/hathbm2uh0/16
124,2026-09-07T11:24:13.494516,PRECONPROLUG2026,58ad50152255e17f721af3de8710f32291300deeccf656bcd048a0ceb6a2250e,https://www.ore12.net/inflazione-costa-meno-il-carrello-della-spesa-prezzi-in-calo-dello-03/,"Inflazione: costa meno il 'carrello della spesa', prezzi in calo dello 0 ...",28,,,"... L'inflazione scende al +2,9%, dal +3% di giugno, per effetto soprattutto della dinamica dei prezzi degli alimentari non lavorati e degli ... I prezzi dei beni che compongono il 'carrello della spesa' rallentano  su base annua portandosi al +1%. Secondo quanto riferito dall'Istat ",https://eview.copyscape.com/compare/hathbm2uh0/17
125,2026-09-07T11:24:13.494516,PRECONPROLUG2026,58ad50152255e17f721af3de8710f32291300deeccf656bcd048a0ceb6a2250e,https://www.salernonotizie.it/2026/09/02/in-italia-il-tasso-di-inflazione-annuo-e-al-29-luglio-2026-dati-istat/,"In Italia il tasso di inflazione annuo è al +2,9% (luglio 2026, dati Istat)",26,,,"... I prezzi dei beni “decelerano (da +3,3% a +3,1%), mentre la dinamica di quelli dei servizi resta stabile (+2,6%). Il differenziale tra il ",https://eview.copyscape.com/compare/hathbm2uh0/18
126,2026-09-07T11:24:13.494516,PRECONPROLUG2026,58ad50152255e17f721af3de8710f32291300deeccf656bcd048a0ceb6a2250e,https://www.aranagenzia.it/download/prezzi-al-consumo-ottobre-2024/,Prezzi al consumo – ottobre 2024 | Aran Agenzia,25,,,"... Nel mese di ottobre  l'“inflazione di fondo”, al netto degli energetici e degli alimentari freschi, resta stabile a +1,8% e  quella al netto dei soli beni ",https://eview.copyscape.com/compare/hathbm2uh0/19
127,2026-09-07T11:24:13.494516,PRECONPROLUG2026,58ad50152255e17f721af3de8710f32291300deeccf656bcd048a0ceb6a2250e,https://comunicazioneitaliana.it/news/5aa4d37b9ed412c89b3d9717bf7060fc,"Inflazione accelera, +1,5% nel 2025 - Comunicazione Italiana",25,,,"... Nel mese di dicembre  l'“inflazione di fondo”, al netto degli energetici e degli alimentari freschi, resta stabile a +1,7%;  quella al netto dei soli beni ",https://eview.copyscape.com/compare/hathbm2uh0/20
128,2026-09-07T11:24:13.494516,PRECONPROLUG2026,58ad50152255e17f721af3de8710f32291300deeccf656bcd048a0ceb6a2250e,https://www.redigo.info/2026/08/13/istat-prezzi-al-consumo-di-luglio-2026/,ISTAT. Prezzi al consumo di Luglio 2026 - - redigo.info,25,,,"... parzialmente compensati dalla diminuzione degli Alimentari non lavorati (-1,... 3%). L'inflazione acquisita per il 2026 è pari a +2,7% per l'indice generale e a ",https://eview.copyscape.com/compare/hathbm2uh0/21
129,2026-09-07T11:24:13.494516,PRECONPROLUG2026,58ad50152255e17f721af3de8710f32291300deeccf656bcd048a0ceb6a2250e,https://miolegale.it/utilita/ultimo-indice-istat/,"Ultimo indice ISTAT - Indici FOI, NIC e IPCA Luglio 2026 - MioLegale.it",25,,,"... parzialmente compensati dalla diminuzione degli Alimentari non lavorati (-1,... 3%). L'inflazione acquisita per il 2026 è pari a +2,7% per l'indice generale e a ",https://eview.copyscape.com/compare/hathbm2uh0/22
130,2026-09-07T11:24:13.494516,PRECONPROLUG2026,58ad50152255e17f721af3de8710f32291300deeccf656bcd048a0ceb6a2250e,https://en.ilsole24ore.com/radiocor/nRC_31.07.2026_11.07_282,"Inflazione: Istat stima +0,2% a luglio, +2,8% su anno (RCO)",24,,,"... tabacchi, registra una variazione pari a +0,2% su base mensile e a +2,8% su base annua (da +3,0% del mese precedente). Lo rileva Istat. bab ",https://eview.copyscape.com/compare/hathbm2uh0/23
131,2026-09-07T11:24:13.494516,PRECONPROLUG2026,58ad50152255e17f721af3de8710f32291300deeccf656bcd048a0ceb6a2250e,https://tg24.sky.it/economia/2026/06/30/inflazione-giugno-istat,"Inflazione, calo del 3% a giugno: crescita zero dei prezzi. I dati",24,,,"... Per favore riprova più tardi. Il lieve rallentamento dell'inflazione riflette la dinamica dei prezzi degli Alimentari non lavorati (da +5,5 ... dei Servizi relativi ai trasporti (da +1,7% a +1,1%); in accelerazione sono invece i prezzi ... degli Energetici, regolamentati (da +5,6% a +9,3 ",https://eview.copyscape.com/compare/hathbm2uh0/24
132,2026-09-07T11:24:13.494516,PRECONPROLUG2026,58ad50152255e17f721af3de8710f32291300deeccf656bcd048a0ceb6a2250e,https://www.ilsole24ore.com/art/inflazione-istat-stima-02percento-luglio-28percento-anno-AJMgUPb,"Istat, l'inflazione a luglio cala al 2,8% - Il Sole 24 ORE",22,,,"... L'indice nazionale dei prezzi al consumo per l'intera collettività (Nic), al lordo dei tabacchi, registra una variazione pari a +0,2% su ",https://eview.copyscape.com/compare/hathbm2uh0/25
133,2026-09-07T11:24:13.494516,PRECONPROLUG2026,58ad50152255e17f721af3de8710f32291300deeccf656bcd048a0ceb6a2250e,https://www.repubblica.it/economia/2026/07/31/news/inflazione_luglio_stima_preliminare_rallentamento_carrello_spesa-425504183/,"Istat, inflazione a luglio scende sotto il 3%: stabile il carrello della ...",22,,,"... I prezzi dei beni decelerano (da +3,3% a +3,1%), mentre la dinamica di quelli dei servizi resta stabile (+2,6%). Stabile anche il carrello ",https://eview.copyscape.com/compare/hathbm2uh0/26
134,2026-09-07T11:24:13.494516,PRECONPROLUG2026,58ad50152255e17f721af3de8710f32291300deeccf656bcd048a0ceb6a2250e,https://formatresearch.com/2026/08/12/inflazione-al-29-istat-prezzi-al-consumo/,"Inflazione al 2,9% | Istat PREZZI AL CONSUMO - Format Research",21,,,"... parzialmente compensati dalla diminuzione degli Alimentari non lavorati (-1,... 3%). L'inflazione acquisita per il 2026 è pari a +2,7% per l ",https://eview.copyscape.com/compare/hathbm2uh0/27
135,2026-09-07T11:24:13.494516,PRECONPROLUG2026,58ad50152255e17f721af3de8710f32291300deeccf656bcd048a0ceb6a2250e,https://sestopotere.com/listat-conferma-il-caro-vacanze-con-34-ristorazione-e-alloggio-e-148-prezzi-degli-energetici-regolamentati/,"L'Istat conferma il caro vacanze, con +3,4% ristorazione e alloggio e ...",21,,,"... parzialmente compensati dalla diminuzione degli Alimentari non lavorati (-1,... 3%). L'inflazione acquisita per il 2026 è pari a +2,7% per l ",https://eview.copyscape.com/compare/hathbm2uh0/28
136,2026-09-07T11:24:13.494516,PRECONPROLUG2026,58ad50152255e17f721af3de8710f32291300deeccf656bcd048a0ceb6a2250e,https://news.avvocatoandreani.it/articoli/pubblicato-indice-istat-luglio-2026-108827.html,Pubblicato l'indice Istat di luglio 2026 - Avvocato Andreani News,21,,,"... parzialmente compensati dalla diminuzione degli Alimentari non lavorati (-1,... 3%). L'inflazione acquisita per il 2026 è pari a +2,7% per l ",https://eview.copyscape.com/compare/hathbm2uh0/29
137,2026-09-07T11:24:13.494516,PRECONPROLUG2026,58ad50152255e17f721af3de8710f32291300deeccf656bcd048a0ceb6a2250e,https://www.aranagenzia.it/download/prezzi-al-consumo-marzo-2023/,Prezzi al consumo – marzo 2023 | Aran Agenzia,20,,,"... L'inflazione di fondo, al netto degli energetici e degli alimentari freschi, resta stabile a +6,3%, così come  quella al netto dei soli beni energetici, che si ",https://eview.copyscape.com/compare/hathbm2uh0/30
138,2026-09-07T11:24:13.494516,PRECONPROLUG2026,58ad50152255e17f721af3de8710f32291300deeccf656bcd048a0ceb6a2250e,https://www.ilmessaggero.it/economia/inflazione_minimi_ue_rallenta_carrello_spesa_frenata_costi_cosa_sta_succedendo_perche-8209945.html,Inflazione ai minimi nella Ue rallenta il carrello della spesa,20,,,"... Nel mese di giugno  l'""inflazione di fondo"", al netto degli energetici e degli alimentari freschi, resta stabile al +2%,  mentre quella al ",https://eview.copyscape.com/compare/hathbm2uh0/31
139,2026-09-07T11:24:13.494516,PRECONPROLUG2026,58ad50152255e17f721af3de8710f32291300deeccf656bcd048a0ceb6a2250e,https://www.aranagenzia.it/download/prezzi-al-consumo-maggio-2021-2/,Prezzi al consumo – maggio 2021 | Aran Agenzia,18,,,"... Secondo le stime preliminari, l'indice armonizzato dei prezzi al consumo (IPCA) registra una variazione nulla  su base mensile e un aumento  su base annua ",https://eview.copyscape.com/compare/hathbm2uh0/32
140,2026-09-07T11:24:13.494516,PRECONPROLUG2026,58ad50152255e17f721af3de8710f32291300deeccf656bcd048a0ceb6a2250e,https://www.borsaitaliana.it/borsa/notizie/radiocor/economia/dettaglio/inflazione-istat-stima-05-ad-agosto-accelera-al-33-su-anno-rco-nRC_01092026_1110_319171241.html,"Inflazione: Istat stima +0,5% ad agosto, accelera al +3,3% su anno ...",18,,,"... tabacchi, registra una variazione pari a +0,5%  su base mensile e a +3,3%  su base annua (dal +2,9%  del mese precedente). L'aumento dell ",https://eview.copyscape.com/compare/hathbm2uh0/33
141,2026-09-07T11:24:13.494516,PRECONPROLUG2026,58ad50152255e17f721af3de8710f32291300deeccf656bcd048a0ceb6a2250e,https://www.aranagenzia.it/download/prezzi-al-consumo-maggio-2026/,Prezzi al consumo - maggio 2026 | Aran Agenzia,18,,,"... Il tasso di variazione tendenziale dei prezzi dei Beni alimentari, per la cura della casa e della persona scende a +1,9% (da +2,3% registrato ad aprile) ",https://eview.copyscape.com/compare/hathbm2uh0/34
142,2026-09-07T11:24:13.494516,PRECONPROLUG2026,58ad50152255e17f721af3de8710f32291300deeccf656bcd048a0ceb6a2250e,https://www.tgcom24.mediaset.it/economia/inflazione-istat-luglio-cala_115006064-202602k.shtml,"Inflazione, Istat: a luglio cala al 2,8%, stabile la spesa - Tgcom24",18,,,"... parzialmente compensati dalla diminuzione degli alimentari non lavorati (-1,1%) e degli energetici non regolamentati (-0,3%). L'inflazione ",https://eview.copyscape.com/compare/hathbm2uh0/35
143,2026-09-07T11:24:13.494516,PRECONPROLUG2026,58ad50152255e17f721af3de8710f32291300deeccf656bcd048a0ceb6a2250e,https://www.aranagenzia.it/download/prezzi-al-consumo-novembre-2020/,Prezzi al consumo – novembre 2020 | Aran Agenzia,17,,,"... L'indice armonizzato dei prezzi al consumo (IPCA) registra una variazione tendenziale nulla  su base mensile e una diminuzione dello 0,3%  su base annua (da ",https://eview.copyscape.com/compare/hathbm2uh0/36
144,2026-09-07T11:24:13.494516,PRECONPROLUG2026,58ad50152255e17f721af3de8710f32291300deeccf656bcd048a0ceb6a2250e,https://adnverify.adnkronos.com/887b679d64a26f8b254fa3245a2cda4807cf5473ff9f5bff73f640ab0c6a6023/,"Inflazione, stangata ad agosto: +3,3%. Spingono i prezzi dell'energia",17,,,"... In base alle stime preliminari – segnala l'Istat –  l'indice armonizzato dei prezzi al consumo (Ipca) registra una variazione pari a +0,1% su ",https://eview.copyscape.com/compare/hathbm2uh0/37
145,2026-09-07T11:24:13.494516,PRECONPROLUG2026,58ad50152255e17f721af3de8710f32291300deeccf656bcd048a0ceb6a2250e,https://www.agenziaentrate.gov.it/portale/documents/20143/5270820/AGENZIA+DELLE+ENTRATE-510+UNIT%C3%80+-+QUESTIONARIO+-+24.pdf/1cedc1c6-5311-103a-3c0e-5c7a39d4de22,"agenzia delle entrate 510 unità profilo professionale funzionario, per ...",17,,,"... ISTAT - PREZZI AL CONSUMO (... DATI PROVVISORI) - Secondo le stime preliminari, nel mese di novembre 2018  l'indice nazionale dei prezzi al ",https://eview.copyscape.com/compare/hathbm2uh0/38
146,2026-09-07T11:24:13.494516,PRECONPROLUG2026,58ad50152255e17f721af3de8710f32291300deeccf656bcd048a0ceb6a2250e,https://www.corriere.it/economia/consumi/26_luglio_31/istat-inflazione-in-calo-a-luglio-scende-al-2-8-carrello-della-spesa-a-1-3-6d854506-c0a4-4da7-b449-56ab32e19xlk.shtml,"Istat, inflazione in calo a luglio: scende al 2,8%, carrello della spesa ...",17,,,"... precedente. Il lieve rallentamento dell'inflazione riflette la dinamica dei prezzi degli alimentari non lavorati (dal +4,4% al + 3,8%), degli ",https://eview.copyscape.com/compare/hathbm2uh0/39
147,2026-09-07T11:24:13.494516,PRECONPROLUG2026,58ad50152255e17f721af3de8710f32291300deeccf656bcd048a0ceb6a2250e,https://www.ilsole24ore.com/radiocor/nRC_29.05.2026_11.23_287,"Inflazione: Istat stima +0,4% a maggio, +3,2% su anno - Il Sole 24 ORE",17,,,"... La variazione congiunturale dell'indice generale riflette soprattutto  l'aumento dei prezzi ... dei Servizi ricreativi, culturali e per la cura ",https://eview.copyscape.com/compare/hathbm2uh0/40
148,2026-09-07T11:24:13.494516,PRECONPROLUG2026,58ad50152255e17f721af3de8710f32291300deeccf656bcd048a0ceb6a2250e,https://teleborsa.ansa.it/notiziario/economia/istat-a-maggio-linflazione-accelera-al-32-spingono-ancora-i-prezzi-dellenergia/,"Istat, a maggio l'inflazione accelera al 3,2%. Spingono ancora i ...",17,,,"... La variazione congiunturale dell'indice generale riflette soprattutto  l'aumento dei prezzi ... dei Servizi ricreativi, culturali e per la cura ",https://eview.copyscape.com/compare/hathbm2uh0/41
149,2026-09-07T11:24:13.494516,PRECONPROLUG2026,58ad50152255e17f721af3de8710f32291300deeccf656bcd048a0ceb6a2250e,https://tg24.sky.it/economia/2024/11/15/inflazione-ottobre-crescita-istat,"Inflazione, a ottobre crescita dello 0,9% su base mensile - Sky TG24",16,,,"... Per favore riprova più tardi. A ottobre l'“inflazione di fondo”, al netto degli energetici e degli alimentari freschi, resta stabile a +1,8 ",https://eview.copyscape.com/compare/hathbm2uh0/42
150,2026-09-07T11:24:13.494516,PRECONPROLUG2026,58ad50152255e17f721af3de8710f32291300deeccf656bcd048a0ceb6a2250e,https://www.ecnews.it/lavoro/rapporto-di-lavoro/gestione-del-rapporto/tfr-indice-di-rivalutazione-di-luglio-2026/,TFR: indice di rivalutazione di luglio 2026 - EC News - Area lavoro,16,,,"... L'inflazione di fondo, al netto degli energetici e degli alimentari freschi, resta stabile all'1,6%.  I prezzi dei beni rallentano al 3,2 ",https://eview.copyscape.com/compare/hathbm2uh0/43
151,2026-09-07T11:24:13.494516,PRECONPROLUG2026,58ad50152255e17f721af3de8710f32291300deeccf656bcd048a0ceb6a2250e,https://www.ore12.net/inflazione-istat-conferma-stime-a-maggio-04-su-mese-32-su-anno/,"Istat conferma stime, a maggio +0,4% su mese +3,2% su anno - Ore12",16,,,"... La variazione congiunturale dell'indice generale riflette invece soprattutto  l'aumento dei prezzi ... dei Servizi ricreativi, culturali e per la ",https://eview.copyscape.com/compare/hathbm2uh0/44
152,2026-09-07T11:24:13.494516,PRECONPROLUG2026,58ad50152255e17f721af3de8710f32291300deeccf656bcd048a0ceb6a2250e,https://www.ilsole24ore.com/art/inflazione-dicembre-13percento-base-annua-e-01percento-mese-2024-crescita-media-prezzi-dell-10percento-AGEJz69B,"Inflazione, a dicembre +1,3% su base annua e +0,1% sul mese. Nel ...",15,,,"... Sempre secondo le stime preliminari l'indice armonizzato dei prezzi al consumo (Ipca) registra una variazione ... su base mensile pari a +0,1% e ",https://eview.copyscape.com/compare/hathbm2uh0/45
153,2026-09-07T11:24:13.494516,PRECONPROLUG2026,58ad50152255e17f721af3de8710f32291300deeccf656bcd048a0ceb6a2250e,https://en.ilsole24ore.com/art/istat-inflation-03-per-cent-month-on-month-29-per-cent-year-on-year-in-july-AJCYUjk,Istat revises its estimates upwards; inflation stands at 2.9 per cent in ...,15,,,... effetto soprattutto della dinamica dei prezzi degli Alimentari non lavorati e degli Energetici non regolamentati ANSA. 3' min read. Translated ,https://eview.copyscape.com/compare/hathbm2uh0/46
154,2026-09-07T11:24:13.494516,PRECONPROLUG2026,58ad50152255e17f721af3de8710f32291300deeccf656bcd048a0ceb6a2250e,https://www.anfia.it/it/comunicazione/notizie-e-comunicati/comunicati-stampa/mercato-vetture-italia/anche-giugno-positivo-per-il-mercato-auto-italiano-10-6,ANCHE GIUGNO POSITIVO PER IL MERCATO AUTO ITALIANO,15,,,"... precedente). Il lieve rallentamento dell'inflazione riflette la dinamica dei prezzi degli Alimentari non lavorati (da +5,5% a +4,5%), dei ",https://eview.copyscape.com/compare/hathbm2uh0/47
155,2026-09-07T11:24:13.494516,PRECONPROLUG2026,58ad50152255e17f721af3de8710f32291300deeccf656bcd048a0ceb6a2250e,https://www.confcommerciobrescia.it/confcommercio-segnali-positivi-per-il-potere-di-acquisto/,"Confcommercio, segnali positivi per il potere di acquisto",15,,,"... Il “colpo di freno” si deve principalmente al forte rallentamento annuo dei prezzi degli Energetici regolamentati (da +13,9% a -0,8%), degli ... dei Servizi relativi ai trasporti (da +2,4% a +2%). Effetti, questi, solo in parte compensati dall'accelerazione dei prezzi dei Servizi ... dei soli beni energetici rallenta (da +2,1% a +2%). Su base mensile, si attenua la crescita dei prezzi dei beni si attenua (da +0,6% a +0,2 ",https://eview.copyscape.com/compare/hathbm2uh0/48
156,2026-09-07T11:24:19.042654,PRECONLUG2026,de92146a6756fc6136774446e4bcca388602e1a2d6c6dd958c2884738dd513d1,https://en.ilsole24ore.com/radiocor/nRC_31.07.2026_11.14_291,"Inflazione: Istat stima +0,2% a luglio, +2,8% su anno - Il Sole 24 ORE",115,,,"... Dato acquisito 2026 a +2,7% (Il Sole 24 Ore Radiocor) - Roma, 31 lug - Il lieve rallentamento dell'inflazione riflette la dinamica dei ... dei soli beni energetici rallenta da +1,9% a +1,8%. I prezzi dei beni decelerano (da +3,3% a +3,1%),  mentre la dinamica di quelli dei ... Il differenziale tra il comparto dei servizi e quello dei beni passa da -0,7 a -0,5 punti percentuali. ... Il tasso di variazione tendenziale dei prezzi dei Beni alimentari, per la cura della casa e della persona si mantiene a +1,3%, mentre quello ... La variazione congiunturale dell'indice generale riflette l'aumento dei prezzi degli Energetici regolamentati (+6,6%),  dei Servizi relativi ... parzialmente compensati dalla diminuzione degli Alimentari non lavorati (-1,1%) e degli Energetici non regolamentati (-0,3%). L'inflazione ... In base alle stime preliminari, l'indice armonizzato dei prezzi al consumo (Ipca) registra una variazione pari a -1% ... su base mensile, a ",https://eview.copyscape.com/compare/url250qw8j/1
157,2026-09-07T11:24:19.042654,PRECONLUG2026,de92146a6756fc6136774446e4bcca388602e1a2d6c6dd958c2884738dd513d1,https://www.ore12.net/inflazione-costa-meno-il-carrello-della-spesa-prezzi-in-calo-dello-03/,"Inflazione: costa meno il 'carrello della spesa', prezzi in calo dello 0 ...",114,,,"... dinamica dei prezzi degli energetici non regolamentati (da ... In accelerazione sono ... i prezzi degli energetici regolamentati (da +9,2% a ... degli alimentari freschi, resta stabile ... dei soli beni energetici rallenta da +1,9% a +1,8%. I prezzi dei beni ... La variazione congiunturale dell'indice generale riflette l'aumento dei prezzi degli energetici regolamentati (+6,5%), dei servizi relativi ... preliminare. L'indice nazionale dei prezzi al consumo per le famiglie di operai e impiegati (Foi), al netto dei tabacchi, registra una ... dai prezzi degli energetici regolamentati e di alcune tipologie di servizi. ... I prezzi dei beni che compongono il 'carrello della spesa' rallentano su base annua portandosi al +1%. ... L'inflazione di fondo rimane stabile a +1,6%”. Il lieve ",https://eview.copyscape.com/compare/url250qw8j/2
158,2026-09-07T11:24:19.042654,PRECONLUG2026,de92146a6756fc6136774446e4bcca388602e1a2d6c6dd958c2884738dd513d1,https://teleborsa.ansa.it/notiziario/economia/italia-inflazione-luglio-rivista-al-rialzo-al-29-su-anno/,"Italia, inflazione luglio rivista al rialzo al +2,9% su anno - Teleborsa",110,,,"... Lo comunica l'Istat. Il lieve rallentamento dell'inflazione riflette la dinamica dei prezzi degli Energetici non regolamentati (da +13,3% a +11, ... prezzi degli Energetici regolamentati (da +9,2% a +14,8%), dei Servizi relativi ai trasporti (da +1,1% a +1,6%) e dei Servizi ricreativi ... Il differenziale tra il comparto dei servizi e quello dei beni passa da -0,7 a -0,5 punti percentuali. Il tasso di ... variazione tendenziale dei prezzi dei Beni alimentari, per la cura della casa e della persona scende (da +1,3% a +1,0%), come ... parzialmente compensati dalla diminuzione degli Alimentari non lavorati (-1,3%). L'inflazione acquisita per il 2026 è pari a +2,7% per l ",https://eview.copyscape.com/compare/url250qw8j/3
159,2026-09-07T11:24:19.042654,PRECONLUG2026,de92146a6756fc6136774446e4bcca388602e1a2d6c6dd958c2884738dd513d1,https://www.borsaitaliana.it/borsa/notizie/radiocor/economia/dettaglio/inflazione-istat-stima-02-a-luglio-28-su-anno-2-nRC_31072026_1114_291654660.html,"Inflazione: Istat stima +0,2% a luglio, +2,8% su anno -2 - Borsa Italiana",109,,,"... Dato acquisito 2026 a +2,7% (Il Sole 24 Ore Radiocor) - Roma, 31 lug - Il lieve rallentamento dell'inflazione riflette la dinamica dei ... dei Servizi relativi ai trasporti (da +1,1% a +1,6%). ... Nel mese di luglio l'inflazione  di fondo, al netto degli energetici e degli alimentari ... dei soli beni energetici rallenta da +1,9% a +1,8%. I prezzi dei beni decelerano (da +3,3% a +3,1%),  mentre la dinamica di quelli dei ... Il tasso di variazione tendenziale dei prezzi dei Beni alimentari, per la cura della casa e della persona si mantiene a +1,3%, mentre quello ... La variazione congiunturale dell'indice generale riflette l'aumento dei prezzi degli Energetici regolamentati (+6,6%),  dei Servizi relativi ai trasporti (+1,4%), ... degli Alimentari lavorati (+0,7%) e dei ... parzialmente compensati dalla diminuzione degli Alimentari non lavorati (-1,1%) e degli Energetici non regolamentati (-0,3%). L'inflazione ",https://eview.copyscape.com/compare/url250qw8j/4
160,2026-09-07T11:24:19.042654,PRECONLUG2026,de92146a6756fc6136774446e4bcca388602e1a2d6c6dd958c2884738dd513d1,https://www.regione.puglia.it/web/ufficio-statistico/-/istat.-indice-dei-prezzi-al-consumo.-luglio-2026,Istat. Indice dei prezzi al consumo. Luglio 2026 - Regione Puglia,76,,,"... Nel mese di luglio 2026 l'indice nazionale dei prezzi al consumo per l'intera collettività (NIC), al lordo dei tabacchi, registra una variazione del +0,3 ... Il lieve rallentamento dell'inflazione riflette la dinamica dei prezzi degli Energetici non regolamentati (da +13,3% a +11,4%), degli Alimentari non ... prezzi degli Energetici regolamentati (da +9,2% a +14,8%), dei Servizi relativi ai trasporti (da +1,1% a +1,6%) e dei Servizi ricreativi, culturali e per la ",https://eview.copyscape.com/compare/url250qw8j/5
161,2026-09-07T11:24:19.042654,PRECONLUG2026,de92146a6756fc6136774446e4bcca388602e1a2d6c6dd958c2884738dd513d1,https://formatresearch.com/2026/08/12/inflazione-al-29-istat-prezzi-al-consumo/,"Inflazione al 2,9% | Istat PREZZI AL CONSUMO - Format Research",70,,,"... Il lieve rallentamento dell'inflazione riflette la ... dinamica dei prezzi degli Energetici ... dei soli beni energetici rallenta da +1,9% a +1,8%. I prezzi dei ... parzialmente compensati dalla diminuzione degli Alimentari non lavorati (-1,3%). L'inflazione acquisita per il 2026 è pari a +2,7% per l ... Di contro, un sostegno all'inflazione è esercitato dai prezzi degli Energetici regolamentati e di alcune ... l'inflazione di fondo rimane stabile (a +1,6%). L'inflazione ",https://eview.copyscape.com/compare/url250qw8j/6
162,2026-09-07T11:24:19.042654,PRECONLUG2026,de92146a6756fc6136774446e4bcca388602e1a2d6c6dd958c2884738dd513d1,https://www.aranagenzia.it/download/prezzi-al-consumo-ottobre-2024/,Prezzi al consumo – ottobre 2024 | Aran Agenzia,67,,,"... Nel mese di ottobre 2024,  l'indice nazionale dei prezzi al consumo per l'intera collettività, ... al lordo dei tabacchi, registra una variazione nulla su base ... Nel mese di ottobre  l'“inflazione di fondo”, al netto degli energetici e degli alimentari freschi, resta stabile a +1,8% e  quella al netto dei soli beni ... L'inflazione acquisita per il 2024  è pari a +1,0%  per l'indice generale e a +2,0%  per la componente di fondo. L'indice armonizzato dei prezzi al consumo ",https://eview.copyscape.com/compare/url250qw8j/7
163,2026-09-07T11:24:19.042654,PRECONLUG2026,de92146a6756fc6136774446e4bcca388602e1a2d6c6dd958c2884738dd513d1,https://www.ilsole24ore.com/radiocor/nRC_12.08.2026_10.20_203,"Inflazione: Istat, in luglio +0,3% mensile, +2,9% annuo - Il Sole 24 ORE",67,,,"... dei soli beni energetici rallenta da +1,9% a +1,8%. I prezzi dei ... Il differenziale tra il comparto dei servizi e quello dei beni passa da -0,7 a -0,5 punti percentuali. L'inflazione acquisita per il 2026 e ... L'indice armonizzato dei prezzi al consumo (Ipca) registra una variazione pari a -1% ... su base mensile, a causa dei saldi estivi di cui il Nic ... l'inflazione di fondo rimane stabile (a +1,6%). com-Ggz. Gli ",https://eview.copyscape.com/compare/url250qw8j/8
164,2026-09-07T11:24:19.042654,PRECONLUG2026,de92146a6756fc6136774446e4bcca388602e1a2d6c6dd958c2884738dd513d1,https://comunicazioneitaliana.it/news/eb536436e00a911bbda860d7992c1525,"Inflazione accelera, a marzo prezzi +1,7% - Comunicazione Italiana",59,,,"... L'andamento dell'inflazione risente prevalentemente della netta risalita dei prezzi degli Energetici - regolamentati (da -11,6% a -1,3%) e non (da -6,2% a ... Il differenziale tra il comparto dei servizi e quello dei beni, dunque, diminuisce, passando da +3,8 punti percentuali a +2,1 p.p.. ... Il tasso di variazione tendenziale dei prezzi dei Beni alimentari, per la cura della casa e della persona evidenzia una moderata accelerazione (da +2,0% a +2,2 ... La variazione congiunturale dell'indice generale risente principalmente dell'aumento  dei prezzi degli Energetici, regolamentati (+8,9%) e non (+4,6%), dei ... In base alle stime preliminari, l'indice armonizzato dei prezzi al consumo (Ipca) registra una variazione pari a +1,6%  su base mensile, per la fine dei ",https://eview.copyscape.com/compare/url250qw8j/9
165,2026-09-07T11:24:19.042654,PRECONLUG2026,de92146a6756fc6136774446e4bcca388602e1a2d6c6dd958c2884738dd513d1,https://www.teleborsa.it/News/2026/08/12/italia-inflazione-luglio-rivista-al-rialzo-al-2-9percent-su-anno-51.html,"Italia, inflazione luglio rivista al rialzo al +2,9% su anno | Teleborsa.it",53,,,"... dei soli beni energetici rallenta da +1,9% a +1,8%. I prezzi dei beni decelerano (da +3,3% a +3,2%), mentre la dinamica di quelli dei ... Il differenziale tra il comparto dei servizi e quello dei beni passa da -0,7 a -0,5 punti percentuali. Il tasso di variazione tendenziale ",https://eview.copyscape.com/compare/url250qw8j/10
166,2026-09-07T11:24:19.042654,PRECONLUG2026,de92146a6756fc6136774446e4bcca388602e1a2d6c6dd958c2884738dd513d1,https://www.aranagenzia.it/download/prezzi-al-consumo-maggio-2026/,Prezzi al consumo - maggio 2026 | Aran Agenzia,49,,,"... Nel mese di maggio  2026, l'indice nazionale dei prezzi al consumo per l'intera collettività, ... al lordo dei tabacchi, registra una variazione del +0,4% su ... L'accelerazione dell'inflazione risente prevalentemente della dinamica dei prezzi degli Energetici non regolamentati (da +9,6% a +12,5%), degli Energetici ... Il tasso di variazione tendenziale dei prezzi dei Beni alimentari, per la cura della casa e della persona scende a +1,9% (da +2,3% registrato ad aprile) ",https://eview.copyscape.com/compare/url250qw8j/11
167,2026-09-07T11:24:19.042654,PRECONLUG2026,de92146a6756fc6136774446e4bcca388602e1a2d6c6dd958c2884738dd513d1,https://www.ilsole24ore.com/radiocor/nRC_16.06.2026_10.14_226,"Inflazione: Istat conferma, +0,4% a maggio, +3,2% su anno -2",47,,,"... Di conseguenza, il differenziale tra il comparto dei servizi e quello dei beni si attesta a -0,6 punti percentuali, rispetto ai -0,7 p.p. del ... Il tasso di variazione tendenziale dei prezzi dei Beni alimentari, per la cura della casa e della persona scende a +1,9% (da +2,3 ... La variazione congiunturale dell'indice generale riflette soprattutto  l'aumento dei prezzi ... dei Servizi ricreativi, culturali e per la cura ",https://eview.copyscape.com/compare/url250qw8j/12
168,2026-09-07T11:24:19.042654,PRECONLUG2026,de92146a6756fc6136774446e4bcca388602e1a2d6c6dd958c2884738dd513d1,https://www.aranagenzia.it/download/prezzi-al-consumo-settembre-2023/,Prezzi al consumo – settembre 2023 | Aran Agenzia,40,,,"... dei prezzi degli energetici regolamentati (da -29,6% a -27,9%) e dall'aumento del ritmo di crescita dei prezzi ... prezzi degli energetici regolamentati (da -29,6% a -27,9%) e dall'aumento del ritmo di crescita dei prezzi  dei servizi relativi ai trasporti (da +1,2% a +3,8%).... L'inflazione acquisita per il 2023  è pari a +5, 7% per l'indice generale e a +5,2%  per la componente di fondo. L'indice armonizzato dei prezzi al consumo ",https://eview.copyscape.com/compare/url250qw8j/13
169,2026-09-07T11:24:19.042654,PRECONLUG2026,de92146a6756fc6136774446e4bcca388602e1a2d6c6dd958c2884738dd513d1,https://www.aranagenzia.it/download/prezzi-al-consumo-luglio-2022/,Prezzi al consumo – luglio 2022 | Aran Agenzia,35,,,"... L'aumento congiunturale dell'indice generale è dovuto prevalentemente ai prezzi  dei Servizi relativi ai trasporti (+2,7%) e  degli Alimentari lavorati (+1,4%) ed ... L'inflazione acquisita per il 2022  è pari a +6, 7% per l'indice generale e a +3,3%  per la componente di fondo. L'indice armonizzato dei prezzi al consumo ",https://eview.copyscape.com/compare/url250qw8j/14
170,2026-09-07T11:24:19.042654,PRECONLUG2026,de92146a6756fc6136774446e4bcca388602e1a2d6c6dd958c2884738dd513d1,https://www.provincia.treviso.it/it/news/34396-01-settembre-2026-istat-inflazione-in-italia-3-3-nel-mese-di-agosto-2026-provvisorio,"Inflazione - in Italia +3,3% nel mese di agosto 2026 (provvisorio)",33,,,"... Il tasso di variazione tendenziale dei prezzi dei Beni alimentari, per la cura della casa e della persona si mantiene stabile ( a +1,0 ... La variazione congiunturale dell'indice generale riflette soprattutto  l'aumento dei prezzi degli Energetici regolamentati (+3,2%) e non ",https://eview.copyscape.com/compare/url250qw8j/15
171,2026-09-07T11:24:19.042654,PRECONLUG2026,de92146a6756fc6136774446e4bcca388602e1a2d6c6dd958c2884738dd513d1,https://www.aranagenzia.it/download/prezzi-al-consumo-marzo-2026/,Prezzi al consumo - marzo 2026 | Aran Agenzia,31,,,"... La variazione congiunturale dell'indice generale risente principalmente dell'aumento  dei prezzi degli Energetici, regolamentati (+8,5%) e non (+5,0%), degli ... L'indice armonizzato dei prezzi al consumo (IPCA) registra una variazione pari a +1,7%  su base mensile, per la fine dei saldi stagionali  di cui il NIC non ",https://eview.copyscape.com/compare/url250qw8j/16
172,2026-09-07T11:24:19.042654,PRECONLUG2026,de92146a6756fc6136774446e4bcca388602e1a2d6c6dd958c2884738dd513d1,https://www.aranagenzia.it/download/prezzi-al-consumo-marzo-2018/,Prezzi al consumo – marzo 2018 | Aran Agenzia,29,,,"... dei Servizi relativi ai trasporti (+2,5% da +1,9%). L'aumento su base mensile dell'indice generale è dovuto principalmente al rialzo dei prezzi dei Tabacchi ... L'inflazione acquisita per il 2018  è pari a +0, 7% per l'indice generale e +0,2%  per la componente di fondo. L'indice armonizzato dei prezzi al consumo (IPCA) ",https://eview.copyscape.com/compare/url250qw8j/17
173,2026-09-07T11:24:19.042654,PRECONLUG2026,de92146a6756fc6136774446e4bcca388602e1a2d6c6dd958c2884738dd513d1,https://teleborsa.ansa.it/notiziario/economia/istat-a-maggio-linflazione-accelera-al-32-spingono-ancora-i-prezzi-dellenergia/,"Istat, a maggio l'inflazione accelera al 3,2%. Spingono ancora i ...",28,,,"... Di conseguenza, il differenziale tra il comparto dei servizi e quello dei beni resta invariato rispetto al mese precedente, a -0,7 punti ... La variazione congiunturale dell'indice generale riflette soprattutto  l'aumento dei prezzi ... dei Servizi ricreativi, culturali e per la cura ",https://eview.copyscape.com/compare/url250qw8j/18
174,2026-09-07T11:24:19.042654,PRECONLUG2026,de92146a6756fc6136774446e4bcca388602e1a2d6c6dd958c2884738dd513d1,https://tg24.sky.it/economia/2026/06/30/inflazione-giugno-istat,"Inflazione, calo del 3% a giugno: crescita zero dei prezzi. I dati",26,,,"... Per favore riprova più tardi. Il lieve rallentamento dell'inflazione riflette la dinamica dei ... prezzi degli Energetici, regolamentati (da +5,6% a +9,3%) e non regolamentati (da +12,5% a +12,9%). Created with Sketch. ascolta articolo.... prezzi degli Alimentari non lavorati (da +5,5 ... dei Servizi relativi ai trasporti (da +1,7% a +1,1%); in accelerazione sono invece i prezzi degli Energetici, regolamentati (da +5,6% a +9,3 ",https://eview.copyscape.com/compare/url250qw8j/19
175,2026-09-07T11:24:19.042654,PRECONLUG2026,de92146a6756fc6136774446e4bcca388602e1a2d6c6dd958c2884738dd513d1,https://www.borsaitaliana.it/borsa/notizie/teleborsa/economia/italia-inflazione-luglio-rivista-al-rialzo-al-29-su-anno-51_2026-08-12_TLB.html,"Italia, inflazione luglio rivista al rialzo al +2,9% su anno - Borsa Italiana",25,,,"... prezzi al consumo per l'intera collettività (NIC), al lordo dei tabacchi, registra una variazione del +0,3% su base mensile e del +2,9% su ",https://eview.copyscape.com/compare/url250qw8j/20
176,2026-09-07T11:24:19.042654,PRECONLUG2026,de92146a6756fc6136774446e4bcca388602e1a2d6c6dd958c2884738dd513d1,https://www.redigo.info/2026/08/13/istat-prezzi-al-consumo-di-luglio-2026/,ISTAT. Prezzi al consumo di Luglio 2026 - - redigo.info,25,,,"... parzialmente compensati dalla diminuzione degli Alimentari non lavorati (-1,3%). L'inflazione acquisita per il 2026 è pari a +2,7% per l'indice generale e a ",https://eview.copyscape.com/compare/url250qw8j/21
177,2026-09-07T11:24:19.042654,PRECONLUG2026,de92146a6756fc6136774446e4bcca388602e1a2d6c6dd958c2884738dd513d1,https://www.aranagenzia.it/download/prezzi-al-consumo-gennaio-2026/,Prezzi al consumo – gennaio 2026 | Aran Agenzia,25,,,"... L'inflazione acquisita per il 2026 è pari a +0,4%.  L'indice armonizzato dei prezzi al consumo (IPCA) registra una variazione pari a -1,0% su base mensile, per ",https://eview.copyscape.com/compare/url250qw8j/22
178,2026-09-07T11:24:19.042654,PRECONLUG2026,de92146a6756fc6136774446e4bcca388602e1a2d6c6dd958c2884738dd513d1,https://www.ilsole24ore.com/radiocor/nRC_01.09.2026_11.15_323,"Inflazione: Istat stima +0,5% ad agosto, accelera al +3,3% su anno -2",24,,,"... L'inflazione acquisita per il 2026 e'  pari a +2,9% (Il Sole 24 Ore Radiocor) - Roma, 01 set - Il tasso di variazione tendenziale dei prezzi dei... In base alle stime preliminari, l'indice armonizzato dei prezzi al consumo (Ipca) registra una variazione pari a +0,1%  su base mensile, a ",https://eview.copyscape.com/compare/url250qw8j/23
179,2026-09-07T11:24:19.042654,PRECONLUG2026,de92146a6756fc6136774446e4bcca388602e1a2d6c6dd958c2884738dd513d1,https://www.aranagenzia.it/download/prezzi-al-consumo-maggio-2025/,Prezzi al consumo – maggio 2025 | Aran Agenzia,24,,,"... L'inflazione acquisita per il 2025  è pari a +1,3%  per l'indice generale e a +1,6%  per la componente di fondo. L'indice armonizzato dei prezzi al consumo ",https://eview.copyscape.com/compare/url250qw8j/24
180,2026-09-07T11:24:19.042654,PRECONLUG2026,de92146a6756fc6136774446e4bcca388602e1a2d6c6dd958c2884738dd513d1,https://www.aranagenzia.it/download/prezzi-al-consumo-ottobre-2023/,Prezzi al consumo – ottobre 2023 | Aran Agenzia,24,,,"... L'inflazione acquisita per il 2023  è pari a +5, 7% per l'indice generale e a +5,1%  per la componente di fondo. L'indice armonizzato dei prezzi al consumo ",https://eview.copyscape.com/compare/url250qw8j/25
181,2026-09-07T11:24:19.042654,PRECONLUG2026,de92146a6756fc6136774446e4bcca388602e1a2d6c6dd958c2884738dd513d1,https://www.aranagenzia.it/download/prezzi-al-consumo-novembre-2021/,Prezzi al consumo – novembre 2021 | Aran Agenzia,24,,,"... L'inflazione acquisita per il 2021  è pari a +1,9%  per l'indice generale e a +0, 8% per la componente di fondo. L'indice armonizzato dei prezzi al consumo ",https://eview.copyscape.com/compare/url250qw8j/26
182,2026-09-07T11:24:19.042654,PRECONLUG2026,de92146a6756fc6136774446e4bcca388602e1a2d6c6dd958c2884738dd513d1,https://www.aranagenzia.it/download/prezzi-al-consumo-maggio-2022/,Prezzi al consumo – maggio 2022 | Aran Agenzia,24,,,"... L'inflazione acquisita per il 2022  è pari a +5, 7% per l'indice generale e a +2,4%  per la componente di fondo. L'indice armonizzato dei prezzi al consumo ",https://eview.copyscape.com/compare/url250qw8j/27
183,2026-09-07T11:24:19.042654,PRECONLUG2026,de92146a6756fc6136774446e4bcca388602e1a2d6c6dd958c2884738dd513d1,https://www.aranagenzia.it/download/prezzi-al-consumo-aprile-2022/,Prezzi al consumo – aprile 2022 | Aran Agenzia,23,,,"... L'inflazione acquisita per il 2022  è pari a +5,2%  per l'indice generale e a +2,0%  per la componente di fondo. L'indice armonizzato dei prezzi al consumo ",https://eview.copyscape.com/compare/url250qw8j/28
184,2026-09-07T11:24:19.042654,PRECONLUG2026,de92146a6756fc6136774446e4bcca388602e1a2d6c6dd958c2884738dd513d1,https://www.confcommerciobrescia.it/confcommercio-segnali-positivi-per-il-potere-di-acquisto/,"Confcommercio, segnali positivi per il potere di acquisto",22,,,"... Il “colpo di freno” si deve principalmente al forte rallentamento annuo dei prezzi degli Energetici ... regolamentati (da +13,9% a -0,8%), degli ... dei Servizi relativi ai trasporti (da +2,4% a +2%). Effetti, questi, solo in parte compensati dall'accelerazione dei prezzi dei Servizi ... dei soli beni energetici rallenta (da +2,1% a +2%). Su base mensile, si attenua la crescita dei  prezzi dei beni si attenua (da +0,6% a +0,2 ",https://eview.copyscape.com/compare/url250qw8j/29
185,2026-09-07T11:24:19.042654,PRECONLUG2026,de92146a6756fc6136774446e4bcca388602e1a2d6c6dd958c2884738dd513d1,https://www.ilsole24ore.com/art/inflazione-istat-luglio-03percento-mensile-29percento-annuo-AJCYUjk,"Istat rialza le stime, a luglio inflazione al 2,9%. Accelera anche in ...",21,,,"... A luglio 2026, spiega l'Istat,  l'inflazione scende al +2,9% (dal +3,0% di giugno), per effetto soprattutto della dinamica dei prezzi degli ",https://eview.copyscape.com/compare/url250qw8j/30
186,2026-09-07T11:24:19.042654,PRECONLUG2026,de92146a6756fc6136774446e4bcca388602e1a2d6c6dd958c2884738dd513d1,https://www.corriere.it/economia/finanza/25_novembre_17/pil-italia-la-commisione-ue-taglia-le-stime-nel-2025-solo-0-4-e-cresce-l-inflazione-a-ottobre-539434d6-9e53-4180-95c9-e4b6f169axlk.shtml,"Pil Italia, la Commisione Ue taglia le stime: nel 2025 solo +0,4% (e ...",21,,,"... preliminare. L'indice nazionale dei prezzi al consumo per le famiglie di operai e impiegati (Foi), al netto dei tabacchi, registra una ",https://eview.copyscape.com/compare/url250qw8j/31
187,2026-09-07T11:24:19.042654,PRECONLUG2026,de92146a6756fc6136774446e4bcca388602e1a2d6c6dd958c2884738dd513d1,https://tg24.sky.it/economia/2024/10/16/inflazione-rallentamento-settembre-istat,"Inflazione, confermato rallentamento a 0,7% annuo a settembre: i dati",21,,,"... preliminare. L'indice nazionale dei prezzi al consumo per le famiglie di operai e impiegati (Foi), al netto dei tabacchi, registra una ",https://eview.copyscape.com/compare/url250qw8j/32
188,2026-09-07T11:24:19.042654,PRECONLUG2026,de92146a6756fc6136774446e4bcca388602e1a2d6c6dd958c2884738dd513d1,https://www.startupbusiness.it/a-gennaio-inflazione-confermata-all1-il-carrello-della-spesa-scende-al-19/150067/,"A gennaio inflazione confermata all'1%, il carrello della spesa ...",21,,,"... preliminare. L'indice nazionale dei prezzi al consumo per le famiglie di operai e impiegati (Foi), al netto dei tabacchi, registra una ",https://eview.copyscape.com/compare/url250qw8j/33
189,2026-09-07T11:24:19.042654,PRECONLUG2026,de92146a6756fc6136774446e4bcca388602e1a2d6c6dd958c2884738dd513d1,https://www.ilsole24ore.com/art/inflazione-istat-novembre-02percento-mese-e-11percento-anno-AI2j1vQ,"Inflazione, Istat: a novembre cala all'1,1%, ai minimi da gennaio",21,,,"... preliminare. L'indice nazionale dei prezzi al consumo per le famiglie di operai e impiegati (FOI), al netto dei tabacchi, registra una ",https://eview.copyscape.com/compare/url250qw8j/34
190,2026-09-07T11:24:19.042654,PRECONLUG2026,de92146a6756fc6136774446e4bcca388602e1a2d6c6dd958c2884738dd513d1,https://inumeridibolognametropolitana.it/notizie/istat-inflazione-italia-32-nel-mese-di-maggio-2026-definitivo,"Istat: Inflazione - in Italia +3,2% nel mese di maggio 2026 (definitivo)",20,,,"... Nel mese di maggio  2026, l'indice nazionale dei prezzi al consumo per l'intera collettività (NIC), al lordo dei tabacchi, registra una ",https://eview.copyscape.com/compare/url250qw8j/35
191,2026-09-07T11:24:19.042654,PRECONLUG2026,de92146a6756fc6136774446e4bcca388602e1a2d6c6dd958c2884738dd513d1,https://www.aranagenzia.it/download/prezzi-al-consumo-marzo-2023/,Prezzi al consumo – marzo 2023 | Aran Agenzia,20,,,"... L'inflazione di fondo, al netto degli energetici e degli alimentari freschi, resta stabile a +6,3%, così come  quella al netto dei soli beni energetici, che si ",https://eview.copyscape.com/compare/url250qw8j/36
192,2026-09-07T11:24:19.042654,PRECONLUG2026,de92146a6756fc6136774446e4bcca388602e1a2d6c6dd958c2884738dd513d1,https://www.teleborsa.it/News/2026/09/01/inflazione-in-accelerazione-al-3-3percent-ad-agosto-con-impennata-prezzi-energia-51.html,"Inflazione in accelerazione al 3,3% ad agosto con impennata prezzi ...",20,,,"... Si amplia il differenziale tra il comparto dei servizi e quello dei beni, che  passa da -0,5 a -1,7  punti percentuali. Il tasso di variazione ",https://eview.copyscape.com/compare/url250qw8j/37
193,2026-09-07T11:24:19.042654,PRECONLUG2026,de92146a6756fc6136774446e4bcca388602e1a2d6c6dd958c2884738dd513d1,https://www.aranagenzia.it/download/prezzi-al-consumo-maggio-2020/,Prezzi al consumo – maggio 2020 | Aran Agenzia,20,,,"... L'inflazione acquisita nel 2020 è pari a -0,1%  per l'indice generale e a +0,6%  per la componente di fondo. L'indice armonizzato dei prezzi al consumo (IPCA) ",https://eview.copyscape.com/compare/url250qw8j/38
194,2026-09-07T11:24:19.042654,PRECONLUG2026,de92146a6756fc6136774446e4bcca388602e1a2d6c6dd958c2884738dd513d1,https://tg24.sky.it/economia/2026/02/23/inflazione-gennaio-istat,"Inflazione, a gennaio confermata all'1%: prezzi salgono dello 0,4%",20,,,"... preliminare. L'indice nazionale dei prezzi al consumo per le famiglie di operai e impiegati (Foi), al netto dei tabacchi, registra invece ",https://eview.copyscape.com/compare/url250qw8j/39
195,2026-09-07T11:24:19.042654,PRECONLUG2026,de92146a6756fc6136774446e4bcca388602e1a2d6c6dd958c2884738dd513d1,https://risorgimentosicilia.qds.it/economia/istat-inflazione-da-record-8-mai-cosi-da-36-anni-salasso-da-2500-euro-a-famiglia-2/,"Istat, inflazione da record: +8%, mai così da 36 anni, salasso da ...",20,,,"... preliminare. L'indice nazionale dei prezzi al consumo per le famiglie di operai e impiegati (FOI), al netto dei tabacchi, registra un aumento dell'1,2% su ",https://eview.copyscape.com/compare/url250qw8j/40
196,2026-09-07T11:24:19.042654,PRECONLUG2026,de92146a6756fc6136774446e4bcca388602e1a2d6c6dd958c2884738dd513d1,https://www.ilsole24ore.com/radiocor/nRC_12.08.2026_10.10_199,"Inflazione: Istat, in luglio +0,3% mensile, +2,9% annuo (RCO)",17,,,"... La stima preliminare aggiunge l'Istat era del  2,8%. Il lieve rallentamento dell'inflazione riflette la dinamica dei prezzi degli energetici non ",https://eview.copyscape.com/compare/url250qw8j/41
197,2026-09-07T11:24:19.042654,PRECONLUG2026,de92146a6756fc6136774446e4bcca388602e1a2d6c6dd958c2884738dd513d1,https://www.ilsole24ore.com/radiocor/nRC_29.05.2026_11.23_287,"Inflazione: Istat stima +0,4% a maggio, +3,2% su anno - Il Sole 24 ORE",17,,,"... La variazione congiunturale dell'indice generale riflette soprattutto  l'aumento dei prezzi ... dei Servizi ricreativi, culturali e per la cura ",https://eview.copyscape.com/compare/url250qw8j/42
198,2026-09-07T11:24:19.042654,PRECONLUG2026,de92146a6756fc6136774446e4bcca388602e1a2d6c6dd958c2884738dd513d1,https://www.aranagenzia.it/download/prezzi-al-consumo-novembre-2020/,Prezzi al consumo – novembre 2020 | Aran Agenzia,17,,,"... L'indice armonizzato dei prezzi al consumo (IPCA) registra una variazione tendenziale nulla  su base mensile e una diminuzione dello 0,3%  su base annua (da ",https://eview.copyscape.com/compare/url250qw8j/43
199,2026-09-07T11:24:19.042654,PRECONLUG2026,de92146a6756fc6136774446e4bcca388602e1a2d6c6dd958c2884738dd513d1,https://www.aranagenzia.it/download/prezzi-al-consumo-marzo-2025/,Prezzi al consumo – marzo 2025 | Aran Agenzia,16,,,"... All'opposto, decelerano i prezzi degli Energetici regolamentati (da +31,4% a+27,2%) e quelli  dei Servizi relativi ai trasporti (da +1,9%  a +1,6%). L ",https://eview.copyscape.com/compare/url250qw8j/44
200,2026-09-07T11:24:19.042654,PRECONLUG2026,de92146a6756fc6136774446e4bcca388602e1a2d6c6dd958c2884738dd513d1,https://tg24.sky.it/economia/2024/11/15/inflazione-ottobre-crescita-istat,"Inflazione, a ottobre crescita dello 0,9% su base mensile - Sky TG24",16,,,"... Per favore riprova più tardi. A ottobre l'“inflazione di fondo”, al netto degli energetici e degli alimentari freschi, resta stabile a +1,8 ",https://eview.copyscape.com/compare/url250qw8j/45
201,2026-09-07T11:24:19.042654,PRECONLUG2026,de92146a6756fc6136774446e4bcca388602e1a2d6c6dd958c2884738dd513d1,https://www.ore12.net/inflazione-istat-conferma-stime-a-maggio-04-su-mese-32-su-anno/,"Istat conferma stime, a maggio +0,4% su mese +3,2% su anno - Ore12",16,,,"... La variazione congiunturale dell'indice generale riflette invece soprattutto  l'aumento dei prezzi ... dei Servizi ricreativi, culturali e per la ",https://eview.copyscape.com/compare/url250qw8j/46
202,2026-09-07T11:24:19.042654,PRECONLUG2026,de92146a6756fc6136774446e4bcca388602e1a2d6c6dd958c2884738dd513d1,https://www.aranagenzia.it/download/prezzi-al-consumo-maggio-2021-2/,Prezzi al consumo – maggio 2021 | Aran Agenzia,16,,,"... Secondo le stime preliminari, l'indice armonizzato dei prezzi al consumo (IPCA) registra una variazione nulla  su base mensile e un aumento  su base annua ",https://eview.copyscape.com/compare/url250qw8j/47
203,2026-09-07T11:24:19.042654,PRECONLUG2026,de92146a6756fc6136774446e4bcca388602e1a2d6c6dd958c2884738dd513d1,https://en.ilsole24ore.com/art/istat-inflation-03-per-cent-month-on-month-29-per-cent-year-on-year-in-july-AJCYUjk,Istat revises its estimates upwards; inflation stands at 2.9 per cent in ...,15,,,... effetto soprattutto della dinamica dei prezzi degli Alimentari non lavorati e degli Energetici non regolamentati ANSA. 3' min read. Translated ,https://eview.copyscape.com/compare/url250qw8j/48
204,2026-09-07T11:24:22.447198,PROINDGIU2026,65b76e7ddf7b7cca90f2a702f437c4f5e132ef190dee67f00c5cbb2f7972e993,https://www.confapitreviso.it/news/produzione-industriale-il-secondo-trimestre-dellanno-in-crescita-rispetto-al-primo/,il secondo trimestre dell'anno in crescita rispetto al primo,127,,,"... Nella media del secondo trimestre si registra una crescita del livello della produzione dello 0,4% rispetto al primo trimestre 2026. L ... L'indice destagionalizzato mensile cresce su base congiunturale solo ... Al netto degli effetti di calendario, a giugno 2026 l'indice generale diminuisce in termini tendenziali dello 0,6% (i giorni lavorativi di ... I settori di attività economica che registrano gli incrementi tendenziali più elevati sono la fabbricazione di computer, prodotti di ... A giugno – è il commento dell'Istat – l'indice destagionalizzato della produzione industriale registra un calo rispetto a maggio. La ... flessione è diffusa ai principali raggruppamenti di industrie, con esclusione dell'energia. Risulta invece positivo l'andamento ... congiunturale complessivo nella media del secondo trimestre (+0,4%). Anche in termini tendenziali la ... strumentali registrano una crescita moderata. Nel primo semestre ... incremento particolarmente sostenuto nella fabbricazione di mezzi di ",https://eview.copyscape.com/compare/suwupni2n4/1
205,2026-09-07T11:24:22.447198,PROINDGIU2026,65b76e7ddf7b7cca90f2a702f437c4f5e132ef190dee67f00c5cbb2f7972e993,https://www.nuovogiornalenazionale.com/istat-landamento-della-produzione-industriale-giugno-2026/,"Istat, l'andamento della produzione industriale giugno 2026",124,,,"... L'indice destagionalizzato della produzione industriale diminuisca dell'1,0% rispetto a maggio ... Nella media del secondo trimestre si registra una crescita del livello ... della produzione dello 0,4% rispetto al primo trimestre 2026. ... Al netto degli effetti di calendario, a giugno 2026 l'indice generale diminuisce in termini tendenziali dello 0,6% (i giorni lavorativi di calendario sono ... A giugno l'indice destagionalizzato della produzione industriale registra un calo rispetto a maggio. La flessione è diffusa ai principali raggruppamenti di ... Risulta invece positivo l'andamento congiunturale complessivo nella media del secondo trimestre (+0,4%). Anche in termini tendenziali la produzione, al ... Il calo è marcato nei beni di consumo, mentre l'energia ... strumentali registrano una crescita moderata. Nel primo semestre ... dell'anno, la produzione totale al netto degli effetti di ",https://eview.copyscape.com/compare/suwupni2n4/2
206,2026-09-07T11:24:22.447198,PROINDGIU2026,65b76e7ddf7b7cca90f2a702f437c4f5e132ef190dee67f00c5cbb2f7972e993,https://tg24.sky.it/economia/2026/08/06/istat-produzione-industriale-calo-giugno,"Istat, produzione industriale in calo dell'1% a giugno - Sky TG24",92,,,"... L'indice destagionalizzato mensile cresce su base congiunturale solo per l'energia (+0,8%), mentre diminuisce per i beni di consumo (-0,7%), ... Viceversa, si osserva una crescita tendenziale per i beni strumentali (+0,6%) e, con maggiore intensità, per l'energia (+1,7%). ... I settori di attività economica che registrano gli incrementi tendenziali più elevati sono la fabbricazione di computer, prodotti di ... Le flessioni maggiori si osservano nelle industrie tessili, abbigliamento, pelli e accessori (-7,1%), nelle altre ... industrie manifatturiere, riparazione e installazione di macchine ed apparecchiature (-3,6%) e nella fabbricazione di macchinari ",https://eview.copyscape.com/compare/suwupni2n4/3
207,2026-09-07T11:24:22.447198,PROINDGIU2026,65b76e7ddf7b7cca90f2a702f437c4f5e132ef190dee67f00c5cbb2f7972e993,https://www.teleborsa.it/News/2026/08/06/italia-a-giugno-produzione-industriale-cala-su-base-sia-congiunturale-che-tendenziale-59.html,"Italia, a giugno produzione industriale cala su base sia ... - Teleborsa",72,,,"... I settori di attività economica che registrano gli incrementi tendenziali più elevati sono la fabbricazione di computer, prodotti di ... apparecchi elettromedicali, apparecchi di misurazione e orologi (+4,5%), la fabbricazione di mezzi di trasporto (+3,2%) e la fornitura di ... Le flessioni maggiori si osservano nelle industrie tessili, abbigliamento, pelli e accessori (-7,1%), nelle altre ... industrie manifatturiere, riparazione e installazione di macchine ed apparecchiature (-3,6%) e nella fabbricazione di macchinari ",https://eview.copyscape.com/compare/suwupni2n4/4
208,2026-09-07T11:24:22.447198,PROINDGIU2026,65b76e7ddf7b7cca90f2a702f437c4f5e132ef190dee67f00c5cbb2f7972e993,https://www.borsaitaliana.it/borsa/notizie/radiocor/economia/dettaglio/industria-istat-produzione-1-a-giugno-24-su-anno-2-nRC_06082026_1017_264133991.html,"Industria: Istat, produzione -1% a giugno, +2,4% su anno -2",65,,,"... Il Sole 24 Ore Radiocor) - Roma, 06 ago - L'indice destagionalizzato mensile cresce su base congiunturale solo per l'energia (+0,8 ... apparecchi elettromedicali, apparecchi di misurazione e orologi (+4,5%), la fabbricazione di mezzi di trasporto (+3,2%) e la fornitura di ... Le flessioni maggiori si osservano nelle industrie tessili, abbigliamento, pelli e accessori (-7,1%), nelle altre ... industrie manifatturiere, riparazione e installazione di macchine ed apparecchiature (-3,6%) e nella fabbricazione di macchinari ",https://eview.copyscape.com/compare/suwupni2n4/5
209,2026-09-07T11:24:22.447198,PROINDGIU2026,65b76e7ddf7b7cca90f2a702f437c4f5e132ef190dee67f00c5cbb2f7972e993,https://www.ore12.net/industria-istat-1-produzione-a-giugno-su-mese-06-su-anno-crollano-i-beni-di-consumo/,"Industria: Istat, -1% produzione a giugno su mese, -0,6% su ... - Ore12",58,,,"... Mostrano un calo i beni consumo (-3,2%) e i beni intermedi (-1,2%). Viceversa, si osserva una crescita tendenziale per i beni strumentali (+0,6 ... Le flessioni maggiori si osservano nelle industrie tessili, abbigliamento, pelli e accessori (-7,1%), nelle altre ... industrie manifatturiere, riparazione e installazione di macchine ed apparecchiature (-3,6%) e nella fabbricazione di macchinari ",https://eview.copyscape.com/compare/suwupni2n4/6
210,2026-09-07T11:24:22.447198,PROINDGIU2026,65b76e7ddf7b7cca90f2a702f437c4f5e132ef190dee67f00c5cbb2f7972e993,https://www.borsaitaliana.it/borsa/notizie/radiocor/economia/dettaglio/industria-istat-produzione-1-a-giugno-24-su-anno-rco-nRC_06082026_1013_260183122.html,"Industria: Istat, produzione -1% a giugno, +2,4% su anno (RCO)",52,,,"... Il Sole 24 Ore Radiocor) - Roma, 06 ago - A giugno si stima che l'indice destagionalizzato della produzione industriale diminuisca dell'1% ... Nella media del secondo trimestre si registra una crescita del livello della produzione dello 0,4% rispetto al primo trimestre 2026. Al ... Al netto degli effetti di calendario, ... l'indice generale diminuisce in termini tendenziali dello 0,6% (i giorni lavorativi di calendario sono ",https://eview.copyscape.com/compare/suwupni2n4/7
211,2026-09-07T11:24:22.447198,PROINDGIU2026,65b76e7ddf7b7cca90f2a702f437c4f5e132ef190dee67f00c5cbb2f7972e993,https://www.ilsole24ore.com/art/istat-produzione-industriale-1percento-giugno-24percento-anno-AJf05Lg,"L'auto non basta: a giugno produzione giù dell'1%, -0,6% su anno",44,,,"... Mostrano un calo i beni consumo (-3,2%) e i beni intermedi (-1,2%). Viceversa, si osserva una crescita tendenziale per i beni strumentali (+0,6 ... Le flessioni maggiori si osservano nelle industrie tessili, abbigliamento, pelli e accessori (-7,1%), nelle altre industrie manifatturiere ",https://eview.copyscape.com/compare/suwupni2n4/8
212,2026-09-07T11:24:22.447198,PROINDGIU2026,65b76e7ddf7b7cca90f2a702f437c4f5e132ef190dee67f00c5cbb2f7972e993,https://www.ansa.it/sito/notizie/economia/pmi/2026/08/06/istat-produzione-industriale-in-calo-dell1-a-giugno-su-anno-06-2_9d928715-1779-4711-8a38-1f8f5ad9af15.html,"Istat, produzione industriale in calo dell'1% a giugno, su anno - ANSA",38,,,"... Nel dettaglio, mostrano un calo tendenziale  i beni consumo (-3,2%) e i beni intermedi (-1,2%). Viceversa, si osserva una crescita tendenziale ... Le flessioni maggiori si osservano nelle industrie tessili, abbigliamento, pelli e accessori (-7,1%), nelle altre industrie manifatturiere ",https://eview.copyscape.com/compare/suwupni2n4/9
213,2026-09-07T11:24:22.447198,PROINDGIU2026,65b76e7ddf7b7cca90f2a702f437c4f5e132ef190dee67f00c5cbb2f7972e993,https://www.ansa.it/sito/notizie/economia/pmi/2026/08/06/istat-produzione-industriale-in-calo-dell1-a-giugno-su-anno-06_8314d6a7-9917-4880-ac32-7d33c38395c1.html,"La produzione industriale in calo dell'1% a giugno, su anno -0,6%",38,,,"... Nel dettaglio, mostrano un calo tendenziale  i beni consumo (-3,2%) e i beni intermedi (-1,2%). Viceversa, si osserva una crescita tendenziale ... Le flessioni maggiori si osservano nelle industrie tessili, abbigliamento, pelli e accessori (-7,1%), nelle altre industrie manifatturiere ",https://eview.copyscape.com/compare/suwupni2n4/10
214,2026-09-07T11:24:22.447198,PROINDGIU2026,65b76e7ddf7b7cca90f2a702f437c4f5e132ef190dee67f00c5cbb2f7972e993,https://www.ilnordest.it/italia-ed-esteri/istat-produzione-industriale-in-calo-dell1-a-giugno-su-anno-0-6-skus97lj,"++ Istat, produzione industriale in calo dell'1% a giugno, su anno",32,,,"... Nella media del secondo trimestre si registra una crescita del livello ... La flessione mensile è diffusa ai principali raggruppamenti di industrie, con esclusione dell'energia. Su base annua "" il calo è marcato nei beni ... strumentali registrano una crescita moderata"", commenta l'Istat.",https://eview.copyscape.com/compare/suwupni2n4/11
215,2026-09-07T11:24:22.447198,PROINDGIU2026,65b76e7ddf7b7cca90f2a702f437c4f5e132ef190dee67f00c5cbb2f7972e993,https://www.primanotizia24.it/articoli/istat-produzione-industriale-in-flessione-a-giugno-1-su-maggio-558998,"Istat: produzione industriale in flessione a giugno, -1% su maggio",30,,,"... La flessione è diffusa ai principali raggruppamenti di industrie, con esclusione dell'energia. Risulta invece positivo ... l'andamento congiunturale complessivo nella media del secondo trimestre (+0,4%). Anche in termini tendenziali la ",https://eview.copyscape.com/compare/suwupni2n4/12
216,2026-09-07T11:24:22.447198,PROINDGIU2026,65b76e7ddf7b7cca90f2a702f437c4f5e132ef190dee67f00c5cbb2f7972e993,https://teleborsa.ansa.it/notiziario/economia/italia-produzione-industriale-cala-a-maggio-dopo-tre-mesi-di-aumenti-congiunturali/,"Italia, produzione industriale cala a maggio dopo tre mesi di aumenti ...",28,,,"... Nella media del periodo marzo-maggio  si registra una crescita del livello della produzione dello 0,9% rispetto ai tre mesi precedenti. L ... nelle altre industrie manifatturiere, riparazione e installazione di macchinari  ed apparecchiature (-3,8%)  e nella fabbricazione di ",https://eview.copyscape.com/compare/suwupni2n4/13
217,2026-09-07T11:24:22.447198,PROINDGIU2026,65b76e7ddf7b7cca90f2a702f437c4f5e132ef190dee67f00c5cbb2f7972e993,https://www.corriere.it/economia/aziende/24_gennaio_11/italia-produzione-industriale-calo-31percento-ma-segno-negativo-tutti-comparti-02c6159e-b065-11ee-a325-593ff8bfe988.shtml,"Istat, produzione industriale in calo: a novembre giù del 3 ... - Corriere",27,,,"... A novembre 2023, infatti, si stima che l'indice destagionalizzato della produzione industriale diminuisca dell'1,5% rispetto a ottobre e del ... Lo rileva l'Istat precisando che nella media del trimestre settembre-novembre  si registra una flessione  del livello della produzione dello 0,8% ... netto degli effetti di calendario con 21 giorni lavorativi come a novembre 2022). Lo rileva l'Istat precisando che nella media del trimestre ",https://eview.copyscape.com/compare/suwupni2n4/14
218,2026-09-07T11:24:22.447198,PROINDGIU2026,65b76e7ddf7b7cca90f2a702f437c4f5e132ef190dee67f00c5cbb2f7972e993,https://www.borsaitaliana.it/borsa/notizie/teleborsa/economia/italia-produzione-industriale-cala-a-giugno-su-base-congiunturale-e-tendenziale-59_2026-08-06_TLB.html,"Italia, a giugno produzione industriale cala su base sia ...",26,,,"... Mostrano un calo i beni consumo (-3,2%) e i beni intermedi (-1,2%). Viceversa, si osserva una crescita tendenziale per i beni strumentali (+0,6 ",https://eview.copyscape.com/compare/suwupni2n4/15
219,2026-09-07T11:24:22.447198,PROINDGIU2026,65b76e7ddf7b7cca90f2a702f437c4f5e132ef190dee67f00c5cbb2f7972e993,https://www.confcommercio.it/-/prod-industriale-luglio,Produzione industriale in calo - Confcommercio,25,,,"... Al netto degli effetti di calendario, a luglio 2023 l'indice complessivo  diminuisce in termini tendenziali del 2,1% ( i giorni lavorativi di ... calendario sono stati 21, come a luglio 2022). Nella media del periodo maggio-luglio il livello della produzione ... Dopo due mesi di crescita congiunturale l'indice destagionalizzato della produzione industriale registra, a luglio, una diminuzione. E ",https://eview.copyscape.com/compare/suwupni2n4/16
220,2026-09-07T11:24:22.447198,PROINDGIU2026,65b76e7ddf7b7cca90f2a702f437c4f5e132ef190dee67f00c5cbb2f7972e993,https://www.oice.it/965332/istat-produzione-industriale-in-calo-dell-1-a-giugno-su-anno-0-6-nel-trimestre-0-4,"Istat, produzione industriale in calo dell'1% a giugno, su anno - Oice",21,,,"... Nella media del secondo trimestre si registra una crescita del livello della produzione dello 0,4% rispetto al primo trimestre 2026. La ",https://eview.copyscape.com/compare/suwupni2n4/17
221,2026-09-07T11:24:22.447198,PROINDGIU2026,65b76e7ddf7b7cca90f2a702f437c4f5e132ef190dee67f00c5cbb2f7972e993,https://www.ilsole24ore.com/art/industria-istat-03percento-produzione-maggio-11percento-anno-AJpK2yE,"Produzione industriale -0,3% a maggio, +1,1% su anno",18,,,"... destagionalizzato della produzione industriale diminuisca dello 0,3% rispetto ad aprile. Chiedilo al Sole. Come viene valutato il ruolo dei ... Il calo è diffuso ai principali raggruppamenti di industrie, con esclusione dell'energia. Risulta invece positivo l'andamento congiunturale ",https://eview.copyscape.com/compare/suwupni2n4/18
222,2026-09-07T11:24:22.447198,PROINDGIU2026,65b76e7ddf7b7cca90f2a702f437c4f5e132ef190dee67f00c5cbb2f7972e993,https://www.tgcom24.mediaset.it/economia/istat-giugno-cala-produzione-industriale-1-_115210319-202602k.shtml,"Istat, a giugno cala la produzione industriale dell'1% - Tgcom24",18,,,"... Su base annua ""il calo è marcato nei beni di consumo, mentre l'energia e i beni strumentali registrano una crescita moderata"", commenta l'Istat.",https://eview.copyscape.com/compare/suwupni2n4/19
223,2026-09-07T11:24:22.447198,PROINDGIU2026,65b76e7ddf7b7cca90f2a702f437c4f5e132ef190dee67f00c5cbb2f7972e993,https://www.lagazzettadelmezzogiorno.it/news/ultima-ora/2082456/++-istat-produzione-industriale-in-calo-dell-1-a-giugno-su-anno-0-6-++.html,"++ Istat, produzione industriale in calo dell'1% a giugno, su anno",16,,,"... Nella media del secondo trimestre si registra una crescita del livello ... strumentali registrano una crescita moderata"", commenta l'Istat.",https://eview.copyscape.com/compare/suwupni2n4/20
224,2026-09-07T11:24:22.447198,PROINDGIU2026,65b76e7ddf7b7cca90f2a702f437c4f5e132ef190dee67f00c5cbb2f7972e993,https://www.ansa.it/amp/sito/notizie/economia/pmi/2026/08/06/istat-produzione-industriale-in-calo-dell1-a-giugno-su-anno-06_8314d6a7-9917-4880-ac32-7d33c38395c1.html,"La produzione industriale in calo dell'1% a giugno, su anno -0,6%",15,,,"... Nella media del secondo trimestre si registra una crescita del ... strumentali registrano una crescita moderata"", commenta l'Istat. Nel ",https://eview.copyscape.com/compare/suwupni2n4/21
225,2026-09-07T11:24:22.447198,PROINDGIU2026,65b76e7ddf7b7cca90f2a702f437c4f5e132ef190dee67f00c5cbb2f7972e993,https://www.conquistedellavoro.it/attualit%C3%A0/l-industria-in-retromarcia-a-maggio-produzione-0-3-1.3355315,"L'industria in retromarcia, a maggio produzione -0,3%",15,,,"... nelle altre industrie manifatturiere, riparazione e installazione di macchinari  ed apparecchiature (-3,8%)  e nella fabbricazione di ",https://eview.copyscape.com/compare/suwupni2n4/22
