Index,data,codice,id_hash,URL,Title,Min Words Matched,Percent Matched,Words Matched (Full),Text Snippet,View URL
1,2026-07-06T17:16:33.775276,,a75aac8f720c3c79a8aaeac5e4bd76f976209c4b6ee68c234461f493526c5ff7,https://formatresearch.com/2026/06/30/inflazione-al-3-istat-prezzi-al-consumo/,Inflazione al 3% | Istat PREZZI AL CONSUMO - Format Research,164,,,"... tabacchi, registra una variazione nulla su base mensile e del +3,0% su base annua (da +3,2% del mese precedente). Il lieve rallentamento ... Nel mese di giugno l'“inflazione di fondo”, al netto degli energetici e degli alimentari freschi, si riduce lievemente (da +1,7% a +1,6 ... I prezzi dei beni rimangono stabili su base annua (a +3,4%) e quelli dei servizi registrano un rallentamento (da +2,8% a +2,6%). Di ... conseguenza, il differenziale tra il comparto dei servizi e quello dei beni si attesta a -0,8 punti percentuali (dai -0,6 p.p.). Il tasso ... La variazione congiunturale dell'indice generale è sintesi, da un lato, della diminuzione dei prezzi di Alimentari non lavorati (-1,4%) e ... A giugno 2026 l'inflazione scende al +3,0% (dal +3,2% di maggio). Il lieve rallentamento riflette essenzialmente l'attenuarsi delle tensioni sui ... Un sostegno all'inflazione, d'altro canto, si deve alla moderata accelerazione dei prezzi degli Energetici. Si riduce il tasso di variazione",https://eview.copyscape.com/compare/9ljiuw0x1b/1
2,2026-07-06T17:16:33.775276,,a75aac8f720c3c79a8aaeac5e4bd76f976209c4b6ee68c234461f493526c5ff7,https://tg24.sky.it/economia/2026/06/30/inflazione-giugno-istat,"Inflazione, calo del 3% a giugno: crescita zero dei prezzi. I dati",137,,,"... tabacchi, registra una variazione nulla su base mensile e del +3% ... su base annua (da +3,2% del mese precedente). Lo comunica l'Istituto ... Per favore riprova più tardi. Il lieve rallentamento dell'inflazione riflette la dinamica dei prezzi degli Alimentari non lavorati (da +5,5 ... dei Servizi relativi ai trasporti (da +1,7% a +1,1%); in accelerazione sono invece i prezzi degli ... Energetici, regolamentati (da +5,6% a +9,3%) e non regolamentati (da +12,5% a +12,9%). Created with Sketch. ascolta articolo.... Nel mese di giugno - spiega ancora l'Istat -  l'""inflazione di fondo"", al netto degli energetici e degli alimentari freschi, si riduce lievemente ... I prezzi dei beni rimangono stabili su base annua (a +3,4%) e quelli dei servizi registrano un rallentamento (da +2,8% a +2,6%). Di ... La variazione congiunturale dell'indice generale è sintesi, da un lato, della diminuzione dei prezzi di Alimentari non lavorati (-1,4%) e",https://eview.copyscape.com/compare/9ljiuw0x1b/2
3,2026-07-06T17:16:33.775276,,a75aac8f720c3c79a8aaeac5e4bd76f976209c4b6ee68c234461f493526c5ff7,https://www.provincia.treviso.it/it/news/34253-istat-inflazione-in-italia-3-nel-mese-di-giugno-2026-provvisorio,Istat: Inflazione - in Italia +3% nel mese di giugno 2026 (provvisorio),134,,,"... tabacchi, registra una variazione nulla su base mensile e del +3,0% su base annua (da +3,2% del mese precedente). Il lieve rallentamento dell'inflazione ... Nel mese di giugno l'“inflazione di fondo”, al netto degli energetici e degli alimentari freschi, si riduce lievemente (da +1,7% a +1,6%), come anche quella ... netto dei soli beni energetici (da +2,1% a +2,0%). I prezzi dei beni rimangono stabili su base annua (a +3,4%) e quelli dei servizi registrano un ... Di conseguenza, il differenziale tra il comparto dei servizi e quello dei beni si attesta a -0,8 punti percentuali (dai -0,6 p.p.). Il tasso di variazione ... La variazione congiunturale dell'indice generale è sintesi, da un lato, della diminuzione dei prezzi di Alimentari non lavorati (-1,4%) e degli Energetici",https://eview.copyscape.com/compare/9ljiuw0x1b/3
4,2026-07-06T17:16:33.775276,,a75aac8f720c3c79a8aaeac5e4bd76f976209c4b6ee68c234461f493526c5ff7,https://www.provincia.treviso.it/it/component/content/article/34253-istat-inflazione-in-italia-3-nel-mese-di-giugno-2026-provvisorio?catid=124&Itemid=284,Istat: Inflazione - in Italia +3% nel mese di giugno 2026 (provvisorio),126,,,"... Testo integrale e nota metodologica. Logo della Provincia di Treviso. Logo ... dei Servizi relativi ai trasporti (da +1,7% a +1,1%); in accelerazione sono invece i prezzi degli Energetici, regolamentati (da +5,6% a +9,3%) e non ... Il tasso di variazione tendenziale dei prezzi dei Beni alimentari, per la cura della casa e della persona si riduce (da +1,9% a +1,6%), come quello dei ... lato, della diminuzione dei prezzi di Alimentari non lavorati (-1,4%) e ... quelli dei Servizi ricreativi, culturali, e per la cura della persona (+0,6%), dei Servizi relativi ai trasporti (+0,5%) e degli Energetici regolamentati (+ ... In base alle stime preliminari, l'indice armonizzato dei prezzi al consumo (IPCA) registra una variazione pari a +0,1% su base mensile e a +3,1% su base",https://eview.copyscape.com/compare/9ljiuw0x1b/4
5,2026-07-06T17:16:33.775276,,a75aac8f720c3c79a8aaeac5e4bd76f976209c4b6ee68c234461f493526c5ff7,https://www.gazzettadinapoli.it/economia-2/prezzi-al-consumo-istat-a-giugno-inflazione-giu/,"Prezzi al consumo, Istat, a giugno inflazione giù - Gazzetta di Napoli",110,,,"... Nel mese di giugno l'“inflazione di fondo”, al netto degli energetici e degli alimentari freschi, si riduce lievemente (da +1,7% a +1,6 ... I prezzi dei beni rimangono stabili su base annua (a +3,4%) e quelli dei servizi registrano un rallentamento (da +2,8% a +2,6%). Di ... La variazione congiunturale dell'indice generale è sintesi, da un lato, della diminuzione dei prezzi di Alimentari non lavorati (-1,4%) e ... Il lieve rallentamento riflette essenzialmente l'attenuarsi delle tensioni sui prezzi degli Alimentari non lavorati, dei Servizi relativi ai ... Un sostegno all'inflazione, d'altro canto, si deve alla moderata accelerazione dei prezzi degli Energetici. Si riduce il tasso di variazione",https://eview.copyscape.com/compare/9ljiuw0x1b/5
6,2026-07-06T17:16:33.775276,,a75aac8f720c3c79a8aaeac5e4bd76f976209c4b6ee68c234461f493526c5ff7,https://www.nuovogiornalenazionale.com/istat-i-prezzi-al-consumo-a-giugno-2026-dati-provvisori/,"Istat, i prezzi al consumo a giugno 2026 - Dati provvisori",99,,,"... Nel mese di giugno la “ inflazione di fondo”, al netto degli energetici e degli alimentari freschi, si riduce lievemente (da +1,7% a +1,6%), come anche ... I prezzi dei beni rimangono stabili su base annua (a +3,4%) e quelli dei servizi registrano un rallentamento (da +2,8% a +2,6%). Di conseguenza, il ... La variazione congiunturale dell'indice generale è sintesi, da un lato, della diminuzione dei prezzi di Alimentari non lavorati (-1,4%) e degli Energetici ... Un sostegno all'inflazione, d'altro canto, si deve alla moderata accelerazione dei prezzi degli Energetici. Si riduce il tasso di variazione tendenziale dei",https://eview.copyscape.com/compare/9ljiuw0x1b/6
7,2026-07-06T17:16:33.775276,,a75aac8f720c3c79a8aaeac5e4bd76f976209c4b6ee68c234461f493526c5ff7,https://www.confcommercio.it/-/inflazione-giugno-2026,L'inflazione inverte la marcia - Confcommercio,88,,,"... In accelerazione sono invece i prezzi degli Energetici, regolamentati (da +5,6% a +9,3%) e non regolamentati (da +12,5% a +12,9%). La  inflazione di fondo”, ovvero quella val  netto degli energetici e degli alimentari freschi, si riduce lievemente (da +1,7% a +1,6%), così ... I prezzi dei beni rimangono stabili su base annua (a +3,4%), mentre  quelli dei servizi registrano un rallentamento (da +2,8% a +2,6%). Di ... La variazione congiunturale dell'indice generale è ... da un lato sintesi  della diminuzione dei prezzi di Alimentari non lavorati (-1,4%) e",https://eview.copyscape.com/compare/9ljiuw0x1b/7
8,2026-07-06T17:16:33.775276,,a75aac8f720c3c79a8aaeac5e4bd76f976209c4b6ee68c234461f493526c5ff7,https://www.agrapress.it/2026/06/inflazione-istat-a-giugno-2026-si-stima-variazione-nulla-su-aprile-e-del-3-su-base-annua/,"INFLAZIONE : ISTAT, A GIUGNO 2026 SI STIMA VARIAZIONE ...",71,,,"... dinamica dei prezzi degli alimentari non lavorati (da +5,5% a +4,5%), dei servizi ricreativi, culturali e per la cura della persona (da +3,0 ... di conseguenza, il differenziale tra il comparto dei servizi e quello dei beni si attesta a -0,8 punti percentuali (dai -0,6 p.p.). il tasso ... il lieve rallentamento riflette essenzialmente l'attenuarsi delle tensioni sui prezzi degli alimentari non lavorati, dei servizi relativi ai",https://eview.copyscape.com/compare/9ljiuw0x1b/8
9,2026-07-06T17:16:33.775276,,a75aac8f720c3c79a8aaeac5e4bd76f976209c4b6ee68c234461f493526c5ff7,https://www.facebook.com/IstatIstitutoNazionalediStatistica/posts/a-giugno-2026-linflazione-scende-al-30-dal-32-di-maggio-il-lieve-rallentamento-r/1332819132361957/,"A giugno 2026 l'inflazione scende al + 3,0% (dal +3,2% di maggio ...",65,,,"... A giugno 2026 l'inflazione scende al + 3,0% (dal +3,2% di maggio). Il lieve rallentamento riflette essenzialmente l'attenuarsi delle ... tensioni sui prezzi degli Alimentari non lavorati, dei Servizi relativi ai trasporti e di quelli ricreativi, culturali e per la cura della ... accelerazione dei prezzi degli Energetici. Si riduce il tasso di variazione tendenziale dei prezzi del ""carrello della spesa"" (da +1,9% a +1",https://eview.copyscape.com/compare/9ljiuw0x1b/9
10,2026-07-06T17:16:33.775276,,a75aac8f720c3c79a8aaeac5e4bd76f976209c4b6ee68c234461f493526c5ff7,https://www.borsaitaliana.it/borsa/notizie/radiocor/economia/dettaglio/inflazione-istat-stima-variazione-nulla-a-giugno-3-su-anno-2-nRC_30062026_1109_298158327.html,"Inflazione: Istat stima variazione nulla a giugno, +3% su anno -2",62,,,"... Il Sole 24 Ore Radiocor) - Roma, 30 giu - I prezzi dei beni rimangono stabili a giugno  su base annua (a +3,4%) e quelli dei servizi ... Di conseguenza, il differenziale tra il comparto dei servizi e quello dei beni si attesta a -0,8 punti percentuali (dai -0,6 punti percentuali).... quelli dei Servizi ricreativi, culturali, e per la cura della persona (+0,6%), dei Servizi relativi ai trasporti (+0,5%) e degli Energetici",https://eview.copyscape.com/compare/9ljiuw0x1b/10
11,2026-07-06T17:16:33.775276,,a75aac8f720c3c79a8aaeac5e4bd76f976209c4b6ee68c234461f493526c5ff7,https://www.radiostudio90italia.it/inflazione-istat-a-giugno-rallenta-a-3-carrello-spesa-a-16/,"Inflazione, Istat: a giugno rallenta a +3%, carrello spesa a +1,6%",46,,,"... E' la stima preliminare diffusa dall'Istat. Il lieve rallentamento dell'inflazione riflette la dinamica dei prezzi degli Alimentari non lavorati (da +5,5% a ... Il tasso di variazione tendenziale dei prezzi dei Beni alimentari, per la cura della casa e della persona si riduce (da +1,9% a +1,6%), come quello dei",https://eview.copyscape.com/compare/9ljiuw0x1b/11
12,2026-07-06T17:16:33.775276,,a75aac8f720c3c79a8aaeac5e4bd76f976209c4b6ee68c234461f493526c5ff7,https://comunicazioneitaliana.it/news/eb536436e00a911bbda860d7992c1525,"Inflazione accelera, a marzo prezzi +1,7% - Comunicazione Italiana",46,,,"... L'andamento dell'inflazione risente prevalentemente della netta risalita dei prezzi degli Energetici - regolamentati (da -11,6% a -1, 3%) e non (da -6,2% a ... Il tasso di variazione tendenziale dei prezzi dei Beni alimentari, per la cura della casa e della persona evidenzia una moderata accelerazione (da +2,0% a +2,2 ... In base alle stime preliminari, l'indice armonizzato dei prezzi al consumo (Ipca) registra una variazione pari a +1,6%  su base mensile, per la fine dei",https://eview.copyscape.com/compare/9ljiuw0x1b/12
13,2026-07-06T17:16:33.775276,,a75aac8f720c3c79a8aaeac5e4bd76f976209c4b6ee68c234461f493526c5ff7,https://requadro.com/a-giugno-26-inflazione-al-3/,A giugno '26 inflazione al 3% - Requadro,41,,,"... A giugno 2026 l'inflazione scende al +3,0% (dal +3,2% di maggio). Il lieve rallentamento riflette essenzialmente l'attenuarsi delle tensioni ... Un sostegno all'inflazione, d'altro canto, si deve alla moderata accelerazione dei prezzi degli energetici. Si riduce il tasso di variazione",https://eview.copyscape.com/compare/9ljiuw0x1b/13
14,2026-07-06T17:16:33.775276,,a75aac8f720c3c79a8aaeac5e4bd76f976209c4b6ee68c234461f493526c5ff7,https://www.rainews.it/articoli/2026/06/istat-crescita-zero-dei-prezzi-a-giugno-linflazione-cala-al-3-3f546ece-a43b-4ebe-8d09-87a2a8231010.html,"Istat, crescita zero dei prezzi a giugno: l'inflazione cala al 3%",41,,,"... tabacchi, registra una variazione nulla su base mensile e del +3% ... su base annua (da +3,2% del mese precedente). Lo comunica l'Istituto ... A giugno l'inflazione di fondo, al netto degli energetici e degli alimentari freschi, si riduce lievemente (da +1,7% a +1,6%), come anche",https://eview.copyscape.com/compare/9ljiuw0x1b/14
15,2026-07-06T17:16:33.775276,,a75aac8f720c3c79a8aaeac5e4bd76f976209c4b6ee68c234461f493526c5ff7,https://www.borsaitaliana.it/borsa/notizie/radiocor/economia/dettaglio/inflazione-istat-stima-04-a-maggio-32-su-anno-2-nRC_29052026_1123_287371785.html,"Inflazione: Istat stima +0,4% a maggio, +3,2% su anno - Borsa Italiana",40,,,"... Il Sole 24 Ore Radiocor) - Roma, 29 mag - Il tasso di variazione tendenziale dei prezzi dei Beni alimentari, per la cura della casa e della ... In base alle stime preliminari, l'indice armonizzato dei prezzi al consumo (Ipca) registra una variazione pari a +0,4%  su base mensile e a",https://eview.copyscape.com/compare/9ljiuw0x1b/15
16,2026-07-06T17:16:33.775276,,a75aac8f720c3c79a8aaeac5e4bd76f976209c4b6ee68c234461f493526c5ff7,https://www.borsaitaliana.it/borsa/notizie/radiocor/prima-pagina/dettaglio/inflazione-istat-stima-variazione-nulla-a-giugno-3-su-anno-rco-nRC_30062026_1107_297133761.html,"Inflazione: Istat stima variazione nulla a giugno, +3% su anno (RCO)",39,,,"... tabacchi, registra una variazione nulla su base mensile e del +3% ... su base annua (da +3,2% del mese precedente). Il rallentamento riflette la ... netto dei soli beni energetici (da +2,1% a +2%). L'inflazione acquisita per il 2026 si mantiene ... a +2,6% per l'indice generale e sale a +1,7",https://eview.copyscape.com/compare/9ljiuw0x1b/16
17,2026-07-06T17:16:33.775276,,a75aac8f720c3c79a8aaeac5e4bd76f976209c4b6ee68c234461f493526c5ff7,https://en.ilsole24ore.com/radiocor/nRC_30.06.2026_11.07_29710297,"Inflazione: Istat stima variazione nulla a giugno, +3% su anno (RCO)",39,,,"... tabacchi, registra una variazione nulla su base mensile e del +3% ... su base annua (da +3,2% del mese precedente). Il rallentamento riflette la ... netto dei soli beni energetici (da +2,1% a +2%). L'inflazione acquisita per il 2026 si mantiene ... a +2,6% per l'indice generale e sale a +1,7",https://eview.copyscape.com/compare/9ljiuw0x1b/17
18,2026-07-06T17:16:33.775276,,a75aac8f720c3c79a8aaeac5e4bd76f976209c4b6ee68c234461f493526c5ff7,https://www.corrieredelleconomia.it/2026/06/30/importante-calo-dellinflazione-30-la-mantiene-ancora-solo-i-prezzi-dei-carburanti-lo-dice-listat/,"Importante calo dell'inflazione: +3,0%. La mantiene ancora solo i ...",38,,,"... Il lieve rallentamento riflette essenzialmente l'attenuarsi delle tensioni sui prezzi degli alimentari non lavorati, dei servizi relativi ai ... Un sostegno all'inflazione, d'altro canto, si deve alla moderata accelerazione dei prezzi degli energetici. Si riduce il tasso di variazione",https://eview.copyscape.com/compare/9ljiuw0x1b/18
19,2026-07-06T17:16:33.775276,,a75aac8f720c3c79a8aaeac5e4bd76f976209c4b6ee68c234461f493526c5ff7,https://www.financialounge.com/news/2026/06/30/linflazione-frena-a-giugno-in-italia-3/,L'inflazione frena a giugno in Italia: +3% - Financialounge.com,38,,,"... Sempre secondo i dati Istat, i prezzi dei beni rimangono stabili a giugno  su base annua (a +3,4%) mentre  quelli dei servizi registrano un ... La variazione congiunturale dell'indice generale è sintesi, da un lato, della diminuzione dei prezzi di alimentari non lavorati (-1,4%) e",https://eview.copyscape.com/compare/9ljiuw0x1b/19
20,2026-07-06T17:16:33.775276,,a75aac8f720c3c79a8aaeac5e4bd76f976209c4b6ee68c234461f493526c5ff7,https://www.ilsole24ore.com/radiocor/nRC_16.06.2026_10.14_226,"Inflazione: Istat conferma, +0,4% a maggio, +3,2% su anno -2",35,,,"... Di conseguenza, il differenziale tra il comparto dei servizi e quello dei beni si attesta a -0,6 punti percentuali, rispetto ai -0,7 p.p. ... Il tasso di variazione tendenziale dei prezzi dei Beni alimentari, per la cura della casa e della persona scende a +1,9% (da +2,3",https://eview.copyscape.com/compare/9ljiuw0x1b/20
21,2026-07-06T17:16:33.775276,,a75aac8f720c3c79a8aaeac5e4bd76f976209c4b6ee68c234461f493526c5ff7,https://www.ilfattonisseno.it/2026/06/inflazione-carrello-spesa-cala-dall19-all16-a-giugno/,"Inflazione: carrello spesa cala dall'1,9% all'1,6% a giugno",30,,,"... degli energetici e degli alimentari freschi, si riduce lievemente (da +1,7% a +1,6%), come anche quella al netto dei soli beni energetici (da +2,1% a +2,0%)",https://eview.copyscape.com/compare/9ljiuw0x1b/21
22,2026-07-06T17:16:33.775276,,a75aac8f720c3c79a8aaeac5e4bd76f976209c4b6ee68c234461f493526c5ff7,https://www.reddit.com/r/italy/comments/1ujm9o5/linflazione_preliminare_istat_di_giugno_si_ferma/,L'inflazione preliminare Istat di giugno: si ferma la corsa dei prezzi ...,26,,,"... I prezzi dei beni rimangono stabili su base annua (a +3,4%) e quelli dei servizi registrano un rallentamento (da +2,8% a +2,6%). Di",https://eview.copyscape.com/compare/9ljiuw0x1b/22
23,2026-07-06T17:16:33.775276,,a75aac8f720c3c79a8aaeac5e4bd76f976209c4b6ee68c234461f493526c5ff7,https://www.ilsole24ore.com/radiocor/nRC_29.05.2026_11.23_287,"Inflazione: Istat stima +0,4% a maggio, +3,2% su anno - Il Sole 24 ORE",23,,,"... In base alle stime preliminari, l'indice armonizzato dei prezzi al consumo (Ipca) registra una variazione pari a +0,4%  su base mensile e a",https://eview.copyscape.com/compare/9ljiuw0x1b/23
24,2026-07-06T17:16:33.775276,,a75aac8f720c3c79a8aaeac5e4bd76f976209c4b6ee68c234461f493526c5ff7,https://www.aranagenzia.it/download/prezzi-al-consumo-febbraio-2025/,Prezzi al consumo – Febbraio 2025 | Aran Agenzia,22,,,"... quelli dei Servizi ricreativi, culturali e per la cura della persona (da +3,3% a +3,1%).  Nel mese di febbraio  l'“inflazione di fondo”, al netto degli",https://eview.copyscape.com/compare/9ljiuw0x1b/24
25,2026-07-06T17:16:33.775276,,a75aac8f720c3c79a8aaeac5e4bd76f976209c4b6ee68c234461f493526c5ff7,https://www.freshplaza.it/article/9852593/il-settore-alimentare-vede-rallentare-la-crescita-dei-prezzi/,Il settore alimentare vede rallentare la crescita dei prezzi - FreshPlaza,21,,,"... precedente). Il lieve rallentamento dell'inflazione riflette la dinamica dei prezzi degli alimentari non lavorati (da +5,5% a +4,5%), dei",https://eview.copyscape.com/compare/9ljiuw0x1b/25
26,2026-07-06T17:16:33.775276,,a75aac8f720c3c79a8aaeac5e4bd76f976209c4b6ee68c234461f493526c5ff7,https://www.anfia.it/it/comunicazione/notizie-e-comunicati/comunicati-stampa/mercato-vetture-italia/anche-giugno-positivo-per-il-mercato-auto-italiano-10-6,ANCHE GIUGNO POSITIVO PER IL MERCATO AUTO ITALIANO,21,,,"... precedente). Il lieve rallentamento dell'inflazione riflette la dinamica dei prezzi degli Alimentari non lavorati (da +5,5% a +4,5%), dei",https://eview.copyscape.com/compare/9ljiuw0x1b/26
27,2026-07-06T17:16:33.775276,,a75aac8f720c3c79a8aaeac5e4bd76f976209c4b6ee68c234461f493526c5ff7,https://requadro.com/diario-da-dubai-stiamo-bene-e-la-citta-non-e-nel-panico/,"Diario da Dubai: ""Stiamo bene, e la città non è nel panico"" - Requadro",20,,,"... A giugno 2026 l'inflazione scende al +3,0% (dal +3,2% di maggio). Il lieve rallentamento riflette essenzialmente l'attenuarsi delle",https://eview.copyscape.com/compare/9ljiuw0x1b/27
28,2026-07-06T17:16:33.775276,,a75aac8f720c3c79a8aaeac5e4bd76f976209c4b6ee68c234461f493526c5ff7,https://www.lametasociale.it/2026/06/30/rallentano-i-prezzi-al-consumo-a-giugno/,Rallentano i prezzi al consumo a giugno - Meta Sociale,20,,,"... precedente. Il lieve rallentamento dell'inflazione, spiega l'Istat, « riflette la dinamica dei prezzi degli Alimentari non lavorati (da +5,5% a +4,5",https://eview.copyscape.com/compare/9ljiuw0x1b/28
29,2026-07-06T17:16:33.775276,,a75aac8f720c3c79a8aaeac5e4bd76f976209c4b6ee68c234461f493526c5ff7,https://www.ilnordest.it/italia-ed-esteri/istat-crescita-zero-dei-prezzi-a-giugno-inflazione-cala-al-3-deoajb5t,"Istat, crescita zero dei prezzi a giugno, inflazione cala al 3%",20,,,"... Un sostegno all'inflazione, d'altro canto, si deve alla moderata accelerazione dei prezzi degli Energetici. Si riduce il tasso di variazione",https://eview.copyscape.com/compare/9ljiuw0x1b/29
30,2026-07-06T17:16:33.775276,,a75aac8f720c3c79a8aaeac5e4bd76f976209c4b6ee68c234461f493526c5ff7,https://italia-informa.com/Istat--crescita-zero-dei-prezzi-a-giugno.aspx,"Istat, crescita zero dei prezzi a giugno - Italia Informa",20,,,"... Un sostegno all'inflazione, d'altro canto, si deve alla moderata accelerazione dei prezzi degli Energetici. Si riduce il tasso di variazione",https://eview.copyscape.com/compare/9ljiuw0x1b/30
31,2026-07-06T17:16:33.775276,,a75aac8f720c3c79a8aaeac5e4bd76f976209c4b6ee68c234461f493526c5ff7,https://www.redigo.info/2026/07/01/giugno-2026/,"Istat, prezzi al consumo di giugno 2026. L'inflazione rallenta",20,,,"... Un sostegno all'inflazione, d'altro canto, si deve alla moderata accelerazione dei prezzi degli Energetici. Si riduce il tasso di variazione",https://eview.copyscape.com/compare/9ljiuw0x1b/31
32,2026-07-06T17:16:33.775276,,a75aac8f720c3c79a8aaeac5e4bd76f976209c4b6ee68c234461f493526c5ff7,https://www.lagazzettadelmezzogiorno.it/news/ultima-ora/2035245/istat-crescita-zero-dei-prezzi-a-giugno-inflazione-cala-al-3.html,"Istat, crescita zero dei prezzi a giugno, inflazione cala al 3%",20,,,"... Un sostegno all'inflazione, d'altro canto, si deve alla moderata accelerazione dei prezzi degli Energetici. Si riduce il tasso di variazione",https://eview.copyscape.com/compare/9ljiuw0x1b/32
33,2026-07-06T17:16:33.775276,,a75aac8f720c3c79a8aaeac5e4bd76f976209c4b6ee68c234461f493526c5ff7,https://www.teleborsa.it/News/2026/06/30/istat-inflazione-in-lieve-calo-a-giugno-3-0percent-su-base-annua-da-3-2percent-di-maggio-77.html,"Istat, inflazione in lieve calo a giugno: +3,0% su base annua (da +3 ...",20,,,"... dei Servizi relativi ai trasporti (da +1,7% a +1,1%). In direzione ... Il tasso di variazione tendenziale dei prezzi del cosiddetto",https://eview.copyscape.com/compare/9ljiuw0x1b/33
34,2026-07-06T17:16:33.775276,,a75aac8f720c3c79a8aaeac5e4bd76f976209c4b6ee68c234461f493526c5ff7,https://www.uilpa.it/istat-prezzi-al-consumo-ancora-in-aumento/,Istat: prezzi al consumo ancora in aumento – UILPA,20,,,"... quelli dei Servizi ricreativi, culturali e per la cura della persona (da +6,3% a +6, 7%) e dei Servizi vari (da +2,5% a +2,9%). Tali effetti ... prezzi degli Energetici regolamentati (da -20,3% a -26,4%) e dal rallentamento di quelli degli Alimentari lavorati (da +15,3% a +14,7",https://eview.copyscape.com/compare/9ljiuw0x1b/34
35,2026-07-06T17:16:33.775276,,a75aac8f720c3c79a8aaeac5e4bd76f976209c4b6ee68c234461f493526c5ff7,https://www.ilmessaggero.it/economia/news/inflazione_italia_eurozona_ultime_notizie-7377001.html,"L'inflazione in Italia torna a crescere: +8,3%. Male anche l'Eurozona ...",20,,,"... quelli dei servizi ricreativi, culturali e per la cura della persona (da +6,3% a +6, 7%) e dei servizi vari (da +2,5% a +2,9%). Tali effetti ... sono stati solo in parte compensati dalla flessione più marcata dei prezzi degli energetici regolamentati (da -20,3% a -26,4",https://eview.copyscape.com/compare/9ljiuw0x1b/35
36,2026-07-06T17:16:33.775276,,a75aac8f720c3c79a8aaeac5e4bd76f976209c4b6ee68c234461f493526c5ff7,https://www.instagram.com/p/DODZcZsiTtD/,"A luglio 2025, il numero degli occupati raggiunge i 24 milioni ...",18,,,"... Il lieve rallentamento riflette essenzialmente l'attenuarsi delle tensioni sui prezzi degli. Alimentari non lavorati, dei Servizi relativi ai",https://eview.copyscape.com/compare/9ljiuw0x1b/36
37,2026-07-06T17:16:33.775276,,a75aac8f720c3c79a8aaeac5e4bd76f976209c4b6ee68c234461f493526c5ff7,https://www.facebook.com/FocusEconomia/posts/secondo-le-stime-preliminari-dellistat-nel-mese-di-giugno-2026-lindice-dei-prezz/1619350946222050/,Focus Economia di Sebastiano Barisoni - Radio 24 - Facebook,18,,,"... mese di giugno 2026 l'indice ... dei prezzi al consumo, ... al lordo dei tabacchi, registra una variazione nulla su",https://eview.copyscape.com/compare/9ljiuw0x1b/37
38,2026-07-06T17:16:33.775276,,a75aac8f720c3c79a8aaeac5e4bd76f976209c4b6ee68c234461f493526c5ff7,https://www.conquistedellavoro.it/attualit%C3%A0/lagarde-spazio-per-agire-sui-tassi-ma-senza-corsa-ai-rialzi-1.3355119,Lagarde: spazio per agire sui tassi ma senza corsa ai rialzi,18,,,"... Lo comunica l'Istituto. Il lieve rallentamento dell'inflazione riflette la dinamica dei prezzi degli alimentari non lavorati (da +5,5% a +4",https://eview.copyscape.com/compare/9ljiuw0x1b/38
39,2026-07-06T17:16:33.775276,,a75aac8f720c3c79a8aaeac5e4bd76f976209c4b6ee68c234461f493526c5ff7,https://teleborsa.ansa.it/notiziario/economia/istat-a-maggio-linflazione-accelera-al-32-spingono-ancora-i-prezzi-dellenergia/,"Istat, a maggio l'inflazione accelera al 3,2%. Spingono ancora i ...",18,,,"... Il tasso di variazione tendenziale dei prezzi dei Beni alimentari, per la cura della casa e della persona resta stabile a +2,3%, mentre",https://eview.copyscape.com/compare/9ljiuw0x1b/39
40,2026-07-06T17:16:33.775276,,a75aac8f720c3c79a8aaeac5e4bd76f976209c4b6ee68c234461f493526c5ff7,https://www.borse.it/news/inflazione-italia-in-calo-al-3-a-giugno-giu-anche-il-carrello-spesa,"Inflazione Italia in calo al 3% a giugno, giù anche il carrello spesa",17,,,"... Il lieve rallentamento riflette essenzialmente l'attenuarsi delle tensioni sui prezzi degli Alimentari non lavorati, dei Servizi relativi",https://eview.copyscape.com/compare/9ljiuw0x1b/40
41,2026-07-06T17:16:33.775276,,a75aac8f720c3c79a8aaeac5e4bd76f976209c4b6ee68c234461f493526c5ff7,https://pminews.eu/2026/06/30/prezzi-al-consumo-giugno-2026-linflazione-scende-al-30-i-dati-istat/,"Prezzi al consumo: giugno 2026, l'inflazione scende al +3,0%",17,,,"... I prezzi dei beni rimangono stabili su base annua (+3,4%), mentre  quelli dei servizi rallentano (dal +2,8% al + 2,6%). Di conseguenza, il",https://eview.copyscape.com/compare/9ljiuw0x1b/41
42,2026-07-06T17:16:33.775276,,a75aac8f720c3c79a8aaeac5e4bd76f976209c4b6ee68c234461f493526c5ff7,https://www.startupbusiness.it/inflazione-istat-conferma-04-a-maggio-32-su-anno/176864/,"Inflazione, Istat conferma: +0,4% a maggio, +3,2% su anno",17,,,"... Di conseguenza, il differenziale tra il comparto dei servizi e quello dei beni si attesta a -0,6 punti percentuali, rispetto ai -0,7 p.p.",https://eview.copyscape.com/compare/9ljiuw0x1b/42
43,2026-07-06T17:16:33.775276,,a75aac8f720c3c79a8aaeac5e4bd76f976209c4b6ee68c234461f493526c5ff7,https://formatresearch.com/2026/06/16/inflazione-al-32-istat-prezzi-al-consumo/,"Inflazione al 3,2% | Istat PREZZI AL CONSUMO - Format Research",17,,,"... Di conseguenza, il differenziale tra il comparto dei servizi e quello dei beni si attesta a -0,6 punti percentuali, rispetto ai -0,7 p.p.",https://eview.copyscape.com/compare/9ljiuw0x1b/43
44,2026-07-06T17:16:33.775276,,a75aac8f720c3c79a8aaeac5e4bd76f976209c4b6ee68c234461f493526c5ff7,https://www.ore12.net/inflazione-istat-conferma-stime-a-maggio-04-su-mese-32-su-anno/,"Istat conferma stime, a maggio +0,4% su mese +3,2% su anno - Ore12",17,,,"... Di conseguenza, il differenziale tra il comparto dei servizi e quello dei beni si attesta a -0,6 punti percentuali, rispetto ai -0,7 p.p.",https://eview.copyscape.com/compare/9ljiuw0x1b/44
45,2026-07-06T17:16:33.775276,,a75aac8f720c3c79a8aaeac5e4bd76f976209c4b6ee68c234461f493526c5ff7,https://www.corriere.it/economia/consumi/26_giugno_16/inflazione-la-conferma-dell-istat-a-maggio-sale-dello-0-4-su-mese-3-2-rispetto-a-un-anno-fa-25f3de36-b6c5-4935-b9a2-fc9dec68exlk.shtml,"Inflazione, la conferma dell'Istat: a maggio sale dello 0,4% su mese ...",17,,,"... Di conseguenza, il differenziale tra il comparto dei servizi e quello dei beni si attesta a -0,6 punti percentuali, rispetto ai -0,7 p.p.",https://eview.copyscape.com/compare/9ljiuw0x1b/45
46,2026-07-06T17:16:33.775276,,a75aac8f720c3c79a8aaeac5e4bd76f976209c4b6ee68c234461f493526c5ff7,https://geagency.it/economia/guerra-e-crisi-hormuz-spingono-inflazione-a-maggio-32-su-anno/,"Guerra e crisi Hormuz spingono inflazione: a maggio +3,2% su anno",17,,,"... Di conseguenza, il differenziale tra il comparto dei servizi e quello dei beni si attesta a -0,6 punti percentuali, rispetto ai -0,7 punti",https://eview.copyscape.com/compare/9ljiuw0x1b/46
47,2026-07-06T17:16:33.775276,,a75aac8f720c3c79a8aaeac5e4bd76f976209c4b6ee68c234461f493526c5ff7,https://www.aranagenzia.it/download/prezzi-al-consumo-aprile-2024/,Prezzi al consumo – aprile 2024 | Aran Agenzia,15,,,"... dei Servizi relativi ai trasporti (+0,7%). Gli effetti di questi aumenti sono stati solo in parte compensati dalla diminuzione dei ... netto dei soli beni energetici da +2,4% a +2,1%. La dinamica tendenziale dei  prezzi dei beni registra una flessione leggermente più ampia (da -0,2% a -0,6",https://eview.copyscape.com/compare/9ljiuw0x1b/47
48,2026-07-06T17:16:33.775276,,a75aac8f720c3c79a8aaeac5e4bd76f976209c4b6ee68c234461f493526c5ff7,https://www.uilpa.it/istat-il-costo-della-vita-continua-ad-aumentare/,Istat: il costo della vita continua ad aumentare – UILPA,15,,,"... In base alle stime preliminari, l'indice armonizzato dei prezzi al consumo (IPCA) aumenta dell'1,3%  su base annua. Documento PDF: CS_Prezzi",https://eview.copyscape.com/compare/9ljiuw0x1b/48
49,2026-07-06T17:16:33.775276,,a75aac8f720c3c79a8aaeac5e4bd76f976209c4b6ee68c234461f493526c5ff7,https://www.ilsole24ore.com/art/inflazione-dicembre-13percento-base-annua-e-01percento-mese-2024-crescita-media-prezzi-dell-10percento-AGEJz69B,"Inflazione, a dicembre +1,3% su base annua e +0,1% sul mese. Nel ...",15,,,"... Sempre secondo le stime preliminari l'indice armonizzato dei prezzi al consumo (Ipca) registra una variazione ... su base mensile pari a +0,1% e",https://eview.copyscape.com/compare/9ljiuw0x1b/49
50,2026-07-06T17:16:35.039444,,fb339c0b50012bca2d9005034f25a28c80e07da586810bdf8ddd4449d6d31e93,https://www.ilsole24ore.com/radiocor/nRC_10.06.2026_10.40_230,"Produzione industriale: Istat, +0,5% su mese ad aprile, +1,3% su anno",79,,,"... Le flessioni piu' ampie si rilevano nelle industrie tessili, abbigliamento, pelli e accessori (-8,9%), nelle altre industrie manifatturiere ... congiunturale dell'indice destagionalizzato della produzione industriale, trainato dalla dinamica positiva dei beni intermedi ... e di quelli strumentali. In crescita risulta pure la media del trimestre ... febbraio-aprile rispetto ai tre mesi precedenti. Ad aprile, anche in termini tendenziali e ... al netto degli effetti di calendario, sia l'indice generale sia quelli relativi ai beni intermedi ... strumentali mostrano un aumento, particolarmente ampio per questi ultimi"". com-fil. Gli ultimi video Radiocor. (RADIOCOR) 10-06-26 10:40:32",https://eview.copyscape.com/compare/j5l8rnk8e6/1
51,2026-07-06T17:16:35.039444,,fb339c0b50012bca2d9005034f25a28c80e07da586810bdf8ddd4449d6d31e93,https://leasenews.it/news/dati-di-settore/istat-produzione-industriale-05-ad-aprile-in-crescita,"Istat: produzione industriale +0,5% ad aprile, in crescita",75,,,"... Ad aprile si registra, per il terzo mese consecutivo, un aumento congiunturale dell'indice destagionalizzato della produzione industriale, trainato dalla ... dinamica positiva dei beni intermedi e di quelli strumentali. In crescita risulta pure la media del trimestre ... febbraio-aprile rispetto ai tre mesi precedenti. Ad aprile, anche in termini tendenziali e al netto ... degli effetti di calendario, sia l'indice generale sia quelli relativi ai beni intermedi e ... strumentali mostrano un aumento, particolarmente ampio per questi ultimi. Approfondisci sul sito Istat. Tags: beni strumentali istat produzione industriale.",https://eview.copyscape.com/compare/j5l8rnk8e6/2
52,2026-07-06T17:16:35.039444,,fb339c0b50012bca2d9005034f25a28c80e07da586810bdf8ddd4449d6d31e93,https://www.teleborsa.it/News/2026/06/10/italia-la-produzione-industriale-aumenta-per-il-terzo-mese-consecutivo-ad-aprile-87.html,"Italia, la produzione industriale aumenta per il terzo mese ...",62,,,"... Nella media del periodo febbraio-aprile si registra una crescita del livello della produzione dello 0,2% rispetto ai tre mesi precedenti. L ... I settori di attività economica che registrano gli incrementi tendenziali più elevati sono la fabbricazione di mezzi di trasporto (+17,8 ... Le flessioni più ampie si rilevano nelle industrie tessili, abbigliamento, pelli e accessori (-8,9%), nelle altre industrie manifatturiere",https://eview.copyscape.com/compare/j5l8rnk8e6/3
53,2026-07-06T17:16:35.039444,,fb339c0b50012bca2d9005034f25a28c80e07da586810bdf8ddd4449d6d31e93,https://www.pugliain.net/produzione-industriale-in-crescita-ad-aprile/,Produzione industriale in crescita ad aprile - pugliain.net,60,,,"... Nella media del periodo febbraio-aprile si registra una crescita del livello della produzione dello 0,2% rispetto ai tre mesi precedenti. Al netto degli ... Le flessioni più ampie si rilevano nelle industrie tessili, abbigliamento, pelli e accessori e  nelle altre industrie manifatturiere, riparazione e ... Si tratta del terzo mese consecutivo con  un aumento congiunturale ... della produzione industriale, trainato dalla dinamica positiva dei beni intermedi e di quelli",https://eview.copyscape.com/compare/j5l8rnk8e6/4
54,2026-07-06T17:16:35.039444,,fb339c0b50012bca2d9005034f25a28c80e07da586810bdf8ddd4449d6d31e93,https://www.threads.com/@ilsole_24ore/post/DaPodYwksJY/video-segui-tutti-gli-aggiornamenti-sul-sito-de-il-sole-ore-confindustria-costi-e/,Segui tutti gli aggiornamenti sul sito de #IlSole24Ore. . . Confindustria,56,,,"... congiunturale dell'indice destagionalizzato della produzione industriale, trainato dalla dinamica positiva dei beni ntermedi  e di quelli strumentali. In crescita risulta pure la media del trimestre ... febbraio-aprile rispetto ai tre mesi precedenti. Ad aprile, anche in termini tendenziali e ... l'indice generale sia quelli relativi ai beni intermedi e strumentali mostrano un aumento, particolarmente ampio per questi ultimi. 10 Istat. 2.",https://eview.copyscape.com/compare/j5l8rnk8e6/5
55,2026-07-06T17:16:35.039444,,fb339c0b50012bca2d9005034f25a28c80e07da586810bdf8ddd4449d6d31e93,https://www.stampaparlamento.it/2026/06/10/ad-aprile-il-terzo-mese-consecutivo-di-crescita-della-produzione-industriale-italiana/,"Ad aprile, il terzo mese consecutivo di crescita della produzione ...",41,,,"... Nella media del periodo febbraio-aprile si registra una crescita del livello della produzione dello 0,2% rispetto ai tre mesi precedenti. L ... Le flessioni più ampie si rilevano nelle industrie tessili, abbigliamento, pelli e accessori (-8,9%), nelle altre industrie manifatturiere",https://eview.copyscape.com/compare/j5l8rnk8e6/6
56,2026-07-06T17:16:35.039444,,fb339c0b50012bca2d9005034f25a28c80e07da586810bdf8ddd4449d6d31e93,https://stream24.ilsole24ore.com/video/economia/produzione-industriale-crescita-ad-aprile/AIKeqxaD,Produzione industriale in crescita ad aprile - Il Sole 24 ORE - Video,29,,,"... Le flessioni più ampie si rilevano nelle industrie tessili, abbigliamento, pelli e accessori e  nelle altre industrie manifatturiere ... industriale, trainato dalla dinamica positiva dei beni intermedi e di quelli strumentali. Su base annua, i settori che registrano gli",https://eview.copyscape.com/compare/j5l8rnk8e6/7
57,2026-07-06T17:16:35.039444,,fb339c0b50012bca2d9005034f25a28c80e07da586810bdf8ddd4449d6d31e93,https://transportonline.com/wp-content/uploads/2026/07/Fedespedi-Outlook-27.pdf,Fedespedi Economic Outlook. 27 - Transportonline,27,,,"... L'aumento congiunturale dell'indice destagionalizzato della produzione industriale è stato  trainato dalla dinamica positiva dei beni intermedi e di quelli ... anche la media del trimestre febbraio-aprile rispetto ai tre mesi precedenti (novembre, dicembre, gennaio). Fonte: Istat. Produzione industriale: variazione",https://eview.copyscape.com/compare/j5l8rnk8e6/8
58,2026-07-06T17:16:35.039444,,fb339c0b50012bca2d9005034f25a28c80e07da586810bdf8ddd4449d6d31e93,https://www.borsaitaliana.it/borsa/notizie/teleborsa/commenti/i-listini-europei-rallentano-milano-sulla-parita-137_2026-06-10_TLB.html?lang=it,"I listini europei rallentano, Milano sulla parità - Borsa Italiana",22,,,"... Nella media del periodo febbraio-aprile si registra una crescita del livello della produzione dello 0,2% rispetto ai tre mesi precedenti.",https://eview.copyscape.com/compare/j5l8rnk8e6/9
59,2026-07-06T17:16:35.039444,,fb339c0b50012bca2d9005034f25a28c80e07da586810bdf8ddd4449d6d31e93,https://finanza.repubblica.it/News/2026/06/10/i_listini_europei_rallentano_milano_sulla_parita-137/,"I listini europei rallentano, Milano sulla parità - Economia e Finanza",22,,,"... Nella media del periodo febbraio-aprile si registra una crescita del livello della produzione dello 0,2% rispetto ai tre mesi precedenti.",https://eview.copyscape.com/compare/j5l8rnk8e6/10
60,2026-07-06T17:16:35.039444,,fb339c0b50012bca2d9005034f25a28c80e07da586810bdf8ddd4449d6d31e93,https://www.borsaitaliana.it/borsa/notizie/teleborsa/finanza/europa-debole-con-milano-sotto-la-parita-5_2026-06-10_TLB-BIT.html?lang=it,Europa debole con Milano sotto la parità - Borsa Italiana,22,,,"... Nella media del periodo febbraio-aprile si registra una crescita del livello della produzione dello 0,2% rispetto ai tre mesi precedenti.",https://eview.copyscape.com/compare/j5l8rnk8e6/11
61,2026-07-06T17:16:35.039444,,fb339c0b50012bca2d9005034f25a28c80e07da586810bdf8ddd4449d6d31e93,https://www.ilsole24ore.com/art/industria-ad-aprile-produzione-05percento-13percento-anno-AINZdCaD,"Industria avanti per il terzo mese: +0,5% ad aprile, ai massimi da ...",22,,,"... Nella media del periodo febbraio-aprile si registra una crescita del livello della produzione dello 0,2% rispetto ai tre mesi precedenti. .",https://eview.copyscape.com/compare/j5l8rnk8e6/12
62,2026-07-06T17:16:35.039444,,fb339c0b50012bca2d9005034f25a28c80e07da586810bdf8ddd4449d6d31e93,https://www.ilsole24ore.com/art/industria-oltre-attese-16percento-ad-aprile-AEmRv1eB,"Industria oltre le attese (+1,6%) ad aprile - Il Sole 24 ORE",22,,,"... giorni lavorativi di calendario sono stati 19 contro i 21 di aprile 2021). Incrementi rilevanti caratterizzano i beni di consumo (+11,3%) e ... I settori di attività economica che registrano gli incrementi tendenziali più ampi sono le  industrie tessili, abbigliamento, pelli e",https://eview.copyscape.com/compare/j5l8rnk8e6/13
63,2026-07-06T17:16:35.039444,,fb339c0b50012bca2d9005034f25a28c80e07da586810bdf8ddd4449d6d31e93,https://www.ansa.it/sito/notizie/economia/pmi/2026/06/10/istat-produzione-industriale-aprile-05-su-mese-13-su-anno-2_08c96fb6-500c-4e39-941a-14edb10f77b6.html,"Istat, produzione industriale aprile +0,5% su mese, +1,3% su anno (2)",21,,,"... Nella media del periodo febbraio-aprile si registra una crescita del livello della produzione industriale  dello 0,2% rispetto ai tre mesi",https://eview.copyscape.com/compare/j5l8rnk8e6/14
64,2026-07-06T17:16:35.039444,,fb339c0b50012bca2d9005034f25a28c80e07da586810bdf8ddd4449d6d31e93,https://www.teleborsa.it/News/2026/04/10/istat-a-febbraio-produzione-industriale-registra-un-modesto-incremento-congiunturale-39.html,"Istat, a febbraio produzione industriale registra un modesto ...",19,,,"... I settori di attività economica che registrano gli incrementi tendenziali più elevati sono la fabbricazione di mezzi di trasporto (+10,0",https://eview.copyscape.com/compare/j5l8rnk8e6/15
65,2026-07-06T17:16:35.039444,,fb339c0b50012bca2d9005034f25a28c80e07da586810bdf8ddd4449d6d31e93,https://www.websim.it/azioni/blue-chip/italia-produzione-industriale-di-marzo-in-crescita-del-0-7-mom/,"Produzione industriale di marzo in crescita del +0,7% MoM - Websim",19,,,"... I settori di attività economica che registrano gli incrementi tendenziali più elevati sono la fabbricazione di mezzi di trasporto (+11,2",https://eview.copyscape.com/compare/j5l8rnk8e6/16
66,2026-07-06T17:16:35.039444,,fb339c0b50012bca2d9005034f25a28c80e07da586810bdf8ddd4449d6d31e93,https://www.sardegnaimpresa.eu/it/news/industria-produzione-calo-ottobre-2023,"Industria, produzione in calo a ottobre 2023 | SardegnaImpresa",19,,,... I settori di attività economica che registrano gli incrementi tendenziali più ampi sono  la produzione di prodotti farmaceutici di base e,https://eview.copyscape.com/compare/j5l8rnk8e6/17
67,2026-07-06T17:16:35.039444,,fb339c0b50012bca2d9005034f25a28c80e07da586810bdf8ddd4449d6d31e93,https://www.milanofinanza.it/news/istat-la-produzione-industriale-italiana-cresce-per-il-terzo-mese-consecutivo-202606101551554600,"Italia, la produzione industriale cresce ad aprile per il terzo mese ...",19,,,"... Le flessioni più ampie si rilevano nelle industrie tessili, abbigliamento, pelli e accessori (-8,9%), nelle altre industrie manifatturiere",https://eview.copyscape.com/compare/j5l8rnk8e6/18
68,2026-07-06T17:16:35.039444,,fb339c0b50012bca2d9005034f25a28c80e07da586810bdf8ddd4449d6d31e93,https://www.instagram.com/p/DZZ-bmzMOU9/,"ad aprile la produzione industriale cresce ancora, per il terzo mese ...",18,,,"... l'indice generale sia quelli relativi ai beni intermedi e strumentali mostrano un aumento, particolarmente ampio per questi ultimi. I",https://eview.copyscape.com/compare/j5l8rnk8e6/19
69,2026-07-06T17:16:35.039444,,fb339c0b50012bca2d9005034f25a28c80e07da586810bdf8ddd4449d6d31e93,https://www.industriaitaliana.it/istat-produzione-industriale-settembre-2025-energia-elettronica/,"Istat: produzione industriale +2,8% a settembre 2025, trainano ...",18,,,"... Le flessioni più ampie si rilevano nelle industrie tessili, abbigliamento, pelli e accessori (-4,4%),  nell'industria del legno, carta e",https://eview.copyscape.com/compare/j5l8rnk8e6/20
70,2026-07-06T17:16:35.039444,,fb339c0b50012bca2d9005034f25a28c80e07da586810bdf8ddd4449d6d31e93,https://www.icsoftware.it/dati-istat-sulla-produzione-industriale-di-aprile-2022/,Dati Istat sulla produzione industriale di aprile 2022 - IC Software Srl,16,,,"... I settori di attività economica che registrano gli incrementi tendenziali più ampi sono le  industrie tessili, abbigliamento, pelli e",https://eview.copyscape.com/compare/j5l8rnk8e6/21
71,2026-07-07T09:47:18.466581,,a75aac8f720c3c79a8aaeac5e4bd76f976209c4b6ee68c234461f493526c5ff7,https://formatresearch.com/2026/06/30/inflazione-al-3-istat-prezzi-al-consumo/,Inflazione al 3% | Istat PREZZI AL CONSUMO - Format Research,164,,,"... tabacchi, registra una variazione nulla su base mensile e del +3,0% su base annua (da +3,2% del mese precedente). Il lieve rallentamento ... Nel mese di giugno l'“inflazione di fondo”, al netto degli energetici e degli alimentari freschi, si riduce lievemente (da +1,7% a +1,6 ... I prezzi dei beni rimangono stabili su base annua (a +3,4%) e quelli dei servizi registrano un rallentamento (da +2,8% a +2,6%). Di ... conseguenza, il differenziale tra il comparto dei servizi e quello dei beni si attesta a -0,8 punti percentuali (dai -0,6 p.p.). Il tasso ... La variazione congiunturale dell'indice generale è sintesi, da un lato, della diminuzione dei prezzi di Alimentari non lavorati (-1,4%) e ... A giugno 2026 l'inflazione scende al +3,0% (dal +3,2% di maggio). Il lieve rallentamento riflette essenzialmente l'attenuarsi delle tensioni sui ... Un sostegno all'inflazione, d'altro canto, si deve alla moderata accelerazione dei prezzi degli Energetici. Si riduce il tasso di variazione",https://eview.copyscape.com/compare/xna6suvx56/1
72,2026-07-07T09:47:18.466581,,a75aac8f720c3c79a8aaeac5e4bd76f976209c4b6ee68c234461f493526c5ff7,https://www.provincia.treviso.it/it/component/content/article/34253-istat-inflazione-in-italia-3-nel-mese-di-giugno-2026-provvisorio?catid=124&Itemid=284,Istat: Inflazione - in Italia +3% nel mese di giugno 2026 (provvisorio),153,,,"... Testo integrale e nota metodologica. Logo della ... tabacchi, registra una variazione nulla su base mensile e del +3,0% su base annua (da +3,2% del mese precedente). Il lieve rallentamento dell'inflazione ... dei Servizi relativi ai trasporti (da +1,7% a +1,1%); in accelerazione sono invece i prezzi degli Energetici, regolamentati (da +5,6% a +9,3%) e non ... Il tasso di variazione tendenziale dei prezzi dei Beni alimentari, per la cura della casa e della persona si riduce (da +1,9% a +1,6%), come quello dei ... La variazione congiunturale dell'indice generale è sintesi, da un lato, della diminuzione dei prezzi ... quelli dei Servizi ricreativi, culturali, e per la cura della persona (+0,6%), dei Servizi relativi ai trasporti (+0,5%) e degli Energetici regolamentati (+ ... In base alle stime preliminari, l'indice armonizzato dei prezzi al consumo (IPCA) registra una variazione pari a +0,1% su base mensile e a +3,1% su base",https://eview.copyscape.com/compare/xna6suvx56/2
73,2026-07-07T09:47:18.466581,,a75aac8f720c3c79a8aaeac5e4bd76f976209c4b6ee68c234461f493526c5ff7,https://tg24.sky.it/economia/2026/06/30/inflazione-giugno-istat,"Inflazione, calo del 3% a giugno: crescita zero dei prezzi. I dati",137,,,"... tabacchi, registra una variazione nulla su base mensile e del +3% ... su base annua (da +3,2% del mese precedente). Lo comunica l'Istituto ... Per favore riprova più tardi. Il lieve rallentamento dell'inflazione riflette la dinamica dei prezzi degli Alimentari non lavorati (da +5,5 ... dei Servizi relativi ai trasporti (da +1,7% a +1,1%); in accelerazione sono invece i prezzi degli ... Energetici, regolamentati (da +5,6% a +9,3%) e non regolamentati (da +12,5% a +12,9%). Created with Sketch. ascolta articolo.... Nel mese di giugno - spiega ancora l'Istat -  l'""inflazione di fondo"", al netto degli energetici e degli alimentari freschi, si riduce lievemente ... I prezzi dei beni rimangono stabili su base annua (a +3,4%) e quelli dei servizi registrano un rallentamento (da +2,8% a +2,6%). Di ... La variazione congiunturale dell'indice generale è sintesi, da un lato, della diminuzione dei prezzi di Alimentari non lavorati (-1,4%) e",https://eview.copyscape.com/compare/xna6suvx56/3
74,2026-07-07T09:47:18.466581,,a75aac8f720c3c79a8aaeac5e4bd76f976209c4b6ee68c234461f493526c5ff7,https://www.gazzettadinapoli.it/economia-2/prezzi-al-consumo-istat-a-giugno-inflazione-giu/,"Prezzi al consumo, Istat, a giugno inflazione giù - Gazzetta di Napoli",110,,,"... Nel mese di giugno l'“inflazione di fondo”, al netto degli energetici e degli alimentari freschi, si riduce lievemente (da +1,7% a +1,6 ... I prezzi dei beni rimangono stabili su base annua (a +3,4%) e quelli dei servizi registrano un rallentamento (da +2,8% a +2,6%). Di ... La variazione congiunturale dell'indice generale è sintesi, da un lato, della diminuzione dei prezzi di Alimentari non lavorati (-1,4%) e ... Il lieve rallentamento riflette essenzialmente l'attenuarsi delle tensioni sui prezzi degli Alimentari non lavorati, dei Servizi relativi ai ... Un sostegno all'inflazione, d'altro canto, si deve alla moderata accelerazione dei prezzi degli Energetici. Si riduce il tasso di variazione",https://eview.copyscape.com/compare/xna6suvx56/4
75,2026-07-07T09:47:18.466581,,a75aac8f720c3c79a8aaeac5e4bd76f976209c4b6ee68c234461f493526c5ff7,https://www.provincia.treviso.it/it/news/34253-istat-inflazione-in-italia-3-nel-mese-di-giugno-2026-provvisorio,Istat: Inflazione - in Italia +3% nel mese di giugno 2026 (provvisorio),109,,,"... Nel mese di giugno l'“inflazione di fondo”, al netto degli energetici e degli alimentari freschi, si riduce lievemente (da +1,7% a +1,6%), come anche quella ... netto dei soli beni energetici (da +2,1% a +2,0%). I prezzi dei beni rimangono stabili su base annua (a +3,4%) e quelli dei servizi registrano un ... Di conseguenza, il differenziale tra il comparto dei servizi e quello dei beni si attesta a -0,8 punti percentuali (dai -0,6 p.p.). Il tasso di variazione ... La variazione congiunturale dell'indice generale è sintesi, da un lato, della diminuzione dei prezzi di Alimentari non lavorati (-1,4%) e degli Energetici",https://eview.copyscape.com/compare/xna6suvx56/5
76,2026-07-07T09:47:18.466581,,a75aac8f720c3c79a8aaeac5e4bd76f976209c4b6ee68c234461f493526c5ff7,https://www.nuovogiornalenazionale.com/istat-i-prezzi-al-consumo-a-giugno-2026-dati-provvisori/,"Istat, i prezzi al consumo a giugno 2026 - Dati provvisori",99,,,"... Nel mese di giugno la “ inflazione di fondo”, al netto degli energetici e degli alimentari freschi, si riduce lievemente (da +1,7% a +1,6%), come anche ... I prezzi dei beni rimangono stabili su base annua (a +3,4%) e quelli dei servizi registrano un rallentamento (da +2,8% a +2,6%). Di conseguenza, il ... La variazione congiunturale dell'indice generale è sintesi, da un lato, della diminuzione dei prezzi di Alimentari non lavorati (-1,4%) e degli Energetici ... Un sostegno all'inflazione, d'altro canto, si deve alla moderata accelerazione dei prezzi degli Energetici. Si riduce il tasso di variazione tendenziale dei",https://eview.copyscape.com/compare/xna6suvx56/6
77,2026-07-07T09:47:18.466581,,a75aac8f720c3c79a8aaeac5e4bd76f976209c4b6ee68c234461f493526c5ff7,https://www.confcommercio.it/-/inflazione-giugno-2026,L'inflazione inverte la marcia - Confcommercio,88,,,"... In accelerazione sono invece i prezzi degli Energetici, regolamentati (da +5,6% a +9,3%) e non regolamentati (da +12,5% a +12,9%). La  inflazione di fondo”, ovvero quella val  netto degli energetici e degli alimentari freschi, si riduce lievemente (da +1,7% a +1,6%), così ... I prezzi dei beni rimangono stabili su base annua (a +3,4%), mentre  quelli dei servizi registrano un rallentamento (da +2,8% a +2,6%). Di ... La variazione congiunturale dell'indice generale è ... da un lato sintesi  della diminuzione dei prezzi di Alimentari non lavorati (-1,4%) e",https://eview.copyscape.com/compare/xna6suvx56/7
78,2026-07-07T09:47:18.466581,,a75aac8f720c3c79a8aaeac5e4bd76f976209c4b6ee68c234461f493526c5ff7,https://www.agrapress.it/2026/06/inflazione-istat-a-giugno-2026-si-stima-variazione-nulla-su-aprile-e-del-3-su-base-annua/,"INFLAZIONE : ISTAT, A GIUGNO 2026 SI STIMA VARIAZIONE ...",71,,,"... dinamica dei prezzi degli alimentari non lavorati (da +5,5% a +4,5%), dei servizi ricreativi, culturali e per la cura della persona (da +3,0 ... di conseguenza, il differenziale tra il comparto dei servizi e quello dei beni si attesta a -0,8 punti percentuali (dai -0,6 p.p.). il tasso ... il lieve rallentamento riflette essenzialmente l'attenuarsi delle tensioni sui prezzi degli alimentari non lavorati, dei servizi relativi ai",https://eview.copyscape.com/compare/xna6suvx56/8
79,2026-07-07T09:47:18.466581,,a75aac8f720c3c79a8aaeac5e4bd76f976209c4b6ee68c234461f493526c5ff7,https://www.facebook.com/IstatIstitutoNazionalediStatistica/posts/a-giugno-2026-linflazione-scende-al-30-dal-32-di-maggio-il-lieve-rallentamento-r/1332819132361957/,"A giugno 2026 l'inflazione scende al + 3,0% (dal +3,2% di maggio ...",65,,,"... A giugno 2026 l'inflazione scende al + 3,0% (dal +3,2% di maggio). Il lieve rallentamento riflette essenzialmente l'attenuarsi delle ... tensioni sui prezzi degli Alimentari non lavorati, dei Servizi relativi ai trasporti e di quelli ricreativi, culturali e per la cura della ... accelerazione dei prezzi degli Energetici. Si riduce il tasso di variazione tendenziale dei prezzi del ""carrello della spesa"" (da +1,9% a +1",https://eview.copyscape.com/compare/xna6suvx56/9
80,2026-07-07T09:47:18.466581,,a75aac8f720c3c79a8aaeac5e4bd76f976209c4b6ee68c234461f493526c5ff7,https://www.borsaitaliana.it/borsa/notizie/radiocor/economia/dettaglio/inflazione-istat-stima-variazione-nulla-a-giugno-3-su-anno-2-nRC_30062026_1109_298158327.html,"Inflazione: Istat stima variazione nulla a giugno, +3% su anno -2",62,,,"... Il Sole 24 Ore Radiocor) - Roma, 30 giu - I prezzi dei beni rimangono stabili a giugno  su base annua (a +3,4%) e quelli dei servizi ... Di conseguenza, il differenziale tra il comparto dei servizi e quello dei beni si attesta a -0,8 punti percentuali (dai -0,6 punti percentuali).... quelli dei Servizi ricreativi, culturali, e per la cura della persona (+0,6%), dei Servizi relativi ai trasporti (+0,5%) e degli Energetici",https://eview.copyscape.com/compare/xna6suvx56/10
81,2026-07-07T09:47:18.466581,,a75aac8f720c3c79a8aaeac5e4bd76f976209c4b6ee68c234461f493526c5ff7,https://www.ilsole24ore.com/art/inflazione-istat-stima-variazione-nulla-giugno-3percento-anno-AIDknVwD,"Inflazione: Istat stima variazione nulla a giugno, +3% su anno",48,,,"... tabacchi, registra una variazione nulla su base mensile e del +3% ... su base annua (da +3,2% del mese precedente). Il rallentamento riflette la ... Il rallentamento riflette la dinamica dei prezzi ... degli alimentari non lavorati ha ... netto dei soli beni energetici (da +2,1% a +2%). L'inflazione acquisita per il 2026 si mantiene ... a +2,6% per l'indice generale e sale a +1,7",https://eview.copyscape.com/compare/xna6suvx56/11
82,2026-07-07T09:47:18.466581,,a75aac8f720c3c79a8aaeac5e4bd76f976209c4b6ee68c234461f493526c5ff7,https://www.radiostudio90italia.it/inflazione-istat-a-giugno-rallenta-a-3-carrello-spesa-a-16/,"Inflazione, Istat: a giugno rallenta a +3%, carrello spesa a +1,6%",46,,,"... E' la stima preliminare diffusa dall'Istat. Il lieve rallentamento dell'inflazione riflette la dinamica dei prezzi degli Alimentari non lavorati (da +5,5% a ... Il tasso di variazione tendenziale dei prezzi dei Beni alimentari, per la cura della casa e della persona si riduce (da +1,9% a +1,6%), come quello dei",https://eview.copyscape.com/compare/xna6suvx56/12
83,2026-07-07T09:47:18.466581,,a75aac8f720c3c79a8aaeac5e4bd76f976209c4b6ee68c234461f493526c5ff7,https://comunicazioneitaliana.it/news/eb536436e00a911bbda860d7992c1525,"Inflazione accelera, a marzo prezzi +1,7% - Comunicazione Italiana",46,,,"... L'andamento dell'inflazione risente prevalentemente della netta risalita dei prezzi degli Energetici - regolamentati (da -11,6% a -1, 3%) e non (da -6,2% a ... Il tasso di variazione tendenziale dei prezzi dei Beni alimentari, per la cura della casa e della persona evidenzia una moderata accelerazione (da +2,0% a +2,2 ... In base alle stime preliminari, l'indice armonizzato dei prezzi al consumo (Ipca) registra una variazione pari a +1,6%  su base mensile, per la fine dei",https://eview.copyscape.com/compare/xna6suvx56/13
84,2026-07-07T09:47:18.466581,,a75aac8f720c3c79a8aaeac5e4bd76f976209c4b6ee68c234461f493526c5ff7,https://requadro.com/a-giugno-26-inflazione-al-3/,A giugno '26 inflazione al 3% - Requadro,41,,,"... A giugno 2026 l'inflazione scende al +3,0% (dal +3,2% di maggio). Il lieve rallentamento riflette essenzialmente l'attenuarsi delle tensioni ... Un sostegno all'inflazione, d'altro canto, si deve alla moderata accelerazione dei prezzi degli energetici. Si riduce il tasso di variazione",https://eview.copyscape.com/compare/xna6suvx56/14
85,2026-07-07T09:47:18.466581,,a75aac8f720c3c79a8aaeac5e4bd76f976209c4b6ee68c234461f493526c5ff7,https://www.rainews.it/articoli/2026/06/istat-crescita-zero-dei-prezzi-a-giugno-linflazione-cala-al-3-3f546ece-a43b-4ebe-8d09-87a2a8231010.html,"Istat, crescita zero dei prezzi a giugno: l'inflazione cala al 3%",41,,,"... tabacchi, registra una variazione nulla su base mensile e del +3% ... su base annua (da +3,2% del mese precedente). Lo comunica l'Istituto ... A giugno l'inflazione di fondo, al netto degli energetici e degli alimentari freschi, si riduce lievemente (da +1,7% a +1,6%), come anche",https://eview.copyscape.com/compare/xna6suvx56/15
86,2026-07-07T09:47:18.466581,,a75aac8f720c3c79a8aaeac5e4bd76f976209c4b6ee68c234461f493526c5ff7,https://www.ilnordest.it/italia-ed-esteri/istat-crescita-zero-dei-prezzi-a-giugno-inflazione-cala-al-3-deoajb5t,"Istat, crescita zero dei prezzi a giugno, inflazione cala al 3%",40,,,"... tabacchi, registra una variazione nulla su base mensile e del +3% su ... tensioni sui prezzi degli Alimentari non lavorati, dei Servizi ... Un sostegno all'inflazione, d'altro canto, si deve alla moderata accelerazione dei prezzi degli Energetici. Si riduce il tasso di variazione",https://eview.copyscape.com/compare/xna6suvx56/16
87,2026-07-07T09:47:18.466581,,a75aac8f720c3c79a8aaeac5e4bd76f976209c4b6ee68c234461f493526c5ff7,https://www.borsaitaliana.it/borsa/notizie/radiocor/economia/dettaglio/inflazione-istat-stima-04-a-maggio-32-su-anno-2-nRC_29052026_1123_287371785.html,"Inflazione: Istat stima +0,4% a maggio, +3,2% su anno - Borsa Italiana",40,,,"... Il Sole 24 Ore Radiocor) - Roma, 29 mag - Il tasso di variazione tendenziale dei prezzi dei Beni alimentari, per la cura della casa e della ... In base alle stime preliminari, l'indice armonizzato dei prezzi al consumo (Ipca) registra una variazione pari a +0,4%  su base mensile e a",https://eview.copyscape.com/compare/xna6suvx56/17
88,2026-07-07T09:47:18.466581,,a75aac8f720c3c79a8aaeac5e4bd76f976209c4b6ee68c234461f493526c5ff7,https://www.borsaitaliana.it/borsa/notizie/radiocor/prima-pagina/dettaglio/inflazione-istat-stima-variazione-nulla-a-giugno-3-su-anno-rco-nRC_30062026_1107_297133761.html,"Inflazione: Istat stima variazione nulla a giugno, +3% su anno (RCO)",39,,,"... tabacchi, registra una variazione nulla su base mensile e del +3% ... su base annua (da +3,2% del mese precedente). Il rallentamento riflette la ... netto dei soli beni energetici (da +2,1% a +2%). L'inflazione acquisita per il 2026 si mantiene ... a +2,6% per l'indice generale e sale a +1,7",https://eview.copyscape.com/compare/xna6suvx56/18
89,2026-07-07T09:47:18.466581,,a75aac8f720c3c79a8aaeac5e4bd76f976209c4b6ee68c234461f493526c5ff7,https://www.corrieredelleconomia.it/2026/06/30/importante-calo-dellinflazione-30-la-mantiene-ancora-solo-i-prezzi-dei-carburanti-lo-dice-listat/,"Importante calo dell'inflazione: +3,0%. La mantiene ancora solo i ...",38,,,"... Il lieve rallentamento riflette essenzialmente l'attenuarsi delle tensioni sui prezzi degli alimentari non lavorati, dei servizi relativi ai ... Un sostegno all'inflazione, d'altro canto, si deve alla moderata accelerazione dei prezzi degli energetici. Si riduce il tasso di variazione",https://eview.copyscape.com/compare/xna6suvx56/19
90,2026-07-07T09:47:18.466581,,a75aac8f720c3c79a8aaeac5e4bd76f976209c4b6ee68c234461f493526c5ff7,https://www.financialounge.com/news/2026/06/30/linflazione-frena-a-giugno-in-italia-3/,L'inflazione frena a giugno in Italia: +3% - Financialounge.com,38,,,"... Sempre secondo i dati Istat, i prezzi dei beni rimangono stabili a giugno  su base annua (a +3,4%) mentre  quelli dei servizi registrano un ... La variazione congiunturale dell'indice generale è sintesi, da un lato, della diminuzione dei prezzi di alimentari non lavorati (-1,4%) e",https://eview.copyscape.com/compare/xna6suvx56/20
91,2026-07-07T09:47:18.466581,,a75aac8f720c3c79a8aaeac5e4bd76f976209c4b6ee68c234461f493526c5ff7,https://www.ilsole24ore.com/radiocor/nRC_16.06.2026_10.14_226,"Inflazione: Istat conferma, +0,4% a maggio, +3,2% su anno -2",35,,,"... Di conseguenza, il differenziale tra il comparto dei servizi e quello dei beni si attesta a -0,6 punti percentuali, rispetto ai -0,7 p.p. ... Il tasso di variazione tendenziale dei prezzi dei Beni alimentari, per la cura della casa e della persona scende a +1,9% (da +2,3",https://eview.copyscape.com/compare/xna6suvx56/21
92,2026-07-07T09:47:18.466581,,a75aac8f720c3c79a8aaeac5e4bd76f976209c4b6ee68c234461f493526c5ff7,https://www.ilfattonisseno.it/2026/06/inflazione-carrello-spesa-cala-dall19-all16-a-giugno/,"Inflazione: carrello spesa cala dall'1,9% all'1,6% a giugno",30,,,"... degli energetici e degli alimentari freschi, si riduce lievemente (da +1,7% a +1,6%), come anche quella al netto dei soli beni energetici (da +2,1% a +2,0%)",https://eview.copyscape.com/compare/xna6suvx56/22
93,2026-07-07T09:47:18.466581,,a75aac8f720c3c79a8aaeac5e4bd76f976209c4b6ee68c234461f493526c5ff7,https://www.reddit.com/r/italy/comments/1ujm9o5/linflazione_preliminare_istat_di_giugno_si_ferma/,L'inflazione preliminare Istat di giugno: si ferma la corsa dei prezzi ...,26,,,"... I prezzi dei beni rimangono stabili su base annua (a +3,4%) e quelli dei servizi registrano un rallentamento (da +2,8% a +2,6%). Di",https://eview.copyscape.com/compare/xna6suvx56/23
94,2026-07-07T09:47:18.466581,,a75aac8f720c3c79a8aaeac5e4bd76f976209c4b6ee68c234461f493526c5ff7,https://www.ilsole24ore.com/radiocor/nRC_29.05.2026_11.23_287,"Inflazione: Istat stima +0,4% a maggio, +3,2% su anno - Il Sole 24 ORE",23,,,"... In base alle stime preliminari, l'indice armonizzato dei prezzi al consumo (Ipca) registra una variazione pari a +0,4%  su base mensile e a",https://eview.copyscape.com/compare/xna6suvx56/24
95,2026-07-07T09:47:18.466581,,a75aac8f720c3c79a8aaeac5e4bd76f976209c4b6ee68c234461f493526c5ff7,https://www.aranagenzia.it/download/prezzi-al-consumo-febbraio-2025/,Prezzi al consumo – Febbraio 2025 | Aran Agenzia,22,,,"... quelli dei Servizi ricreativi, culturali e per la cura della persona (da +3,3% a +3,1%).  Nel mese di febbraio  l'“inflazione di fondo”, al netto degli",https://eview.copyscape.com/compare/xna6suvx56/25
96,2026-07-07T09:47:18.466581,,a75aac8f720c3c79a8aaeac5e4bd76f976209c4b6ee68c234461f493526c5ff7,https://www.freshplaza.it/article/9852593/il-settore-alimentare-vede-rallentare-la-crescita-dei-prezzi/,Il settore alimentare vede rallentare la crescita dei prezzi - FreshPlaza,21,,,"... precedente). Il lieve rallentamento dell'inflazione riflette la dinamica dei prezzi degli alimentari non lavorati (da +5,5% a +4,5%), dei",https://eview.copyscape.com/compare/xna6suvx56/26
97,2026-07-07T09:47:18.466581,,a75aac8f720c3c79a8aaeac5e4bd76f976209c4b6ee68c234461f493526c5ff7,https://www.anfia.it/it/comunicazione/notizie-e-comunicati/comunicati-stampa/mercato-vetture-italia/anche-giugno-positivo-per-il-mercato-auto-italiano-10-6,ANCHE GIUGNO POSITIVO PER IL MERCATO AUTO ITALIANO,21,,,"... precedente). Il lieve rallentamento dell'inflazione riflette la dinamica dei prezzi degli Alimentari non lavorati (da +5,5% a +4,5%), dei",https://eview.copyscape.com/compare/xna6suvx56/27
98,2026-07-07T09:47:18.466581,,a75aac8f720c3c79a8aaeac5e4bd76f976209c4b6ee68c234461f493526c5ff7,https://requadro.com/diario-da-dubai-stiamo-bene-e-la-citta-non-e-nel-panico/,"Diario da Dubai: ""Stiamo bene, e la città non è nel panico"" - Requadro",20,,,"... A giugno 2026 l'inflazione scende al +3,0% (dal +3,2% di maggio). Il lieve rallentamento riflette essenzialmente l'attenuarsi delle",https://eview.copyscape.com/compare/xna6suvx56/28
99,2026-07-07T09:47:18.466581,,a75aac8f720c3c79a8aaeac5e4bd76f976209c4b6ee68c234461f493526c5ff7,https://www.lametasociale.it/2026/06/30/rallentano-i-prezzi-al-consumo-a-giugno/,Rallentano i prezzi al consumo a giugno - Meta Sociale,20,,,"... precedente. Il lieve rallentamento dell'inflazione, spiega l'Istat, « riflette la dinamica dei prezzi degli Alimentari non lavorati (da +5,5% a +4,5",https://eview.copyscape.com/compare/xna6suvx56/29
100,2026-07-07T09:47:18.466581,,a75aac8f720c3c79a8aaeac5e4bd76f976209c4b6ee68c234461f493526c5ff7,https://italia-informa.com/Istat--crescita-zero-dei-prezzi-a-giugno.aspx,"Istat, crescita zero dei prezzi a giugno - Italia Informa",20,,,"... Un sostegno all'inflazione, d'altro canto, si deve alla moderata accelerazione dei prezzi degli Energetici. Si riduce il tasso di variazione",https://eview.copyscape.com/compare/xna6suvx56/30
101,2026-07-07T09:47:18.466581,,a75aac8f720c3c79a8aaeac5e4bd76f976209c4b6ee68c234461f493526c5ff7,https://www.redigo.info/2026/07/01/giugno-2026/,"Istat, prezzi al consumo di giugno 2026. L'inflazione rallenta",20,,,"... Un sostegno all'inflazione, d'altro canto, si deve alla moderata accelerazione dei prezzi degli Energetici. Si riduce il tasso di variazione",https://eview.copyscape.com/compare/xna6suvx56/31
102,2026-07-07T09:47:18.466581,,a75aac8f720c3c79a8aaeac5e4bd76f976209c4b6ee68c234461f493526c5ff7,https://www.lagazzettadelmezzogiorno.it/news/ultima-ora/2035245/istat-crescita-zero-dei-prezzi-a-giugno-inflazione-cala-al-3.html,"Istat, crescita zero dei prezzi a giugno, inflazione cala al 3%",20,,,"... Un sostegno all'inflazione, d'altro canto, si deve alla moderata accelerazione dei prezzi degli Energetici. Si riduce il tasso di variazione",https://eview.copyscape.com/compare/xna6suvx56/32
103,2026-07-07T09:47:18.466581,,a75aac8f720c3c79a8aaeac5e4bd76f976209c4b6ee68c234461f493526c5ff7,https://www.teleborsa.it/News/2026/06/30/istat-inflazione-in-lieve-calo-a-giugno-3-0percent-su-base-annua-da-3-2percent-di-maggio-77.html,"Istat, inflazione in lieve calo a giugno: +3,0% su base annua (da +3 ...",20,,,"... dei Servizi relativi ai trasporti (da +1,7% a +1,1%). In direzione ... Il tasso di variazione tendenziale dei prezzi del cosiddetto",https://eview.copyscape.com/compare/xna6suvx56/33
104,2026-07-07T09:47:18.466581,,a75aac8f720c3c79a8aaeac5e4bd76f976209c4b6ee68c234461f493526c5ff7,https://www.uilpa.it/istat-prezzi-al-consumo-ancora-in-aumento/,Istat: prezzi al consumo ancora in aumento – UILPA,20,,,"... quelli dei Servizi ricreativi, culturali e per la cura della persona (da +6,3% a +6, 7%) e dei Servizi vari (da +2,5% a +2,9%). Tali effetti ... prezzi degli Energetici regolamentati (da -20,3% a -26,4%) e dal rallentamento di quelli degli Alimentari lavorati (da +15,3% a +14,7",https://eview.copyscape.com/compare/xna6suvx56/34
105,2026-07-07T09:47:18.466581,,a75aac8f720c3c79a8aaeac5e4bd76f976209c4b6ee68c234461f493526c5ff7,https://www.ilmessaggero.it/economia/news/inflazione_italia_eurozona_ultime_notizie-7377001.html,"L'inflazione in Italia torna a crescere: +8,3%. Male anche l'Eurozona ...",20,,,"... quelli dei servizi ricreativi, culturali e per la cura della persona (da +6,3% a +6, 7%) e dei servizi vari (da +2,5% a +2,9%). Tali effetti ... sono stati solo in parte compensati dalla flessione più marcata dei prezzi degli energetici regolamentati (da -20,3% a -26,4",https://eview.copyscape.com/compare/xna6suvx56/35
106,2026-07-07T09:47:18.466581,,a75aac8f720c3c79a8aaeac5e4bd76f976209c4b6ee68c234461f493526c5ff7,https://www.instagram.com/p/DODZcZsiTtD/,"A luglio 2025, il numero degli occupati raggiunge i 24 milioni ...",18,,,"... Il lieve rallentamento riflette essenzialmente l'attenuarsi delle tensioni sui prezzi degli. Alimentari non lavorati, dei Servizi relativi ai",https://eview.copyscape.com/compare/xna6suvx56/36
107,2026-07-07T09:47:18.466581,,a75aac8f720c3c79a8aaeac5e4bd76f976209c4b6ee68c234461f493526c5ff7,https://www.facebook.com/FocusEconomia/posts/secondo-le-stime-preliminari-dellistat-nel-mese-di-giugno-2026-lindice-dei-prezz/1619350946222050/,Focus Economia di Sebastiano Barisoni - Radio 24 - Facebook,18,,,"... mese di giugno 2026 l'indice ... dei prezzi al consumo, ... al lordo dei tabacchi, registra una variazione nulla su",https://eview.copyscape.com/compare/xna6suvx56/37
108,2026-07-07T09:47:18.466581,,a75aac8f720c3c79a8aaeac5e4bd76f976209c4b6ee68c234461f493526c5ff7,https://www.conquistedellavoro.it/attualit%C3%A0/lagarde-spazio-per-agire-sui-tassi-ma-senza-corsa-ai-rialzi-1.3355119,Lagarde: spazio per agire sui tassi ma senza corsa ai rialzi,18,,,"... Lo comunica l'Istituto. Il lieve rallentamento dell'inflazione riflette la dinamica dei prezzi degli alimentari non lavorati (da +5,5% a +4",https://eview.copyscape.com/compare/xna6suvx56/38
109,2026-07-07T09:47:18.466581,,a75aac8f720c3c79a8aaeac5e4bd76f976209c4b6ee68c234461f493526c5ff7,https://teleborsa.ansa.it/notiziario/economia/istat-a-maggio-linflazione-accelera-al-32-spingono-ancora-i-prezzi-dellenergia/,"Istat, a maggio l'inflazione accelera al 3,2%. Spingono ancora i ...",18,,,"... Il tasso di variazione tendenziale dei prezzi dei Beni alimentari, per la cura della casa e della persona resta stabile a +2,3%, mentre",https://eview.copyscape.com/compare/xna6suvx56/39
110,2026-07-07T09:47:18.466581,,a75aac8f720c3c79a8aaeac5e4bd76f976209c4b6ee68c234461f493526c5ff7,https://www.borse.it/news/inflazione-italia-in-calo-al-3-a-giugno-giu-anche-il-carrello-spesa,"Inflazione Italia in calo al 3% a giugno, giù anche il carrello spesa",17,,,"... Il lieve rallentamento riflette essenzialmente l'attenuarsi delle tensioni sui prezzi degli Alimentari non lavorati, dei Servizi relativi",https://eview.copyscape.com/compare/xna6suvx56/40
111,2026-07-07T09:47:18.466581,,a75aac8f720c3c79a8aaeac5e4bd76f976209c4b6ee68c234461f493526c5ff7,https://pminews.eu/2026/06/30/prezzi-al-consumo-giugno-2026-linflazione-scende-al-30-i-dati-istat/,"Prezzi al consumo: giugno 2026, l'inflazione scende al +3,0%",17,,,"... I prezzi dei beni rimangono stabili su base annua (+3,4%), mentre  quelli dei servizi rallentano (dal +2,8% al + 2,6%). Di conseguenza, il",https://eview.copyscape.com/compare/xna6suvx56/41
112,2026-07-07T09:47:18.466581,,a75aac8f720c3c79a8aaeac5e4bd76f976209c4b6ee68c234461f493526c5ff7,https://www.startupbusiness.it/inflazione-istat-conferma-04-a-maggio-32-su-anno/176864/,"Inflazione, Istat conferma: +0,4% a maggio, +3,2% su anno",17,,,"... Di conseguenza, il differenziale tra il comparto dei servizi e quello dei beni si attesta a -0,6 punti percentuali, rispetto ai -0,7 p.p.",https://eview.copyscape.com/compare/xna6suvx56/42
113,2026-07-07T09:47:18.466581,,a75aac8f720c3c79a8aaeac5e4bd76f976209c4b6ee68c234461f493526c5ff7,https://formatresearch.com/2026/06/16/inflazione-al-32-istat-prezzi-al-consumo/,"Inflazione al 3,2% | Istat PREZZI AL CONSUMO - Format Research",17,,,"... Di conseguenza, il differenziale tra il comparto dei servizi e quello dei beni si attesta a -0,6 punti percentuali, rispetto ai -0,7 p.p.",https://eview.copyscape.com/compare/xna6suvx56/43
114,2026-07-07T09:47:18.466581,,a75aac8f720c3c79a8aaeac5e4bd76f976209c4b6ee68c234461f493526c5ff7,https://www.ore12.net/inflazione-istat-conferma-stime-a-maggio-04-su-mese-32-su-anno/,"Istat conferma stime, a maggio +0,4% su mese +3,2% su anno - Ore12",17,,,"... Di conseguenza, il differenziale tra il comparto dei servizi e quello dei beni si attesta a -0,6 punti percentuali, rispetto ai -0,7 p.p.",https://eview.copyscape.com/compare/xna6suvx56/44
115,2026-07-07T09:47:18.466581,,a75aac8f720c3c79a8aaeac5e4bd76f976209c4b6ee68c234461f493526c5ff7,https://www.corriere.it/economia/consumi/26_giugno_16/inflazione-la-conferma-dell-istat-a-maggio-sale-dello-0-4-su-mese-3-2-rispetto-a-un-anno-fa-25f3de36-b6c5-4935-b9a2-fc9dec68exlk.shtml,"Inflazione, la conferma dell'Istat: a maggio sale dello 0,4% su mese ...",17,,,"... Di conseguenza, il differenziale tra il comparto dei servizi e quello dei beni si attesta a -0,6 punti percentuali, rispetto ai -0,7 p.p.",https://eview.copyscape.com/compare/xna6suvx56/45
116,2026-07-07T09:47:18.466581,,a75aac8f720c3c79a8aaeac5e4bd76f976209c4b6ee68c234461f493526c5ff7,https://geagency.it/economia/guerra-e-crisi-hormuz-spingono-inflazione-a-maggio-32-su-anno/,"Guerra e crisi Hormuz spingono inflazione: a maggio +3,2% su anno",17,,,"... Di conseguenza, il differenziale tra il comparto dei servizi e quello dei beni si attesta a -0,6 punti percentuali, rispetto ai -0,7 punti",https://eview.copyscape.com/compare/xna6suvx56/46
117,2026-07-07T09:47:18.466581,,a75aac8f720c3c79a8aaeac5e4bd76f976209c4b6ee68c234461f493526c5ff7,https://www.uilpa.it/istat-il-costo-della-vita-continua-ad-aumentare/,Istat: il costo della vita continua ad aumentare – UILPA,15,,,"... In base alle stime preliminari, l'indice armonizzato dei prezzi al consumo (IPCA) aumenta dell'1,3%  su base annua. Documento PDF: CS_Prezzi",https://eview.copyscape.com/compare/xna6suvx56/47
118,2026-07-07T09:47:18.466581,,a75aac8f720c3c79a8aaeac5e4bd76f976209c4b6ee68c234461f493526c5ff7,https://www.ilsole24ore.com/art/inflazione-dicembre-13percento-base-annua-e-01percento-mese-2024-crescita-media-prezzi-dell-10percento-AGEJz69B,"Inflazione, a dicembre +1,3% su base annua e +0,1% sul mese. Nel ...",15,,,"... Sempre secondo le stime preliminari l'indice armonizzato dei prezzi al consumo (Ipca) registra una variazione ... su base mensile pari a +0,1% e",https://eview.copyscape.com/compare/xna6suvx56/48
119,2026-07-07T09:47:19.757960,,fb339c0b50012bca2d9005034f25a28c80e07da586810bdf8ddd4449d6d31e93,https://www.ilsole24ore.com/radiocor/nRC_10.06.2026_10.40_230,"Produzione industriale: Istat, +0,5% su mese ad aprile, +1,3% su anno",79,,,"... Le flessioni piu' ampie si rilevano nelle industrie tessili, abbigliamento, pelli e accessori (-8,9%), nelle altre industrie manifatturiere ... congiunturale dell'indice destagionalizzato della produzione industriale, trainato dalla dinamica positiva dei beni intermedi ... e di quelli strumentali. In crescita risulta pure la media del trimestre ... febbraio-aprile rispetto ai tre mesi precedenti. Ad aprile, anche in termini tendenziali e ... al netto degli effetti di calendario, sia l'indice generale sia quelli relativi ai beni intermedi ... strumentali mostrano un aumento, particolarmente ampio per questi ultimi"". com-fil. Gli ultimi video Radiocor. (RADIOCOR) 10-06-26 10:40:32",https://eview.copyscape.com/compare/6rv4b13k0k/1
120,2026-07-07T09:47:19.757960,,fb339c0b50012bca2d9005034f25a28c80e07da586810bdf8ddd4449d6d31e93,https://leasenews.it/news/dati-di-settore/istat-produzione-industriale-05-ad-aprile-in-crescita,"Istat: produzione industriale +0,5% ad aprile, in crescita",75,,,"... Ad aprile si registra, per il terzo mese consecutivo, un aumento congiunturale dell'indice destagionalizzato della produzione industriale, trainato dalla ... dinamica positiva dei beni intermedi e di quelli strumentali. In crescita risulta pure la media del trimestre ... febbraio-aprile rispetto ai tre mesi precedenti. Ad aprile, anche in termini tendenziali e al netto ... degli effetti di calendario, sia l'indice generale sia quelli relativi ai beni intermedi e ... strumentali mostrano un aumento, particolarmente ampio per questi ultimi. Approfondisci sul sito Istat. Tags: beni strumentali istat produzione industriale.",https://eview.copyscape.com/compare/6rv4b13k0k/2
121,2026-07-07T09:47:19.757960,,fb339c0b50012bca2d9005034f25a28c80e07da586810bdf8ddd4449d6d31e93,https://www.teleborsa.it/News/2026/06/10/italia-la-produzione-industriale-aumenta-per-il-terzo-mese-consecutivo-ad-aprile-87.html,"Italia, la produzione industriale aumenta per il terzo mese ...",62,,,"... Nella media del periodo febbraio-aprile si registra una crescita del livello della produzione dello 0,2% rispetto ai tre mesi precedenti. L ... I settori di attività economica che registrano gli incrementi tendenziali più elevati sono la fabbricazione di mezzi di trasporto (+17,8 ... Le flessioni più ampie si rilevano nelle industrie tessili, abbigliamento, pelli e accessori (-8,9%), nelle altre industrie manifatturiere",https://eview.copyscape.com/compare/6rv4b13k0k/3
122,2026-07-07T09:47:19.757960,,fb339c0b50012bca2d9005034f25a28c80e07da586810bdf8ddd4449d6d31e93,https://www.pugliain.net/produzione-industriale-in-crescita-ad-aprile/,Produzione industriale in crescita ad aprile - pugliain.net,60,,,"... Nella media del periodo febbraio-aprile si registra una crescita del livello della produzione dello 0,2% rispetto ai tre mesi precedenti. Al netto degli ... Le flessioni più ampie si rilevano nelle industrie tessili, abbigliamento, pelli e accessori e  nelle altre industrie manifatturiere, riparazione e ... Si tratta del terzo mese consecutivo con  un aumento congiunturale ... della produzione industriale, trainato dalla dinamica positiva dei beni intermedi e di quelli",https://eview.copyscape.com/compare/6rv4b13k0k/4
123,2026-07-07T09:47:19.757960,,fb339c0b50012bca2d9005034f25a28c80e07da586810bdf8ddd4449d6d31e93,https://www.threads.com/@ilsole_24ore/post/DaPodYwksJY/video-segui-tutti-gli-aggiornamenti-sul-sito-de-il-sole-ore-confindustria-costi-e/,Segui tutti gli aggiornamenti sul sito de #IlSole24Ore. . . Confindustria,56,,,"... congiunturale dell'indice destagionalizzato della produzione industriale, trainato dalla dinamica positiva dei beni ntermedi  e di quelli strumentali. In crescita risulta pure la media del trimestre ... febbraio-aprile rispetto ai tre mesi precedenti. Ad aprile, anche in termini tendenziali e ... l'indice generale sia quelli relativi ai beni intermedi e strumentali mostrano un aumento, particolarmente ampio per questi ultimi. 10 Istat. 2.",https://eview.copyscape.com/compare/6rv4b13k0k/5
124,2026-07-07T09:47:19.757960,,fb339c0b50012bca2d9005034f25a28c80e07da586810bdf8ddd4449d6d31e93,https://www.stampaparlamento.it/2026/06/10/ad-aprile-il-terzo-mese-consecutivo-di-crescita-della-produzione-industriale-italiana/,"Ad aprile, il terzo mese consecutivo di crescita della produzione ...",41,,,"... Nella media del periodo febbraio-aprile si registra una crescita del livello della produzione dello 0,2% rispetto ai tre mesi precedenti. L ... Le flessioni più ampie si rilevano nelle industrie tessili, abbigliamento, pelli e accessori (-8,9%), nelle altre industrie manifatturiere",https://eview.copyscape.com/compare/6rv4b13k0k/6
125,2026-07-07T09:47:19.757960,,fb339c0b50012bca2d9005034f25a28c80e07da586810bdf8ddd4449d6d31e93,https://stream24.ilsole24ore.com/video/economia/produzione-industriale-crescita-ad-aprile/AIKeqxaD,Produzione industriale in crescita ad aprile - Il Sole 24 ORE - Video,29,,,"... Le flessioni più ampie si rilevano nelle industrie tessili, abbigliamento, pelli e accessori e  nelle altre industrie manifatturiere ... industriale, trainato dalla dinamica positiva dei beni intermedi e di quelli strumentali. Su base annua, i settori che registrano gli",https://eview.copyscape.com/compare/6rv4b13k0k/7
126,2026-07-07T09:47:19.757960,,fb339c0b50012bca2d9005034f25a28c80e07da586810bdf8ddd4449d6d31e93,https://transportonline.com/wp-content/uploads/2026/07/Fedespedi-Outlook-27.pdf,Fedespedi Economic Outlook. 27 - Transportonline,27,,,"... L'aumento congiunturale dell'indice destagionalizzato della produzione industriale è stato  trainato dalla dinamica positiva dei beni intermedi e di quelli ... anche la media del trimestre febbraio-aprile rispetto ai tre mesi precedenti (novembre, dicembre, gennaio). Fonte: Istat. Produzione industriale: variazione",https://eview.copyscape.com/compare/6rv4b13k0k/8
127,2026-07-07T09:47:19.757960,,fb339c0b50012bca2d9005034f25a28c80e07da586810bdf8ddd4449d6d31e93,https://www.borsaitaliana.it/borsa/notizie/teleborsa/commenti/i-listini-europei-rallentano-milano-sulla-parita-137_2026-06-10_TLB.html?lang=it,"I listini europei rallentano, Milano sulla parità - Borsa Italiana",22,,,"... Nella media del periodo febbraio-aprile si registra una crescita del livello della produzione dello 0,2% rispetto ai tre mesi precedenti.",https://eview.copyscape.com/compare/6rv4b13k0k/9
128,2026-07-07T09:47:19.757960,,fb339c0b50012bca2d9005034f25a28c80e07da586810bdf8ddd4449d6d31e93,https://finanza.repubblica.it/News/2026/06/10/i_listini_europei_rallentano_milano_sulla_parita-137/,"I listini europei rallentano, Milano sulla parità - Economia e Finanza",22,,,"... Nella media del periodo febbraio-aprile si registra una crescita del livello della produzione dello 0,2% rispetto ai tre mesi precedenti.",https://eview.copyscape.com/compare/6rv4b13k0k/10
129,2026-07-07T09:47:19.757960,,fb339c0b50012bca2d9005034f25a28c80e07da586810bdf8ddd4449d6d31e93,https://www.borsaitaliana.it/borsa/notizie/teleborsa/finanza/europa-debole-con-milano-sotto-la-parita-5_2026-06-10_TLB-BIT.html?lang=it,Europa debole con Milano sotto la parità - Borsa Italiana,22,,,"... Nella media del periodo febbraio-aprile si registra una crescita del livello della produzione dello 0,2% rispetto ai tre mesi precedenti.",https://eview.copyscape.com/compare/6rv4b13k0k/11
130,2026-07-07T09:47:19.757960,,fb339c0b50012bca2d9005034f25a28c80e07da586810bdf8ddd4449d6d31e93,https://www.ilsole24ore.com/art/industria-ad-aprile-produzione-05percento-13percento-anno-AINZdCaD,"Industria avanti per il terzo mese: +0,5% ad aprile, ai massimi da ...",22,,,"... Nella media del periodo febbraio-aprile si registra una crescita del livello della produzione dello 0,2% rispetto ai tre mesi precedenti. .",https://eview.copyscape.com/compare/6rv4b13k0k/12
131,2026-07-07T09:47:19.757960,,fb339c0b50012bca2d9005034f25a28c80e07da586810bdf8ddd4449d6d31e93,https://www.ilsole24ore.com/art/industria-oltre-attese-16percento-ad-aprile-AEmRv1eB,"Industria oltre le attese (+1,6%) ad aprile - Il Sole 24 ORE",22,,,"... giorni lavorativi di calendario sono stati 19 contro i 21 di aprile 2021). Incrementi rilevanti caratterizzano i beni di consumo (+11,3%) e ... I settori di attività economica che registrano gli incrementi tendenziali più ampi sono le  industrie tessili, abbigliamento, pelli e",https://eview.copyscape.com/compare/6rv4b13k0k/13
132,2026-07-07T09:47:19.757960,,fb339c0b50012bca2d9005034f25a28c80e07da586810bdf8ddd4449d6d31e93,https://www.ansa.it/sito/notizie/economia/pmi/2026/06/10/istat-produzione-industriale-aprile-05-su-mese-13-su-anno-2_08c96fb6-500c-4e39-941a-14edb10f77b6.html,"Istat, produzione industriale aprile +0,5% su mese, +1,3% su anno (2)",21,,,"... Nella media del periodo febbraio-aprile si registra una crescita del livello della produzione industriale  dello 0,2% rispetto ai tre mesi",https://eview.copyscape.com/compare/6rv4b13k0k/14
133,2026-07-07T09:47:19.757960,,fb339c0b50012bca2d9005034f25a28c80e07da586810bdf8ddd4449d6d31e93,https://www.teleborsa.it/News/2026/04/10/istat-a-febbraio-produzione-industriale-registra-un-modesto-incremento-congiunturale-39.html,"Istat, a febbraio produzione industriale registra un modesto ...",19,,,"... I settori di attività economica che registrano gli incrementi tendenziali più elevati sono la fabbricazione di mezzi di trasporto (+10,0",https://eview.copyscape.com/compare/6rv4b13k0k/15
134,2026-07-07T09:47:19.757960,,fb339c0b50012bca2d9005034f25a28c80e07da586810bdf8ddd4449d6d31e93,https://www.websim.it/azioni/blue-chip/italia-produzione-industriale-di-marzo-in-crescita-del-0-7-mom/,"Produzione industriale di marzo in crescita del +0,7% MoM - Websim",19,,,"... I settori di attività economica che registrano gli incrementi tendenziali più elevati sono la fabbricazione di mezzi di trasporto (+11,2",https://eview.copyscape.com/compare/6rv4b13k0k/16
135,2026-07-07T09:47:19.757960,,fb339c0b50012bca2d9005034f25a28c80e07da586810bdf8ddd4449d6d31e93,https://www.sardegnaimpresa.eu/it/news/industria-produzione-calo-ottobre-2023,"Industria, produzione in calo a ottobre 2023 | SardegnaImpresa",19,,,... I settori di attività economica che registrano gli incrementi tendenziali più ampi sono  la produzione di prodotti farmaceutici di base e,https://eview.copyscape.com/compare/6rv4b13k0k/17
136,2026-07-07T09:47:19.757960,,fb339c0b50012bca2d9005034f25a28c80e07da586810bdf8ddd4449d6d31e93,https://www.milanofinanza.it/news/istat-la-produzione-industriale-italiana-cresce-per-il-terzo-mese-consecutivo-202606101551554600,"Italia, la produzione industriale cresce ad aprile per il terzo mese ...",19,,,"... Le flessioni più ampie si rilevano nelle industrie tessili, abbigliamento, pelli e accessori (-8,9%), nelle altre industrie manifatturiere",https://eview.copyscape.com/compare/6rv4b13k0k/18
137,2026-07-07T09:47:19.757960,,fb339c0b50012bca2d9005034f25a28c80e07da586810bdf8ddd4449d6d31e93,https://www.instagram.com/p/DaSRxJkjCHZ/,"Secondo i dati @istat_it sull'#occupazione, a maggio 2026 il tasso di ...",18,,,"... l'indice generale sia quelli relativi ai beni intermedi e strumentali mostrano un aumento, particolarmente ampio per questi ultimi. I",https://eview.copyscape.com/compare/6rv4b13k0k/19
138,2026-07-07T09:47:19.757960,,fb339c0b50012bca2d9005034f25a28c80e07da586810bdf8ddd4449d6d31e93,https://www.instagram.com/p/DYeaneqNfrK/,I nuovi dati ISTAT sul commercio estero confermano la ... - Instagram,18,,,"... l'indice generale sia quelli relativi ai beni intermedi e strumentali mostrano un aumento, particolarmente ampio per questi ultimi. I",https://eview.copyscape.com/compare/6rv4b13k0k/20
139,2026-07-07T09:47:19.757960,,fb339c0b50012bca2d9005034f25a28c80e07da586810bdf8ddd4449d6d31e93,https://www.instagram.com/p/DY176y3tL9j/,L'industria italiana continua a crescere. I dati ISTAT raccontano di un ...,18,,,"... l'indice generale sia quelli relativi ai beni intermedi e strumentali mostrano un aumento, particolarmente ampio per questi ultimi. I",https://eview.copyscape.com/compare/6rv4b13k0k/21
140,2026-07-07T09:47:19.757960,,fb339c0b50012bca2d9005034f25a28c80e07da586810bdf8ddd4449d6d31e93,https://www.instagram.com/p/DZw464GAK73/,Il Sud cresce più del Nord per il quarto anno consecutivo: non era ...,18,,,"... l'indice generale sia quelli relativi ai beni intermedi e strumentali mostrano un aumento, particolarmente ampio per questi ultimi. I",https://eview.copyscape.com/compare/6rv4b13k0k/22
141,2026-07-07T09:47:19.757960,,fb339c0b50012bca2d9005034f25a28c80e07da586810bdf8ddd4449d6d31e93,https://www.industriaitaliana.it/istat-produzione-industriale-settembre-2025-energia-elettronica/,"Istat: produzione industriale +2,8% a settembre 2025, trainano ...",18,,,"... Le flessioni più ampie si rilevano nelle industrie tessili, abbigliamento, pelli e accessori (-4,4%),  nell'industria del legno, carta e",https://eview.copyscape.com/compare/6rv4b13k0k/23
142,2026-07-07T09:47:19.757960,,fb339c0b50012bca2d9005034f25a28c80e07da586810bdf8ddd4449d6d31e93,https://www.icsoftware.it/dati-istat-sulla-produzione-industriale-di-aprile-2022/,Dati Istat sulla produzione industriale di aprile 2022 - IC Software Srl,16,,,"... I settori di attività economica che registrano gli incrementi tendenziali più ampi sono le  industrie tessili, abbigliamento, pelli e",https://eview.copyscape.com/compare/6rv4b13k0k/24
143,2026-07-07T09:47:18.466581,,a75aac8f720c3c79a8aaeac5e4bd76f976209c4b6ee68c234461f493526c5ff7,https://formatresearch.com/2026/06/30/inflazione-al-3-istat-prezzi-al-consumo/,Inflazione al 3% | Istat PREZZI AL CONSUMO - Format Research,164,,,"... tabacchi, registra una variazione nulla su base mensile e del +3,0% su base annua (da +3,2% del mese precedente). Il lieve rallentamento ... Nel mese di giugno l'“inflazione di fondo”, al netto degli energetici e degli alimentari freschi, si riduce lievemente (da +1,7% a +1,6 ... I prezzi dei beni rimangono stabili su base annua (a +3,4%) e quelli dei servizi registrano un rallentamento (da +2,8% a +2,6%). Di ... conseguenza, il differenziale tra il comparto dei servizi e quello dei beni si attesta a -0,8 punti percentuali (dai -0,6 p.p.). Il tasso ... La variazione congiunturale dell'indice generale è sintesi, da un lato, della diminuzione dei prezzi di Alimentari non lavorati (-1,4%) e ... A giugno 2026 l'inflazione scende al +3,0% (dal +3,2% di maggio). Il lieve rallentamento riflette essenzialmente l'attenuarsi delle tensioni sui ... Un sostegno all'inflazione, d'altro canto, si deve alla moderata accelerazione dei prezzi degli Energetici. Si riduce il tasso di variazione",https://eview.copyscape.com/compare/xna6suvx56/1
144,2026-07-07T09:47:18.466581,,a75aac8f720c3c79a8aaeac5e4bd76f976209c4b6ee68c234461f493526c5ff7,https://www.provincia.treviso.it/it/component/content/article/34253-istat-inflazione-in-italia-3-nel-mese-di-giugno-2026-provvisorio?catid=124&Itemid=284,Istat: Inflazione - in Italia +3% nel mese di giugno 2026 (provvisorio),153,,,"... Testo integrale e nota metodologica. Logo della ... tabacchi, registra una variazione nulla su base mensile e del +3,0% su base annua (da +3,2% del mese precedente). Il lieve rallentamento dell'inflazione ... dei Servizi relativi ai trasporti (da +1,7% a +1,1%); in accelerazione sono invece i prezzi degli Energetici, regolamentati (da +5,6% a +9,3%) e non ... Il tasso di variazione tendenziale dei prezzi dei Beni alimentari, per la cura della casa e della persona si riduce (da +1,9% a +1,6%), come quello dei ... La variazione congiunturale dell'indice generale è sintesi, da un lato, della diminuzione dei prezzi ... quelli dei Servizi ricreativi, culturali, e per la cura della persona (+0,6%), dei Servizi relativi ai trasporti (+0,5%) e degli Energetici regolamentati (+ ... In base alle stime preliminari, l'indice armonizzato dei prezzi al consumo (IPCA) registra una variazione pari a +0,1% su base mensile e a +3,1% su base",https://eview.copyscape.com/compare/xna6suvx56/2
145,2026-07-07T09:47:18.466581,,a75aac8f720c3c79a8aaeac5e4bd76f976209c4b6ee68c234461f493526c5ff7,https://tg24.sky.it/economia/2026/06/30/inflazione-giugno-istat,"Inflazione, calo del 3% a giugno: crescita zero dei prezzi. I dati",137,,,"... tabacchi, registra una variazione nulla su base mensile e del +3% ... su base annua (da +3,2% del mese precedente). Lo comunica l'Istituto ... Per favore riprova più tardi. Il lieve rallentamento dell'inflazione riflette la dinamica dei prezzi degli Alimentari non lavorati (da +5,5 ... dei Servizi relativi ai trasporti (da +1,7% a +1,1%); in accelerazione sono invece i prezzi degli ... Energetici, regolamentati (da +5,6% a +9,3%) e non regolamentati (da +12,5% a +12,9%). Created with Sketch. ascolta articolo.... Nel mese di giugno - spiega ancora l'Istat -  l'""inflazione di fondo"", al netto degli energetici e degli alimentari freschi, si riduce lievemente ... I prezzi dei beni rimangono stabili su base annua (a +3,4%) e quelli dei servizi registrano un rallentamento (da +2,8% a +2,6%). Di ... La variazione congiunturale dell'indice generale è sintesi, da un lato, della diminuzione dei prezzi di Alimentari non lavorati (-1,4%) e",https://eview.copyscape.com/compare/xna6suvx56/3
146,2026-07-07T09:47:18.466581,,a75aac8f720c3c79a8aaeac5e4bd76f976209c4b6ee68c234461f493526c5ff7,https://www.gazzettadinapoli.it/economia-2/prezzi-al-consumo-istat-a-giugno-inflazione-giu/,"Prezzi al consumo, Istat, a giugno inflazione giù - Gazzetta di Napoli",110,,,"... Nel mese di giugno l'“inflazione di fondo”, al netto degli energetici e degli alimentari freschi, si riduce lievemente (da +1,7% a +1,6 ... I prezzi dei beni rimangono stabili su base annua (a +3,4%) e quelli dei servizi registrano un rallentamento (da +2,8% a +2,6%). Di ... La variazione congiunturale dell'indice generale è sintesi, da un lato, della diminuzione dei prezzi di Alimentari non lavorati (-1,4%) e ... Il lieve rallentamento riflette essenzialmente l'attenuarsi delle tensioni sui prezzi degli Alimentari non lavorati, dei Servizi relativi ai ... Un sostegno all'inflazione, d'altro canto, si deve alla moderata accelerazione dei prezzi degli Energetici. Si riduce il tasso di variazione",https://eview.copyscape.com/compare/xna6suvx56/4
147,2026-07-07T09:47:18.466581,,a75aac8f720c3c79a8aaeac5e4bd76f976209c4b6ee68c234461f493526c5ff7,https://www.provincia.treviso.it/it/news/34253-istat-inflazione-in-italia-3-nel-mese-di-giugno-2026-provvisorio,Istat: Inflazione - in Italia +3% nel mese di giugno 2026 (provvisorio),109,,,"... Nel mese di giugno l'“inflazione di fondo”, al netto degli energetici e degli alimentari freschi, si riduce lievemente (da +1,7% a +1,6%), come anche quella ... netto dei soli beni energetici (da +2,1% a +2,0%). I prezzi dei beni rimangono stabili su base annua (a +3,4%) e quelli dei servizi registrano un ... Di conseguenza, il differenziale tra il comparto dei servizi e quello dei beni si attesta a -0,8 punti percentuali (dai -0,6 p.p.). Il tasso di variazione ... La variazione congiunturale dell'indice generale è sintesi, da un lato, della diminuzione dei prezzi di Alimentari non lavorati (-1,4%) e degli Energetici",https://eview.copyscape.com/compare/xna6suvx56/5
148,2026-07-07T09:47:18.466581,,a75aac8f720c3c79a8aaeac5e4bd76f976209c4b6ee68c234461f493526c5ff7,https://www.nuovogiornalenazionale.com/istat-i-prezzi-al-consumo-a-giugno-2026-dati-provvisori/,"Istat, i prezzi al consumo a giugno 2026 - Dati provvisori",99,,,"... Nel mese di giugno la “ inflazione di fondo”, al netto degli energetici e degli alimentari freschi, si riduce lievemente (da +1,7% a +1,6%), come anche ... I prezzi dei beni rimangono stabili su base annua (a +3,4%) e quelli dei servizi registrano un rallentamento (da +2,8% a +2,6%). Di conseguenza, il ... La variazione congiunturale dell'indice generale è sintesi, da un lato, della diminuzione dei prezzi di Alimentari non lavorati (-1,4%) e degli Energetici ... Un sostegno all'inflazione, d'altro canto, si deve alla moderata accelerazione dei prezzi degli Energetici. Si riduce il tasso di variazione tendenziale dei",https://eview.copyscape.com/compare/xna6suvx56/6
149,2026-07-07T09:47:18.466581,,a75aac8f720c3c79a8aaeac5e4bd76f976209c4b6ee68c234461f493526c5ff7,https://www.confcommercio.it/-/inflazione-giugno-2026,L'inflazione inverte la marcia - Confcommercio,88,,,"... In accelerazione sono invece i prezzi degli Energetici, regolamentati (da +5,6% a +9,3%) e non regolamentati (da +12,5% a +12,9%). La  inflazione di fondo”, ovvero quella val  netto degli energetici e degli alimentari freschi, si riduce lievemente (da +1,7% a +1,6%), così ... I prezzi dei beni rimangono stabili su base annua (a +3,4%), mentre  quelli dei servizi registrano un rallentamento (da +2,8% a +2,6%). Di ... La variazione congiunturale dell'indice generale è ... da un lato sintesi  della diminuzione dei prezzi di Alimentari non lavorati (-1,4%) e",https://eview.copyscape.com/compare/xna6suvx56/7
150,2026-07-07T09:47:18.466581,,a75aac8f720c3c79a8aaeac5e4bd76f976209c4b6ee68c234461f493526c5ff7,https://www.agrapress.it/2026/06/inflazione-istat-a-giugno-2026-si-stima-variazione-nulla-su-aprile-e-del-3-su-base-annua/,"INFLAZIONE : ISTAT, A GIUGNO 2026 SI STIMA VARIAZIONE ...",71,,,"... dinamica dei prezzi degli alimentari non lavorati (da +5,5% a +4,5%), dei servizi ricreativi, culturali e per la cura della persona (da +3,0 ... di conseguenza, il differenziale tra il comparto dei servizi e quello dei beni si attesta a -0,8 punti percentuali (dai -0,6 p.p.). il tasso ... il lieve rallentamento riflette essenzialmente l'attenuarsi delle tensioni sui prezzi degli alimentari non lavorati, dei servizi relativi ai",https://eview.copyscape.com/compare/xna6suvx56/8
151,2026-07-07T09:47:18.466581,,a75aac8f720c3c79a8aaeac5e4bd76f976209c4b6ee68c234461f493526c5ff7,https://www.facebook.com/IstatIstitutoNazionalediStatistica/posts/a-giugno-2026-linflazione-scende-al-30-dal-32-di-maggio-il-lieve-rallentamento-r/1332819132361957/,"A giugno 2026 l'inflazione scende al + 3,0% (dal +3,2% di maggio ...",65,,,"... A giugno 2026 l'inflazione scende al + 3,0% (dal +3,2% di maggio). Il lieve rallentamento riflette essenzialmente l'attenuarsi delle ... tensioni sui prezzi degli Alimentari non lavorati, dei Servizi relativi ai trasporti e di quelli ricreativi, culturali e per la cura della ... accelerazione dei prezzi degli Energetici. Si riduce il tasso di variazione tendenziale dei prezzi del ""carrello della spesa"" (da +1,9% a +1",https://eview.copyscape.com/compare/xna6suvx56/9
152,2026-07-07T09:47:18.466581,,a75aac8f720c3c79a8aaeac5e4bd76f976209c4b6ee68c234461f493526c5ff7,https://www.borsaitaliana.it/borsa/notizie/radiocor/economia/dettaglio/inflazione-istat-stima-variazione-nulla-a-giugno-3-su-anno-2-nRC_30062026_1109_298158327.html,"Inflazione: Istat stima variazione nulla a giugno, +3% su anno -2",62,,,"... Il Sole 24 Ore Radiocor) - Roma, 30 giu - I prezzi dei beni rimangono stabili a giugno  su base annua (a +3,4%) e quelli dei servizi ... Di conseguenza, il differenziale tra il comparto dei servizi e quello dei beni si attesta a -0,8 punti percentuali (dai -0,6 punti percentuali).... quelli dei Servizi ricreativi, culturali, e per la cura della persona (+0,6%), dei Servizi relativi ai trasporti (+0,5%) e degli Energetici",https://eview.copyscape.com/compare/xna6suvx56/10
153,2026-07-07T09:47:18.466581,,a75aac8f720c3c79a8aaeac5e4bd76f976209c4b6ee68c234461f493526c5ff7,https://www.ilsole24ore.com/art/inflazione-istat-stima-variazione-nulla-giugno-3percento-anno-AIDknVwD,"Inflazione: Istat stima variazione nulla a giugno, +3% su anno",48,,,"... tabacchi, registra una variazione nulla su base mensile e del +3% ... su base annua (da +3,2% del mese precedente). Il rallentamento riflette la ... Il rallentamento riflette la dinamica dei prezzi ... degli alimentari non lavorati ha ... netto dei soli beni energetici (da +2,1% a +2%). L'inflazione acquisita per il 2026 si mantiene ... a +2,6% per l'indice generale e sale a +1,7",https://eview.copyscape.com/compare/xna6suvx56/11
154,2026-07-07T09:47:18.466581,,a75aac8f720c3c79a8aaeac5e4bd76f976209c4b6ee68c234461f493526c5ff7,https://www.radiostudio90italia.it/inflazione-istat-a-giugno-rallenta-a-3-carrello-spesa-a-16/,"Inflazione, Istat: a giugno rallenta a +3%, carrello spesa a +1,6%",46,,,"... E' la stima preliminare diffusa dall'Istat. Il lieve rallentamento dell'inflazione riflette la dinamica dei prezzi degli Alimentari non lavorati (da +5,5% a ... Il tasso di variazione tendenziale dei prezzi dei Beni alimentari, per la cura della casa e della persona si riduce (da +1,9% a +1,6%), come quello dei",https://eview.copyscape.com/compare/xna6suvx56/12
155,2026-07-07T09:47:18.466581,,a75aac8f720c3c79a8aaeac5e4bd76f976209c4b6ee68c234461f493526c5ff7,https://comunicazioneitaliana.it/news/eb536436e00a911bbda860d7992c1525,"Inflazione accelera, a marzo prezzi +1,7% - Comunicazione Italiana",46,,,"... L'andamento dell'inflazione risente prevalentemente della netta risalita dei prezzi degli Energetici - regolamentati (da -11,6% a -1, 3%) e non (da -6,2% a ... Il tasso di variazione tendenziale dei prezzi dei Beni alimentari, per la cura della casa e della persona evidenzia una moderata accelerazione (da +2,0% a +2,2 ... In base alle stime preliminari, l'indice armonizzato dei prezzi al consumo (Ipca) registra una variazione pari a +1,6%  su base mensile, per la fine dei",https://eview.copyscape.com/compare/xna6suvx56/13
156,2026-07-07T09:47:18.466581,,a75aac8f720c3c79a8aaeac5e4bd76f976209c4b6ee68c234461f493526c5ff7,https://requadro.com/a-giugno-26-inflazione-al-3/,A giugno '26 inflazione al 3% - Requadro,41,,,"... A giugno 2026 l'inflazione scende al +3,0% (dal +3,2% di maggio). Il lieve rallentamento riflette essenzialmente l'attenuarsi delle tensioni ... Un sostegno all'inflazione, d'altro canto, si deve alla moderata accelerazione dei prezzi degli energetici. Si riduce il tasso di variazione",https://eview.copyscape.com/compare/xna6suvx56/14
157,2026-07-07T09:47:18.466581,,a75aac8f720c3c79a8aaeac5e4bd76f976209c4b6ee68c234461f493526c5ff7,https://www.rainews.it/articoli/2026/06/istat-crescita-zero-dei-prezzi-a-giugno-linflazione-cala-al-3-3f546ece-a43b-4ebe-8d09-87a2a8231010.html,"Istat, crescita zero dei prezzi a giugno: l'inflazione cala al 3%",41,,,"... tabacchi, registra una variazione nulla su base mensile e del +3% ... su base annua (da +3,2% del mese precedente). Lo comunica l'Istituto ... A giugno l'inflazione di fondo, al netto degli energetici e degli alimentari freschi, si riduce lievemente (da +1,7% a +1,6%), come anche",https://eview.copyscape.com/compare/xna6suvx56/15
158,2026-07-07T09:47:18.466581,,a75aac8f720c3c79a8aaeac5e4bd76f976209c4b6ee68c234461f493526c5ff7,https://www.ilnordest.it/italia-ed-esteri/istat-crescita-zero-dei-prezzi-a-giugno-inflazione-cala-al-3-deoajb5t,"Istat, crescita zero dei prezzi a giugno, inflazione cala al 3%",40,,,"... tabacchi, registra una variazione nulla su base mensile e del +3% su ... tensioni sui prezzi degli Alimentari non lavorati, dei Servizi ... Un sostegno all'inflazione, d'altro canto, si deve alla moderata accelerazione dei prezzi degli Energetici. Si riduce il tasso di variazione",https://eview.copyscape.com/compare/xna6suvx56/16
159,2026-07-07T09:47:18.466581,,a75aac8f720c3c79a8aaeac5e4bd76f976209c4b6ee68c234461f493526c5ff7,https://www.borsaitaliana.it/borsa/notizie/radiocor/economia/dettaglio/inflazione-istat-stima-04-a-maggio-32-su-anno-2-nRC_29052026_1123_287371785.html,"Inflazione: Istat stima +0,4% a maggio, +3,2% su anno - Borsa Italiana",40,,,"... Il Sole 24 Ore Radiocor) - Roma, 29 mag - Il tasso di variazione tendenziale dei prezzi dei Beni alimentari, per la cura della casa e della ... In base alle stime preliminari, l'indice armonizzato dei prezzi al consumo (Ipca) registra una variazione pari a +0,4%  su base mensile e a",https://eview.copyscape.com/compare/xna6suvx56/17
160,2026-07-07T09:47:18.466581,,a75aac8f720c3c79a8aaeac5e4bd76f976209c4b6ee68c234461f493526c5ff7,https://www.borsaitaliana.it/borsa/notizie/radiocor/prima-pagina/dettaglio/inflazione-istat-stima-variazione-nulla-a-giugno-3-su-anno-rco-nRC_30062026_1107_297133761.html,"Inflazione: Istat stima variazione nulla a giugno, +3% su anno (RCO)",39,,,"... tabacchi, registra una variazione nulla su base mensile e del +3% ... su base annua (da +3,2% del mese precedente). Il rallentamento riflette la ... netto dei soli beni energetici (da +2,1% a +2%). L'inflazione acquisita per il 2026 si mantiene ... a +2,6% per l'indice generale e sale a +1,7",https://eview.copyscape.com/compare/xna6suvx56/18
161,2026-07-07T09:47:18.466581,,a75aac8f720c3c79a8aaeac5e4bd76f976209c4b6ee68c234461f493526c5ff7,https://www.corrieredelleconomia.it/2026/06/30/importante-calo-dellinflazione-30-la-mantiene-ancora-solo-i-prezzi-dei-carburanti-lo-dice-listat/,"Importante calo dell'inflazione: +3,0%. La mantiene ancora solo i ...",38,,,"... Il lieve rallentamento riflette essenzialmente l'attenuarsi delle tensioni sui prezzi degli alimentari non lavorati, dei servizi relativi ai ... Un sostegno all'inflazione, d'altro canto, si deve alla moderata accelerazione dei prezzi degli energetici. Si riduce il tasso di variazione",https://eview.copyscape.com/compare/xna6suvx56/19
162,2026-07-07T09:47:18.466581,,a75aac8f720c3c79a8aaeac5e4bd76f976209c4b6ee68c234461f493526c5ff7,https://www.financialounge.com/news/2026/06/30/linflazione-frena-a-giugno-in-italia-3/,L'inflazione frena a giugno in Italia: +3% - Financialounge.com,38,,,"... Sempre secondo i dati Istat, i prezzi dei beni rimangono stabili a giugno  su base annua (a +3,4%) mentre  quelli dei servizi registrano un ... La variazione congiunturale dell'indice generale è sintesi, da un lato, della diminuzione dei prezzi di alimentari non lavorati (-1,4%) e",https://eview.copyscape.com/compare/xna6suvx56/20
163,2026-07-07T09:47:18.466581,,a75aac8f720c3c79a8aaeac5e4bd76f976209c4b6ee68c234461f493526c5ff7,https://www.ilsole24ore.com/radiocor/nRC_16.06.2026_10.14_226,"Inflazione: Istat conferma, +0,4% a maggio, +3,2% su anno -2",35,,,"... Di conseguenza, il differenziale tra il comparto dei servizi e quello dei beni si attesta a -0,6 punti percentuali, rispetto ai -0,7 p.p. ... Il tasso di variazione tendenziale dei prezzi dei Beni alimentari, per la cura della casa e della persona scende a +1,9% (da +2,3",https://eview.copyscape.com/compare/xna6suvx56/21
164,2026-07-07T09:47:18.466581,,a75aac8f720c3c79a8aaeac5e4bd76f976209c4b6ee68c234461f493526c5ff7,https://www.ilfattonisseno.it/2026/06/inflazione-carrello-spesa-cala-dall19-all16-a-giugno/,"Inflazione: carrello spesa cala dall'1,9% all'1,6% a giugno",30,,,"... degli energetici e degli alimentari freschi, si riduce lievemente (da +1,7% a +1,6%), come anche quella al netto dei soli beni energetici (da +2,1% a +2,0%)",https://eview.copyscape.com/compare/xna6suvx56/22
165,2026-07-07T09:47:18.466581,,a75aac8f720c3c79a8aaeac5e4bd76f976209c4b6ee68c234461f493526c5ff7,https://www.reddit.com/r/italy/comments/1ujm9o5/linflazione_preliminare_istat_di_giugno_si_ferma/,L'inflazione preliminare Istat di giugno: si ferma la corsa dei prezzi ...,26,,,"... I prezzi dei beni rimangono stabili su base annua (a +3,4%) e quelli dei servizi registrano un rallentamento (da +2,8% a +2,6%). Di",https://eview.copyscape.com/compare/xna6suvx56/23
166,2026-07-07T09:47:18.466581,,a75aac8f720c3c79a8aaeac5e4bd76f976209c4b6ee68c234461f493526c5ff7,https://www.ilsole24ore.com/radiocor/nRC_29.05.2026_11.23_287,"Inflazione: Istat stima +0,4% a maggio, +3,2% su anno - Il Sole 24 ORE",23,,,"... In base alle stime preliminari, l'indice armonizzato dei prezzi al consumo (Ipca) registra una variazione pari a +0,4%  su base mensile e a",https://eview.copyscape.com/compare/xna6suvx56/24
167,2026-07-07T09:47:18.466581,,a75aac8f720c3c79a8aaeac5e4bd76f976209c4b6ee68c234461f493526c5ff7,https://www.aranagenzia.it/download/prezzi-al-consumo-febbraio-2025/,Prezzi al consumo – Febbraio 2025 | Aran Agenzia,22,,,"... quelli dei Servizi ricreativi, culturali e per la cura della persona (da +3,3% a +3,1%).  Nel mese di febbraio  l'“inflazione di fondo”, al netto degli",https://eview.copyscape.com/compare/xna6suvx56/25
168,2026-07-07T09:47:18.466581,,a75aac8f720c3c79a8aaeac5e4bd76f976209c4b6ee68c234461f493526c5ff7,https://www.freshplaza.it/article/9852593/il-settore-alimentare-vede-rallentare-la-crescita-dei-prezzi/,Il settore alimentare vede rallentare la crescita dei prezzi - FreshPlaza,21,,,"... precedente). Il lieve rallentamento dell'inflazione riflette la dinamica dei prezzi degli alimentari non lavorati (da +5,5% a +4,5%), dei",https://eview.copyscape.com/compare/xna6suvx56/26
169,2026-07-07T09:47:18.466581,,a75aac8f720c3c79a8aaeac5e4bd76f976209c4b6ee68c234461f493526c5ff7,https://www.anfia.it/it/comunicazione/notizie-e-comunicati/comunicati-stampa/mercato-vetture-italia/anche-giugno-positivo-per-il-mercato-auto-italiano-10-6,ANCHE GIUGNO POSITIVO PER IL MERCATO AUTO ITALIANO,21,,,"... precedente). Il lieve rallentamento dell'inflazione riflette la dinamica dei prezzi degli Alimentari non lavorati (da +5,5% a +4,5%), dei",https://eview.copyscape.com/compare/xna6suvx56/27
170,2026-07-07T09:47:18.466581,,a75aac8f720c3c79a8aaeac5e4bd76f976209c4b6ee68c234461f493526c5ff7,https://requadro.com/diario-da-dubai-stiamo-bene-e-la-citta-non-e-nel-panico/,"Diario da Dubai: ""Stiamo bene, e la città non è nel panico"" - Requadro",20,,,"... A giugno 2026 l'inflazione scende al +3,0% (dal +3,2% di maggio). Il lieve rallentamento riflette essenzialmente l'attenuarsi delle",https://eview.copyscape.com/compare/xna6suvx56/28
171,2026-07-07T09:47:18.466581,,a75aac8f720c3c79a8aaeac5e4bd76f976209c4b6ee68c234461f493526c5ff7,https://www.lametasociale.it/2026/06/30/rallentano-i-prezzi-al-consumo-a-giugno/,Rallentano i prezzi al consumo a giugno - Meta Sociale,20,,,"... precedente. Il lieve rallentamento dell'inflazione, spiega l'Istat, « riflette la dinamica dei prezzi degli Alimentari non lavorati (da +5,5% a +4,5",https://eview.copyscape.com/compare/xna6suvx56/29
172,2026-07-07T09:47:18.466581,,a75aac8f720c3c79a8aaeac5e4bd76f976209c4b6ee68c234461f493526c5ff7,https://italia-informa.com/Istat--crescita-zero-dei-prezzi-a-giugno.aspx,"Istat, crescita zero dei prezzi a giugno - Italia Informa",20,,,"... Un sostegno all'inflazione, d'altro canto, si deve alla moderata accelerazione dei prezzi degli Energetici. Si riduce il tasso di variazione",https://eview.copyscape.com/compare/xna6suvx56/30
173,2026-07-07T09:47:18.466581,,a75aac8f720c3c79a8aaeac5e4bd76f976209c4b6ee68c234461f493526c5ff7,https://www.redigo.info/2026/07/01/giugno-2026/,"Istat, prezzi al consumo di giugno 2026. L'inflazione rallenta",20,,,"... Un sostegno all'inflazione, d'altro canto, si deve alla moderata accelerazione dei prezzi degli Energetici. Si riduce il tasso di variazione",https://eview.copyscape.com/compare/xna6suvx56/31
174,2026-07-07T09:47:18.466581,,a75aac8f720c3c79a8aaeac5e4bd76f976209c4b6ee68c234461f493526c5ff7,https://www.lagazzettadelmezzogiorno.it/news/ultima-ora/2035245/istat-crescita-zero-dei-prezzi-a-giugno-inflazione-cala-al-3.html,"Istat, crescita zero dei prezzi a giugno, inflazione cala al 3%",20,,,"... Un sostegno all'inflazione, d'altro canto, si deve alla moderata accelerazione dei prezzi degli Energetici. Si riduce il tasso di variazione",https://eview.copyscape.com/compare/xna6suvx56/32
175,2026-07-07T09:47:18.466581,,a75aac8f720c3c79a8aaeac5e4bd76f976209c4b6ee68c234461f493526c5ff7,https://www.teleborsa.it/News/2026/06/30/istat-inflazione-in-lieve-calo-a-giugno-3-0percent-su-base-annua-da-3-2percent-di-maggio-77.html,"Istat, inflazione in lieve calo a giugno: +3,0% su base annua (da +3 ...",20,,,"... dei Servizi relativi ai trasporti (da +1,7% a +1,1%). In direzione ... Il tasso di variazione tendenziale dei prezzi del cosiddetto",https://eview.copyscape.com/compare/xna6suvx56/33
176,2026-07-07T09:47:18.466581,,a75aac8f720c3c79a8aaeac5e4bd76f976209c4b6ee68c234461f493526c5ff7,https://www.uilpa.it/istat-prezzi-al-consumo-ancora-in-aumento/,Istat: prezzi al consumo ancora in aumento – UILPA,20,,,"... quelli dei Servizi ricreativi, culturali e per la cura della persona (da +6,3% a +6, 7%) e dei Servizi vari (da +2,5% a +2,9%). Tali effetti ... prezzi degli Energetici regolamentati (da -20,3% a -26,4%) e dal rallentamento di quelli degli Alimentari lavorati (da +15,3% a +14,7",https://eview.copyscape.com/compare/xna6suvx56/34
177,2026-07-07T09:47:18.466581,,a75aac8f720c3c79a8aaeac5e4bd76f976209c4b6ee68c234461f493526c5ff7,https://www.ilmessaggero.it/economia/news/inflazione_italia_eurozona_ultime_notizie-7377001.html,"L'inflazione in Italia torna a crescere: +8,3%. Male anche l'Eurozona ...",20,,,"... quelli dei servizi ricreativi, culturali e per la cura della persona (da +6,3% a +6, 7%) e dei servizi vari (da +2,5% a +2,9%). Tali effetti ... sono stati solo in parte compensati dalla flessione più marcata dei prezzi degli energetici regolamentati (da -20,3% a -26,4",https://eview.copyscape.com/compare/xna6suvx56/35
178,2026-07-07T09:47:18.466581,,a75aac8f720c3c79a8aaeac5e4bd76f976209c4b6ee68c234461f493526c5ff7,https://www.instagram.com/p/DODZcZsiTtD/,"A luglio 2025, il numero degli occupati raggiunge i 24 milioni ...",18,,,"... Il lieve rallentamento riflette essenzialmente l'attenuarsi delle tensioni sui prezzi degli. Alimentari non lavorati, dei Servizi relativi ai",https://eview.copyscape.com/compare/xna6suvx56/36
179,2026-07-07T09:47:18.466581,,a75aac8f720c3c79a8aaeac5e4bd76f976209c4b6ee68c234461f493526c5ff7,https://www.facebook.com/FocusEconomia/posts/secondo-le-stime-preliminari-dellistat-nel-mese-di-giugno-2026-lindice-dei-prezz/1619350946222050/,Focus Economia di Sebastiano Barisoni - Radio 24 - Facebook,18,,,"... mese di giugno 2026 l'indice ... dei prezzi al consumo, ... al lordo dei tabacchi, registra una variazione nulla su",https://eview.copyscape.com/compare/xna6suvx56/37
180,2026-07-07T09:47:18.466581,,a75aac8f720c3c79a8aaeac5e4bd76f976209c4b6ee68c234461f493526c5ff7,https://www.conquistedellavoro.it/attualit%C3%A0/lagarde-spazio-per-agire-sui-tassi-ma-senza-corsa-ai-rialzi-1.3355119,Lagarde: spazio per agire sui tassi ma senza corsa ai rialzi,18,,,"... Lo comunica l'Istituto. Il lieve rallentamento dell'inflazione riflette la dinamica dei prezzi degli alimentari non lavorati (da +5,5% a +4",https://eview.copyscape.com/compare/xna6suvx56/38
181,2026-07-07T09:47:18.466581,,a75aac8f720c3c79a8aaeac5e4bd76f976209c4b6ee68c234461f493526c5ff7,https://teleborsa.ansa.it/notiziario/economia/istat-a-maggio-linflazione-accelera-al-32-spingono-ancora-i-prezzi-dellenergia/,"Istat, a maggio l'inflazione accelera al 3,2%. Spingono ancora i ...",18,,,"... Il tasso di variazione tendenziale dei prezzi dei Beni alimentari, per la cura della casa e della persona resta stabile a +2,3%, mentre",https://eview.copyscape.com/compare/xna6suvx56/39
182,2026-07-07T09:47:18.466581,,a75aac8f720c3c79a8aaeac5e4bd76f976209c4b6ee68c234461f493526c5ff7,https://www.borse.it/news/inflazione-italia-in-calo-al-3-a-giugno-giu-anche-il-carrello-spesa,"Inflazione Italia in calo al 3% a giugno, giù anche il carrello spesa",17,,,"... Il lieve rallentamento riflette essenzialmente l'attenuarsi delle tensioni sui prezzi degli Alimentari non lavorati, dei Servizi relativi",https://eview.copyscape.com/compare/xna6suvx56/40
183,2026-07-07T09:47:18.466581,,a75aac8f720c3c79a8aaeac5e4bd76f976209c4b6ee68c234461f493526c5ff7,https://pminews.eu/2026/06/30/prezzi-al-consumo-giugno-2026-linflazione-scende-al-30-i-dati-istat/,"Prezzi al consumo: giugno 2026, l'inflazione scende al +3,0%",17,,,"... I prezzi dei beni rimangono stabili su base annua (+3,4%), mentre  quelli dei servizi rallentano (dal +2,8% al + 2,6%). Di conseguenza, il",https://eview.copyscape.com/compare/xna6suvx56/41
184,2026-07-07T09:47:18.466581,,a75aac8f720c3c79a8aaeac5e4bd76f976209c4b6ee68c234461f493526c5ff7,https://www.startupbusiness.it/inflazione-istat-conferma-04-a-maggio-32-su-anno/176864/,"Inflazione, Istat conferma: +0,4% a maggio, +3,2% su anno",17,,,"... Di conseguenza, il differenziale tra il comparto dei servizi e quello dei beni si attesta a -0,6 punti percentuali, rispetto ai -0,7 p.p.",https://eview.copyscape.com/compare/xna6suvx56/42
185,2026-07-07T09:47:18.466581,,a75aac8f720c3c79a8aaeac5e4bd76f976209c4b6ee68c234461f493526c5ff7,https://formatresearch.com/2026/06/16/inflazione-al-32-istat-prezzi-al-consumo/,"Inflazione al 3,2% | Istat PREZZI AL CONSUMO - Format Research",17,,,"... Di conseguenza, il differenziale tra il comparto dei servizi e quello dei beni si attesta a -0,6 punti percentuali, rispetto ai -0,7 p.p.",https://eview.copyscape.com/compare/xna6suvx56/43
186,2026-07-07T09:47:18.466581,,a75aac8f720c3c79a8aaeac5e4bd76f976209c4b6ee68c234461f493526c5ff7,https://www.ore12.net/inflazione-istat-conferma-stime-a-maggio-04-su-mese-32-su-anno/,"Istat conferma stime, a maggio +0,4% su mese +3,2% su anno - Ore12",17,,,"... Di conseguenza, il differenziale tra il comparto dei servizi e quello dei beni si attesta a -0,6 punti percentuali, rispetto ai -0,7 p.p.",https://eview.copyscape.com/compare/xna6suvx56/44
187,2026-07-07T09:47:18.466581,,a75aac8f720c3c79a8aaeac5e4bd76f976209c4b6ee68c234461f493526c5ff7,https://www.corriere.it/economia/consumi/26_giugno_16/inflazione-la-conferma-dell-istat-a-maggio-sale-dello-0-4-su-mese-3-2-rispetto-a-un-anno-fa-25f3de36-b6c5-4935-b9a2-fc9dec68exlk.shtml,"Inflazione, la conferma dell'Istat: a maggio sale dello 0,4% su mese ...",17,,,"... Di conseguenza, il differenziale tra il comparto dei servizi e quello dei beni si attesta a -0,6 punti percentuali, rispetto ai -0,7 p.p.",https://eview.copyscape.com/compare/xna6suvx56/45
188,2026-07-07T09:47:18.466581,,a75aac8f720c3c79a8aaeac5e4bd76f976209c4b6ee68c234461f493526c5ff7,https://geagency.it/economia/guerra-e-crisi-hormuz-spingono-inflazione-a-maggio-32-su-anno/,"Guerra e crisi Hormuz spingono inflazione: a maggio +3,2% su anno",17,,,"... Di conseguenza, il differenziale tra il comparto dei servizi e quello dei beni si attesta a -0,6 punti percentuali, rispetto ai -0,7 punti",https://eview.copyscape.com/compare/xna6suvx56/46
189,2026-07-07T09:47:18.466581,,a75aac8f720c3c79a8aaeac5e4bd76f976209c4b6ee68c234461f493526c5ff7,https://www.uilpa.it/istat-il-costo-della-vita-continua-ad-aumentare/,Istat: il costo della vita continua ad aumentare – UILPA,15,,,"... In base alle stime preliminari, l'indice armonizzato dei prezzi al consumo (IPCA) aumenta dell'1,3%  su base annua. Documento PDF: CS_Prezzi",https://eview.copyscape.com/compare/xna6suvx56/47
190,2026-07-07T09:47:18.466581,,a75aac8f720c3c79a8aaeac5e4bd76f976209c4b6ee68c234461f493526c5ff7,https://www.ilsole24ore.com/art/inflazione-dicembre-13percento-base-annua-e-01percento-mese-2024-crescita-media-prezzi-dell-10percento-AGEJz69B,"Inflazione, a dicembre +1,3% su base annua e +0,1% sul mese. Nel ...",15,,,"... Sempre secondo le stime preliminari l'indice armonizzato dei prezzi al consumo (Ipca) registra una variazione ... su base mensile pari a +0,1% e",https://eview.copyscape.com/compare/xna6suvx56/48
191,2026-07-07T09:47:19.757960,,fb339c0b50012bca2d9005034f25a28c80e07da586810bdf8ddd4449d6d31e93,https://www.ilsole24ore.com/radiocor/nRC_10.06.2026_10.40_230,"Produzione industriale: Istat, +0,5% su mese ad aprile, +1,3% su anno",79,,,"... Le flessioni piu' ampie si rilevano nelle industrie tessili, abbigliamento, pelli e accessori (-8,9%), nelle altre industrie manifatturiere ... congiunturale dell'indice destagionalizzato della produzione industriale, trainato dalla dinamica positiva dei beni intermedi ... e di quelli strumentali. In crescita risulta pure la media del trimestre ... febbraio-aprile rispetto ai tre mesi precedenti. Ad aprile, anche in termini tendenziali e ... al netto degli effetti di calendario, sia l'indice generale sia quelli relativi ai beni intermedi ... strumentali mostrano un aumento, particolarmente ampio per questi ultimi"". com-fil. Gli ultimi video Radiocor. (RADIOCOR) 10-06-26 10:40:32",https://eview.copyscape.com/compare/6rv4b13k0k/1
192,2026-07-07T09:47:19.757960,,fb339c0b50012bca2d9005034f25a28c80e07da586810bdf8ddd4449d6d31e93,https://leasenews.it/news/dati-di-settore/istat-produzione-industriale-05-ad-aprile-in-crescita,"Istat: produzione industriale +0,5% ad aprile, in crescita",75,,,"... Ad aprile si registra, per il terzo mese consecutivo, un aumento congiunturale dell'indice destagionalizzato della produzione industriale, trainato dalla ... dinamica positiva dei beni intermedi e di quelli strumentali. In crescita risulta pure la media del trimestre ... febbraio-aprile rispetto ai tre mesi precedenti. Ad aprile, anche in termini tendenziali e al netto ... degli effetti di calendario, sia l'indice generale sia quelli relativi ai beni intermedi e ... strumentali mostrano un aumento, particolarmente ampio per questi ultimi. Approfondisci sul sito Istat. Tags: beni strumentali istat produzione industriale.",https://eview.copyscape.com/compare/6rv4b13k0k/2
193,2026-07-07T09:47:19.757960,,fb339c0b50012bca2d9005034f25a28c80e07da586810bdf8ddd4449d6d31e93,https://www.teleborsa.it/News/2026/06/10/italia-la-produzione-industriale-aumenta-per-il-terzo-mese-consecutivo-ad-aprile-87.html,"Italia, la produzione industriale aumenta per il terzo mese ...",62,,,"... Nella media del periodo febbraio-aprile si registra una crescita del livello della produzione dello 0,2% rispetto ai tre mesi precedenti. L ... I settori di attività economica che registrano gli incrementi tendenziali più elevati sono la fabbricazione di mezzi di trasporto (+17,8 ... Le flessioni più ampie si rilevano nelle industrie tessili, abbigliamento, pelli e accessori (-8,9%), nelle altre industrie manifatturiere",https://eview.copyscape.com/compare/6rv4b13k0k/3
194,2026-07-07T09:47:19.757960,,fb339c0b50012bca2d9005034f25a28c80e07da586810bdf8ddd4449d6d31e93,https://www.pugliain.net/produzione-industriale-in-crescita-ad-aprile/,Produzione industriale in crescita ad aprile - pugliain.net,60,,,"... Nella media del periodo febbraio-aprile si registra una crescita del livello della produzione dello 0,2% rispetto ai tre mesi precedenti. Al netto degli ... Le flessioni più ampie si rilevano nelle industrie tessili, abbigliamento, pelli e accessori e  nelle altre industrie manifatturiere, riparazione e ... Si tratta del terzo mese consecutivo con  un aumento congiunturale ... della produzione industriale, trainato dalla dinamica positiva dei beni intermedi e di quelli",https://eview.copyscape.com/compare/6rv4b13k0k/4
195,2026-07-07T09:47:19.757960,,fb339c0b50012bca2d9005034f25a28c80e07da586810bdf8ddd4449d6d31e93,https://www.threads.com/@ilsole_24ore/post/DaPodYwksJY/video-segui-tutti-gli-aggiornamenti-sul-sito-de-il-sole-ore-confindustria-costi-e/,Segui tutti gli aggiornamenti sul sito de #IlSole24Ore. . . Confindustria,56,,,"... congiunturale dell'indice destagionalizzato della produzione industriale, trainato dalla dinamica positiva dei beni ntermedi  e di quelli strumentali. In crescita risulta pure la media del trimestre ... febbraio-aprile rispetto ai tre mesi precedenti. Ad aprile, anche in termini tendenziali e ... l'indice generale sia quelli relativi ai beni intermedi e strumentali mostrano un aumento, particolarmente ampio per questi ultimi. 10 Istat. 2.",https://eview.copyscape.com/compare/6rv4b13k0k/5
196,2026-07-07T09:47:19.757960,,fb339c0b50012bca2d9005034f25a28c80e07da586810bdf8ddd4449d6d31e93,https://www.stampaparlamento.it/2026/06/10/ad-aprile-il-terzo-mese-consecutivo-di-crescita-della-produzione-industriale-italiana/,"Ad aprile, il terzo mese consecutivo di crescita della produzione ...",41,,,"... Nella media del periodo febbraio-aprile si registra una crescita del livello della produzione dello 0,2% rispetto ai tre mesi precedenti. L ... Le flessioni più ampie si rilevano nelle industrie tessili, abbigliamento, pelli e accessori (-8,9%), nelle altre industrie manifatturiere",https://eview.copyscape.com/compare/6rv4b13k0k/6
197,2026-07-07T09:47:19.757960,,fb339c0b50012bca2d9005034f25a28c80e07da586810bdf8ddd4449d6d31e93,https://stream24.ilsole24ore.com/video/economia/produzione-industriale-crescita-ad-aprile/AIKeqxaD,Produzione industriale in crescita ad aprile - Il Sole 24 ORE - Video,29,,,"... Le flessioni più ampie si rilevano nelle industrie tessili, abbigliamento, pelli e accessori e  nelle altre industrie manifatturiere ... industriale, trainato dalla dinamica positiva dei beni intermedi e di quelli strumentali. Su base annua, i settori che registrano gli",https://eview.copyscape.com/compare/6rv4b13k0k/7
198,2026-07-07T09:47:19.757960,,fb339c0b50012bca2d9005034f25a28c80e07da586810bdf8ddd4449d6d31e93,https://transportonline.com/wp-content/uploads/2026/07/Fedespedi-Outlook-27.pdf,Fedespedi Economic Outlook. 27 - Transportonline,27,,,"... L'aumento congiunturale dell'indice destagionalizzato della produzione industriale è stato  trainato dalla dinamica positiva dei beni intermedi e di quelli ... anche la media del trimestre febbraio-aprile rispetto ai tre mesi precedenti (novembre, dicembre, gennaio). Fonte: Istat. Produzione industriale: variazione",https://eview.copyscape.com/compare/6rv4b13k0k/8
199,2026-07-07T09:47:19.757960,,fb339c0b50012bca2d9005034f25a28c80e07da586810bdf8ddd4449d6d31e93,https://www.borsaitaliana.it/borsa/notizie/teleborsa/commenti/i-listini-europei-rallentano-milano-sulla-parita-137_2026-06-10_TLB.html?lang=it,"I listini europei rallentano, Milano sulla parità - Borsa Italiana",22,,,"... Nella media del periodo febbraio-aprile si registra una crescita del livello della produzione dello 0,2% rispetto ai tre mesi precedenti.",https://eview.copyscape.com/compare/6rv4b13k0k/9
200,2026-07-07T09:47:19.757960,,fb339c0b50012bca2d9005034f25a28c80e07da586810bdf8ddd4449d6d31e93,https://finanza.repubblica.it/News/2026/06/10/i_listini_europei_rallentano_milano_sulla_parita-137/,"I listini europei rallentano, Milano sulla parità - Economia e Finanza",22,,,"... Nella media del periodo febbraio-aprile si registra una crescita del livello della produzione dello 0,2% rispetto ai tre mesi precedenti.",https://eview.copyscape.com/compare/6rv4b13k0k/10
201,2026-07-07T09:47:19.757960,,fb339c0b50012bca2d9005034f25a28c80e07da586810bdf8ddd4449d6d31e93,https://www.borsaitaliana.it/borsa/notizie/teleborsa/finanza/europa-debole-con-milano-sotto-la-parita-5_2026-06-10_TLB-BIT.html?lang=it,Europa debole con Milano sotto la parità - Borsa Italiana,22,,,"... Nella media del periodo febbraio-aprile si registra una crescita del livello della produzione dello 0,2% rispetto ai tre mesi precedenti.",https://eview.copyscape.com/compare/6rv4b13k0k/11
202,2026-07-07T09:47:19.757960,,fb339c0b50012bca2d9005034f25a28c80e07da586810bdf8ddd4449d6d31e93,https://www.ilsole24ore.com/art/industria-ad-aprile-produzione-05percento-13percento-anno-AINZdCaD,"Industria avanti per il terzo mese: +0,5% ad aprile, ai massimi da ...",22,,,"... Nella media del periodo febbraio-aprile si registra una crescita del livello della produzione dello 0,2% rispetto ai tre mesi precedenti. .",https://eview.copyscape.com/compare/6rv4b13k0k/12
203,2026-07-07T09:47:19.757960,,fb339c0b50012bca2d9005034f25a28c80e07da586810bdf8ddd4449d6d31e93,https://www.ilsole24ore.com/art/industria-oltre-attese-16percento-ad-aprile-AEmRv1eB,"Industria oltre le attese (+1,6%) ad aprile - Il Sole 24 ORE",22,,,"... giorni lavorativi di calendario sono stati 19 contro i 21 di aprile 2021). Incrementi rilevanti caratterizzano i beni di consumo (+11,3%) e ... I settori di attività economica che registrano gli incrementi tendenziali più ampi sono le  industrie tessili, abbigliamento, pelli e",https://eview.copyscape.com/compare/6rv4b13k0k/13
204,2026-07-07T09:47:19.757960,,fb339c0b50012bca2d9005034f25a28c80e07da586810bdf8ddd4449d6d31e93,https://www.ansa.it/sito/notizie/economia/pmi/2026/06/10/istat-produzione-industriale-aprile-05-su-mese-13-su-anno-2_08c96fb6-500c-4e39-941a-14edb10f77b6.html,"Istat, produzione industriale aprile +0,5% su mese, +1,3% su anno (2)",21,,,"... Nella media del periodo febbraio-aprile si registra una crescita del livello della produzione industriale  dello 0,2% rispetto ai tre mesi",https://eview.copyscape.com/compare/6rv4b13k0k/14
205,2026-07-07T09:47:19.757960,,fb339c0b50012bca2d9005034f25a28c80e07da586810bdf8ddd4449d6d31e93,https://www.teleborsa.it/News/2026/04/10/istat-a-febbraio-produzione-industriale-registra-un-modesto-incremento-congiunturale-39.html,"Istat, a febbraio produzione industriale registra un modesto ...",19,,,"... I settori di attività economica che registrano gli incrementi tendenziali più elevati sono la fabbricazione di mezzi di trasporto (+10,0",https://eview.copyscape.com/compare/6rv4b13k0k/15
206,2026-07-07T09:47:19.757960,,fb339c0b50012bca2d9005034f25a28c80e07da586810bdf8ddd4449d6d31e93,https://www.websim.it/azioni/blue-chip/italia-produzione-industriale-di-marzo-in-crescita-del-0-7-mom/,"Produzione industriale di marzo in crescita del +0,7% MoM - Websim",19,,,"... I settori di attività economica che registrano gli incrementi tendenziali più elevati sono la fabbricazione di mezzi di trasporto (+11,2",https://eview.copyscape.com/compare/6rv4b13k0k/16
207,2026-07-07T09:47:19.757960,,fb339c0b50012bca2d9005034f25a28c80e07da586810bdf8ddd4449d6d31e93,https://www.sardegnaimpresa.eu/it/news/industria-produzione-calo-ottobre-2023,"Industria, produzione in calo a ottobre 2023 | SardegnaImpresa",19,,,... I settori di attività economica che registrano gli incrementi tendenziali più ampi sono  la produzione di prodotti farmaceutici di base e,https://eview.copyscape.com/compare/6rv4b13k0k/17
208,2026-07-07T09:47:19.757960,,fb339c0b50012bca2d9005034f25a28c80e07da586810bdf8ddd4449d6d31e93,https://www.milanofinanza.it/news/istat-la-produzione-industriale-italiana-cresce-per-il-terzo-mese-consecutivo-202606101551554600,"Italia, la produzione industriale cresce ad aprile per il terzo mese ...",19,,,"... Le flessioni più ampie si rilevano nelle industrie tessili, abbigliamento, pelli e accessori (-8,9%), nelle altre industrie manifatturiere",https://eview.copyscape.com/compare/6rv4b13k0k/18
209,2026-07-07T09:47:19.757960,,fb339c0b50012bca2d9005034f25a28c80e07da586810bdf8ddd4449d6d31e93,https://www.instagram.com/p/DaSRxJkjCHZ/,"Secondo i dati @istat_it sull'#occupazione, a maggio 2026 il tasso di ...",18,,,"... l'indice generale sia quelli relativi ai beni intermedi e strumentali mostrano un aumento, particolarmente ampio per questi ultimi. I",https://eview.copyscape.com/compare/6rv4b13k0k/19
210,2026-07-07T09:47:19.757960,,fb339c0b50012bca2d9005034f25a28c80e07da586810bdf8ddd4449d6d31e93,https://www.instagram.com/p/DYeaneqNfrK/,I nuovi dati ISTAT sul commercio estero confermano la ... - Instagram,18,,,"... l'indice generale sia quelli relativi ai beni intermedi e strumentali mostrano un aumento, particolarmente ampio per questi ultimi. I",https://eview.copyscape.com/compare/6rv4b13k0k/20
211,2026-07-07T09:47:19.757960,,fb339c0b50012bca2d9005034f25a28c80e07da586810bdf8ddd4449d6d31e93,https://www.instagram.com/p/DY176y3tL9j/,L'industria italiana continua a crescere. I dati ISTAT raccontano di un ...,18,,,"... l'indice generale sia quelli relativi ai beni intermedi e strumentali mostrano un aumento, particolarmente ampio per questi ultimi. I",https://eview.copyscape.com/compare/6rv4b13k0k/21
212,2026-07-07T09:47:19.757960,,fb339c0b50012bca2d9005034f25a28c80e07da586810bdf8ddd4449d6d31e93,https://www.instagram.com/p/DZw464GAK73/,Il Sud cresce più del Nord per il quarto anno consecutivo: non era ...,18,,,"... l'indice generale sia quelli relativi ai beni intermedi e strumentali mostrano un aumento, particolarmente ampio per questi ultimi. I",https://eview.copyscape.com/compare/6rv4b13k0k/22
213,2026-07-07T09:47:19.757960,,fb339c0b50012bca2d9005034f25a28c80e07da586810bdf8ddd4449d6d31e93,https://www.industriaitaliana.it/istat-produzione-industriale-settembre-2025-energia-elettronica/,"Istat: produzione industriale +2,8% a settembre 2025, trainano ...",18,,,"... Le flessioni più ampie si rilevano nelle industrie tessili, abbigliamento, pelli e accessori (-4,4%),  nell'industria del legno, carta e",https://eview.copyscape.com/compare/6rv4b13k0k/23
214,2026-07-07T09:47:19.757960,,fb339c0b50012bca2d9005034f25a28c80e07da586810bdf8ddd4449d6d31e93,https://www.icsoftware.it/dati-istat-sulla-produzione-industriale-di-aprile-2022/,Dati Istat sulla produzione industriale di aprile 2022 - IC Software Srl,16,,,"... I settori di attività economica che registrano gli incrementi tendenziali più ampi sono le  industrie tessili, abbigliamento, pelli e",https://eview.copyscape.com/compare/6rv4b13k0k/24
215,2026-07-08T11:59:34.880344,,a75aac8f720c3c79a8aaeac5e4bd76f976209c4b6ee68c234461f493526c5ff7,https://www.provincia.treviso.it/it/component/content/article/34253-istat-inflazione-in-italia-3-nel-mese-di-giugno-2026-provvisorio?catid=124&Itemid=284,Istat: Inflazione - in Italia +3% nel mese di giugno 2026 (provvisorio),212,,,"... Testo integrale e nota metodologica. Logo della ... tabacchi, registra una variazione nulla su base mensile e del +3,0% su base annua (da +3,2% del mese precedente). Il lieve rallentamento dell'inflazione ... dei Servizi relativi ai trasporti (da +1,7% a +1,1%); in accelerazione sono invece i prezzi degli Energetici, regolamentati (da +5,6% a +9,3%) e non ... I prezzi dei beni rimangono stabili su base annua (a +3,4%) e quelli dei servizi registrano un rallentamento (da +2,8% a +2,6%). Di conseguenza, ... il differenziale tra il comparto dei servizi e quello dei beni si attesta a -0,8 punti percentuali (dai -0,6 p.p.). Il tasso di ... variazione tendenziale dei prezzi dei Beni alimentari, per la cura della casa e della persona si riduce (da +1,9% a +1,6%), come quello dei ... La variazione congiunturale dell'indice generale è sintesi, da un lato, della diminuzione dei prezzi di Alimentari non lavorati (-1,4%) e degli Energetici ... quelli dei Servizi ricreativi, culturali, e per la cura della persona (+0,6%), dei Servizi relativi ai trasporti (+0,5%) e degli Energetici regolamentati (+ ... In base alle stime preliminari, l'indice armonizzato dei prezzi al consumo (IPCA) registra una variazione pari a +0,1% su base mensile e a +3,1% su base",https://eview.copyscape.com/compare/z0skuthrpp/1
216,2026-07-08T11:59:34.880344,,a75aac8f720c3c79a8aaeac5e4bd76f976209c4b6ee68c234461f493526c5ff7,https://formatresearch.com/2026/06/30/inflazione-al-3-istat-prezzi-al-consumo/,Inflazione al 3% | Istat PREZZI AL CONSUMO - Format Research,164,,,"... tabacchi, registra una variazione nulla su base mensile e del +3,0% su base annua (da +3,2% del mese precedente). Il lieve rallentamento ... Nel mese di giugno l'“inflazione di fondo”, al netto degli energetici e degli alimentari freschi, si riduce lievemente (da +1,7% a +1,6 ... I prezzi dei beni rimangono stabili su base annua (a +3,4%) e quelli dei servizi registrano un rallentamento (da +2,8% a +2,6%). Di ... conseguenza, il differenziale tra il comparto dei servizi e quello dei beni si attesta a -0,8 punti percentuali (dai -0,6 p.p.). Il tasso ... La variazione congiunturale dell'indice generale è sintesi, da un lato, della diminuzione dei prezzi di Alimentari non lavorati (-1,4%) e ... A giugno 2026 l'inflazione scende al +3,0% (dal +3,2% di maggio). Il lieve rallentamento riflette essenzialmente l'attenuarsi delle tensioni sui ... Un sostegno all'inflazione, d'altro canto, si deve alla moderata accelerazione dei prezzi degli Energetici. Si riduce il tasso di variazione",https://eview.copyscape.com/compare/z0skuthrpp/2
217,2026-07-08T11:59:34.880344,,a75aac8f720c3c79a8aaeac5e4bd76f976209c4b6ee68c234461f493526c5ff7,https://tg24.sky.it/economia/2026/06/30/inflazione-giugno-istat,"Inflazione, calo del 3% a giugno: crescita zero dei prezzi. I dati",143,,,"... Per favore riprova più tardi. Il lieve rallentamento dell'inflazione riflette la dinamica dei prezzi degli Alimentari non lavorati (da +5,5 ... dei Servizi relativi ai trasporti (da +1,7% a +1,1%); in accelerazione sono invece i prezzi degli ... Energetici, regolamentati (da +5,6% a +9,3%) e non regolamentati (da +12,5% a +12,9%). Created with Sketch. ascolta articolo.... Nel mese di giugno - spiega ancora l'Istat -  l'""inflazione di fondo"", al netto degli energetici e degli alimentari freschi, si riduce lievemente ... I prezzi dei beni rimangono stabili su base annua (a +3,4%) e quelli dei servizi registrano un rallentamento (da +2,8% a +2,6%). Di ... conseguenza, il differenziale tra il comparto dei servizi e quello dei beni si attesta a -0,8 punti percentuali (dai -0,6 p.p.). Il tasso ... La variazione congiunturale dell'indice generale è sintesi, da un lato, della diminuzione dei prezzi di Alimentari non lavorati (-1,4%) e",https://eview.copyscape.com/compare/z0skuthrpp/3
218,2026-07-08T11:59:34.880344,,a75aac8f720c3c79a8aaeac5e4bd76f976209c4b6ee68c234461f493526c5ff7,https://www.gazzettadinapoli.it/economia-2/prezzi-al-consumo-istat-a-giugno-inflazione-giu/,"Prezzi al consumo, Istat, a giugno inflazione giù - Gazzetta di Napoli",110,,,"... Nel mese di giugno l'“inflazione di fondo”, al netto degli energetici e degli alimentari freschi, si riduce lievemente (da +1,7% a +1,6 ... I prezzi dei beni rimangono stabili su base annua (a +3,4%) e quelli dei servizi registrano un rallentamento (da +2,8% a +2,6%). Di ... La variazione congiunturale dell'indice generale è sintesi, da un lato, della diminuzione dei prezzi di Alimentari non lavorati (-1,4%) e ... Il lieve rallentamento riflette essenzialmente l'attenuarsi delle tensioni sui prezzi degli Alimentari non lavorati, dei Servizi relativi ai ... Un sostegno all'inflazione, d'altro canto, si deve alla moderata accelerazione dei prezzi degli Energetici. Si riduce il tasso di variazione",https://eview.copyscape.com/compare/z0skuthrpp/4
219,2026-07-08T11:59:34.880344,,a75aac8f720c3c79a8aaeac5e4bd76f976209c4b6ee68c234461f493526c5ff7,https://www.confcommercio.it/-/inflazione-giugno-2026,L'inflazione inverte la marcia - Confcommercio,88,,,"... In accelerazione sono invece i prezzi degli Energetici, regolamentati (da +5,6% a +9,3%) e non regolamentati (da +12,5% a +12,9%). La  inflazione di fondo”, ovvero quella val  netto degli energetici e degli alimentari freschi, si riduce lievemente (da +1,7% a +1,6%), così ... I prezzi dei beni rimangono stabili su base annua (a +3,4%), mentre  quelli dei servizi registrano un rallentamento (da +2,8% a +2,6%). Di ... La variazione congiunturale dell'indice generale è ... da un lato sintesi  della diminuzione dei prezzi di Alimentari non lavorati (-1,4%) e",https://eview.copyscape.com/compare/z0skuthrpp/5
220,2026-07-08T11:59:34.880344,,a75aac8f720c3c79a8aaeac5e4bd76f976209c4b6ee68c234461f493526c5ff7,https://www.ilsole24ore.com/art/francia-giugno-inflazione-frena-all-18percento-anno-AIGOVRwD,"Istat: crescita zero dei prezzi a giugno, inflazione cala al 3%",69,,,"... tabacchi, registra una variazione nulla su base mensile e del +3% ... su base annua (da +3,2% del mese precedente). Lo comunica l'Istituto ... prezzi degli Energetici, regolamentati (da +5,6% a +9,3%) e non regolamentati (da +12,5% a +12,9%). Nel mese di giugno - spiega ancora l ... I prezzi dei beni rimangono stabili su base annua (a +3,4%) e quelli dei servizi registrano un rallentamento (da +2,8% a +2,6%). Di",https://eview.copyscape.com/compare/z0skuthrpp/6
221,2026-07-08T11:59:34.880344,,a75aac8f720c3c79a8aaeac5e4bd76f976209c4b6ee68c234461f493526c5ff7,https://www.facebook.com/IstatIstitutoNazionalediStatistica/posts/a-giugno-2026-linflazione-scende-al-30-dal-32-di-maggio-il-lieve-rallentamento-r/1332819132361957/,"A giugno 2026 l'inflazione scende al + 3,0% (dal +3,2% di maggio ...",65,,,"... A giugno 2026 l'inflazione scende al + 3,0% (dal +3,2% di maggio). Il lieve rallentamento riflette essenzialmente l'attenuarsi delle ... tensioni sui prezzi degli Alimentari non lavorati, dei Servizi relativi ai trasporti e di quelli ricreativi, culturali e per la cura della ... accelerazione dei prezzi degli Energetici. Si riduce il tasso di variazione tendenziale dei prezzi del ""carrello della spesa"" (da +1,9% a +1",https://eview.copyscape.com/compare/z0skuthrpp/7
222,2026-07-08T11:59:34.880344,,a75aac8f720c3c79a8aaeac5e4bd76f976209c4b6ee68c234461f493526c5ff7,https://www.borsaitaliana.it/borsa/notizie/radiocor/economia/dettaglio/inflazione-istat-stima-variazione-nulla-a-giugno-3-su-anno-2-nRC_30062026_1109_298158327.html,"Inflazione: Istat stima variazione nulla a giugno, +3% su anno -2",62,,,"... Il Sole 24 Ore Radiocor) - Roma, 30 giu - I prezzi dei beni rimangono stabili a giugno  su base annua (a +3,4%) e quelli dei servizi ... Di conseguenza, il differenziale tra il comparto dei servizi e quello dei beni si attesta a -0,8 punti percentuali (dai -0,6 punti percentuali).... quelli dei Servizi ricreativi, culturali, e per la cura della persona (+0,6%), dei Servizi relativi ai trasporti (+0,5%) e degli Energetici",https://eview.copyscape.com/compare/z0skuthrpp/8
223,2026-07-08T11:59:34.880344,,a75aac8f720c3c79a8aaeac5e4bd76f976209c4b6ee68c234461f493526c5ff7,https://www.ilsole24ore.com/art/inflazione-istat-stima-variazione-nulla-giugno-3percento-anno-AIDknVwD,"Inflazione: Istat stima variazione nulla a giugno, +3% su anno",60,,,"... tabacchi, registra una variazione nulla su base mensile e del +3% ... su base annua (da +3,2% del mese precedente). Il rallentamento riflette la ... Il rallentamento riflette la dinamica dei prezzi degli Alimentari non lavorati (da +5,5% a +4,5%), dei Servizi ricreativi, culturali e per ... netto dei soli beni energetici (da +2,1% a +2%). L'inflazione acquisita per il 2026 si mantiene ... a +2,6% per l'indice generale e sale a +1,7",https://eview.copyscape.com/compare/z0skuthrpp/9
224,2026-07-08T11:59:34.880344,,a75aac8f720c3c79a8aaeac5e4bd76f976209c4b6ee68c234461f493526c5ff7,https://www.provincia.treviso.it/it/news/34253-istat-inflazione-in-italia-3-nel-mese-di-giugno-2026-provvisorio,Istat: Inflazione - in Italia +3% nel mese di giugno 2026 (provvisorio),57,,,"... Nel mese di giugno l'“inflazione di fondo”, al netto degli energetici e degli alimentari freschi, si riduce lievemente (da +1,7% a +1,6%), come anche quella ... netto dei soli beni energetici (da +2,1% a +2,0%). I prezzi dei beni rimangono stabili su base annua (a +3,4%) e quelli dei servizi registrano un",https://eview.copyscape.com/compare/z0skuthrpp/10
225,2026-07-08T11:59:34.880344,,a75aac8f720c3c79a8aaeac5e4bd76f976209c4b6ee68c234461f493526c5ff7,https://www.nuovogiornalenazionale.com/istat-i-prezzi-al-consumo-a-giugno-2026-dati-provvisori/,"Istat, i prezzi al consumo a giugno 2026 - Dati provvisori",49,,,"... Nel mese di giugno la “ inflazione di fondo”, al netto degli energetici e degli alimentari freschi, si riduce lievemente (da +1,7% a +1,6%), come anche ... La variazione congiunturale dell'indice generale è sintesi, da un lato, della diminuzione dei prezzi di Alimentari non lavorati (-1,4%) e degli Energetici",https://eview.copyscape.com/compare/z0skuthrpp/11
226,2026-07-08T11:59:34.880344,,a75aac8f720c3c79a8aaeac5e4bd76f976209c4b6ee68c234461f493526c5ff7,https://www.radiostudio90italia.it/inflazione-istat-a-giugno-rallenta-a-3-carrello-spesa-a-16/,"Inflazione, Istat: a giugno rallenta a +3%, carrello spesa a +1,6%",47,,,"... E' la stima preliminare diffusa dall'Istat. Il lieve rallentamento dell'inflazione riflette la dinamica dei prezzi degli Alimentari non lavorati (da +5,5% a +4, ... Il tasso di variazione tendenziale dei prezzi dei Beni alimentari, per la cura della casa e della persona si riduce (da +1,9% a +1,6%), come quello dei",https://eview.copyscape.com/compare/z0skuthrpp/12
227,2026-07-08T11:59:34.880344,,a75aac8f720c3c79a8aaeac5e4bd76f976209c4b6ee68c234461f493526c5ff7,https://comunicazioneitaliana.it/news/eb536436e00a911bbda860d7992c1525,"Inflazione accelera, a marzo prezzi +1,7%: carrello della spesa al 2 ...",46,,,"... L'andamento dell'inflazione risente prevalentemente della netta risalita dei prezzi degli Energetici - regolamentati (da -11,6% a -1, 3%) e non (da -6,2% a ... Il tasso di variazione tendenziale dei prezzi dei Beni alimentari, per la cura della casa e della persona evidenzia una moderata accelerazione (da +2,0% a +2,2 ... In base alle stime preliminari, l'indice armonizzato dei prezzi al consumo (Ipca) registra una variazione pari a +1,6%  su base mensile, per la fine dei",https://eview.copyscape.com/compare/z0skuthrpp/13
228,2026-07-08T11:59:34.880344,,a75aac8f720c3c79a8aaeac5e4bd76f976209c4b6ee68c234461f493526c5ff7,https://www.agrapress.it/2026/06/inflazione-istat-a-giugno-2026-si-stima-variazione-nulla-su-aprile-e-del-3-su-base-annua/,"INFLAZIONE : ISTAT, A GIUGNO 2026 SI STIMA VARIAZIONE ...",45,,,"... di conseguenza, il differenziale tra il comparto dei servizi e quello dei beni si attesta a -0,8 punti percentuali (dai -0,6 p.p.). il tasso ... il lieve rallentamento riflette essenzialmente l'attenuarsi delle tensioni sui prezzi degli alimentari non lavorati, dei servizi relativi ai",https://eview.copyscape.com/compare/z0skuthrpp/14
229,2026-07-08T11:59:34.880344,,a75aac8f720c3c79a8aaeac5e4bd76f976209c4b6ee68c234461f493526c5ff7,https://www.aduc.it/notizia/inflazione+leggero+calo+stima+istat_142788.php,Inflazione in leggero calo. Stima Istat - ADUC,42,,,"... A giugno 2026 l'inflazione scende al +3,0% (dal +3,2% di maggio). Il lieve rallentamento riflette essenzialmente l'attenuarsi delle tensioni sui ... Un sostegno all'inflazione, d'altro canto, si deve alla moderata accelerazione dei prezzi degli Energetici. Si riduce il tasso di variazione",https://eview.copyscape.com/compare/z0skuthrpp/15
230,2026-07-08T11:59:34.880344,,a75aac8f720c3c79a8aaeac5e4bd76f976209c4b6ee68c234461f493526c5ff7,https://www.ilnordest.it/italia-ed-esteri/istat-crescita-zero-dei-prezzi-a-giugno-inflazione-cala-al-3-deoajb5t,"Istat, crescita zero dei prezzi a giugno, inflazione cala al 3%",40,,,"... tabacchi, registra una variazione nulla su base mensile e del +3% su ... tensioni sui prezzi degli Alimentari non lavorati, dei Servizi ... Un sostegno all'inflazione, d'altro canto, si deve alla moderata accelerazione dei prezzi degli Energetici. Si riduce il tasso di variazione",https://eview.copyscape.com/compare/z0skuthrpp/16
231,2026-07-08T11:59:34.880344,,a75aac8f720c3c79a8aaeac5e4bd76f976209c4b6ee68c234461f493526c5ff7,https://italia-informa.com/Istat--crescita-zero-dei-prezzi-a-giugno.aspx,"Istat, crescita zero dei prezzi a giugno - Italia Informa",40,,,"... tabacchi, registra una variazione nulla su base mensile e del +3% su ... tensioni sui prezzi degli Alimentari non lavorati, dei Servizi ... Un sostegno all'inflazione, d'altro canto, si deve alla moderata accelerazione dei prezzi degli Energetici. Si riduce il tasso di variazione",https://eview.copyscape.com/compare/z0skuthrpp/17
232,2026-07-08T11:59:34.880344,,a75aac8f720c3c79a8aaeac5e4bd76f976209c4b6ee68c234461f493526c5ff7,https://www.borsaitaliana.it/borsa/notizie/radiocor/economia/dettaglio/inflazione-istat-stima-04-a-maggio-32-su-anno-2-nRC_29052026_1123_287371785.html,"Inflazione: Istat stima +0,4% a maggio, +3,2% su anno - Borsa Italiana",40,,,"... Il Sole 24 Ore Radiocor) - Roma, 29 mag - Il tasso di variazione tendenziale dei prezzi dei Beni alimentari, per la cura della casa e della ... In base alle stime preliminari, l'indice armonizzato dei prezzi al consumo (Ipca) registra una variazione pari a +0,4%  su base mensile e a",https://eview.copyscape.com/compare/z0skuthrpp/18
233,2026-07-08T11:59:34.880344,,a75aac8f720c3c79a8aaeac5e4bd76f976209c4b6ee68c234461f493526c5ff7,https://www.borsaitaliana.it/borsa/notizie/radiocor/prima-pagina/dettaglio/inflazione-istat-stima-variazione-nulla-a-giugno-3-su-anno-rco-nRC_30062026_1107_297133761.html,"Inflazione: Istat stima variazione nulla a giugno, +3% su anno (RCO)",39,,,"... tabacchi, registra una variazione nulla su base mensile e del +3% ... su base annua (da +3,2% del mese precedente). Il rallentamento riflette la ... netto dei soli beni energetici (da +2,1% a +2%). L'inflazione acquisita per il 2026 si mantiene ... a +2,6% per l'indice generale e sale a +1,7",https://eview.copyscape.com/compare/z0skuthrpp/19
234,2026-07-08T11:59:34.880344,,a75aac8f720c3c79a8aaeac5e4bd76f976209c4b6ee68c234461f493526c5ff7,https://www.corrieredelleconomia.it/2026/06/30/importante-calo-dellinflazione-30-la-mantiene-ancora-solo-i-prezzi-dei-carburanti-lo-dice-listat/,"Importante calo dell'inflazione: +3,0%. La mantiene ancora solo i ...",38,,,"... Il lieve rallentamento riflette essenzialmente l'attenuarsi delle tensioni sui prezzi degli alimentari non lavorati, dei servizi relativi ai ... Un sostegno all'inflazione, d'altro canto, si deve alla moderata accelerazione dei prezzi degli energetici. Si riduce il tasso di variazione",https://eview.copyscape.com/compare/z0skuthrpp/20
235,2026-07-08T11:59:34.880344,,a75aac8f720c3c79a8aaeac5e4bd76f976209c4b6ee68c234461f493526c5ff7,https://www.financialounge.com/news/2026/06/30/linflazione-frena-a-giugno-in-italia-3/,L'inflazione frena a giugno in Italia: +3% - Financialounge.com,38,,,"... Sempre secondo i dati Istat, i prezzi dei beni rimangono stabili a giugno  su base annua (a +3,4%) mentre  quelli dei servizi registrano un ... La variazione congiunturale dell'indice generale è sintesi, da un lato, della diminuzione dei prezzi di alimentari non lavorati (-1,4%) e",https://eview.copyscape.com/compare/z0skuthrpp/21
236,2026-07-08T11:59:34.880344,,a75aac8f720c3c79a8aaeac5e4bd76f976209c4b6ee68c234461f493526c5ff7,https://www.ilsole24ore.com/radiocor/nRC_16.06.2026_10.14_226,"Inflazione: Istat conferma, +0,4% a maggio, +3,2% su anno -2",35,,,"... Di conseguenza, il differenziale tra il comparto dei servizi e quello dei beni si attesta a -0,6 punti percentuali, rispetto ai -0,7 p.p. ... Il tasso di variazione tendenziale dei prezzi dei Beni alimentari, per la cura della casa e della persona scende a +1,9% (da +2,3",https://eview.copyscape.com/compare/z0skuthrpp/22
237,2026-07-08T11:59:34.880344,,a75aac8f720c3c79a8aaeac5e4bd76f976209c4b6ee68c234461f493526c5ff7,https://www.ilfattonisseno.it/2026/06/inflazione-carrello-spesa-cala-dall19-all16-a-giugno/,"Inflazione: carrello spesa cala dall'1,9% all'1,6% a giugno",30,,,"... degli energetici e degli alimentari freschi, si riduce lievemente (da +1,7% a +1,6%), come anche quella al netto dei soli beni energetici (da +2,1% a +2,0%)",https://eview.copyscape.com/compare/z0skuthrpp/23
238,2026-07-08T11:59:34.880344,,a75aac8f720c3c79a8aaeac5e4bd76f976209c4b6ee68c234461f493526c5ff7,https://www.reddit.com/r/italy/comments/1ujm9o5/linflazione_preliminare_istat_di_giugno_si_ferma/,L'inflazione preliminare Istat di giugno: si ferma la corsa dei prezzi ...,26,,,"... I prezzi dei beni rimangono stabili su base annua (a +3,4%) e quelli dei servizi registrano un rallentamento (da +2,8% a +2,6%). Di",https://eview.copyscape.com/compare/z0skuthrpp/24
239,2026-07-08T11:59:34.880344,,a75aac8f720c3c79a8aaeac5e4bd76f976209c4b6ee68c234461f493526c5ff7,https://www.ilsole24ore.com/radiocor/nRC_29.05.2026_11.23_287,"Inflazione: Istat stima +0,4% a maggio, +3,2% su anno - Il Sole 24 ORE",23,,,"... In base alle stime preliminari, l'indice armonizzato dei prezzi al consumo (Ipca) registra una variazione pari a +0,4%  su base mensile e a",https://eview.copyscape.com/compare/z0skuthrpp/25
240,2026-07-08T11:59:34.880344,,a75aac8f720c3c79a8aaeac5e4bd76f976209c4b6ee68c234461f493526c5ff7,https://www.aranagenzia.it/download/prezzi-al-consumo-febbraio-2025/,Prezzi al consumo – Febbraio 2025 | Aran Agenzia,22,,,"... quelli dei Servizi ricreativi, culturali e per la cura della persona (da +3,3% a +3,1%).  Nel mese di febbraio  l'“inflazione di fondo”, al netto degli",https://eview.copyscape.com/compare/z0skuthrpp/26
241,2026-07-08T11:59:34.880344,,a75aac8f720c3c79a8aaeac5e4bd76f976209c4b6ee68c234461f493526c5ff7,https://www.freshplaza.it/article/9852593/il-settore-alimentare-vede-rallentare-la-crescita-dei-prezzi/,Il settore alimentare vede rallentare la crescita dei prezzi - FreshPlaza,21,,,"... precedente). Il lieve rallentamento dell'inflazione riflette la dinamica dei prezzi degli alimentari non lavorati (da +5,5% a +4,5%), dei",https://eview.copyscape.com/compare/z0skuthrpp/27
242,2026-07-08T11:59:34.880344,,a75aac8f720c3c79a8aaeac5e4bd76f976209c4b6ee68c234461f493526c5ff7,https://www.anfia.it/it/comunicazione/notizie-e-comunicati/comunicati-stampa/mercato-vetture-italia/anche-giugno-positivo-per-il-mercato-auto-italiano-10-6,ANCHE GIUGNO POSITIVO PER IL MERCATO AUTO ITALIANO,21,,,"... precedente). Il lieve rallentamento dell'inflazione riflette la dinamica dei prezzi degli Alimentari non lavorati (da +5,5% a +4,5%), dei",https://eview.copyscape.com/compare/z0skuthrpp/28
243,2026-07-08T11:59:34.880344,,a75aac8f720c3c79a8aaeac5e4bd76f976209c4b6ee68c234461f493526c5ff7,https://www.rainews.it/articoli/2026/06/istat-crescita-zero-dei-prezzi-a-giugno-linflazione-cala-al-3-3f546ece-a43b-4ebe-8d09-87a2a8231010.html,"Istat, crescita zero dei prezzi a giugno: l'inflazione cala al 3%",21,,,"... A giugno l'inflazione di fondo, al netto degli energetici e degli alimentari freschi, si riduce lievemente (da +1,7% a +1,6%), come anche",https://eview.copyscape.com/compare/z0skuthrpp/29
244,2026-07-08T11:59:34.880344,,a75aac8f720c3c79a8aaeac5e4bd76f976209c4b6ee68c234461f493526c5ff7,https://www.lametasociale.it/2026/06/30/rallentano-i-prezzi-al-consumo-a-giugno/,Rallentano i prezzi al consumo a giugno - Meta Sociale,20,,,"... precedente. Il lieve rallentamento dell'inflazione, spiega l'Istat, « riflette la dinamica dei prezzi degli Alimentari non lavorati (da +5,5% a +4,5",https://eview.copyscape.com/compare/z0skuthrpp/30
245,2026-07-08T11:59:34.880344,,a75aac8f720c3c79a8aaeac5e4bd76f976209c4b6ee68c234461f493526c5ff7,https://www.redigo.info/2026/07/01/giugno-2026/,"Istat, prezzi al consumo di giugno 2026. L'inflazione rallenta",20,,,"... Un sostegno all'inflazione, d'altro canto, si deve alla moderata accelerazione dei prezzi degli Energetici. Si riduce il tasso di variazione",https://eview.copyscape.com/compare/z0skuthrpp/31
246,2026-07-08T11:59:34.880344,,a75aac8f720c3c79a8aaeac5e4bd76f976209c4b6ee68c234461f493526c5ff7,https://www.lagazzettadelmezzogiorno.it/news/ultima-ora/2035245/istat-crescita-zero-dei-prezzi-a-giugno-inflazione-cala-al-3.html,"Istat, crescita zero dei prezzi a giugno, inflazione cala al 3%",20,,,"... Un sostegno all'inflazione, d'altro canto, si deve alla moderata accelerazione dei prezzi degli Energetici. Si riduce il tasso di variazione",https://eview.copyscape.com/compare/z0skuthrpp/32
247,2026-07-08T11:59:34.880344,,a75aac8f720c3c79a8aaeac5e4bd76f976209c4b6ee68c234461f493526c5ff7,https://www.uilpa.it/istat-prezzi-al-consumo-ancora-in-aumento/,Istat: prezzi al consumo ancora in aumento – UILPA,20,,,"... quelli dei Servizi ricreativi, culturali e per la cura della persona (da +6,3% a +6, 7%) e dei Servizi vari (da +2,5% a +2,9%). Tali effetti ... prezzi degli Energetici regolamentati (da -20,3% a -26,4%) e dal rallentamento di quelli degli Alimentari lavorati (da +15,3% a +14,7",https://eview.copyscape.com/compare/z0skuthrpp/33
248,2026-07-08T11:59:34.880344,,a75aac8f720c3c79a8aaeac5e4bd76f976209c4b6ee68c234461f493526c5ff7,https://www.ilmessaggero.it/economia/news/inflazione_italia_eurozona_ultime_notizie-7377001.html,"L'inflazione in Italia torna a crescere: +8,3%. Male anche l'Eurozona ...",20,,,"... quelli dei servizi ricreativi, culturali e per la cura della persona (da +6,3% a +6, 7%) e dei servizi vari (da +2,5% a +2,9%). Tali effetti ... sono stati solo in parte compensati dalla flessione più marcata dei prezzi degli energetici regolamentati (da -20,3% a -26,4",https://eview.copyscape.com/compare/z0skuthrpp/34
249,2026-07-08T11:59:34.880344,,a75aac8f720c3c79a8aaeac5e4bd76f976209c4b6ee68c234461f493526c5ff7,https://www.instagram.com/p/DODZcZsiTtD/,"A luglio 2025, il numero degli occupati raggiunge i 24 milioni ...",18,,,"... Il lieve rallentamento riflette essenzialmente l'attenuarsi delle tensioni sui prezzi degli. Alimentari non lavorati, dei Servizi relativi ai",https://eview.copyscape.com/compare/z0skuthrpp/35
250,2026-07-08T11:59:34.880344,,a75aac8f720c3c79a8aaeac5e4bd76f976209c4b6ee68c234461f493526c5ff7,https://pminews.eu/2026/06/30/prezzi-al-consumo-giugno-2026-linflazione-scende-al-30-i-dati-istat/,"Prezzi al consumo: giugno 2026, l'inflazione scende al +3,0%",18,,,"... Il lieve rallentamento riflette essenzialmente l'attenuarsi delle tensioni sui prezzi degli alimentari non lavorati, dei servizi relativi ai",https://eview.copyscape.com/compare/z0skuthrpp/36
251,2026-07-08T11:59:34.880344,,a75aac8f720c3c79a8aaeac5e4bd76f976209c4b6ee68c234461f493526c5ff7,https://www.facebook.com/FocusEconomia/posts/secondo-le-stime-preliminari-dellistat-nel-mese-di-giugno-2026-lindice-dei-prezz/1619350946222050/,Focus Economia di Sebastiano Barisoni - Radio 24 - Facebook,18,,,"... mese di giugno 2026 l'indice ... dei prezzi al consumo, ... al lordo dei tabacchi, registra una variazione nulla su",https://eview.copyscape.com/compare/z0skuthrpp/37
252,2026-07-08T11:59:34.880344,,a75aac8f720c3c79a8aaeac5e4bd76f976209c4b6ee68c234461f493526c5ff7,https://www.conquistedellavoro.it/attualit%C3%A0/lagarde-spazio-per-agire-sui-tassi-ma-senza-corsa-ai-rialzi-1.3355119,Lagarde: spazio per agire sui tassi ma senza corsa ai rialzi,18,,,"... Lo comunica l'Istituto. Il lieve rallentamento dell'inflazione riflette la dinamica dei prezzi degli alimentari non lavorati (da +5,5% a +4",https://eview.copyscape.com/compare/z0skuthrpp/38
253,2026-07-08T11:59:34.880344,,a75aac8f720c3c79a8aaeac5e4bd76f976209c4b6ee68c234461f493526c5ff7,https://teleborsa.ansa.it/notiziario/economia/istat-a-maggio-linflazione-accelera-al-32-spingono-ancora-i-prezzi-dellenergia/,"Istat, a maggio l'inflazione accelera al 3,2%. Spingono ancora i ...",18,,,"... Il tasso di variazione tendenziale dei prezzi dei Beni alimentari, per la cura della casa e della persona resta stabile a +2,3%, mentre",https://eview.copyscape.com/compare/z0skuthrpp/39
254,2026-07-08T11:59:34.880344,,a75aac8f720c3c79a8aaeac5e4bd76f976209c4b6ee68c234461f493526c5ff7,https://www.borse.it/news/inflazione-italia-in-calo-al-3-a-giugno-giu-anche-il-carrello-spesa,"Inflazione Italia in calo al 3% a giugno, giù anche il carrello spesa",17,,,"... Il lieve rallentamento riflette essenzialmente l'attenuarsi delle tensioni sui prezzi degli Alimentari non lavorati, dei Servizi relativi",https://eview.copyscape.com/compare/z0skuthrpp/40
255,2026-07-08T11:59:34.880344,,a75aac8f720c3c79a8aaeac5e4bd76f976209c4b6ee68c234461f493526c5ff7,https://www.startupbusiness.it/inflazione-istat-conferma-04-a-maggio-32-su-anno/176864/,"Inflazione, Istat conferma: +0,4% a maggio, +3,2% su anno",17,,,"... Di conseguenza, il differenziale tra il comparto dei servizi e quello dei beni si attesta a -0,6 punti percentuali, rispetto ai -0,7 p.p.",https://eview.copyscape.com/compare/z0skuthrpp/41
256,2026-07-08T11:59:34.880344,,a75aac8f720c3c79a8aaeac5e4bd76f976209c4b6ee68c234461f493526c5ff7,https://www.ore12.net/inflazione-istat-conferma-stime-a-maggio-04-su-mese-32-su-anno/,"Istat conferma stime, a maggio +0,4% su mese +3,2% su anno - Ore12",17,,,"... Di conseguenza, il differenziale tra il comparto dei servizi e quello dei beni si attesta a -0,6 punti percentuali, rispetto ai -0,7 p.p.",https://eview.copyscape.com/compare/z0skuthrpp/42
257,2026-07-08T11:59:34.880344,,a75aac8f720c3c79a8aaeac5e4bd76f976209c4b6ee68c234461f493526c5ff7,https://www.corriere.it/economia/consumi/26_giugno_16/inflazione-la-conferma-dell-istat-a-maggio-sale-dello-0-4-su-mese-3-2-rispetto-a-un-anno-fa-25f3de36-b6c5-4935-b9a2-fc9dec68exlk.shtml,"Inflazione, la conferma dell'Istat: a maggio sale dello 0,4% su mese ...",17,,,"... Di conseguenza, il differenziale tra il comparto dei servizi e quello dei beni si attesta a -0,6 punti percentuali, rispetto ai -0,7 p.p.",https://eview.copyscape.com/compare/z0skuthrpp/43
258,2026-07-08T11:59:34.880344,,a75aac8f720c3c79a8aaeac5e4bd76f976209c4b6ee68c234461f493526c5ff7,https://geagency.it/economia/guerra-e-crisi-hormuz-spingono-inflazione-a-maggio-32-su-anno/,"Guerra e crisi Hormuz spingono inflazione: a maggio +3,2% su anno",17,,,"... Di conseguenza, il differenziale tra il comparto dei servizi e quello dei beni si attesta a -0,6 punti percentuali, rispetto ai -0,7 punti",https://eview.copyscape.com/compare/z0skuthrpp/44
259,2026-07-08T11:59:34.880344,,a75aac8f720c3c79a8aaeac5e4bd76f976209c4b6ee68c234461f493526c5ff7,https://www.provincia.treviso.it/it/news/34218-istat-inflazione-in-italia-3-2-nel-mese-di-maggio-2026-provvisorio,"Istat: Inflazione - in Italia +3,2% nel mese di maggio 2026 (provvisorio)",15,,,"... netto dei soli beni energetici (da +1,9% a +2,1%).  I prezzi dei beni ... e quelli dei servizi registrano un'accelerazione su base annua di pari entità",https://eview.copyscape.com/compare/z0skuthrpp/45
260,2026-07-08T11:59:34.880344,,a75aac8f720c3c79a8aaeac5e4bd76f976209c4b6ee68c234461f493526c5ff7,https://www.uilpa.it/istat-il-costo-della-vita-continua-ad-aumentare/,Istat: il costo della vita continua ad aumentare – UILPA,15,,,"... In base alle stime preliminari, l'indice armonizzato dei prezzi al consumo (IPCA) aumenta dell'1,3%  su base annua. Documento PDF: CS_Prezzi",https://eview.copyscape.com/compare/z0skuthrpp/46
261,2026-07-08T11:59:34.880344,,a75aac8f720c3c79a8aaeac5e4bd76f976209c4b6ee68c234461f493526c5ff7,https://www.ilsole24ore.com/art/inflazione-dicembre-13percento-base-annua-e-01percento-mese-2024-crescita-media-prezzi-dell-10percento-AGEJz69B,"Inflazione, a dicembre +1,3% su base annua e +0,1% sul mese. Nel ...",15,,,"... Sempre secondo le stime preliminari l'indice armonizzato dei prezzi al consumo (Ipca) registra una variazione ... su base mensile pari a +0,1% e",https://eview.copyscape.com/compare/z0skuthrpp/47
262,2026-07-08T11:59:36.193364,,fb339c0b50012bca2d9005034f25a28c80e07da586810bdf8ddd4449d6d31e93,https://www.ilsole24ore.com/radiocor/nRC_10.06.2026_10.40_230,"Produzione industriale: Istat, +0,5% su mese ad aprile, +1,3% su anno",79,,,"... Le flessioni piu' ampie si rilevano nelle industrie tessili, abbigliamento, pelli e accessori (-8,9%), nelle altre industrie manifatturiere ... congiunturale dell'indice destagionalizzato della produzione industriale, trainato dalla dinamica positiva dei beni intermedi ... e di quelli strumentali. In crescita risulta pure la media del trimestre ... febbraio-aprile rispetto ai tre mesi precedenti. Ad aprile, anche in termini tendenziali e ... al netto degli effetti di calendario, sia l'indice generale sia quelli relativi ai beni intermedi ... strumentali mostrano un aumento, particolarmente ampio per questi ultimi"". com-fil. Gli ultimi video Radiocor. (RADIOCOR) 10-06-26 10:40:32",https://eview.copyscape.com/compare/9q676x42yb/1
263,2026-07-08T11:59:36.193364,,fb339c0b50012bca2d9005034f25a28c80e07da586810bdf8ddd4449d6d31e93,https://leasenews.it/news/dati-di-settore/istat-produzione-industriale-05-ad-aprile-in-crescita,"Istat: produzione industriale +0,5% ad aprile, in crescita",66,,,"... Ad aprile si registra, per il terzo mese consecutivo, un aumento congiunturale dell'indice destagionalizzato della produzione industriale, trainato dalla ... In crescita risulta pure la media del trimestre febbraio-aprile rispetto ai tre mesi precedenti. Ad aprile, anche in termini ... tendenziali e al netto degli effetti di calendario, sia l'indice generale sia quelli relativi ai beni intermedi e ... strumentali mostrano un aumento, particolarmente ampio per questi ultimi. Approfondisci sul sito Istat. Tags: beni strumentali istat produzione industriale.",https://eview.copyscape.com/compare/9q676x42yb/2
264,2026-07-08T11:59:36.193364,,fb339c0b50012bca2d9005034f25a28c80e07da586810bdf8ddd4449d6d31e93,https://www.teleborsa.it/News/2026/06/10/italia-la-produzione-industriale-aumenta-per-il-terzo-mese-consecutivo-ad-aprile-87.html,"Italia, la produzione industriale aumenta per il terzo mese ...",62,,,"... Nella media del periodo febbraio-aprile si registra una crescita del livello della produzione dello 0,2% rispetto ai tre mesi precedenti. L ... I settori di attività economica che registrano gli incrementi tendenziali più elevati sono la fabbricazione di mezzi di trasporto (+17,8 ... Le flessioni più ampie si rilevano nelle industrie tessili, abbigliamento, pelli e accessori (-8,9%), nelle altre industrie manifatturiere",https://eview.copyscape.com/compare/9q676x42yb/3
265,2026-07-08T11:59:36.193364,,fb339c0b50012bca2d9005034f25a28c80e07da586810bdf8ddd4449d6d31e93,https://www.pugliain.net/produzione-industriale-in-crescita-ad-aprile/,Produzione industriale in crescita ad aprile - pugliain.net,60,,,"... Nella media del periodo febbraio-aprile si registra una crescita del livello della produzione dello 0,2% rispetto ai tre mesi precedenti. Al netto degli ... Le flessioni più ampie si rilevano nelle industrie tessili, abbigliamento, pelli e accessori e  nelle altre industrie manifatturiere, riparazione e ... Si tratta del terzo mese consecutivo con  un aumento congiunturale ... della produzione industriale, trainato dalla dinamica positiva dei beni intermedi e di quelli",https://eview.copyscape.com/compare/9q676x42yb/4
266,2026-07-08T11:59:36.193364,,fb339c0b50012bca2d9005034f25a28c80e07da586810bdf8ddd4449d6d31e93,https://www.threads.com/@ilsole_24ore/post/DaPodYwksJY/video-segui-tutti-gli-aggiornamenti-sul-sito-de-il-sole-ore-confindustria-costi-e/,Segui tutti gli aggiornamenti sul sito de #IlSole24Ore. . . Confindustria,56,,,"... congiunturale dell'indice destagionalizzato della produzione industriale, trainato dalla dinamica positiva dei beni ntermedi  e di quelli strumentali. In crescita risulta pure la media del trimestre ... febbraio-aprile rispetto ai tre mesi precedenti. Ad aprile, anche in termini tendenziali e ... l'indice generale sia quelli relativi ai beni intermedi e strumentali mostrano un aumento, particolarmente ampio per questi ultimi. 10 Istat. 2.",https://eview.copyscape.com/compare/9q676x42yb/5
267,2026-07-08T11:59:36.193364,,fb339c0b50012bca2d9005034f25a28c80e07da586810bdf8ddd4449d6d31e93,https://www.stampaparlamento.it/2026/06/10/ad-aprile-il-terzo-mese-consecutivo-di-crescita-della-produzione-industriale-italiana/,"Ad aprile, il terzo mese consecutivo di crescita della produzione ...",41,,,"... Nella media del periodo febbraio-aprile si registra una crescita del livello della produzione dello 0,2% rispetto ai tre mesi precedenti. L ... Le flessioni più ampie si rilevano nelle industrie tessili, abbigliamento, pelli e accessori (-8,9%), nelle altre industrie manifatturiere",https://eview.copyscape.com/compare/9q676x42yb/6
268,2026-07-08T11:59:36.193364,,fb339c0b50012bca2d9005034f25a28c80e07da586810bdf8ddd4449d6d31e93,https://stream24.ilsole24ore.com/video/economia/produzione-industriale-crescita-ad-aprile/AIKeqxaD,Produzione industriale in crescita ad aprile - Il Sole 24 ORE,29,,,"... Le flessioni più ampie si rilevano nelle industrie tessili, abbigliamento, pelli e accessori e  nelle altre industrie manifatturiere ... industriale, trainato dalla dinamica positiva dei beni intermedi e di quelli strumentali. Su base annua, i settori che registrano gli",https://eview.copyscape.com/compare/9q676x42yb/7
269,2026-07-08T11:59:36.193364,,fb339c0b50012bca2d9005034f25a28c80e07da586810bdf8ddd4449d6d31e93,https://transportonline.com/wp-content/uploads/2026/07/Fedespedi-Outlook-27.pdf,Fedespedi Economic Outlook. 27 - Transportonline,27,,,"... L'aumento congiunturale dell'indice destagionalizzato della produzione industriale è stato  trainato dalla dinamica positiva dei beni intermedi e di quelli ... anche la media del trimestre febbraio-aprile rispetto ai tre mesi precedenti (novembre, dicembre, gennaio). Fonte: Istat. Produzione industriale: variazione",https://eview.copyscape.com/compare/9q676x42yb/8
270,2026-07-08T11:59:36.193364,,fb339c0b50012bca2d9005034f25a28c80e07da586810bdf8ddd4449d6d31e93,https://www.borsaitaliana.it/borsa/notizie/teleborsa/finanza/europa-debole-con-milano-sotto-la-parita-5_2026-06-10_TLB-BIT.html?lang=it,Europa debole con Milano sotto la parità - Borsa Italiana,22,,,"... Nella media del periodo febbraio-aprile si registra una crescita del livello della produzione dello 0,2% rispetto ai tre mesi precedenti.",https://eview.copyscape.com/compare/9q676x42yb/9
271,2026-07-08T11:59:36.193364,,fb339c0b50012bca2d9005034f25a28c80e07da586810bdf8ddd4449d6d31e93,https://finanza.repubblica.it/News/2026/06/10/i_listini_europei_rallentano_milano_sulla_parita-137/,"I listini europei rallentano, Milano sulla parità - Economia e Finanza",22,,,"... Nella media del periodo febbraio-aprile si registra una crescita del livello della produzione dello 0,2% rispetto ai tre mesi precedenti.",https://eview.copyscape.com/compare/9q676x42yb/10
272,2026-07-08T11:59:36.193364,,fb339c0b50012bca2d9005034f25a28c80e07da586810bdf8ddd4449d6d31e93,https://www.borsaitaliana.it/borsa/notizie/teleborsa/commenti/i-listini-europei-rallentano-milano-sulla-parita-137_2026-06-10_TLB.html?lang=it,"I listini europei rallentano, Milano sulla parità - Borsa Italiana",22,,,"... Nella media del periodo febbraio-aprile si registra una crescita del livello della produzione dello 0,2% rispetto ai tre mesi precedenti.",https://eview.copyscape.com/compare/9q676x42yb/11
273,2026-07-08T11:59:36.193364,,fb339c0b50012bca2d9005034f25a28c80e07da586810bdf8ddd4449d6d31e93,https://www.ilsole24ore.com/art/industria-ad-aprile-produzione-05percento-13percento-anno-AINZdCaD,"Industria avanti per il terzo mese: +0,5% ad aprile, ai massimi da ...",22,,,"... Nella media del periodo febbraio-aprile si registra una crescita del livello della produzione dello 0,2% rispetto ai tre mesi precedenti. .",https://eview.copyscape.com/compare/9q676x42yb/12
274,2026-07-08T11:59:36.193364,,fb339c0b50012bca2d9005034f25a28c80e07da586810bdf8ddd4449d6d31e93,https://www.ilsole24ore.com/art/industria-oltre-attese-16percento-ad-aprile-AEmRv1eB,"Industria oltre le attese (+1,6%) ad aprile - Il Sole 24 ORE",22,,,"... giorni lavorativi di calendario sono stati 19 contro i 21 di aprile 2021). Incrementi rilevanti caratterizzano i beni di consumo (+11,3%) e ... I settori di attività economica che registrano gli incrementi tendenziali più ampi sono le  industrie tessili, abbigliamento, pelli e",https://eview.copyscape.com/compare/9q676x42yb/13
275,2026-07-08T11:59:36.193364,,fb339c0b50012bca2d9005034f25a28c80e07da586810bdf8ddd4449d6d31e93,https://www.ansa.it/sito/notizie/economia/pmi/2026/06/10/istat-produzione-industriale-aprile-05-su-mese-13-su-anno-2_08c96fb6-500c-4e39-941a-14edb10f77b6.html,"Istat, produzione industriale aprile +0,5% su mese, +1,3% su anno (2)",21,,,"... Nella media del periodo febbraio-aprile si registra una crescita del livello della produzione industriale  dello 0,2% rispetto ai tre mesi",https://eview.copyscape.com/compare/9q676x42yb/14
276,2026-07-08T11:59:36.193364,,fb339c0b50012bca2d9005034f25a28c80e07da586810bdf8ddd4449d6d31e93,https://www.websim.it/azioni/blue-chip/italia-produzione-industriale-di-marzo-in-crescita-del-0-7-mom/,"Produzione industriale di marzo in crescita del +0,7% MoM - Websim",19,,,"... I settori di attività economica che registrano gli incrementi tendenziali più elevati sono la fabbricazione di mezzi di trasporto (+11,2",https://eview.copyscape.com/compare/9q676x42yb/15
277,2026-07-08T11:59:36.193364,,fb339c0b50012bca2d9005034f25a28c80e07da586810bdf8ddd4449d6d31e93,https://www.sardegnaimpresa.eu/it/news/industria-produzione-calo-ottobre-2023,"Industria, produzione in calo a ottobre 2023 | SardegnaImpresa",19,,,... I settori di attività economica che registrano gli incrementi tendenziali più ampi sono  la produzione di prodotti farmaceutici di base e,https://eview.copyscape.com/compare/9q676x42yb/16
278,2026-07-08T11:59:36.193364,,fb339c0b50012bca2d9005034f25a28c80e07da586810bdf8ddd4449d6d31e93,https://www.milanofinanza.it/news/istat-la-produzione-industriale-italiana-cresce-per-il-terzo-mese-consecutivo-202606101551554600,"Italia, la produzione industriale cresce ad aprile per il terzo mese ...",19,,,"... Le flessioni più ampie si rilevano nelle industrie tessili, abbigliamento, pelli e accessori (-8,9%), nelle altre industrie manifatturiere",https://eview.copyscape.com/compare/9q676x42yb/17
279,2026-07-08T11:59:36.193364,,fb339c0b50012bca2d9005034f25a28c80e07da586810bdf8ddd4449d6d31e93,https://www.instagram.com/p/DaSRxJkjCHZ/,"Secondo i dati @istat_it sull'#occupazione, a maggio 2026 il tasso di ...",18,,,"... l'indice generale sia quelli relativi ai beni intermedi e strumentali mostrano un aumento, particolarmente ampio per questi ultimi. I",https://eview.copyscape.com/compare/9q676x42yb/18
280,2026-07-08T11:59:36.193364,,fb339c0b50012bca2d9005034f25a28c80e07da586810bdf8ddd4449d6d31e93,https://www.instagram.com/p/DYeaneqNfrK/,I nuovi dati ISTAT sul commercio estero confermano la ... - Instagram,18,,,"... l'indice generale sia quelli relativi ai beni intermedi e strumentali mostrano un aumento, particolarmente ampio per questi ultimi. I",https://eview.copyscape.com/compare/9q676x42yb/19
281,2026-07-08T11:59:36.193364,,fb339c0b50012bca2d9005034f25a28c80e07da586810bdf8ddd4449d6d31e93,https://www.instagram.com/p/DY176y3tL9j/,L'industria italiana continua a crescere. I dati ISTAT raccontano di un ...,18,,,"... l'indice generale sia quelli relativi ai beni intermedi e strumentali mostrano un aumento, particolarmente ampio per questi ultimi. I",https://eview.copyscape.com/compare/9q676x42yb/20
282,2026-07-08T11:59:36.193364,,fb339c0b50012bca2d9005034f25a28c80e07da586810bdf8ddd4449d6d31e93,https://www.instagram.com/p/DZw464GAK73/,Il Sud cresce più del Nord per il quarto anno consecutivo: non era ...,18,,,"... l'indice generale sia quelli relativi ai beni intermedi e strumentali mostrano un aumento, particolarmente ampio per questi ultimi. I",https://eview.copyscape.com/compare/9q676x42yb/21
283,2026-07-08T11:59:36.193364,,fb339c0b50012bca2d9005034f25a28c80e07da586810bdf8ddd4449d6d31e93,https://www.industriaitaliana.it/istat-produzione-industriale-settembre-2025-energia-elettronica/,"Istat: produzione industriale +2,8% a settembre 2025, trainano ...",18,,,"... Le flessioni più ampie si rilevano nelle industrie tessili, abbigliamento, pelli e accessori (-4,4%),  nell'industria del legno, carta e",https://eview.copyscape.com/compare/9q676x42yb/22
284,2026-07-08T11:59:36.193364,,fb339c0b50012bca2d9005034f25a28c80e07da586810bdf8ddd4449d6d31e93,https://www.icsoftware.it/dati-istat-sulla-produzione-industriale-di-aprile-2022/,Dati Istat sulla produzione industriale di aprile 2022 - IC Software Srl,16,,,"... I settori di attività economica che registrano gli incrementi tendenziali più ampi sono le  industrie tessili, abbigliamento, pelli e",https://eview.copyscape.com/compare/9q676x42yb/23
285,"2026-07-09T14:21:37,944",,a75aac8f720c3c79a8aaeac5e4bd76f976209c4b6ee68c234461f493526c5ff7,https://www.provincia.treviso.it/it/component/content/article/34253-istat-inflazione-in-italia-3-nel-mese-di-giugno-2026-provvisorio?catid=124&Itemid=284,Istat: Inflazione - in Italia +3% nel mese di giugno 2026 (provvisorio),212,,,"... Testo integrale e nota metodologica. Logo della ... tabacchi, registra una variazione nulla su base mensile e del +3,0% su base annua (da +3,2% del mese precedente). Il lieve rallentamento dell'inflazione ... dei Servizi relativi ai trasporti (da +1,7% a +1,1%); in accelerazione sono invece i prezzi degli Energetici, regolamentati (da +5,6% a +9,3%) e non ... I prezzi dei beni rimangono stabili su base annua (a +3,4%) e quelli dei servizi registrano un rallentamento (da +2,8% a +2,6%). Di conseguenza, ... il differenziale tra il comparto dei servizi e quello dei beni si attesta a -0,8 punti percentuali (dai -0,6 p.p.). Il tasso di ... variazione tendenziale dei prezzi dei Beni alimentari, per la cura della casa e della persona si riduce (da +1,9% a +1,6%), come quello dei ... La variazione congiunturale dell'indice generale è sintesi, da un lato, della diminuzione dei prezzi di Alimentari non lavorati (-1,4%) e degli Energetici ... quelli dei Servizi ricreativi, culturali, e per la cura della persona (+0,6%), dei Servizi relativi ai trasporti (+0,5%) e degli Energetici regolamentati (+ ... In base alle stime preliminari, l'indice armonizzato dei prezzi al consumo (IPCA) registra una variazione pari a +0,1% su base mensile e a +3,1% su base",https://eview.copyscape.com/compare/od4zjoohxe/1
286,"2026-07-09T14:21:37,944",,a75aac8f720c3c79a8aaeac5e4bd76f976209c4b6ee68c234461f493526c5ff7,https://formatresearch.com/2026/06/30/inflazione-al-3-istat-prezzi-al-consumo/,Inflazione al 3% | Istat PREZZI AL CONSUMO - Format Research,164,,,"... tabacchi, registra una variazione nulla su base mensile e del +3,0% su base annua (da +3,2% del mese precedente). Il lieve rallentamento ... Nel mese di giugno l'“inflazione di fondo”, al netto degli energetici e degli alimentari freschi, si riduce lievemente (da +1,7% a +1,6 ... I prezzi dei beni rimangono stabili su base annua (a +3,4%) e quelli dei servizi registrano un rallentamento (da +2,8% a +2,6%). Di ... conseguenza, il differenziale tra il comparto dei servizi e quello dei beni si attesta a -0,8 punti percentuali (dai -0,6 p.p.). Il tasso ... La variazione congiunturale dell'indice generale è sintesi, da un lato, della diminuzione dei prezzi di Alimentari non lavorati (-1,4%) e ... A giugno 2026 l'inflazione scende al +3,0% (dal +3,2% di maggio). Il lieve rallentamento riflette essenzialmente l'attenuarsi delle tensioni sui ... Un sostegno all'inflazione, d'altro canto, si deve alla moderata accelerazione dei prezzi degli Energetici. Si riduce il tasso di variazione",https://eview.copyscape.com/compare/od4zjoohxe/2
287,"2026-07-09T14:21:37,944",,a75aac8f720c3c79a8aaeac5e4bd76f976209c4b6ee68c234461f493526c5ff7,https://tg24.sky.it/economia/2026/06/30/inflazione-giugno-istat,"Inflazione, calo del 3% a giugno: crescita zero dei prezzi. I dati",163,,,"... tabacchi, registra una variazione nulla su base mensile e del +3% ... su base annua (da +3,2% del mese precedente). Lo comunica l'Istituto ... Per favore riprova più tardi. Il lieve rallentamento dell'inflazione riflette la dinamica dei prezzi degli Alimentari non lavorati (da +5,5 ... dei Servizi relativi ai trasporti (da +1,7% a +1,1%); in accelerazione sono invece i prezzi degli ... Energetici, regolamentati (da +5,6% a +9,3%) e non regolamentati (da +12,5% a +12,9%). Created with Sketch. ascolta articolo.... Nel mese di giugno - spiega ancora l'Istat -  l'""inflazione di fondo"", al netto degli energetici e degli alimentari freschi, si riduce lievemente ... I prezzi dei beni rimangono stabili su base annua (a +3,4%) e quelli dei servizi registrano un rallentamento (da +2,8% a +2,6%). Di ... conseguenza, il differenziale tra il comparto dei servizi e quello dei beni si attesta a -0,8 punti percentuali (dai -0,6 p.p.). Il tasso ... La variazione congiunturale dell'indice generale è sintesi, da un lato, della diminuzione dei prezzi di Alimentari non lavorati (-1,4%) e",https://eview.copyscape.com/compare/od4zjoohxe/3
288,"2026-07-09T14:21:37,944",,a75aac8f720c3c79a8aaeac5e4bd76f976209c4b6ee68c234461f493526c5ff7,https://www.nuovogiornalenazionale.com/istat-i-prezzi-al-consumo-a-giugno-2026-dati-provvisori/,"Istat, i prezzi al consumo a giugno 2026 - Dati provvisori",99,,,"... Nel mese di giugno la “ inflazione di fondo”, al netto degli energetici e degli alimentari freschi, si riduce lievemente (da +1,7% a +1,6%), come anche ... Di conseguenza, il differenziale tra il comparto dei servizi e quello dei beni si attesta a -0,8 punti percentuali (dai -0,6 p.p.). Il tasso di variazione ... La variazione congiunturale dell'indice generale è sintesi, da un lato, della diminuzione dei prezzi di Alimentari non lavorati (-1,4%) e degli Energetici ... Il lieve rallentamento riflette essenzialmente l'attenuarsi delle tensioni sui prezzi degli Alimentari non lavorati, dei Servizi relativi ai trasporti e di",https://eview.copyscape.com/compare/od4zjoohxe/4
289,"2026-07-09T14:21:37,944",,a75aac8f720c3c79a8aaeac5e4bd76f976209c4b6ee68c234461f493526c5ff7,https://www.confcommercio.it/-/inflazione-giugno-2026,L'inflazione inverte la marcia - Confcommercio,88,,,"... In accelerazione sono invece i prezzi degli Energetici, regolamentati (da +5,6% a +9,3%) e non regolamentati (da +12,5% a +12,9%). La  inflazione di fondo”, ovvero quella val  netto degli energetici e degli alimentari freschi, si riduce lievemente (da +1,7% a +1,6%), così ... I prezzi dei beni rimangono stabili su base annua (a +3,4%), mentre  quelli dei servizi registrano un rallentamento (da +2,8% a +2,6%). Di ... La variazione congiunturale dell'indice generale è ... da un lato sintesi  della diminuzione dei prezzi di Alimentari non lavorati (-1,4%) e",https://eview.copyscape.com/compare/od4zjoohxe/5
290,"2026-07-09T14:21:37,944",,a75aac8f720c3c79a8aaeac5e4bd76f976209c4b6ee68c234461f493526c5ff7,https://www.facebook.com/IstatIstitutoNazionalediStatistica/posts/a-giugno-2026-linflazione-scende-al-30-dal-32-di-maggio-il-lieve-rallentamento-r/1332819132361957/,"A giugno 2026 l'inflazione scende al + 3,0% (dal +3,2% di maggio ...",65,,,"... A giugno 2026 l'inflazione scende al + 3,0% (dal +3,2% di maggio). Il lieve rallentamento riflette essenzialmente l'attenuarsi delle ... tensioni sui prezzi degli Alimentari non lavorati, dei Servizi relativi ai trasporti e di quelli ricreativi, culturali e per la cura della ... accelerazione dei prezzi degli Energetici. Si riduce il tasso di variazione tendenziale dei prezzi del ""carrello della spesa"" (da +1,9% a +1",https://eview.copyscape.com/compare/od4zjoohxe/6
291,"2026-07-09T14:21:37,944",,a75aac8f720c3c79a8aaeac5e4bd76f976209c4b6ee68c234461f493526c5ff7,https://www.borsaitaliana.it/borsa/notizie/radiocor/economia/dettaglio/inflazione-istat-stima-variazione-nulla-a-giugno-3-su-anno-2-nRC_30062026_1109_298158327.html,"Inflazione: Istat stima variazione nulla a giugno, +3% su anno -2",62,,,"... Il Sole 24 Ore Radiocor) - Roma, 30 giu - I prezzi dei beni rimangono stabili a giugno  su base annua (a +3,4%) e quelli dei servizi ... Di conseguenza, il differenziale tra il comparto dei servizi e quello dei beni si attesta a -0,8 punti percentuali (dai -0,6 punti percentuali).... quelli dei Servizi ricreativi, culturali, e per la cura della persona (+0,6%), dei Servizi relativi ai trasporti (+0,5%) e degli Energetici",https://eview.copyscape.com/compare/od4zjoohxe/7
292,"2026-07-09T14:21:37,944",,a75aac8f720c3c79a8aaeac5e4bd76f976209c4b6ee68c234461f493526c5ff7,https://www.provincia.treviso.it/it/news/34253-istat-inflazione-in-italia-3-nel-mese-di-giugno-2026-provvisorio,Istat: Inflazione - in Italia +3% nel mese di giugno 2026 (provvisorio),57,,,"... Nel mese di giugno l'“inflazione di fondo”, al netto degli energetici e degli alimentari freschi, si riduce lievemente (da +1,7% a +1,6%), come anche quella ... netto dei soli beni energetici (da +2,1% a +2,0%). I prezzi dei beni rimangono stabili su base annua (a +3,4%) e quelli dei servizi registrano un",https://eview.copyscape.com/compare/od4zjoohxe/8
293,"2026-07-09T14:21:37,944",,a75aac8f720c3c79a8aaeac5e4bd76f976209c4b6ee68c234461f493526c5ff7,https://www.ilsole24ore.com/art/inflazione-istat-stima-variazione-nulla-giugno-3percento-anno-AIDknVwD,"Inflazione: Istat stima variazione nulla a giugno, +3% su anno",48,,,"... tabacchi, registra una variazione nulla su base mensile e del +3% ... su base annua (da +3,2% del mese precedente). Il rallentamento riflette la ... Il rallentamento riflette la dinamica dei prezzi ... degli alimentari non lavorati ha ... netto dei soli beni energetici (da +2,1% a +2%). L'inflazione acquisita per il 2026 si mantiene ... a +2,6% per l'indice generale e sale a +1,7",https://eview.copyscape.com/compare/od4zjoohxe/9
294,"2026-07-09T14:21:37,944",,a75aac8f720c3c79a8aaeac5e4bd76f976209c4b6ee68c234461f493526c5ff7,https://comunicazioneitaliana.it/news/eb536436e00a911bbda860d7992c1525,"Inflazione accelera, a marzo prezzi +1,7%: carrello della spesa al 2 ...",46,,,"... L'andamento dell'inflazione risente prevalentemente della netta risalita dei prezzi degli Energetici - regolamentati (da -11,6% a -1, 3%) e non (da -6,2% a ... Il tasso di variazione tendenziale dei prezzi dei Beni alimentari, per la cura della casa e della persona evidenzia una moderata accelerazione (da +2,0% a +2,2 ... In base alle stime preliminari, l'indice armonizzato dei prezzi al consumo (Ipca) registra una variazione pari a +1,6%  su base mensile, per la fine dei",https://eview.copyscape.com/compare/od4zjoohxe/10
295,"2026-07-09T14:21:37,944",,a75aac8f720c3c79a8aaeac5e4bd76f976209c4b6ee68c234461f493526c5ff7,https://www.agrapress.it/2026/06/inflazione-istat-a-giugno-2026-si-stima-variazione-nulla-su-aprile-e-del-3-su-base-annua/,"INFLAZIONE : ISTAT, A GIUGNO 2026 SI STIMA VARIAZIONE ...",45,,,"... di conseguenza, il differenziale tra il comparto dei servizi e quello dei beni si attesta a -0,8 punti percentuali (dai -0,6 p.p.). il tasso ... il lieve rallentamento riflette essenzialmente l'attenuarsi delle tensioni sui prezzi degli alimentari non lavorati, dei servizi relativi ai",https://eview.copyscape.com/compare/od4zjoohxe/11
296,"2026-07-09T14:21:37,944",,a75aac8f720c3c79a8aaeac5e4bd76f976209c4b6ee68c234461f493526c5ff7,https://www.aduc.it/notizia/inflazione+leggero+calo+stima+istat_142788.php,Inflazione in leggero calo. Stima Istat - ADUC,42,,,"... A giugno 2026 l'inflazione scende al +3,0% (dal +3,2% di maggio). Il lieve rallentamento riflette essenzialmente l'attenuarsi delle tensioni sui ... Un sostegno all'inflazione, d'altro canto, si deve alla moderata accelerazione dei prezzi degli Energetici. Si riduce il tasso di variazione",https://eview.copyscape.com/compare/od4zjoohxe/12
297,"2026-07-09T14:21:37,944",,a75aac8f720c3c79a8aaeac5e4bd76f976209c4b6ee68c234461f493526c5ff7,https://www.ilnordest.it/italia-ed-esteri/istat-crescita-zero-dei-prezzi-a-giugno-inflazione-cala-al-3-deoajb5t,"Istat, crescita zero dei prezzi a giugno, inflazione cala al 3%",40,,,"... tabacchi, registra una variazione nulla su base mensile e del +3% su ... tensioni sui prezzi degli Alimentari non lavorati, dei Servizi ... Un sostegno all'inflazione, d'altro canto, si deve alla moderata accelerazione dei prezzi degli Energetici. Si riduce il tasso di variazione",https://eview.copyscape.com/compare/od4zjoohxe/13
298,"2026-07-09T14:21:37,944",,a75aac8f720c3c79a8aaeac5e4bd76f976209c4b6ee68c234461f493526c5ff7,https://italia-informa.com/Istat--crescita-zero-dei-prezzi-a-giugno.aspx,"Istat, crescita zero dei prezzi a giugno - Italia Informa",40,,,"... tabacchi, registra una variazione nulla su base mensile e del +3% su ... tensioni sui prezzi degli Alimentari non lavorati, dei Servizi ... Un sostegno all'inflazione, d'altro canto, si deve alla moderata accelerazione dei prezzi degli Energetici. Si riduce il tasso di variazione",https://eview.copyscape.com/compare/od4zjoohxe/14
299,"2026-07-09T14:21:37,944",,a75aac8f720c3c79a8aaeac5e4bd76f976209c4b6ee68c234461f493526c5ff7,https://www.borsaitaliana.it/borsa/notizie/radiocor/economia/dettaglio/inflazione-istat-stima-04-a-maggio-32-su-anno-2-nRC_29052026_1123_287371785.html,"Inflazione: Istat stima +0,4% a maggio, +3,2% su anno - Borsa Italiana",40,,,"... Il Sole 24 Ore Radiocor) - Roma, 29 mag - Il tasso di variazione tendenziale dei prezzi dei Beni alimentari, per la cura della casa e della ... In base alle stime preliminari, l'indice armonizzato dei prezzi al consumo (Ipca) registra una variazione pari a +0,4%  su base mensile e a",https://eview.copyscape.com/compare/od4zjoohxe/15
300,"2026-07-09T14:21:37,944",,a75aac8f720c3c79a8aaeac5e4bd76f976209c4b6ee68c234461f493526c5ff7,https://www.corrieredelleconomia.it/2026/06/30/importante-calo-dellinflazione-30-la-mantiene-ancora-solo-i-prezzi-dei-carburanti-lo-dice-listat/,"Importante calo dell'inflazione: +3,0%. La mantiene ancora solo i ...",38,,,"... Il lieve rallentamento riflette essenzialmente l'attenuarsi delle tensioni sui prezzi degli alimentari non lavorati, dei servizi relativi ai ... Un sostegno all'inflazione, d'altro canto, si deve alla moderata accelerazione dei prezzi degli energetici. Si riduce il tasso di variazione",https://eview.copyscape.com/compare/od4zjoohxe/16
301,"2026-07-09T14:21:37,944",,a75aac8f720c3c79a8aaeac5e4bd76f976209c4b6ee68c234461f493526c5ff7,https://www.financialounge.com/news/2026/06/30/linflazione-frena-a-giugno-in-italia-3/,L'inflazione frena a giugno in Italia: +3% - Financialounge.com,38,,,"... Sempre secondo i dati Istat, i prezzi dei beni rimangono stabili a giugno  su base annua (a +3,4%) mentre  quelli dei servizi registrano un ... La variazione congiunturale dell'indice generale è sintesi, da un lato, della diminuzione dei prezzi di alimentari non lavorati (-1,4%) e",https://eview.copyscape.com/compare/od4zjoohxe/17
302,"2026-07-09T14:21:37,944",,a75aac8f720c3c79a8aaeac5e4bd76f976209c4b6ee68c234461f493526c5ff7,https://pminews.eu/2026/06/30/prezzi-al-consumo-giugno-2026-linflazione-scende-al-30-i-dati-istat/,"Prezzi al consumo: giugno 2026, l'inflazione scende al +3,0%",35,,,"... I prezzi dei beni rimangono stabili su base annua (+3,4%), mentre  quelli dei servizi rallentano (dal +2,8% al + 2,6%). Di conseguenza, il ... Il lieve rallentamento riflette essenzialmente l'attenuarsi delle tensioni sui prezzi degli alimentari non lavorati, dei servizi relativi ai",https://eview.copyscape.com/compare/od4zjoohxe/18
303,"2026-07-09T14:21:37,944",,a75aac8f720c3c79a8aaeac5e4bd76f976209c4b6ee68c234461f493526c5ff7,https://www.ilsole24ore.com/radiocor/nRC_16.06.2026_10.14_226,"Inflazione: Istat conferma, +0,4% a maggio, +3,2% su anno -2",35,,,"... Di conseguenza, il differenziale tra il comparto dei servizi e quello dei beni si attesta a -0,6 punti percentuali, rispetto ai -0,7 p.p. ... Il tasso di variazione tendenziale dei prezzi dei Beni alimentari, per la cura della casa e della persona scende a +1,9% (da +2,3",https://eview.copyscape.com/compare/od4zjoohxe/19
304,"2026-07-09T14:21:37,944",,a75aac8f720c3c79a8aaeac5e4bd76f976209c4b6ee68c234461f493526c5ff7,https://www.ilfattonisseno.it/2026/06/inflazione-carrello-spesa-cala-dall19-all16-a-giugno/,"Inflazione: carrello spesa cala dall'1,9% all'1,6% a giugno",30,,,"... degli energetici e degli alimentari freschi, si riduce lievemente (da +1,7% a +1,6%), come anche quella al netto dei soli beni energetici (da +2,1% a +2,0%)",https://eview.copyscape.com/compare/od4zjoohxe/20
305,"2026-07-09T14:21:37,944",,a75aac8f720c3c79a8aaeac5e4bd76f976209c4b6ee68c234461f493526c5ff7,https://www.ilsole24ore.com/art/francia-giugno-inflazione-frena-all-18percento-anno-AIGOVRwD,"Istat: crescita zero dei prezzi a giugno, inflazione cala al 3%",26,,,"... I prezzi dei beni rimangono stabili su base annua (a +3,4%) e quelli dei servizi registrano un rallentamento (da +2,8% a +2,6%). Di",https://eview.copyscape.com/compare/od4zjoohxe/21
306,"2026-07-09T14:21:37,944",,a75aac8f720c3c79a8aaeac5e4bd76f976209c4b6ee68c234461f493526c5ff7,https://www.reddit.com/r/italy/comments/1ujm9o5/linflazione_preliminare_istat_di_giugno_si_ferma/,L'inflazione preliminare Istat di giugno: si ferma la corsa dei prezzi ...,26,,,"... I prezzi dei beni rimangono stabili su base annua (a +3,4%) e quelli dei servizi registrano un rallentamento (da +2,8% a +2,6%). Di",https://eview.copyscape.com/compare/od4zjoohxe/22
307,"2026-07-09T14:21:37,944",,a75aac8f720c3c79a8aaeac5e4bd76f976209c4b6ee68c234461f493526c5ff7,https://www.ilsole24ore.com/radiocor/nRC_29.05.2026_11.23_287,"Inflazione: Istat stima +0,4% a maggio, +3,2% su anno - Il Sole 24 ORE",23,,,"... In base alle stime preliminari, l'indice armonizzato dei prezzi al consumo (Ipca) registra una variazione pari a +0,4%  su base mensile e a",https://eview.copyscape.com/compare/od4zjoohxe/23
308,"2026-07-09T14:21:37,944",,a75aac8f720c3c79a8aaeac5e4bd76f976209c4b6ee68c234461f493526c5ff7,https://www.aranagenzia.it/download/prezzi-al-consumo-febbraio-2025/,Prezzi al consumo – Febbraio 2025 | Aran Agenzia,22,,,"... quelli dei Servizi ricreativi, culturali e per la cura della persona (da +3,3% a +3,1%).  Nel mese di febbraio  l'“inflazione di fondo”, al netto degli",https://eview.copyscape.com/compare/od4zjoohxe/24
309,"2026-07-09T14:21:37,944",,a75aac8f720c3c79a8aaeac5e4bd76f976209c4b6ee68c234461f493526c5ff7,https://www.freshplaza.it/article/9852593/il-settore-alimentare-vede-rallentare-la-crescita-dei-prezzi/,Il settore alimentare vede rallentare la crescita dei prezzi - FreshPlaza,21,,,"... precedente). Il lieve rallentamento dell'inflazione riflette la dinamica dei prezzi degli alimentari non lavorati (da +5,5% a +4,5%), dei",https://eview.copyscape.com/compare/od4zjoohxe/25
310,"2026-07-09T14:21:37,944",,a75aac8f720c3c79a8aaeac5e4bd76f976209c4b6ee68c234461f493526c5ff7,https://www.anfia.it/it/comunicazione/notizie-e-comunicati/comunicati-stampa/mercato-vetture-italia/anche-giugno-positivo-per-il-mercato-auto-italiano-10-6,ANCHE GIUGNO POSITIVO PER IL MERCATO AUTO ITALIANO,21,,,"... precedente). Il lieve rallentamento dell'inflazione riflette la dinamica dei prezzi degli Alimentari non lavorati (da +5,5% a +4,5%), dei",https://eview.copyscape.com/compare/od4zjoohxe/26
311,"2026-07-09T14:21:37,944",,a75aac8f720c3c79a8aaeac5e4bd76f976209c4b6ee68c234461f493526c5ff7,https://en.ilsole24ore.com/radiocor/nRC_30.06.2026_11.07_29710297,"Inflazione: Istat stima variazione nulla a giugno, +3% su anno (RCO)",21,,,"... Il rallentamento riflette la dinamica dei prezzi degli Alimentari non lavorati (da +5,5% a +4,5%), dei Servizi ricreativi, culturali e per",https://eview.copyscape.com/compare/od4zjoohxe/27
312,"2026-07-09T14:21:37,944",,a75aac8f720c3c79a8aaeac5e4bd76f976209c4b6ee68c234461f493526c5ff7,https://www.rainews.it/articoli/2026/06/istat-crescita-zero-dei-prezzi-a-giugno-linflazione-cala-al-3-3f546ece-a43b-4ebe-8d09-87a2a8231010.html,"Istat, crescita zero dei prezzi a giugno: l'inflazione cala al 3%",21,,,"... A giugno l'inflazione di fondo, al netto degli energetici e degli alimentari freschi, si riduce lievemente (da +1,7% a +1,6%), come anche",https://eview.copyscape.com/compare/od4zjoohxe/28
313,"2026-07-09T14:21:37,944",,a75aac8f720c3c79a8aaeac5e4bd76f976209c4b6ee68c234461f493526c5ff7,https://notizieinunclick.com/istat-crescita-zero-dei-prezzi-a-giugno-linflazione-cala-al-3/,"Istat, crescita zero dei prezzi a giugno: l'inflazione cala al 3%",21,,,"... A giugno l'inflazione di fondo, al netto degli energetici e degli alimentari freschi, si riduce lievemente (da +1,7% a +1,6%), come anche",https://eview.copyscape.com/compare/od4zjoohxe/29
314,"2026-07-09T14:21:37,944",,a75aac8f720c3c79a8aaeac5e4bd76f976209c4b6ee68c234461f493526c5ff7,https://www.redigo.info/2026/07/01/giugno-2026/,"Istat, prezzi al consumo di giugno 2026. L'inflazione rallenta",20,,,"... Un sostegno all'inflazione, d'altro canto, si deve alla moderata accelerazione dei prezzi degli Energetici. Si riduce il tasso di variazione",https://eview.copyscape.com/compare/od4zjoohxe/30
315,"2026-07-09T14:21:37,944",,a75aac8f720c3c79a8aaeac5e4bd76f976209c4b6ee68c234461f493526c5ff7,https://www.quotidiano.net/economia/ultimaora/istat-crescita-zero-dei-prezzi-34bc8611,"Istat, crescita zero dei prezzi a giugno, inflazione cala al 3%",20,,,"... Un sostegno all'inflazione, d'altro canto, si deve alla moderata accelerazione dei prezzi degli Energetici. Si riduce il tasso di variazione",https://eview.copyscape.com/compare/od4zjoohxe/31
316,"2026-07-09T14:21:37,944",,a75aac8f720c3c79a8aaeac5e4bd76f976209c4b6ee68c234461f493526c5ff7,https://www.teleborsa.it/News/2026/06/30/istat-inflazione-in-lieve-calo-a-giugno-3-0percent-su-base-annua-da-3-2percent-di-maggio-77.html,"Istat, inflazione in lieve calo a giugno: +3,0% su base annua (da +3 ...",20,,,"... dei Servizi relativi ai trasporti (da +1,7% a +1,1%). In direzione ... Il tasso di variazione tendenziale dei prezzi del cosiddetto """,https://eview.copyscape.com/compare/od4zjoohxe/32
317,"2026-07-09T14:21:37,944",,a75aac8f720c3c79a8aaeac5e4bd76f976209c4b6ee68c234461f493526c5ff7,https://www.uilpa.it/istat-prezzi-al-consumo-ancora-in-aumento/,Istat: prezzi al consumo ancora in aumento – UILPA,20,,,"... quelli dei Servizi ricreativi, culturali e per la cura della persona (da +6,3% a +6, 7%) e dei Servizi vari (da +2,5% a +2,9%). Tali effetti ... prezzi degli Energetici regolamentati (da -20,3% a -26,4%) e dal rallentamento di quelli degli Alimentari lavorati (da +15,3% a +14,7",https://eview.copyscape.com/compare/od4zjoohxe/33
318,"2026-07-09T14:21:37,944",,a75aac8f720c3c79a8aaeac5e4bd76f976209c4b6ee68c234461f493526c5ff7,https://www.ilmessaggero.it/economia/news/inflazione_italia_eurozona_ultime_notizie-7377001.html,"L'inflazione in Italia torna a crescere: +8,3%. Male anche l'Eurozona ...",20,,,"... quelli dei servizi ricreativi, culturali e per la cura della persona (da +6,3% a +6, 7%) e dei servizi vari (da +2,5% a +2,9%). Tali effetti ... sono stati solo in parte compensati dalla flessione più marcata dei prezzi degli energetici regolamentati (da -20,3% a -26,4",https://eview.copyscape.com/compare/od4zjoohxe/34
319,"2026-07-09T14:21:37,944",,a75aac8f720c3c79a8aaeac5e4bd76f976209c4b6ee68c234461f493526c5ff7,https://www.instagram.com/p/DODZcZsiTtD/,"A luglio 2025, il numero degli occupati raggiunge i 24 milioni ...",18,,,"... Il lieve rallentamento riflette essenzialmente l'attenuarsi delle tensioni sui prezzi degli. Alimentari non lavorati, dei Servizi relativi ai",https://eview.copyscape.com/compare/od4zjoohxe/35
320,"2026-07-09T14:21:37,944",,a75aac8f720c3c79a8aaeac5e4bd76f976209c4b6ee68c234461f493526c5ff7,https://www.facebook.com/FocusEconomia/posts/secondo-le-stime-preliminari-dellistat-nel-mese-di-giugno-2026-lindice-dei-prezz/1619350946222050/,Focus Economia di Sebastiano Barisoni - Radio 24 - Facebook,18,,,"... mese di giugno 2026 l'indice ... dei prezzi al consumo, ... al lordo dei tabacchi, registra una variazione nulla su",https://eview.copyscape.com/compare/od4zjoohxe/36
321,"2026-07-09T14:21:37,944",,a75aac8f720c3c79a8aaeac5e4bd76f976209c4b6ee68c234461f493526c5ff7,https://www.conquistedellavoro.it/attualit%C3%A0/lagarde-spazio-per-agire-sui-tassi-ma-senza-corsa-ai-rialzi-1.3355119,Lagarde: spazio per agire sui tassi ma senza corsa ai rialzi,18,,,"... Lo comunica l'Istituto. Il lieve rallentamento dell'inflazione riflette la dinamica dei prezzi degli alimentari non lavorati (da +5,5% a +4",https://eview.copyscape.com/compare/od4zjoohxe/37
322,"2026-07-09T14:21:37,944",,a75aac8f720c3c79a8aaeac5e4bd76f976209c4b6ee68c234461f493526c5ff7,https://teleborsa.ansa.it/notiziario/economia/istat-a-maggio-linflazione-accelera-al-32-spingono-ancora-i-prezzi-dellenergia/,"Istat, a maggio l'inflazione accelera al 3,2%. Spingono ancora i ...",18,,,"... Il tasso di variazione tendenziale dei prezzi dei Beni alimentari, per la cura della casa e della persona resta stabile a +2,3%, mentre",https://eview.copyscape.com/compare/od4zjoohxe/38
323,"2026-07-09T14:21:37,944",,a75aac8f720c3c79a8aaeac5e4bd76f976209c4b6ee68c234461f493526c5ff7,https://www.borse.it/news/inflazione-italia-in-calo-al-3-a-giugno-giu-anche-il-carrello-spesa,"Inflazione Italia in calo al 3% a giugno, giù anche il carrello spesa",17,,,"... Il lieve rallentamento riflette essenzialmente l'attenuarsi delle tensioni sui prezzi degli Alimentari non lavorati, dei Servizi relativi",https://eview.copyscape.com/compare/od4zjoohxe/39
324,"2026-07-09T14:21:37,944",,a75aac8f720c3c79a8aaeac5e4bd76f976209c4b6ee68c234461f493526c5ff7,https://www.lametasociale.it/2026/06/30/rallentano-i-prezzi-al-consumo-a-giugno/,Rallentano i prezzi al consumo a giugno - Meta Sociale,17,,,"... precedente. Il lieve rallentamento dell'inflazione, spiega l'Istat, « riflette la dinamica dei prezzi degli Alimentari non lavorati (da +5,5",https://eview.copyscape.com/compare/od4zjoohxe/40
325,"2026-07-09T14:21:37,944",,a75aac8f720c3c79a8aaeac5e4bd76f976209c4b6ee68c234461f493526c5ff7,https://www.radiostudio90italia.it/inflazione-istat-a-giugno-rallenta-a-3-carrello-spesa-a-16/,"Inflazione, Istat: a giugno rallenta a +3%, carrello spesa a +1,6%",17,,,"... E' la stima preliminare diffusa dall'Istat. Il lieve rallentamento dell'inflazione riflette la dinamica dei prezzi degli Alimentari non lavorati (da +5,5% a",https://eview.copyscape.com/compare/od4zjoohxe/41
326,"2026-07-09T14:21:37,944",,a75aac8f720c3c79a8aaeac5e4bd76f976209c4b6ee68c234461f493526c5ff7,https://www.startupbusiness.it/inflazione-istat-conferma-04-a-maggio-32-su-anno/176864/,"Inflazione, Istat conferma: +0,4% a maggio, +3,2% su anno",17,,,"... Di conseguenza, il differenziale tra il comparto dei servizi e quello dei beni si attesta a -0,6 punti percentuali, rispetto ai -0,7 p.p.",https://eview.copyscape.com/compare/od4zjoohxe/42
327,"2026-07-09T14:21:37,944",,a75aac8f720c3c79a8aaeac5e4bd76f976209c4b6ee68c234461f493526c5ff7,https://www.ore12.net/inflazione-istat-conferma-stime-a-maggio-04-su-mese-32-su-anno/,"Istat conferma stime, a maggio +0,4% su mese +3,2% su anno - Ore12",17,,,"... Di conseguenza, il differenziale tra il comparto dei servizi e quello dei beni si attesta a -0,6 punti percentuali, rispetto ai -0,7 p.p.",https://eview.copyscape.com/compare/od4zjoohxe/43
328,"2026-07-09T14:21:37,944",,a75aac8f720c3c79a8aaeac5e4bd76f976209c4b6ee68c234461f493526c5ff7,https://www.corriere.it/economia/consumi/26_giugno_16/inflazione-la-conferma-dell-istat-a-maggio-sale-dello-0-4-su-mese-3-2-rispetto-a-un-anno-fa-25f3de36-b6c5-4935-b9a2-fc9dec68exlk.shtml,"Inflazione, la conferma dell'Istat: a maggio sale dello 0,4% su mese ...",17,,,"... Di conseguenza, il differenziale tra il comparto dei servizi e quello dei beni si attesta a -0,6 punti percentuali, rispetto ai -0,7 p.p.",https://eview.copyscape.com/compare/od4zjoohxe/44
329,"2026-07-09T14:21:37,944",,a75aac8f720c3c79a8aaeac5e4bd76f976209c4b6ee68c234461f493526c5ff7,https://www.instagram.com/p/DXMJUHgDU2V/,"Istat on Instagram: "" A marzo 2026 l'inflazione si porta a +1,7% (dal ...",15,,,"... dei Servizi relativi ai trasporti (+2,2% da +2,9%). Il ritmo di ... Si riduce il tasso di variazione tendenziale dei prezzi del",https://eview.copyscape.com/compare/od4zjoohxe/45
330,"2026-07-09T14:21:37,944",,a75aac8f720c3c79a8aaeac5e4bd76f976209c4b6ee68c234461f493526c5ff7,https://www.provincia.treviso.it/it/news/34218-istat-inflazione-in-italia-3-2-nel-mese-di-maggio-2026-provvisorio,"Istat: Inflazione - in Italia +3,2% nel mese di maggio 2026 (provvisorio)",15,,,"... netto dei soli beni energetici (da +1,9% a +2,1%).  I prezzi dei beni ... e quelli dei servizi registrano un'accelerazione su base annua di pari entità",https://eview.copyscape.com/compare/od4zjoohxe/46
331,"2026-07-09T14:21:37,944",,a75aac8f720c3c79a8aaeac5e4bd76f976209c4b6ee68c234461f493526c5ff7,https://www.ilsole24ore.com/art/inflazione-dicembre-13percento-base-annua-e-01percento-mese-2024-crescita-media-prezzi-dell-10percento-AGEJz69B,"Inflazione, a dicembre +1,3% su base annua e +0,1% sul mese. Nel ...",15,,,"... Sempre secondo le stime preliminari l'indice armonizzato dei prezzi al consumo (Ipca) registra una variazione ... su base mensile pari a +0,1% e",https://eview.copyscape.com/compare/od4zjoohxe/47
332,"2026-07-09T14:21:37,944",,a75aac8f720c3c79a8aaeac5e4bd76f976209c4b6ee68c234461f493526c5ff7,https://www.uilpa.it/istat-il-costo-della-vita-continua-ad-aumentare/,Istat: il costo della vita continua ad aumentare – UILPA,15,,,"... In base alle stime preliminari, l'indice armonizzato dei prezzi al consumo (IPCA) aumenta dell'1,3%  su base annua. Documento PDF: CS_Prezzi",https://eview.copyscape.com/compare/od4zjoohxe/48
333,"2026-07-09T14:21:39,060",,fb339c0b50012bca2d9005034f25a28c80e07da586810bdf8ddd4449d6d31e93,https://www.ilsole24ore.com/radiocor/nRC_10.06.2026_10.40_230,"Produzione industriale: Istat, +0,5% su mese ad aprile, +1,3% su anno",79,,,"... Le flessioni piu' ampie si rilevano nelle industrie tessili, abbigliamento, pelli e accessori (-8,9%), nelle altre industrie manifatturiere ... congiunturale dell'indice destagionalizzato della produzione industriale, trainato dalla dinamica positiva dei beni intermedi ... e di quelli strumentali. In crescita risulta pure la media del trimestre ... febbraio-aprile rispetto ai tre mesi precedenti. Ad aprile, anche in termini tendenziali e ... al netto degli effetti di calendario, sia l'indice generale sia quelli relativi ai beni intermedi ... strumentali mostrano un aumento, particolarmente ampio per questi ultimi"". com-fil. Gli ultimi video Radiocor. (RADIOCOR) 10-06-26 10:40:32",https://eview.copyscape.com/compare/b7yutalwpv/1
334,"2026-07-09T14:21:39,060",,fb339c0b50012bca2d9005034f25a28c80e07da586810bdf8ddd4449d6d31e93,https://leasenews.it/news/dati-di-settore/istat-produzione-industriale-05-ad-aprile-in-crescita,"Istat: produzione industriale +0,5% ad aprile, in crescita",75,,,"... Ad aprile si registra, per il terzo mese consecutivo, un aumento congiunturale dell'indice destagionalizzato della produzione industriale, trainato dalla ... dinamica positiva dei beni intermedi e di quelli strumentali. In crescita risulta pure la media del trimestre ... febbraio-aprile rispetto ai tre mesi precedenti. Ad aprile, anche in termini tendenziali e al netto ... degli effetti di calendario, sia l'indice generale sia quelli relativi ai beni intermedi e ... strumentali mostrano un aumento, particolarmente ampio per questi ultimi. Approfondisci sul sito Istat. Tags: beni strumentali istat produzione industriale.",https://eview.copyscape.com/compare/b7yutalwpv/2
335,"2026-07-09T14:21:39,060",,fb339c0b50012bca2d9005034f25a28c80e07da586810bdf8ddd4449d6d31e93,https://www.teleborsa.it/News/2026/06/10/italia-la-produzione-industriale-aumenta-per-il-terzo-mese-consecutivo-ad-aprile-87.html,"Italia, la produzione industriale aumenta per il terzo mese ...",62,,,"... Nella media del periodo febbraio-aprile si registra una crescita del livello della produzione dello 0,2% rispetto ai tre mesi precedenti. L ... I settori di attività economica che registrano gli incrementi tendenziali più elevati sono la fabbricazione di mezzi di trasporto (+17,8 ... Le flessioni più ampie si rilevano nelle industrie tessili, abbigliamento, pelli e accessori (-8,9%), nelle altre industrie manifatturiere",https://eview.copyscape.com/compare/b7yutalwpv/3
336,"2026-07-09T14:21:39,060",,fb339c0b50012bca2d9005034f25a28c80e07da586810bdf8ddd4449d6d31e93,https://www.pugliain.net/produzione-industriale-in-crescita-ad-aprile/,Produzione industriale in crescita ad aprile - pugliain.net,60,,,"... Nella media del periodo febbraio-aprile si registra una crescita del livello della produzione dello 0,2% rispetto ai tre mesi precedenti. Al netto degli ... Le flessioni più ampie si rilevano nelle industrie tessili, abbigliamento, pelli e accessori e  nelle altre industrie manifatturiere, riparazione e ... Si tratta del terzo mese consecutivo con  un aumento congiunturale ... della produzione industriale, trainato dalla dinamica positiva dei beni intermedi e di quelli",https://eview.copyscape.com/compare/b7yutalwpv/4
337,"2026-07-09T14:21:39,060",,fb339c0b50012bca2d9005034f25a28c80e07da586810bdf8ddd4449d6d31e93,https://www.threads.com/@ilsole_24ore/post/DaPodYwksJY/video-segui-tutti-gli-aggiornamenti-sul-sito-de-il-sole-ore-confindustria-costi-e/,Segui tutti gli aggiornamenti sul sito de #IlSole24Ore. . . Confindustria,56,,,"... congiunturale dell'indice destagionalizzato della produzione industriale, trainato dalla dinamica positiva dei beni ntermedi  e di quelli strumentali. In crescita risulta pure la media del trimestre ... febbraio-aprile rispetto ai tre mesi precedenti. Ad aprile, anche in termini tendenziali e ... l'indice generale sia quelli relativi ai beni intermedi e strumentali mostrano un aumento, particolarmente ampio per questi ultimi. 10 Istat. 2.",https://eview.copyscape.com/compare/b7yutalwpv/5
338,"2026-07-09T14:21:39,060",,fb339c0b50012bca2d9005034f25a28c80e07da586810bdf8ddd4449d6d31e93,https://www.stampaparlamento.it/2026/06/10/ad-aprile-il-terzo-mese-consecutivo-di-crescita-della-produzione-industriale-italiana/,"Ad aprile, il terzo mese consecutivo di crescita della produzione ...",41,,,"... Nella media del periodo febbraio-aprile si registra una crescita del livello della produzione dello 0,2% rispetto ai tre mesi precedenti. L ... Le flessioni più ampie si rilevano nelle industrie tessili, abbigliamento, pelli e accessori (-8,9%), nelle altre industrie manifatturiere",https://eview.copyscape.com/compare/b7yutalwpv/6
339,"2026-07-09T14:21:39,060",,fb339c0b50012bca2d9005034f25a28c80e07da586810bdf8ddd4449d6d31e93,https://stream24.ilsole24ore.com/video/economia/produzione-industriale-crescita-ad-aprile/AIKeqxaD,Produzione industriale in crescita ad aprile - Il Sole 24 ORE,29,,,"... Le flessioni più ampie si rilevano nelle industrie tessili, abbigliamento, pelli e accessori e  nelle altre industrie manifatturiere ... industriale, trainato dalla dinamica positiva dei beni intermedi e di quelli strumentali. Su base annua, i settori che registrano gli",https://eview.copyscape.com/compare/b7yutalwpv/7
340,"2026-07-09T14:21:39,060",,fb339c0b50012bca2d9005034f25a28c80e07da586810bdf8ddd4449d6d31e93,https://transportonline.com/wp-content/uploads/2026/07/Fedespedi-Outlook-27.pdf,Fedespedi Economic Outlook. 27 - Transportonline,27,,,"... L'aumento congiunturale dell'indice destagionalizzato della produzione industriale è stato  trainato dalla dinamica positiva dei beni intermedi e di quelli ... anche la media del trimestre febbraio-aprile rispetto ai tre mesi precedenti (novembre, dicembre, gennaio). Fonte: Istat. Produzione industriale: variazione",https://eview.copyscape.com/compare/b7yutalwpv/8
341,"2026-07-09T14:21:39,060",,fb339c0b50012bca2d9005034f25a28c80e07da586810bdf8ddd4449d6d31e93,https://www.borsaitaliana.it/borsa/notizie/teleborsa/finanza/europa-debole-con-milano-sotto-la-parita-5_2026-06-10_TLB-BIT.html?lang=it,Europa debole con Milano sotto la parità - Borsa Italiana,22,,,"... Nella media del periodo febbraio-aprile si registra una crescita del livello della produzione dello 0,2% rispetto ai tre mesi precedenti.",https://eview.copyscape.com/compare/b7yutalwpv/9
342,"2026-07-09T14:21:39,060",,fb339c0b50012bca2d9005034f25a28c80e07da586810bdf8ddd4449d6d31e93,https://finanza.repubblica.it/News/2026/06/10/i_listini_europei_rallentano_milano_sulla_parita-137/,"I listini europei rallentano, Milano sulla parità - Economia e Finanza",22,,,"... Nella media del periodo febbraio-aprile si registra una crescita del livello della produzione dello 0,2% rispetto ai tre mesi precedenti.",https://eview.copyscape.com/compare/b7yutalwpv/10
343,"2026-07-09T14:21:39,060",,fb339c0b50012bca2d9005034f25a28c80e07da586810bdf8ddd4449d6d31e93,https://www.borsaitaliana.it/borsa/notizie/teleborsa/commenti/i-listini-europei-rallentano-milano-sulla-parita-137_2026-06-10_TLB.html?lang=it,"I listini europei rallentano, Milano sulla parità - Borsa Italiana",22,,,"... Nella media del periodo febbraio-aprile si registra una crescita del livello della produzione dello 0,2% rispetto ai tre mesi precedenti.",https://eview.copyscape.com/compare/b7yutalwpv/11
344,"2026-07-09T14:21:39,060",,fb339c0b50012bca2d9005034f25a28c80e07da586810bdf8ddd4449d6d31e93,https://www.ilsole24ore.com/art/industria-ad-aprile-produzione-05percento-13percento-anno-AINZdCaD,"Industria avanti per il terzo mese: +0,5% ad aprile, ai massimi da ...",22,,,"... Nella media del periodo febbraio-aprile si registra una crescita del livello della produzione dello 0,2% rispetto ai tre mesi precedenti. .",https://eview.copyscape.com/compare/b7yutalwpv/12
345,"2026-07-09T14:21:39,060",,fb339c0b50012bca2d9005034f25a28c80e07da586810bdf8ddd4449d6d31e93,https://www.ilsole24ore.com/art/industria-oltre-attese-16percento-ad-aprile-AEmRv1eB,"Industria oltre le attese (+1,6%) ad aprile - Il Sole 24 ORE",22,,,"... giorni lavorativi di calendario sono stati 19 contro i 21 di aprile 2021). Incrementi rilevanti caratterizzano i beni di consumo (+11,3%) e ... I settori di attività economica che registrano gli incrementi tendenziali più ampi sono le  industrie tessili, abbigliamento, pelli e",https://eview.copyscape.com/compare/b7yutalwpv/13
346,"2026-07-09T14:21:39,060",,fb339c0b50012bca2d9005034f25a28c80e07da586810bdf8ddd4449d6d31e93,https://www.ansa.it/sito/notizie/economia/pmi/2026/06/10/istat-produzione-industriale-aprile-05-su-mese-13-su-anno-2_08c96fb6-500c-4e39-941a-14edb10f77b6.html,"Istat, produzione industriale aprile +0,5% su mese, +1,3% su anno (2)",21,,,"... Nella media del periodo febbraio-aprile si registra una crescita del livello della produzione industriale  dello 0,2% rispetto ai tre mesi",https://eview.copyscape.com/compare/b7yutalwpv/14
347,"2026-07-09T14:21:39,060",,fb339c0b50012bca2d9005034f25a28c80e07da586810bdf8ddd4449d6d31e93,https://www.websim.it/azioni/blue-chip/italia-produzione-industriale-di-marzo-in-crescita-del-0-7-mom/,"Produzione industriale di marzo in crescita del +0,7% MoM - Websim",19,,,"... I settori di attività economica che registrano gli incrementi tendenziali più elevati sono la fabbricazione di mezzi di trasporto (+11,2",https://eview.copyscape.com/compare/b7yutalwpv/15
348,"2026-07-09T14:21:39,060",,fb339c0b50012bca2d9005034f25a28c80e07da586810bdf8ddd4449d6d31e93,https://www.sardegnaimpresa.eu/it/news/industria-produzione-calo-ottobre-2023,"Industria, produzione in calo a ottobre 2023 | SardegnaImpresa",19,,,... I settori di attività economica che registrano gli incrementi tendenziali più ampi sono  la produzione di prodotti farmaceutici di base e,https://eview.copyscape.com/compare/b7yutalwpv/16
349,"2026-07-09T14:21:39,060",,fb339c0b50012bca2d9005034f25a28c80e07da586810bdf8ddd4449d6d31e93,https://www.milanofinanza.it/news/istat-la-produzione-industriale-italiana-cresce-per-il-terzo-mese-consecutivo-202606101551554600,"Italia, la produzione industriale cresce ad aprile per il terzo mese ...",19,,,"... Le flessioni più ampie si rilevano nelle industrie tessili, abbigliamento, pelli e accessori (-8,9%), nelle altre industrie manifatturiere",https://eview.copyscape.com/compare/b7yutalwpv/17
350,"2026-07-09T14:21:39,060",,fb339c0b50012bca2d9005034f25a28c80e07da586810bdf8ddd4449d6d31e93,https://www.instagram.com/p/DYeaneqNfrK/,I nuovi dati ISTAT sul commercio estero confermano la ... - Instagram,18,,,"... l'indice generale sia quelli relativi ai beni intermedi e strumentali mostrano un aumento, particolarmente ampio per questi ultimi. I",https://eview.copyscape.com/compare/b7yutalwpv/18
351,"2026-07-09T14:21:39,060",,fb339c0b50012bca2d9005034f25a28c80e07da586810bdf8ddd4449d6d31e93,https://www.industriaitaliana.it/istat-produzione-industriale-settembre-2025-energia-elettronica/,"Istat: produzione industriale +2,8% a settembre 2025, trainano ...",18,,,"... Le flessioni più ampie si rilevano nelle industrie tessili, abbigliamento, pelli e accessori (-4,4%),  nell'industria del legno, carta e",https://eview.copyscape.com/compare/b7yutalwpv/19
352,"2026-07-09T14:21:39,060",,fb339c0b50012bca2d9005034f25a28c80e07da586810bdf8ddd4449d6d31e93,https://www.icsoftware.it/dati-istat-sulla-produzione-industriale-di-aprile-2022/,Dati Istat sulla produzione industriale di aprile 2022 - IC Software Srl,16,,,"... I settori di attività economica che registrano gli incrementi tendenziali più ampi sono le  industrie tessili, abbigliamento, pelli e",https://eview.copyscape.com/compare/b7yutalwpv/20
353,"2026-07-09T14:21:39,060",,fb339c0b50012bca2d9005034f25a28c80e07da586810bdf8ddd4449d6d31e93,https://www.italiacooperativa.it/Economia/economia-cresce-produzione-industria-ma-con-aumenti-energia-margini-negativi-per-82-imprese-1,"Economia: cresce produzione industria, ma con aumenti energia ...",15,,,... Tra i settori di attività economica che registrano variazioni tendenziali positive ci sono  la produzione di prodotti farmaceutici di base e,https://eview.copyscape.com/compare/b7yutalwpv/21
354,"2026-07-09T14:21:40,655",,a71884eb555353fa7b1cf3a30d010865c038f2f708da92f19480f93521c77bbd,https://formatresearch.com/2026/07/02/occupati-e-disoccupati-istat-aprile-2026-dati-provvisori/,Occupati e disoccupati | ISTAT - Maggio 2026 (dati provvisori),96,,,"... Occupati e disoccupati | ISTAT - marzo 2026. La crescita degli occupati si associa alla diminuzione dei disoccupati e degli inattivi.... A maggio 2026, su base mensile, la diminuzione degli occupati e dei disoccupati si associa alla crescita degli inattivi. Il calo degli ... occupati (-0,1%, pari a -22mila unità) coinvolge gli uomini, le donne, i dipendenti a termine e tutte le classi d'età ad ... In questa classe di età il numero di occupati risulta in crescita, così come tra i dipendenti permanenti e gli autonomi. Il tasso di ... Rispetto a maggio 2025, diminuisce il numero di persone in cerca di lavoro (-23,8%, pari a -399mila unità) e sale quello degli inattivi tra",https://eview.copyscape.com/compare/fmv8wn5125/1
355,"2026-07-09T14:21:40,655",,a71884eb555353fa7b1cf3a30d010865c038f2f708da92f19480f93521c77bbd,https://www.dottrinalavoro.it/notizie-c/istat-occupati-e-disoccupati-maggio-2026,ISTAT: Occupati e Disoccupati – Maggio 2026 | Dottrina Per il Lavoro,90,,,"... A maggio 2026, su base mensile, la diminuzione degli occupati e dei disoccupati si associa alla crescita degli inattivi. Il calo degli ... occupati (-0,1%, pari a -22mila unità) coinvolge gli uomini, le donne, i dipendenti a termine e tutte le classi d'età ad ... dipendenti permanenti e gli autonomi. Il tasso di occupazione scende al 63,0% (-0,1 punti). Il calo delle persone in cerca di lavoro (-1,7 ... Confrontando il trimestre marzo-maggio 2026 con quello precedente (dicembre 2025-febbraio 2026) si registra un aumento di 119mila occupati",https://eview.copyscape.com/compare/fmv8wn5125/2
356,"2026-07-09T14:21:40,655",,a71884eb555353fa7b1cf3a30d010865c038f2f708da92f19480f93521c77bbd,https://www.corriere.it/economia/lavoro/26_luglio_02/istat-calano-gli-occupati-22mila-a-maggio-tasso-di-disoccupazione-al-5-inattivi-oltre-il-33-8a5eb5d8-8798-46d6-b100-a7084688fxlk.shtml,"Istat, calano gli occupati: -22 mila a maggio. Tasso di ... - Corriere",79,,,"... Calo degli occupati in maggio: lo certifica l'Istat spiegando che il ribasso (- 0,1%, pari a -22mila unità) coinvolge gli uomini, le donne, i ... Confrontando il trimestre marzo-maggio 2026 con quello precedente (dicembre 2025-febbraio 2026) si registra un aumento di 119mila occupati ... Rispetto a maggio 2025, diminuisce il numero di persone in cerca di lavoro (-23,8%, pari a -399mila unità) e sale quello degli inattivi tra ... L'occupazione cresce rispetto a maggio 2025 (+228mila occupati in un anno) come sintesi dell'aumento dei dipendenti permanenti (+275mila) e",https://eview.copyscape.com/compare/fmv8wn5125/3
357,"2026-07-09T14:21:40,655",,a71884eb555353fa7b1cf3a30d010865c038f2f708da92f19480f93521c77bbd,https://www.confapitreviso.it/news/listat-a-maggio-occupazione-in-calo-rispetto-ad-aprile-ma-meglio-dello-stesso-mese-del-2025/,"L'Istat: “A maggio occupazione in calo rispetto ad aprile, ma meglio ...",78,,,"... Il tasso di occupazione scende al 63,0% (-0,1 punti). Il calo delle persone in cerca di lavoro (-1,7%, pari a -22mila unità) si osserva per ... Rispetto al trimestre precedente, diminuiscono le persone in cerca di lavoro (-5,0%, pari a -68mila unità) e gli inattivi di 15-64 anni (-0 ... Rispetto a maggio 2025, diminuisce il numero di persone in cerca di lavoro (-23,8%, pari a -399mila unità) e sale quello degli inattivi tra",https://eview.copyscape.com/compare/fmv8wn5125/4
358,"2026-07-09T14:21:40,655",,a71884eb555353fa7b1cf3a30d010865c038f2f708da92f19480f93521c77bbd,https://www.borsaitaliana.it/borsa/notizie/radiocor/economia/dettaglio/lavoro-istat-tasso-disoccupazione-scende-al-5-a-maggio-2-nRC_02072026_1014_215555872.html,"Lavoro: Istat, tasso disoccupazione scende al 5% a maggio -2",69,,,"... Su base mensile, la diminuzione degli occupati e dei disoccupati si associa alla crescita degli inattivi. Il calo degli occupati (-0,1 ... dipendenti permanenti e gli autonomi. ... Il calo delle persone in cerca di lavoro (-1,7%, pari a -22 mila unita')  si osserva per le donne, i 15 ... Rispetto a maggio 2025, diminuisce il numero di persone in cerca di lavoro (-23,8%, pari a -399 mila unita')  e sale quello degli inattivi tra",https://eview.copyscape.com/compare/fmv8wn5125/5
359,"2026-07-09T14:21:40,655",,a71884eb555353fa7b1cf3a30d010865c038f2f708da92f19480f93521c77bbd,https://teleborsa.ansa.it/notiziario/economia/istat-disoccupazione-in-lieve-calo-a-maggio-al-5-ma-aumentano-gli-inattivi/,"Istat, disoccupazione in lieve calo a maggio al 5%, ma aumentano ...",63,,,"... mensile, la diminuzione degli occupati e dei disoccupati si associa alla crescita degli inattivi.In dettaglio,  il calo degli occupati (-0,1%, pari a -22mila unità) coinvolge gli uomini, le donne, i dipendenti a termine e tutte le classi ... dipendenti permanenti e gli autonomi. Il tasso di occupazione scende al 63,0% (-0,1 punti). Il calo delle persone in cerca di lavoro (-1,7",https://eview.copyscape.com/compare/fmv8wn5125/6
360,"2026-07-09T14:21:40,655",,a71884eb555353fa7b1cf3a30d010865c038f2f708da92f19480f93521c77bbd,https://www.provincia.treviso.it/it/news/34283-istat-occupati-e-disoccupati-maggio-2026-dati-provvisori,Istat: Occupati e disoccupati - maggio 2026 (dati provvisori),55,,,"... gli uomini è sostanzialmente stabile. Il tasso di disoccupazione scende al 5,0% (-0,1 punti), quello giovanile al 15,1% (-1,3 punti). La crescita degli ... inattivi tra i 15 e i 64 anni (+0,5%, pari a +59mila unità) riguarda entrambi i sessi e tutte le classi d'età, salvo quella dei 25-34enni",https://eview.copyscape.com/compare/fmv8wn5125/7
361,"2026-07-09T14:21:40,655",,a71884eb555353fa7b1cf3a30d010865c038f2f708da92f19480f93521c77bbd,https://finanza.repubblica.it/News/2026/07/02/istat_disoccupazione_in_lieve_calo_a_maggio_al_5percento_ma_aumentano_gli_inattivi-73/,"Istat, disoccupazione in lieve calo a maggio al 5%, ma aumentano ...",50,,,"... Secondo l'ultima stima flash fornita dall'Istat, l'istituto italiano di statistica, a maggio 2026, su base mensile, la diminuzione degli ... Confrontando il trimestre marzo-maggio 2026 con quello precedente (dicembre 2025-febbraio 2026) si registra un aumento di 119mila occupati ... Sempre su base tendenziale, diminuisce il numero di persone in cerca di lavoro (-23,8%, pari a -399mila unità) e sale quello degli inattivi tra",https://eview.copyscape.com/compare/fmv8wn5125/8
362,"2026-07-09T14:21:40,655",,a71884eb555353fa7b1cf3a30d010865c038f2f708da92f19480f93521c77bbd,https://www.ilsole24ore.com/art/lavoro-istat-tasso-disoccupazione-scende-5percento-maggio-AIG1ZiyD,"Lavoro: Istat, tasso disoccupazione scende al 5% a maggio",49,,,"... Il Sole 24 Ore Radiocor) - A maggio, su base mensile, la diminuzione degli occupati e dei disoccupati si associa alla crescita degli ... inattivi. Il tasso di occupazione scende al 63%, -... 0,1 punti su base congiunturale, ma sale su base tendenziale ... Rispetto a maggio 2025, diminuisce il numero di persone in cerca di lavoro (-23,8%, pari a -399 mila  unità) e sale quello degli inattivi tra",https://eview.copyscape.com/compare/fmv8wn5125/9
363,"2026-07-09T14:21:40,655",,a71884eb555353fa7b1cf3a30d010865c038f2f708da92f19480f93521c77bbd,https://www.agenzianova.com/news/istat-a-maggio-tasso-di-occupazione-al-63-per-cento-disoccupazione-al-5-per-cento/,"a maggio tasso di occupazione al 63 per cento, disoccupazione al 5 ...",48,,,"... classi d'età, salvo quella dei 25-34enni, tra i quali si registra un calo. Il tasso di inattività sale al 33,6 per cento (+ 0,2 punti) ... sale quello degli inattivi tra i 15 e i 64 anni (+1,5 per cento, pari a +190 mila unità). “ A maggio 2026 il numero di occupati, pari a 24",https://eview.copyscape.com/compare/fmv8wn5125/10
364,"2026-07-09T14:21:40,655",,a71884eb555353fa7b1cf3a30d010865c038f2f708da92f19480f93521c77bbd,https://www.agi.it/agiprima/lavoro-a-maggio-salgono-occupati-aumentano-posti-fissi-agi:sur:37833215/,"Lavoro: a maggio salgono occupati, aumentano 'posti fissi' - AGI",45,,,"... Confrontando il trimestre marzo-maggio 2026 con quello precedente (dicembre 2025-febbraio 2026) si registra un aumento di 119mila occupati ... Rispetto a maggio 2025, diminuisce il numero di persone in cerca di lavoro (-23,8%, pari a -399mila unità) e sale quello degli inattivi tra",https://eview.copyscape.com/compare/fmv8wn5125/11
365,"2026-07-09T14:21:40,655",,a71884eb555353fa7b1cf3a30d010865c038f2f708da92f19480f93521c77bbd,https://www.imprese-lavoro.com/2026/07/02/istat-lavoro-calano-gli-occupati-3/,"Istat, lavoro: calano gli occupati",45,,,"... classi d'età, salvo quella dei 25-34enni. ... Il tasso di inattività sale al 33,6% (più  0,2 punti percentuali).  Confrontando il trimestre marzo-maggio 2026 con quello precedente, c'è un ... Rispetto al trimestre precedente, diminuiscono le persone in cerca di lavoro (meno 5%, pari a meno 68 mila  unità) e gli inattivi di 15-64",https://eview.copyscape.com/compare/fmv8wn5125/12
366,"2026-07-09T14:21:40,655",,a71884eb555353fa7b1cf3a30d010865c038f2f708da92f19480f93521c77bbd,https://www.linkedin.com/company/formatemp,Forma.Temp - LinkedIn,43,,,"... mese precedente. La diminuzione è determinata dai soli dipendenti a termine (2 milioni 388mila), a fronte della crescita tra i dipendenti permanenti (16 ... milioni 360mila). L'occupazione cresce rispetto a maggio 2025 (+228mila occupati in un anno) come sintesi dell'aumento dei dipendenti permanenti (+275mila)",https://eview.copyscape.com/compare/fmv8wn5125/13
367,"2026-07-09T14:21:40,655",,a71884eb555353fa7b1cf3a30d010865c038f2f708da92f19480f93521c77bbd,https://www.ilnordest.it/italia-ed-esteri/istat-a-maggio-occupati-in-calo-22000-unita-sul-mese-dvalch2j,"Istat, a maggio occupati in calo, -22.000 unità sul mese | il Nord Est",43,,,"... 22mila unità) coinvolge gli uomini, le donne, i dipendenti a termine e tutte le classi d'età ad eccezione di chi ha almeno 50 anni; in ... milioni 360mila). L'occupazione cresce rispetto a maggio 2025 (+228mila occupati in un anno) come sintesi dell'aumento dei dipendenti",https://eview.copyscape.com/compare/fmv8wn5125/14
368,"2026-07-09T14:21:40,655",,a71884eb555353fa7b1cf3a30d010865c038f2f708da92f19480f93521c77bbd,https://www.lagazzettadelmezzogiorno.it/news/ultima-ora/2038010/istat-a-maggio-occupati-in-calo-22-000-unita-sul-mese.html,"Istat, a maggio occupati in calo, -22.000 unità sul mese",43,,,"... 22mila unità) coinvolge gli uomini, le donne, i dipendenti a termine e tutte le classi d'età ad eccezione di chi ha almeno 50 anni; in ... milioni 360mila). L'occupazione cresce rispetto a maggio 2025 (+228mila occupati in un anno) come sintesi dell'aumento dei dipendenti",https://eview.copyscape.com/compare/fmv8wn5125/15
369,"2026-07-09T14:21:40,655",,a71884eb555353fa7b1cf3a30d010865c038f2f708da92f19480f93521c77bbd,https://en.ilsole24ore.com/radiocor/nRC_02.07.2026_10.12_21210212,"Lavoro: Istat, tasso disoccupazione scende al 5% a maggio (RCO)",42,,,"... Tasso di occupazione al 63% (Il Sole 24 Ore Radiocor) - Roma, 02 lug - A maggio, su base mensile, la diminuzione degli occupati e dei ... associa alla crescita degli inattivi. Il tasso di occupazione scende al 63%, -... 0,1 punti su base congiunturale, ma sale su base tendenziale ... Rispetto a maggio 2025, diminuisce il numero di persone in cerca di lavoro (-23,8%, pari a -399 mila unita')  e sale quello degli inattivi tra",https://eview.copyscape.com/compare/fmv8wn5125/16
370,"2026-07-09T14:21:40,655",,a71884eb555353fa7b1cf3a30d010865c038f2f708da92f19480f93521c77bbd,https://www.facebook.com/stefanopatuanelli/photos/%C3%A8-arrivato-il-momento-che-qualcuno-spieghi-a-giorgia-meloni-come-funzionano-spre/1573368830820505/,È arrivato il momento che qualcuno spieghi a Giorgia Meloni come ...,39,,,"... mese precedente. La diminuzione è determinata dai soli dipendenti a termine (2 milioni 388mila), a fronte della crescita tra i dipendenti ... milioni 360mila). L'occupazione cresce rispetto a maggio 2025 (+228mila occupati in un anno) come sintesi dell'aumento dei dipendenti",https://eview.copyscape.com/compare/fmv8wn5125/17
371,"2026-07-09T14:21:40,655",,a71884eb555353fa7b1cf3a30d010865c038f2f708da92f19480f93521c77bbd,https://www.lastampa.it/economia/2026/07/02/news/istat_calano_occupati_maggio-15677685/,Istat: calano gli occupati a maggio. E sale il tasso di inattivi,36,,,"... classi d'età, salvo quella dei 25-34enni. ... Il tasso di inattività cresce. Il tasso di inattività sale al 33,6% (più  0,2 punti percentuali) ... Confrontando il trimestre marzo-maggio 2026 con quello precedente, c'è  un aumento di 119 mila  occupati (+0,5%). Rispetto al trimestre",https://eview.copyscape.com/compare/fmv8wn5125/18
372,"2026-07-09T14:21:40,655",,a71884eb555353fa7b1cf3a30d010865c038f2f708da92f19480f93521c77bbd,https://www.msn.com/it-it/notizie/italia/lavoro-il-tasso-disoccupazione-scende-al-5-a-maggio/ar-AA272fZD?ocid=finance-verthp-feeds,"Lavoro, il tasso disoccupazione scende al 5% a maggio - MSN",32,,,"... Il tasso di occupazione scende al 63,0% (-0,1 punti). Il calo delle persone in cerca di lavoro (-1,7%, pari a -22mila unità) si osserva per le donne, i 15",https://eview.copyscape.com/compare/fmv8wn5125/19
373,"2026-07-09T14:21:40,655",,a71884eb555353fa7b1cf3a30d010865c038f2f708da92f19480f93521c77bbd,https://www.confcommercio.it/-/mercato-lavoro,Mercato del lavoro poco mosso a maggio - Confcommercio,26,,,"... Il calo degli occupati, ... pari a 22mila unità coinvolge gli uomini, le donne, i dipendenti a termine e tutte le classi d'età ad eccezione di chi",https://eview.copyscape.com/compare/fmv8wn5125/20
374,"2026-07-09T14:21:40,655",,a71884eb555353fa7b1cf3a30d010865c038f2f708da92f19480f93521c77bbd,https://www.liberoquotidiano.it/news/economia/48408336/disoccupazione-ai-minimi-storici-e-228mila-posti-di-lavoro-in-piu-/,Disoccupazione ai minimi storici. E 228mila posti di lavoro in più,25,,,"... Rispetto a maggio 2025, diminuisce il numero di persone in cerca di lavoro (-23,8%, pari a -399mila unità) e sale quello degli inattivi tra",https://eview.copyscape.com/compare/fmv8wn5125/21
375,"2026-07-09T14:21:40,655",,a71884eb555353fa7b1cf3a30d010865c038f2f708da92f19480f93521c77bbd,https://www.nuovogiornalenazionale.com/istat-landamento-delloccupazione-a-maggio-2026/,"Istat, l'andamento dell'occupazione a maggio 2026",25,,,"... A maggio 2026 il numero di occupati, pari a 24 milioni 336mila, è in calo rispetto al mese precedente. La diminuzione è determinata dai soli",https://eview.copyscape.com/compare/fmv8wn5125/22
376,"2026-07-09T14:21:40,655",,a71884eb555353fa7b1cf3a30d010865c038f2f708da92f19480f93521c77bbd,https://www.threads.com/@skytg24/post/DUTcNLGDkcu/lavoro-nel-lavoratori-su-pronti-a-cambiare-azienda-per-stipendio-piu-alto,"Lavoro, 4 lavoratori su 10 pronti a cambiare azienda per stipendio",25,,,"... A maggio 2026 il numero di occupati, pari a 24 milioni 336mila, è in calo rispetto al mese precedente. La diminuzione è determinata dai soli",https://eview.copyscape.com/compare/fmv8wn5125/23
377,"2026-07-09T14:21:40,655",,a71884eb555353fa7b1cf3a30d010865c038f2f708da92f19480f93521c77bbd,https://www.instagram.com/p/DMfmaVuThKC/,"Segui @will_ita, lo spazio per i curiosi del mondo⁠ ⁠ Sempre più ...",25,,,"... classi d'età, salvo quella dei 25-34enni, tra i quali si registra un calo. Il tasso di inattività sale al 33,6% (+0,2 punti). #Istat #lavoro",https://eview.copyscape.com/compare/fmv8wn5125/24
378,"2026-07-09T14:21:40,655",,a71884eb555353fa7b1cf3a30d010865c038f2f708da92f19480f93521c77bbd,https://www.facebook.com/fdicamera/photos/unaltra-giornataccia-per-le-sinistre-i-dati-istat-sui-conti-pubblici-certificano/1322908076674007/,Fratelli - Un'altra giornataccia per le sinistre. I dati Istat sui conti ...,21,,,"... mese precedente. La diminuzione è determinata dai soli dipendenti a termine (2 milioni 388mila), a fronte della crescita tra i dipendenti",https://eview.copyscape.com/compare/fmv8wn5125/25
379,"2026-07-09T14:21:40,655",,a71884eb555353fa7b1cf3a30d010865c038f2f708da92f19480f93521c77bbd,https://www.ansa.it/sito/notizie/economia/pmi/2026/07/02/istat-sale-a-maggio-il-tasso-di-inattivi-al-336-02_46396480-c191-4f94-ab68-b42e44526746.html,"Istat, sale a maggio il tasso di inattivi, al 33,6%, +0,2% - PMI - ANSA",21,,,"... rilevata a maggio riguarda entrambi i sessi e tutte le classi d'età, salvo quella dei 25-34enni, tra i quali si registra un calo. (ANSA)",https://eview.copyscape.com/compare/fmv8wn5125/26
380,"2026-07-09T14:21:40,655",,a71884eb555353fa7b1cf3a30d010865c038f2f708da92f19480f93521c77bbd,https://comunicazioneitaliana.it/news/614640b076f10b9f2410aee24ddf5e23,"Lavoro, Istat: calano gli occupati e aumentano i disoccupati",21,,,"... Rispetto al trimestre precedente, diminuiscono le persone in cerca di lavoro (-8, 0%, pari a -119mila unità) e aumentano  gli inattivi di 15-64 anni (+0,9",https://eview.copyscape.com/compare/fmv8wn5125/27
381,"2026-07-09T14:21:40,655",,a71884eb555353fa7b1cf3a30d010865c038f2f708da92f19480f93521c77bbd,https://adnverify.adnkronos.com/verifica-news/a1d486cfd65242739313c2309f6ad80bf574d36cdf7819b06216daeb7d31c466,Verifica - AdnVerify,21,,,"... Rispetto al trimestre precedente, diminuiscono le persone in cerca di lavoro (-8, 0%, pari a -119mila unità) e aumentano  gli inattivi di 15-64 anni (+0,9",https://eview.copyscape.com/compare/fmv8wn5125/28
382,"2026-07-09T14:21:40,655",,a71884eb555353fa7b1cf3a30d010865c038f2f708da92f19480f93521c77bbd,https://www.dottrinalavoro.it/notizie-c/istat-occupati-e-disoccupati-aprile-2026,ISTAT: Occupati e Disoccupati – Aprile 2026 | Dottrina Per il Lavoro,20,,,"... Rispetto al trimestre precedente, diminuiscono le persone in cerca di lavoro (-4,3%, pari a -60mila  unità) e gli inattivi di 15-64 anni (-0",https://eview.copyscape.com/compare/fmv8wn5125/29
383,"2026-07-09T14:21:40,655",,a71884eb555353fa7b1cf3a30d010865c038f2f708da92f19480f93521c77bbd,https://www.agrapress.it/category/istat/,ISTAT - agra press,19,,,"... riproduzione riservata) “a maggio 2026, su base mensile, la diminuzione degli occupati e dei disoccupati si associa alla crescita degli inattivi”. lo rende",https://eview.copyscape.com/compare/fmv8wn5125/30
384,"2026-07-09T14:21:40,655",,a71884eb555353fa7b1cf3a30d010865c038f2f708da92f19480f93521c77bbd,https://www.quotidiano.net/ultimaora/istat-a-maggio-occupati-in-b730447c,"Istat, a maggio occupati in calo, -22.000 unità sul mese",18,,,... milioni 360mila). L'occupazione cresce rispetto a maggio 2025 (+228mila occupati in un anno) come sintesi dell'aumento dei dipendenti,https://eview.copyscape.com/compare/fmv8wn5125/31
385,"2026-07-09T14:21:40,655",,a71884eb555353fa7b1cf3a30d010865c038f2f708da92f19480f93521c77bbd,https://www.agrapress.it/2026/07/02/,Giorno: 2 Luglio 2026 - agra press,18,,,"... riproduzione riservata) “a maggio 2026, su base mensile, la diminuzione degli occupati e dei disoccupati si associa alla crescita degli",https://eview.copyscape.com/compare/fmv8wn5125/32
386,"2026-07-09T14:21:40,655",,a71884eb555353fa7b1cf3a30d010865c038f2f708da92f19480f93521c77bbd,https://teleborsa.ansa.it/notiziario/economia/istat-il-tasso-di-disoccupazione-scende-al-51-ad-aprile/,"Istat, il tasso di disoccupazione scende al 5,1% ad aprile - Teleborsa",18,,,"... Sempre rispetto al trimestre precedente, diminuiscono le persone in cerca di lavoro (-4,3%, pari a -60mila  unità) e gli inattivi di 15-64",https://eview.copyscape.com/compare/fmv8wn5125/33
387,"2026-07-09T14:21:40,655",,a71884eb555353fa7b1cf3a30d010865c038f2f708da92f19480f93521c77bbd,https://www.primapaginanews.it/adi-news/lavoro-istat-a-maggio-diminuzione-occupati-e-disoccupati-si-associa-alla-crescita-di-inattivi-11073/,"Lavoro, ISTAT: ""A maggio diminuzione occupati e disoccupati si ...",18,,,"... In relazione al trimestre precedente diminuiscono le persone in cerca di lavoro (-5%, ... pari a -68mila unità) e gli inattivi nella fascia 15",https://eview.copyscape.com/compare/fmv8wn5125/34
388,"2026-07-09T14:21:40,655",,a71884eb555353fa7b1cf3a30d010865c038f2f708da92f19480f93521c77bbd,https://www.borsaitaliana.it/borsa/notizie/radiocor/economia/dettaglio/lavoro-istat-tasso-disoccupazione-cala-al-51-ad-aprile-2-nRC_29052026_1031_230226723.html,"Lavoro: Istat, tasso disoccupazione cala al 5,1% ad aprile -2",17,,,"... Il tasso di occupazione sale al 63,1% (+0,3  punti). Il calo delle persone in cerca di lavoro (-1,3%, pari a -18 mila unita')  si osserva per",https://eview.copyscape.com/compare/fmv8wn5125/35
389,"2026-07-09T14:21:40,655",,a71884eb555353fa7b1cf3a30d010865c038f2f708da92f19480f93521c77bbd,https://www.credemeuromobiliarepb.it/it/rss/20260705_1840_ClassNews/TXT,"Lavoro: Istat, tasso disoccupazione scende al 5% a maggio",16,,,"... occupazione al 63%. A maggio, su base mensile, la diminuzione degli occupati e dei disoccupati si associa alla crescita degli inattivi.",https://eview.copyscape.com/compare/fmv8wn5125/36
390,"2026-07-09T14:21:40,655",,a71884eb555353fa7b1cf3a30d010865c038f2f708da92f19480f93521c77bbd,https://www.industriaitaliana.it/istat-occupazione-calo-inattivi-mercato-lavoro-novembre/,Istat: occupazione in lieve calo e inattivi in aumento. Il mercato del ...,16,,,"... mensile. La diminuzione ... degli occupati (-0,1%, pari a -34mila unità) coinvolge  le donne, i dipendenti a termine e gli autonomi, i 15-24enni",https://eview.copyscape.com/compare/fmv8wn5125/37
391,"2026-07-09T14:21:40,655",,a71884eb555353fa7b1cf3a30d010865c038f2f708da92f19480f93521c77bbd,https://www.facebook.com/IstatIstitutoNazionalediStatistica/posts/a-gennaio-2026-loccupazione-in-italia-prosegue-il-suo-trend-positivo-superati-i-/1236901721953699/,A gennaio 2026 l'occupazione in Italia prosegue il suo trend positivo ...,16,,,"... trimestre precedente, diminuiscono le persone in cerca di lavoro (-8,4%, pari a -125mila unità) e aumentano  gli inattivi di 15-64 anni (+0,9",https://eview.copyscape.com/compare/fmv8wn5125/38
392,"2026-07-09T14:21:40,655",,a71884eb555353fa7b1cf3a30d010865c038f2f708da92f19480f93521c77bbd,https://www.facebook.com/RTL102.5/posts/-a-marzo-2026-su-base-mensile-il-calo-degli-occupati-e-dei-disoccupati-si-associ/1478055670787041/,"A marzo 2026, su base mensile, il calo degli occupati e ... - Facebook",15,,,"... A marzo 2026, su base mensile, il calo  degli occupati e dei disoccupati si associa alla crescita degli inattivi. Nel mese, rileva l'Istat,",https://eview.copyscape.com/compare/fmv8wn5125/39
393,"2026-07-09T14:21:40,655",,a71884eb555353fa7b1cf3a30d010865c038f2f708da92f19480f93521c77bbd,https://www.dottrinalavoro.it/notizie-c/istat-occupati-e-disoccupati-marzo-2026,ISTAT: Occupati e Disoccupati – Marzo 2026 | Dottrina Per il Lavoro,15,,,"... A marzo 2026, su base mensile, il calo  degli occupati e dei disoccupati si associa alla crescita degli inattivi. La diminuzione degli",https://eview.copyscape.com/compare/fmv8wn5125/40
394,"2026-07-09T14:21:40,655",,a71884eb555353fa7b1cf3a30d010865c038f2f708da92f19480f93521c77bbd,https://www.lapresse.it/economia/2026/03/04/istat-il-tasso-disoccupazione-scende-a-51-a-gennaio-80mila-gli-occupati/,"Istat, il tasso disoccupazione scende a 5,1% a gennaio: + 80mila gli ...",15,,,"... Rispetto al trimestre precedente, diminuiscono le persone in cerca di Lavoro (-8,4%, pari a -125mila unità) e aumentano  gli inattivi di 15",https://eview.copyscape.com/compare/fmv8wn5125/41
395,2026-07-13T08:03:01.245604,,a75aac8f720c3c79a8aaeac5e4bd76f976209c4b6ee68c234461f493526c5ff7,https://www.provincia.treviso.it/it/component/content/article/34253-istat-inflazione-in-italia-3-nel-mese-di-giugno-2026-provvisorio?catid=124&Itemid=284,Istat: Inflazione - in Italia +3% nel mese di giugno 2026 (provvisorio),212,,,"... Testo integrale e nota metodologica. Logo della ... tabacchi, registra una variazione nulla su base mensile e del +3,0% su base annua (da +3,2% del mese precedente). Il lieve rallentamento dell'inflazione ... dei Servizi relativi ai trasporti (da +1,7% a +1,1%); in accelerazione sono invece i prezzi degli Energetici, regolamentati (da +5,6% a +9,3%) e non ... I prezzi dei beni rimangono stabili su base annua (a +3,4%) e quelli dei servizi registrano un rallentamento (da +2,8% a +2,6%). Di conseguenza, ... il differenziale tra il comparto dei servizi e quello dei beni si attesta a -0,8 punti percentuali (dai -0,6 p.p.). Il tasso di ... variazione tendenziale dei prezzi dei Beni alimentari, per la cura della casa e della persona si riduce (da +1,9% a +1,6%), come quello dei ... La variazione congiunturale dell'indice generale è sintesi, da un lato, della diminuzione dei prezzi di Alimentari non lavorati (-1,4%) e degli Energetici ... quelli dei Servizi ricreativi, culturali, e per la cura della persona (+0,6%), dei Servizi relativi ai trasporti (+0,5%) e degli Energetici regolamentati (+ ... In base alle stime preliminari, l'indice armonizzato dei prezzi al consumo (IPCA) registra una variazione pari a +0,1% su base mensile e a +3,1% su base",https://eview.copyscape.com/compare/ok5h66spe6/1
396,2026-07-13T08:03:01.245604,,a75aac8f720c3c79a8aaeac5e4bd76f976209c4b6ee68c234461f493526c5ff7,https://tg24.sky.it/economia/2026/06/30/inflazione-giugno-istat,"Inflazione, calo del 3% a giugno: crescita zero dei prezzi. I dati Istat",163,,,"... tabacchi, registra una variazione nulla su base mensile e del +3% ... su base annua (da +3,2% del mese precedente). Lo comunica l'Istituto ... Per favore riprova più tardi. Il lieve rallentamento dell'inflazione riflette la dinamica dei prezzi degli Alimentari non lavorati (da +5,5 ... dei Servizi relativi ai trasporti (da +1,7% a +1,1%); in accelerazione sono invece i prezzi degli ... Energetici, regolamentati (da +5,6% a +9,3%) e non regolamentati (da +12,5% a +12,9%). Created with Sketch. ascolta articolo.... Nel mese di giugno - spiega ancora l'Istat -  l'""inflazione di fondo"", al netto degli energetici e degli alimentari freschi, si riduce lievemente ... I prezzi dei beni rimangono stabili su base annua (a +3,4%) e quelli dei servizi registrano un rallentamento (da +2,8% a +2,6%). Di ... conseguenza, il differenziale tra il comparto dei servizi e quello dei beni si attesta a -0,8 punti percentuali (dai -0,6 p.p.). Il tasso ... La variazione congiunturale dell'indice generale è sintesi, da un lato, della diminuzione dei prezzi di Alimentari non lavorati (-1,4%) e",https://eview.copyscape.com/compare/ok5h66spe6/2
397,2026-07-13T08:03:01.245604,,a75aac8f720c3c79a8aaeac5e4bd76f976209c4b6ee68c234461f493526c5ff7,https://formatresearch.com/2026/06/30/inflazione-al-3-istat-prezzi-al-consumo/,Inflazione al 3% | Istat PREZZI AL CONSUMO - Format Research,142,,,"... tabacchi, registra una variazione nulla su base mensile e del +3,0% su base annua (da +3,2% del mese precedente). Il lieve rallentamento ... Nel mese di giugno l'“inflazione di fondo”, al netto degli energetici e degli alimentari freschi, si riduce lievemente (da +1,7% a +1,6 ... I prezzi dei beni rimangono stabili su base annua (a +3,4%) e quelli dei servizi registrano un rallentamento (da +2,8% a +2,6%). Di ... conseguenza, il differenziale tra il comparto dei servizi e quello dei beni si attesta a -0,8 punti percentuali (dai -0,6 p.p.). Il tasso ... La variazione congiunturale dell'indice generale è sintesi, da un lato, della diminuzione dei prezzi di Alimentari non lavorati (-1,4%) e ... Un sostegno all'inflazione, d'altro canto, si deve alla moderata accelerazione dei prezzi degli Energetici. Si riduce il tasso di variazione",https://eview.copyscape.com/compare/ok5h66spe6/3
398,2026-07-13T08:03:01.245604,,a75aac8f720c3c79a8aaeac5e4bd76f976209c4b6ee68c234461f493526c5ff7,https://www.nuovogiornalenazionale.com/istat-i-prezzi-al-consumo-a-giugno-2026-dati-provvisori/,"Istat, i prezzi al consumo a giugno 2026 - Dati provvisori",124,,,"... Nel mese di giugno la “ inflazione di fondo”, al netto degli energetici e degli alimentari freschi, si riduce lievemente (da +1,7% a +1,6%), come anche ... I prezzi dei beni rimangono stabili su base annua (a +3,4%) e quelli dei servizi registrano un rallentamento (da +2,8% a +2,6%). Di conseguenza, ... il differenziale tra il comparto dei servizi e quello dei beni si attesta a -0,8 punti percentuali (dai -0,6 p.p.). Il tasso di variazione ... La variazione congiunturale dell'indice generale è sintesi, da un lato, della diminuzione dei prezzi di Alimentari non lavorati (-1,4%) e degli Energetici ... Il lieve rallentamento riflette essenzialmente l'attenuarsi delle tensioni sui prezzi degli Alimentari non lavorati, dei Servizi relativi ai trasporti e di",https://eview.copyscape.com/compare/ok5h66spe6/4
399,2026-07-13T08:03:01.245604,,a75aac8f720c3c79a8aaeac5e4bd76f976209c4b6ee68c234461f493526c5ff7,https://www.confcommercio.it/-/inflazione-giugno-2026,L'inflazione inverte la marcia - Confcommercio,88,,,"... In accelerazione sono invece i prezzi degli Energetici, regolamentati (da +5,6% a +9,3%) e non regolamentati (da +12,5% a +12,9%). La  inflazione di fondo”, ovvero quella val  netto degli energetici e degli alimentari freschi, si riduce lievemente (da +1,7% a +1,6%), così ... I prezzi dei beni rimangono stabili su base annua (a +3,4%), mentre  quelli dei servizi registrano un rallentamento (da +2,8% a +2,6%). Di ... La variazione congiunturale dell'indice generale è ... da un lato sintesi  della diminuzione dei prezzi di Alimentari non lavorati (-1,4%) e",https://eview.copyscape.com/compare/ok5h66spe6/5
400,2026-07-13T08:03:01.245604,,a75aac8f720c3c79a8aaeac5e4bd76f976209c4b6ee68c234461f493526c5ff7,https://www.facebook.com/IstatIstitutoNazionalediStatistica/posts/a-giugno-2026-linflazione-scende-al-30-dal-32-di-maggio-il-lieve-rallentamento-r/1332819132361957/,"A giugno 2026 l'inflazione scende al + 3,0% (dal +3,2% di maggio ...",65,,,"... A giugno 2026 l'inflazione scende al + 3,0% (dal +3,2% di maggio). Il lieve rallentamento riflette essenzialmente l'attenuarsi delle ... tensioni sui prezzi degli Alimentari non lavorati, dei Servizi relativi ai trasporti e di quelli ricreativi, culturali e per la cura della ... accelerazione dei prezzi degli Energetici. Si riduce il tasso di variazione tendenziale dei prezzi del ""carrello della spesa"" (da +1,9% a +1",https://eview.copyscape.com/compare/ok5h66spe6/6
401,2026-07-13T08:03:01.245604,,a75aac8f720c3c79a8aaeac5e4bd76f976209c4b6ee68c234461f493526c5ff7,https://www.borsaitaliana.it/borsa/notizie/radiocor/economia/dettaglio/inflazione-istat-stima-variazione-nulla-a-giugno-3-su-anno-2-nRC_30062026_1109_298158327.html,"Inflazione: Istat stima variazione nulla a giugno, +3% su anno -2",62,,,"... Il Sole 24 Ore Radiocor) - Roma, 30 giu - I prezzi dei beni rimangono stabili a giugno  su base annua (a +3,4%) e quelli dei servizi ... Di conseguenza, il differenziale tra il comparto dei servizi e quello dei beni si attesta a -0,8 punti percentuali (dai -0,6 punti percentuali).... quelli dei Servizi ricreativi, culturali, e per la cura della persona (+0,6%), dei Servizi relativi ai trasporti (+0,5%) e degli Energetici",https://eview.copyscape.com/compare/ok5h66spe6/7
402,2026-07-13T08:03:01.245604,,a75aac8f720c3c79a8aaeac5e4bd76f976209c4b6ee68c234461f493526c5ff7,https://www.borsaitaliana.it/borsa/notizie/radiocor/prima-pagina/dettaglio/inflazione-istat-stima-variazione-nulla-a-giugno-3-su-anno-rco-nRC_30062026_1107_297133761.html,"Inflazione: Istat stima variazione nulla a giugno, +3% su anno (RCO)",60,,,"... tabacchi, registra una variazione nulla su base mensile e del +3% ... su base annua (da +3,2% del mese precedente). Il rallentamento riflette la ... Il rallentamento riflette la dinamica dei prezzi degli Alimentari non lavorati (da +5,5% a +4,5%), dei Servizi ricreativi, culturali e per ... netto dei soli beni energetici (da +2,1% a +2%). L'inflazione acquisita per il 2026 si mantiene ... a +2,6% per l'indice generale e sale a +1,7",https://eview.copyscape.com/compare/ok5h66spe6/8
403,2026-07-13T08:03:01.245604,,a75aac8f720c3c79a8aaeac5e4bd76f976209c4b6ee68c234461f493526c5ff7,https://en.ilsole24ore.com/radiocor/nRC_30.06.2026_11.07_29710297,"Inflazione: Istat stima variazione nulla a giugno, +3% su anno (RCO)",60,,,"... tabacchi, registra una variazione nulla su base mensile e del +3% ... su base annua (da +3,2% del mese precedente). Il rallentamento riflette la ... Il rallentamento riflette la dinamica dei prezzi degli Alimentari non lavorati (da +5,5% a +4,5%), dei Servizi ricreativi, culturali e per ... netto dei soli beni energetici (da +2,1% a +2%). L'inflazione acquisita per il 2026 si mantiene ... a +2,6% per l'indice generale e sale a +1,7",https://eview.copyscape.com/compare/ok5h66spe6/9
404,2026-07-13T08:03:01.245604,,a75aac8f720c3c79a8aaeac5e4bd76f976209c4b6ee68c234461f493526c5ff7,https://www.provincia.treviso.it/it/news/34253-istat-inflazione-in-italia-3-nel-mese-di-giugno-2026-provvisorio,Istat: Inflazione - in Italia +3% nel mese di giugno 2026 (provvisorio),57,,,"... Nel mese di giugno l'“inflazione di fondo”, al netto degli energetici e degli alimentari freschi, si riduce lievemente (da +1,7% a +1,6%), come anche quella ... netto dei soli beni energetici (da +2,1% a +2,0%). I prezzi dei beni rimangono stabili su base annua (a +3,4%) e quelli dei servizi registrano un",https://eview.copyscape.com/compare/ok5h66spe6/10
405,2026-07-13T08:03:01.245604,,a75aac8f720c3c79a8aaeac5e4bd76f976209c4b6ee68c234461f493526c5ff7,https://www.instagram.com/p/DaNcz3wjatH/,"A giugno 2026 l'inflazione scende al + 3,0% (dal +3,2% di maggio ...",47,,,"... rallentamento riflette essenzialmente l'attenuarsi delle tensioni sui prezzi degli Alimentari non lavorati, ... dei Servizi relativi ai trasporti e di quelli ricreativi, culturali ... Un sostegno all'inflazione ... si deve alla moderata accelerazione dei prezzi degli Energetici. Si riduce il tasso di ... variazione tendenziale dei prezzi del “carrello della spesa",https://eview.copyscape.com/compare/ok5h66spe6/11
406,2026-07-13T08:03:01.245604,,a75aac8f720c3c79a8aaeac5e4bd76f976209c4b6ee68c234461f493526c5ff7,https://comunicazioneitaliana.it/news/eb536436e00a911bbda860d7992c1525,"Inflazione accelera, a marzo prezzi +1,7%: carrello della spesa al 2 ...",46,,,"... L'andamento dell'inflazione risente prevalentemente della netta risalita dei prezzi degli Energetici - regolamentati (da -11,6% a -1, 3%) e non (da -6,2% a ... Il tasso di variazione tendenziale dei prezzi dei Beni alimentari, per la cura della casa e della persona evidenzia una moderata accelerazione (da +2,0% a +2,2 ... In base alle stime preliminari, l'indice armonizzato dei prezzi al consumo (Ipca) registra una variazione pari a +1,6%  su base mensile, per la fine dei",https://eview.copyscape.com/compare/ok5h66spe6/12
407,2026-07-13T08:03:01.245604,,a75aac8f720c3c79a8aaeac5e4bd76f976209c4b6ee68c234461f493526c5ff7,https://www.aduc.it/notizia/inflazione+leggero+calo+stima+istat_142788.php,Inflazione in leggero calo. Stima Istat - ADUC,42,,,"... A giugno 2026 l'inflazione scende al +3,0% (dal +3,2% di maggio). Il lieve rallentamento riflette essenzialmente l'attenuarsi delle tensioni sui ... Un sostegno all'inflazione, d'altro canto, si deve alla moderata accelerazione dei prezzi degli Energetici. Si riduce il tasso di variazione",https://eview.copyscape.com/compare/ok5h66spe6/13
408,2026-07-13T08:03:01.245604,,a75aac8f720c3c79a8aaeac5e4bd76f976209c4b6ee68c234461f493526c5ff7,https://www.borsaitaliana.it/borsa/notizie/radiocor/economia/dettaglio/inflazione-istat-stima-04-a-maggio-32-su-anno-2-nRC_29052026_1123_287371785.html,"Inflazione: Istat stima +0,4% a maggio, +3,2% su anno - Borsa Italiana",40,,,"... Il Sole 24 Ore Radiocor) - Roma, 29 mag - Il tasso di variazione tendenziale dei prezzi dei Beni alimentari, per la cura della casa e della ... In base alle stime preliminari, l'indice armonizzato dei prezzi al consumo (Ipca) registra una variazione pari a +0,4%  su base mensile e a",https://eview.copyscape.com/compare/ok5h66spe6/14
409,2026-07-13T08:03:01.245604,,a75aac8f720c3c79a8aaeac5e4bd76f976209c4b6ee68c234461f493526c5ff7,https://www.agrapress.it/2026/06/inflazione-istat-a-giugno-2026-si-stima-variazione-nulla-su-aprile-e-del-3-su-base-annua/,"INFLAZIONE : ISTAT, A GIUGNO 2026 SI STIMA VARIAZIONE ...",39,,,"... tabacchi, registra una variazione nulla su base mensile e del +3,0% su base annua (da +3,2% del mese precedente)”. lo rende noto un ... il lieve rallentamento riflette essenzialmente l'attenuarsi delle tensioni sui prezzi degli alimentari non lavorati, dei servizi relativi ai",https://eview.copyscape.com/compare/ok5h66spe6/15
410,2026-07-13T08:03:01.245604,,a75aac8f720c3c79a8aaeac5e4bd76f976209c4b6ee68c234461f493526c5ff7,https://pminews.eu/2026/06/30/prezzi-al-consumo-giugno-2026-linflazione-scende-al-30-i-dati-istat/,"Prezzi al consumo: giugno 2026, l'inflazione scende al +3,0%",35,,,"... I prezzi dei beni rimangono stabili su base annua (+3,4%), mentre  quelli dei servizi rallentano (dal +2,8% al + 2,6%). Di conseguenza, il ... Il lieve rallentamento riflette essenzialmente l'attenuarsi delle tensioni sui prezzi degli alimentari non lavorati, dei servizi relativi ai",https://eview.copyscape.com/compare/ok5h66spe6/16
411,2026-07-13T08:03:01.245604,,a75aac8f720c3c79a8aaeac5e4bd76f976209c4b6ee68c234461f493526c5ff7,https://www.aranagenzia.it/download/prezzi-al-consumo-febbraio-2025/,Prezzi al consumo – Febbraio 2025 | Aran Agenzia,35,,,"... quelli dei Servizi ricreativi, culturali e per la cura della persona (da +3,3% a +3,1%). ... Nel mese di febbraio  l'“inflazione di fondo”, al netto degli energetici e degli alimentari freschi, si riduce, così come  quella al netto dei soli beni",https://eview.copyscape.com/compare/ok5h66spe6/17
412,2026-07-13T08:03:01.245604,,a75aac8f720c3c79a8aaeac5e4bd76f976209c4b6ee68c234461f493526c5ff7,https://www.ilsole24ore.com/radiocor/nRC_16.06.2026_10.14_226,"Inflazione: Istat conferma, +0,4% a maggio, +3,2% su anno -2",35,,,"... Di conseguenza, il differenziale tra il comparto dei servizi e quello dei beni si attesta a -0,6 punti percentuali, rispetto ai -0,7 p.p. ... Il tasso di variazione tendenziale dei prezzi dei Beni alimentari, per la cura della casa e della persona scende a +1,9% (da +2,3",https://eview.copyscape.com/compare/ok5h66spe6/18
413,2026-07-13T08:03:01.245604,,a75aac8f720c3c79a8aaeac5e4bd76f976209c4b6ee68c234461f493526c5ff7,https://www.ilfattonisseno.it/2026/06/inflazione-carrello-spesa-cala-dall19-all16-a-giugno/,"Inflazione: carrello spesa cala dall'1,9% all'1,6% a giugno",30,,,"... degli energetici e degli alimentari freschi, si riduce lievemente (da +1,7% a +1,6%), come anche quella al netto dei soli beni energetici (da +2,1% a +2,0%)",https://eview.copyscape.com/compare/ok5h66spe6/19
414,2026-07-13T08:03:01.245604,,a75aac8f720c3c79a8aaeac5e4bd76f976209c4b6ee68c234461f493526c5ff7,https://www.ilnazionale.it/2026/07/12/leggi-notizia/argomenti/italia/articolo/lieve-rallentamento-dellinflazione-che-scende-da-32-a-3-secondo-listat.html,"Lieve rallentamento dell'inflazione che scende dal 3,2% al 3 ...",27,,,"... I prezzi dei beni rimangono stabili su base annua ... e quelli dei servizi registrano un calo.... L'Istat rileva che a giugno l'inflazione scende al 3% (3,2% a  maggio), il lieve rallentamento riflette essenzialmente l'attenuarsi delle",https://eview.copyscape.com/compare/ok5h66spe6/20
415,2026-07-13T08:03:01.245604,,a75aac8f720c3c79a8aaeac5e4bd76f976209c4b6ee68c234461f493526c5ff7,https://it.linkedin.com/posts/istat_prezzi-al-consumodati-provv-giugno2026-activity-7477655595106590720-f_me,Istat - Prezzi al consumo_Dati provv-Giugno2026 - LinkedIn,26,,,"... alimentari freschi, si riduce lievemente passando  da +1,7% a +1,6%, come anche quella al netto dei soli beni energetici (da +2,1% a +2,0",https://eview.copyscape.com/compare/ok5h66spe6/21
416,2026-07-13T08:03:01.245604,,a75aac8f720c3c79a8aaeac5e4bd76f976209c4b6ee68c234461f493526c5ff7,https://www.reddit.com/r/italy/comments/1ujm9o5/linflazione_preliminare_istat_di_giugno_si_ferma/,L'inflazione preliminare Istat di giugno: si ferma la corsa dei prezzi ...,26,,,"... I prezzi dei beni rimangono stabili su base annua (a +3,4%) e quelli dei servizi registrano un rallentamento (da +2,8% a +2,6%). Di",https://eview.copyscape.com/compare/ok5h66spe6/22
417,2026-07-13T08:03:01.245604,,a75aac8f720c3c79a8aaeac5e4bd76f976209c4b6ee68c234461f493526c5ff7,https://www.ilsole24ore.com/radiocor/nRC_29.05.2026_11.23_287,"Inflazione: Istat stima +0,4% a maggio, +3,2% su anno - Il Sole 24 ORE",23,,,"... In base alle stime preliminari, l'indice armonizzato dei prezzi al consumo (Ipca) registra una variazione pari a +0,4%  su base mensile e a",https://eview.copyscape.com/compare/ok5h66spe6/23
418,2026-07-13T08:03:01.245604,,a75aac8f720c3c79a8aaeac5e4bd76f976209c4b6ee68c234461f493526c5ff7,https://comunicazioneitaliana.it/news/1b9f5d8c9bf057ac86a7112b5fd14533,"Inflazione a febbraio all'1,6%, carrello della spesa +2%",22,,,"... quelli dei Servizi ricreativi, culturali e per la cura della persona (da +3,3% a +3,0%).  Nel mese di febbraio  l'""inflazione di fondo”, al netto degli",https://eview.copyscape.com/compare/ok5h66spe6/24
419,2026-07-13T08:03:01.245604,,a75aac8f720c3c79a8aaeac5e4bd76f976209c4b6ee68c234461f493526c5ff7,https://www.instagram.com/p/DWmLigyl-63/,"Nel mese di marzo 2026 il saldo del settore statale si è chiuso, in via ...",21,,,"... A giugno 2026 l'inflazione scende al + 3,0% (dal +3,2% di maggio). Il lieve rallentamento riflette essenzialmente l'attenuarsi delle tensioni",https://eview.copyscape.com/compare/ok5h66spe6/25
420,2026-07-13T08:03:01.245604,,a75aac8f720c3c79a8aaeac5e4bd76f976209c4b6ee68c234461f493526c5ff7,https://www.anfia.it/it/comunicazione/notizie-e-comunicati/comunicati-stampa/mercato-vetture-italia/anche-giugno-positivo-per-il-mercato-auto-italiano-10-6,ANCHE GIUGNO POSITIVO PER IL MERCATO AUTO ITALIANO,21,,,"... precedente). Il lieve rallentamento dell'inflazione riflette la dinamica dei prezzi degli Alimentari non lavorati (da +5,5% a +4,5%), dei",https://eview.copyscape.com/compare/ok5h66spe6/26
421,2026-07-13T08:03:01.245604,,a75aac8f720c3c79a8aaeac5e4bd76f976209c4b6ee68c234461f493526c5ff7,https://www.rainews.it/articoli/2026/06/istat-crescita-zero-dei-prezzi-a-giugno-linflazione-cala-al-3-3f546ece-a43b-4ebe-8d09-87a2a8231010.html,"Istat, crescita zero dei prezzi a giugno: l'inflazione cala al 3%",21,,,"... A giugno l'inflazione di fondo, al netto degli energetici e degli alimentari freschi, si riduce lievemente (da +1,7% a +1,6%), come anche",https://eview.copyscape.com/compare/ok5h66spe6/27
422,2026-07-13T08:03:01.245604,,a75aac8f720c3c79a8aaeac5e4bd76f976209c4b6ee68c234461f493526c5ff7,https://www.ilnordest.it/italia-ed-esteri/istat-crescita-zero-dei-prezzi-a-giugno-inflazione-cala-al-3-deoajb5t,"Istat, crescita zero dei prezzi a giugno, inflazione cala al 3%",20,,,"... Un sostegno all'inflazione, d'altro canto, si deve alla moderata accelerazione dei prezzi degli Energetici. Si riduce il tasso di variazione",https://eview.copyscape.com/compare/ok5h66spe6/28
423,2026-07-13T08:03:01.245604,,a75aac8f720c3c79a8aaeac5e4bd76f976209c4b6ee68c234461f493526c5ff7,https://www.redigo.info/2026/07/01/giugno-2026/,"Istat, prezzi al consumo di giugno 2026. L'inflazione rallenta",20,,,"... Un sostegno all'inflazione, d'altro canto, si deve alla moderata accelerazione dei prezzi degli Energetici. Si riduce il tasso di variazione",https://eview.copyscape.com/compare/ok5h66spe6/29
424,2026-07-13T08:03:01.245604,,a75aac8f720c3c79a8aaeac5e4bd76f976209c4b6ee68c234461f493526c5ff7,https://www.lagazzettadelmezzogiorno.it/news/ultima-ora/2035245/istat-crescita-zero-dei-prezzi-a-giugno-inflazione-cala-al-3.html,"Istat, crescita zero dei prezzi a giugno, inflazione cala al 3%",20,,,"... Un sostegno all'inflazione, d'altro canto, si deve alla moderata accelerazione dei prezzi degli Energetici. Si riduce il tasso di variazione",https://eview.copyscape.com/compare/ok5h66spe6/30
425,2026-07-13T08:03:01.245604,,a75aac8f720c3c79a8aaeac5e4bd76f976209c4b6ee68c234461f493526c5ff7,https://www.quotidiano.net/economia/ultimaora/istat-crescita-zero-dei-prezzi-34bc8611,"Istat, crescita zero dei prezzi a giugno, inflazione cala al 3%",20,,,"... Un sostegno all'inflazione, d'altro canto, si deve alla moderata accelerazione dei prezzi degli Energetici. Si riduce il tasso di variazione",https://eview.copyscape.com/compare/ok5h66spe6/31
426,2026-07-13T08:03:01.245604,,a75aac8f720c3c79a8aaeac5e4bd76f976209c4b6ee68c234461f493526c5ff7,https://www.ansa.it/sito/notizie/economia/pmi/2026/06/30/istat-lieve-decremento-per-il-carrello-della-spesa_49e91eb7-1b3c-4a7b-a08f-5213fee3882a.html,"Istat, lieve decremento per il carrello della spesa - PMI - Ansa.it",20,,,"... Un sostegno all'inflazione, d'altro canto, si deve alla moderata accelerazione dei prezzi degli Energetici. Si riduce il tasso di variazione",https://eview.copyscape.com/compare/ok5h66spe6/32
427,2026-07-13T08:03:01.245604,,a75aac8f720c3c79a8aaeac5e4bd76f976209c4b6ee68c234461f493526c5ff7,https://www.helpconsumatori.it/acquisti/inflazione-stime-istat-a-giugno-rallenta-al-3-variazione-nulla-sul-mese/,"Inflazione, stime Istat: a giugno rallenta al 3%, variazione nulla sul ...",20,,,"... Un sostegno all'inflazione, d'altro canto, si deve alla moderata accelerazione dei prezzi degli Energetici. Si riduce il tasso di variazione",https://eview.copyscape.com/compare/ok5h66spe6/33
428,2026-07-13T08:03:01.245604,,a75aac8f720c3c79a8aaeac5e4bd76f976209c4b6ee68c234461f493526c5ff7,https://www.teleborsa.it/News/2026/06/30/istat-inflazione-in-lieve-calo-a-giugno-3-0percent-su-base-annua-da-3-2percent-di-maggio-77.html,"Istat, inflazione in lieve calo a giugno: +3,0% su base annua (da +3 ...",20,,,"... dei Servizi relativi ai trasporti (da +1,7% a +1,1%). In direzione ... Il tasso di variazione tendenziale dei prezzi del cosiddetto",https://eview.copyscape.com/compare/ok5h66spe6/34
429,2026-07-13T08:03:01.245604,,a75aac8f720c3c79a8aaeac5e4bd76f976209c4b6ee68c234461f493526c5ff7,https://www.ilmessaggero.it/economia/news/inflazione_aprile_2023_energia_istat_dati_ultime_notizie-7405183.html,"L'inflazione torna a salire: ad aprile +8,2%. Istat - Il Messaggero",19,,,"... quelli dei servizi ricreativi, culturali e per la cura della persona (da +6,3% a +6,9%)  e dei servizi vari (da +2,5% a +2,9%). Tali effetti ... prezzi degli energetici regolamentati (da -20,3% a -26,7%) e dal rallentamento di quelli degli alimentari lavorati (da +15,3% a +14,0%) e",https://eview.copyscape.com/compare/ok5h66spe6/35
430,2026-07-13T08:03:01.245604,,a75aac8f720c3c79a8aaeac5e4bd76f976209c4b6ee68c234461f493526c5ff7,https://www.conquistedellavoro.it/attualit%C3%A0/lagarde-spazio-per-agire-sui-tassi-ma-senza-corsa-ai-rialzi-1.3355119,Lagarde: spazio per agire sui tassi ma senza corsa ai rialzi,18,,,"... Lo comunica l'Istituto. Il lieve rallentamento dell'inflazione riflette la dinamica dei prezzi degli alimentari non lavorati (da +5,5% a +4",https://eview.copyscape.com/compare/ok5h66spe6/36
431,2026-07-13T08:03:01.245604,,a75aac8f720c3c79a8aaeac5e4bd76f976209c4b6ee68c234461f493526c5ff7,https://teleborsa.ansa.it/notiziario/economia/istat-a-maggio-linflazione-accelera-al-32-spingono-ancora-i-prezzi-dellenergia/,"Istat, a maggio l'inflazione accelera al 3,2%. Spingono ancora i ...",18,,,"... Il tasso di variazione tendenziale dei prezzi dei Beni alimentari, per la cura della casa e della persona resta stabile a +2,3%, mentre",https://eview.copyscape.com/compare/ok5h66spe6/37
432,2026-07-13T08:03:01.245604,,a75aac8f720c3c79a8aaeac5e4bd76f976209c4b6ee68c234461f493526c5ff7,https://www.borse.it/news/inflazione-italia-in-calo-al-3-a-giugno-giu-anche-il-carrello-spesa,"Inflazione Italia in calo al 3% a giugno, giù anche il carrello spesa",17,,,"... Il lieve rallentamento riflette essenzialmente l'attenuarsi delle tensioni sui prezzi degli Alimentari non lavorati, dei Servizi relativi",https://eview.copyscape.com/compare/ok5h66spe6/38
433,2026-07-13T08:03:01.245604,,a75aac8f720c3c79a8aaeac5e4bd76f976209c4b6ee68c234461f493526c5ff7,https://www.lametasociale.it/2026/06/30/rallentano-i-prezzi-al-consumo-a-giugno/,Rallentano i prezzi al consumo a giugno - Meta Sociale,17,,,"... precedente. Il lieve rallentamento dell'inflazione, spiega l'Istat, « riflette la dinamica dei prezzi degli Alimentari non lavorati (da +5,5",https://eview.copyscape.com/compare/ok5h66spe6/39
434,2026-07-13T08:03:01.245604,,a75aac8f720c3c79a8aaeac5e4bd76f976209c4b6ee68c234461f493526c5ff7,https://www.radiostudio90italia.it/inflazione-istat-a-giugno-rallenta-a-3-carrello-spesa-a-16/,"Inflazione, Istat: a giugno rallenta a +3%, carrello spesa a +1,6%",17,,,"... E' la stima preliminare diffusa dall'Istat. Il lieve rallentamento dell'inflazione riflette la dinamica dei prezzi degli Alimentari non lavorati (da +5,5% a",https://eview.copyscape.com/compare/ok5h66spe6/40
435,2026-07-13T08:03:01.245604,,a75aac8f720c3c79a8aaeac5e4bd76f976209c4b6ee68c234461f493526c5ff7,https://www.startupbusiness.it/inflazione-istat-conferma-04-a-maggio-32-su-anno/176864/,"Inflazione, Istat conferma: +0,4% a maggio, +3,2% su anno",17,,,"... Di conseguenza, il differenziale tra il comparto dei servizi e quello dei beni si attesta a -0,6 punti percentuali, rispetto ai -0,7 p.p.",https://eview.copyscape.com/compare/ok5h66spe6/41
436,2026-07-13T08:03:01.245604,,a75aac8f720c3c79a8aaeac5e4bd76f976209c4b6ee68c234461f493526c5ff7,https://www.ore12.net/inflazione-istat-conferma-stime-a-maggio-04-su-mese-32-su-anno/,"Istat conferma stime, a maggio +0,4% su mese +3,2% su anno - Ore12",17,,,"... Di conseguenza, il differenziale tra il comparto dei servizi e quello dei beni si attesta a -0,6 punti percentuali, rispetto ai -0,7 p.p.",https://eview.copyscape.com/compare/ok5h66spe6/42
437,2026-07-13T08:03:01.245604,,a75aac8f720c3c79a8aaeac5e4bd76f976209c4b6ee68c234461f493526c5ff7,https://www.corriere.it/economia/consumi/26_giugno_16/inflazione-la-conferma-dell-istat-a-maggio-sale-dello-0-4-su-mese-3-2-rispetto-a-un-anno-fa-25f3de36-b6c5-4935-b9a2-fc9dec68exlk.shtml,"Inflazione, la conferma dell'Istat: a maggio sale dello 0,4% su mese ...",17,,,"... Di conseguenza, il differenziale tra il comparto dei servizi e quello dei beni si attesta a -0,6 punti percentuali, rispetto ai -0,7 p.p.",https://eview.copyscape.com/compare/ok5h66spe6/43
438,2026-07-13T08:03:01.245604,,a75aac8f720c3c79a8aaeac5e4bd76f976209c4b6ee68c234461f493526c5ff7,https://www.nuovogiornalenazionale.com/istat-landamento-dei-prezzi-al-consumo-a-maggio-2026/,"Istat, l'andamento dei prezzi al consumo a maggio 2026",17,,,"... Di conseguenza, il differenziale tra il comparto dei servizi e quello dei beni si attesta a -0,6 punti percentuali, rispetto ai -0,7 p.p.",https://eview.copyscape.com/compare/ok5h66spe6/44
439,2026-07-13T08:03:01.245604,,a75aac8f720c3c79a8aaeac5e4bd76f976209c4b6ee68c234461f493526c5ff7,https://www.instagram.com/p/DXMJUHgDU2V/,"Istat on Instagram: "" A marzo 2026 l'inflazione si porta a +1,7% (dal ...",15,,,"... dei Servizi relativi ai trasporti (+2,2% da +2,9%). Il ritmo di ... Si riduce il tasso di variazione tendenziale dei prezzi del",https://eview.copyscape.com/compare/ok5h66spe6/45
440,2026-07-13T08:03:01.245604,,a75aac8f720c3c79a8aaeac5e4bd76f976209c4b6ee68c234461f493526c5ff7,https://www.provincia.treviso.it/it/news/34218-istat-inflazione-in-italia-3-2-nel-mese-di-maggio-2026-provvisorio,"Istat: Inflazione - in Italia +3,2% nel mese di maggio 2026 (provvisorio)",15,,,"... netto dei soli beni energetici (da +1,9% a +2,1%).  I prezzi dei beni ... e quelli dei servizi registrano un'accelerazione su base annua di pari entità",https://eview.copyscape.com/compare/ok5h66spe6/46
441,2026-07-13T08:03:01.245604,,a75aac8f720c3c79a8aaeac5e4bd76f976209c4b6ee68c234461f493526c5ff7,https://www.ilmessaggero.it/economia/news/inflazione_italia_eurozona_ultime_notizie-7377001.html,"L'inflazione in Italia torna a crescere: +8,3%. Male anche l'Eurozona ...",15,,,"... quelli dei servizi ricreativi, culturali e per la cura della persona (da +6,3% a +6, 7%) e dei servizi vari (da +2,5% a +2,9%). Tali effetti",https://eview.copyscape.com/compare/ok5h66spe6/47
442,2026-07-13T08:03:01.245604,,a75aac8f720c3c79a8aaeac5e4bd76f976209c4b6ee68c234461f493526c5ff7,https://www.uilpa.it/istat-il-costo-della-vita-continua-ad-aumentare/,Istat: il costo della vita continua ad aumentare – UILPA,15,,,"... In base alle stime preliminari, l'indice armonizzato dei prezzi al consumo (IPCA) aumenta dell'1,3%  su base annua. Documento PDF: CS_Prezzi",https://eview.copyscape.com/compare/ok5h66spe6/48
443,2026-07-13T08:03:01.245604,,a75aac8f720c3c79a8aaeac5e4bd76f976209c4b6ee68c234461f493526c5ff7,https://www.ilsole24ore.com/art/inflazione-dicembre-13percento-base-annua-e-01percento-mese-2024-crescita-media-prezzi-dell-10percento-AGEJz69B,"Inflazione, a dicembre +1,3% su base annua e +0,1% sul mese. Nel ...",15,,,"... Sempre secondo le stime preliminari l'indice armonizzato dei prezzi al consumo (Ipca) registra una variazione ... su base mensile pari a +0,1% e",https://eview.copyscape.com/compare/ok5h66spe6/49
444,2026-07-13T08:03:04.866170,,fb339c0b50012bca2d9005034f25a28c80e07da586810bdf8ddd4449d6d31e93,https://www.ilsole24ore.com/radiocor/nRC_10.06.2026_10.40_230,"Produzione industriale: Istat, +0,5% su mese ad aprile, +1,3% su anno",79,,,"... Le flessioni piu' ampie si rilevano nelle industrie tessili, abbigliamento, pelli e accessori (-8,9%), nelle altre industrie manifatturiere ... congiunturale dell'indice destagionalizzato della produzione industriale, trainato dalla dinamica positiva dei beni intermedi ... e di quelli strumentali. In crescita risulta pure la media del trimestre ... febbraio-aprile rispetto ai tre mesi precedenti. Ad aprile, anche in termini tendenziali e ... al netto degli effetti di calendario, sia l'indice generale sia quelli relativi ai beni intermedi ... strumentali mostrano un aumento, particolarmente ampio per questi ultimi"". com-fil. Gli ultimi video Radiocor. (RADIOCOR) 10-06-26 10:40:32",https://eview.copyscape.com/compare/1lhr5ygn7j/1
445,2026-07-13T08:03:04.866170,,fb339c0b50012bca2d9005034f25a28c80e07da586810bdf8ddd4449d6d31e93,https://www.teleborsa.it/News/2026/06/10/italia-la-produzione-industriale-aumenta-per-il-terzo-mese-consecutivo-ad-aprile-87.html,"Italia, la produzione industriale aumenta per il terzo mese ...",62,,,"... Nella media del periodo febbraio-aprile si registra una crescita del livello della produzione dello 0,2% rispetto ai tre mesi precedenti. L ... I settori di attività economica che registrano gli incrementi tendenziali più elevati sono la fabbricazione di mezzi di trasporto (+17,8 ... Le flessioni più ampie si rilevano nelle industrie tessili, abbigliamento, pelli e accessori (-8,9%), nelle altre industrie manifatturiere",https://eview.copyscape.com/compare/1lhr5ygn7j/2
446,2026-07-13T08:03:04.866170,,fb339c0b50012bca2d9005034f25a28c80e07da586810bdf8ddd4449d6d31e93,https://leasenews.it/news/dati-di-settore/istat-produzione-industriale-05-ad-aprile-in-crescita,"Istat: produzione industriale +0,5% ad aprile, in crescita",53,,,"... Ad aprile si registra, per il terzo mese consecutivo, un aumento congiunturale dell'indice destagionalizzato della produzione industriale, trainato dalla ... dinamica positiva dei beni intermedi e di quelli strumentali. In crescita risulta pure la media del trimestre ... febbraio-aprile rispetto ai tre mesi precedenti. Ad aprile, anche in termini tendenziali e al netto degli",https://eview.copyscape.com/compare/1lhr5ygn7j/3
447,2026-07-13T08:03:04.866170,,fb339c0b50012bca2d9005034f25a28c80e07da586810bdf8ddd4449d6d31e93,https://www.pugliain.net/produzione-industriale-in-crescita-ad-aprile/,Produzione industriale in crescita ad aprile - pugliain.net,41,,,"... Nella media del periodo febbraio-aprile si registra una crescita del livello della produzione dello 0,2% rispetto ai tre mesi precedenti. Al netto degli ... Si tratta del terzo mese consecutivo con  un aumento congiunturale ... della produzione industriale, trainato dalla dinamica positiva dei beni intermedi e di quelli",https://eview.copyscape.com/compare/1lhr5ygn7j/4
448,2026-07-13T08:03:04.866170,,fb339c0b50012bca2d9005034f25a28c80e07da586810bdf8ddd4449d6d31e93,https://www.teleborsa.it/News/2026/07/10/italia-produzione-industriale-cala-a-maggio-dopo-tre-mesi-di-aumenti-congiunturali-53.html,"Italia, produzione industriale cala a maggio dopo tre mesi di aumenti ...",41,,,"... Teleborsa) - L'Istat, l'ufficio italiano di statistica, stima che a maggio 2026 l'indice destagionalizzato della produzione industriale sia ... I settori di attività economica che registrano gli incrementi tendenziali più elevati sono la fabbricazione di mezzi di trasporto (+11,6 ... Le flessioni più ampie si rilevano nelle industrie tessili, abbigliamento, pelli e accessori (-6,6%),  nelle altre industrie manifatturiere",https://eview.copyscape.com/compare/1lhr5ygn7j/5
449,2026-07-13T08:03:04.866170,,fb339c0b50012bca2d9005034f25a28c80e07da586810bdf8ddd4449d6d31e93,https://www.stampaparlamento.it/2026/06/10/ad-aprile-il-terzo-mese-consecutivo-di-crescita-della-produzione-industriale-italiana/,"Ad aprile, il terzo mese consecutivo di crescita della produzione ...",41,,,"... Nella media del periodo febbraio-aprile si registra una crescita del livello della produzione dello 0,2% rispetto ai tre mesi precedenti. L ... Le flessioni più ampie si rilevano nelle industrie tessili, abbigliamento, pelli e accessori (-8,9%), nelle altre industrie manifatturiere",https://eview.copyscape.com/compare/1lhr5ygn7j/6
450,2026-07-13T08:03:04.866170,,fb339c0b50012bca2d9005034f25a28c80e07da586810bdf8ddd4449d6d31e93,https://www.conquistedellavoro.it/attualit%C3%A0/l-industria-in-retromarcia-a-maggio-produzione-0-3-1.3355315,"L'industria in retromarcia, a maggio produzione -0,3%",39,,,"... Era nell'aria. A maggio, dopo tre mesi di aumenti congiunturali, l'indice destagionalizzato della produzione industriale diminuisce da ... Gli altri settori che registrano gli incrementi tendenziali più elevati sono ... la produzione di prodotti farmaceutici di base e preparati ... Le flessioni più ampie si rilevano nelle industrie tessili, abbigliamento, pelli e accessori (-6,6%),  nelle altre industrie manifatturiere",https://eview.copyscape.com/compare/1lhr5ygn7j/7
451,2026-07-13T08:03:04.866170,,fb339c0b50012bca2d9005034f25a28c80e07da586810bdf8ddd4449d6d31e93,https://finanza.repubblica.it/News/2026/06/10/i_listini_europei_rallentano_milano_sulla_parita-137/,"I listini europei rallentano, Milano sulla parità - Economia e Finanza",22,,,"... Nella media del periodo febbraio-aprile si registra una crescita del livello della produzione dello 0,2% rispetto ai tre mesi precedenti.",https://eview.copyscape.com/compare/1lhr5ygn7j/8
452,2026-07-13T08:03:04.866170,,fb339c0b50012bca2d9005034f25a28c80e07da586810bdf8ddd4449d6d31e93,https://www.ilsole24ore.com/art/industria-ad-aprile-produzione-05percento-13percento-anno-AINZdCaD,"Industria avanti per il terzo mese: +0,5% ad aprile, ai massimi da ...",22,,,"... Nella media del periodo febbraio-aprile si registra una crescita del livello della produzione dello 0,2% rispetto ai tre mesi precedenti. .",https://eview.copyscape.com/compare/1lhr5ygn7j/9
453,2026-07-13T08:03:04.866170,,fb339c0b50012bca2d9005034f25a28c80e07da586810bdf8ddd4449d6d31e93,https://www.ansa.it/sito/notizie/economia/pmi/2026/06/10/istat-produzione-industriale-aprile-05-su-mese-13-su-anno-2_08c96fb6-500c-4e39-941a-14edb10f77b6.html,"Istat, produzione industriale aprile +0,5% su mese, +1,3% su anno (2)",21,,,"... Nella media del periodo febbraio-aprile si registra una crescita del livello della produzione industriale  dello 0,2% rispetto ai tre mesi",https://eview.copyscape.com/compare/1lhr5ygn7j/10
454,2026-07-13T08:03:04.866170,,fb339c0b50012bca2d9005034f25a28c80e07da586810bdf8ddd4449d6d31e93,https://www.threads.com/@istat_it/post/DXL5d5PDRNi/a-marzo-inflazione-all-dall-del-mese-precedente-confermata-la-stima-preliminare,"A marzo, inflazione all'1,7% dall'1,5% del mese precedente ...",19,,,"... Nella media del periodo marzo-maggio  si registra una crescita del livello della produzione dello 0,9%  rispetto ai tre mesi precedenti. ow.ly",https://eview.copyscape.com/compare/1lhr5ygn7j/11
455,2026-07-13T08:03:04.866170,,fb339c0b50012bca2d9005034f25a28c80e07da586810bdf8ddd4449d6d31e93,https://www.facebook.com/ilsole24ore/posts/leuropean-disability-forum-denuncia-come-dalla-roadmap-per-le-donne-presentata-d/1055667039921966/,L'European Disability Forum denuncia come dalla Roadmap per le ...,19,,,"... 8m󰞋󱟠. 󳄫. Nella media del periodo marzo-maggio  si registra una crescita del livello della produzione dello 0,9%  rispetto ai tre mesi precedenti.",https://eview.copyscape.com/compare/1lhr5ygn7j/12
456,2026-07-13T08:03:04.866170,,fb339c0b50012bca2d9005034f25a28c80e07da586810bdf8ddd4449d6d31e93,https://www.facebook.com/ilsole24ore/posts/parla-sam-curry-ciso-responsabile-della-sicurezza-informatica-interna-di-zscaler/1430750602413606/,"PArla Sam Curry, CISO (responsabile della sicurezza informatica ...",19,,,"... Nella media del periodo marzo-maggio  si registra una crescita del livello della produzione dello 0,9%  rispetto ai tre mesi precedenti · May be",https://eview.copyscape.com/compare/1lhr5ygn7j/13
457,2026-07-13T08:03:04.866170,,fb339c0b50012bca2d9005034f25a28c80e07da586810bdf8ddd4449d6d31e93,https://www.websim.it/azioni/blue-chip/italia-produzione-industriale-di-marzo-in-crescita-del-0-7-mom/,"Produzione industriale di marzo in crescita del +0,7% MoM - Websim",19,,,"... I settori di attività economica che registrano gli incrementi tendenziali più elevati sono la fabbricazione di mezzi di trasporto (+11,2",https://eview.copyscape.com/compare/1lhr5ygn7j/14
458,2026-07-13T08:03:04.866170,,fb339c0b50012bca2d9005034f25a28c80e07da586810bdf8ddd4449d6d31e93,https://www.sardegnaimpresa.eu/it/news/industria-produzione-calo-ottobre-2023,"Industria, produzione in calo a ottobre 2023 | SardegnaImpresa",19,,,... I settori di attività economica che registrano gli incrementi tendenziali più ampi sono  la produzione di prodotti farmaceutici di base e,https://eview.copyscape.com/compare/1lhr5ygn7j/15
459,2026-07-13T08:03:04.866170,,fb339c0b50012bca2d9005034f25a28c80e07da586810bdf8ddd4449d6d31e93,https://www.instagram.com/p/DYeaneqNfrK/,I nuovi dati ISTAT sul commercio estero confermano la ... - Instagram,18,,,"... l'indice generale sia quelli relativi ai beni intermedi e strumentali mostrano un aumento, particolarmente ampio per questi ultimi. I",https://eview.copyscape.com/compare/1lhr5ygn7j/16
460,2026-07-13T08:03:04.866170,,fb339c0b50012bca2d9005034f25a28c80e07da586810bdf8ddd4449d6d31e93,https://www.instagram.com/p/DaAaMaQKToT/,Il tempo sembra esaurito mentre continuiamo a parlare. Bene che il ...,18,,,"... l'indice generale sia quelli relativi ai beni intermedi e strumentali mostrano un aumento, particolarmente ampio per questi ultimi. I",https://eview.copyscape.com/compare/1lhr5ygn7j/17
461,2026-07-13T08:03:04.866170,,fb339c0b50012bca2d9005034f25a28c80e07da586810bdf8ddd4449d6d31e93,https://www.instagram.com/p/DZw464GAK73/,Il Sud cresce più del Nord per il quarto anno consecutivo: non era ...,18,,,"... l'indice generale sia quelli relativi ai beni intermedi e strumentali mostrano un aumento, particolarmente ampio per questi ultimi. I",https://eview.copyscape.com/compare/1lhr5ygn7j/18
462,2026-07-13T08:03:04.866170,,fb339c0b50012bca2d9005034f25a28c80e07da586810bdf8ddd4449d6d31e93,https://www.instagram.com/p/DY1wumcAlyl/,LISTINO SETTIMANALE DEI PREZZI ALL'INGROSSO DELLA ...,18,,,"... l'indice generale sia quelli relativi ai beni intermedi e strumentali mostrano un aumento, particolarmente ampio per questi ultimi. I",https://eview.copyscape.com/compare/1lhr5ygn7j/19
463,2026-07-13T08:03:04.866170,,fb339c0b50012bca2d9005034f25a28c80e07da586810bdf8ddd4449d6d31e93,https://www.instagram.com/p/DZlLYDvMziQ/,"""PRIME 3 INSEGNE PER REGIONE. Su cortese richiesta, pubblico ...",18,,,"... l'indice generale sia quelli relativi ai beni intermedi e strumentali mostrano un aumento, particolarmente ampio per questi ultimi. I",https://eview.copyscape.com/compare/1lhr5ygn7j/20
464,2026-07-13T08:03:04.866170,,fb339c0b50012bca2d9005034f25a28c80e07da586810bdf8ddd4449d6d31e93,https://www.instagram.com/p/DZtUhGzllfb/,Tg Economia – 17/6/2026 ROMA (ITALPRESS) - In questa edizione:,18,,,"... l'indice generale sia quelli relativi ai beni intermedi e strumentali mostrano un aumento, particolarmente ampio per questi ultimi. I",https://eview.copyscape.com/compare/1lhr5ygn7j/21
465,2026-07-13T08:03:04.866170,,fb339c0b50012bca2d9005034f25a28c80e07da586810bdf8ddd4449d6d31e93,https://www.instagram.com/p/DZZn_uzCDHY/,GIUGNO 2026 +++ Le imprese programmano circa 623mila contratti ...,18,,,"... l'indice generale sia quelli relativi ai beni intermedi e strumentali mostrano un aumento, particolarmente ampio per questi ultimi. I",https://eview.copyscape.com/compare/1lhr5ygn7j/22
466,2026-07-13T08:03:04.866170,,fb339c0b50012bca2d9005034f25a28c80e07da586810bdf8ddd4449d6d31e93,https://www.instagram.com/p/DZdJ1q-Nb2f/,I dati sull'export delle Marche nel primo trimestre 2026 ... - Instagram,18,,,"... l'indice generale sia quelli relativi ai beni intermedi e strumentali mostrano un aumento, particolarmente ampio per questi ultimi. I",https://eview.copyscape.com/compare/1lhr5ygn7j/23
467,2026-07-13T08:03:04.866170,,fb339c0b50012bca2d9005034f25a28c80e07da586810bdf8ddd4449d6d31e93,https://www.industriaitaliana.it/istat-produzione-industriale-settembre-2025-energia-elettronica/,"Istat: produzione industriale +2,8% a settembre 2025, trainano ...",18,,,"... Le flessioni più ampie si rilevano nelle industrie tessili, abbigliamento, pelli e accessori (-4,4%),  nell'industria del legno, carta e",https://eview.copyscape.com/compare/1lhr5ygn7j/24
468,2026-07-13T08:03:04.866170,,fb339c0b50012bca2d9005034f25a28c80e07da586810bdf8ddd4449d6d31e93,https://www.ansa.it/amp/sito/notizie/economia/pmi/2026/07/10/istat-produzione-industriale-03-a-maggio-ma-su-anno-11-2_638b5258-f8ff-4b57-9046-221f69d45b24.html,"Istat, produzione industriale -0,3% a maggio, ma su anno +1,1% (2)",17,,,"... Le flessioni più ampie si rilevano nelle industrie tessili, abbigliamento, pelli e accessori (-6,6%),  nelle altre industrie manifatturiere",https://eview.copyscape.com/compare/1lhr5ygn7j/25
469,2026-07-13T08:03:04.866170,,fb339c0b50012bca2d9005034f25a28c80e07da586810bdf8ddd4449d6d31e93,https://teleborsa.ansa.it/notiziario/economia/italia-produzione-industriale-cala-a-maggio-dopo-tre-mesi-di-aumenti-congiunturali/,"Italia, produzione industriale cala a maggio dopo tre mesi di aumenti ...",17,,,"... Le flessioni più ampie si rilevano nelle industrie tessili, abbigliamento, pelli e accessori (-6,6%),  nelle altre industrie manifatturiere",https://eview.copyscape.com/compare/1lhr5ygn7j/26
470,2026-07-13T08:03:04.866170,,fb339c0b50012bca2d9005034f25a28c80e07da586810bdf8ddd4449d6d31e93,https://www.icsoftware.it/dati-istat-sulla-produzione-industriale-di-aprile-2022/,Dati Istat sulla produzione industriale di aprile 2022 - IC Software Srl,16,,,"... I settori di attività economica che registrano gli incrementi tendenziali più ampi sono le  industrie tessili, abbigliamento, pelli e",https://eview.copyscape.com/compare/1lhr5ygn7j/27
471,2026-07-13T08:03:04.866170,,fb339c0b50012bca2d9005034f25a28c80e07da586810bdf8ddd4449d6d31e93,https://www.italiacooperativa.it/Economia/economia-cresce-produzione-industria-ma-con-aumenti-energia-margini-negativi-per-82-imprese-1,"Economia: cresce produzione industria, ma con aumenti energia ...",15,,,... Tra i settori di attività economica che registrano variazioni tendenziali positive ci sono  la produzione di prodotti farmaceutici di base e,https://eview.copyscape.com/compare/1lhr5ygn7j/28
472,2026-07-13T08:03:06.051589,,a71884eb555353fa7b1cf3a30d010865c038f2f708da92f19480f93521c77bbd,https://formatresearch.com/2026/07/02/occupati-e-disoccupati-istat-aprile-2026-dati-provvisori/,Occupati e disoccupati | ISTAT - Maggio 2026 (dati provvisori),96,,,"... Occupati e disoccupati | ISTAT - marzo 2026. La crescita degli occupati si associa alla diminuzione dei disoccupati e degli inattivi.... A maggio 2026, su base mensile, la diminuzione degli occupati e dei disoccupati si associa alla crescita degli inattivi. Il calo degli ... occupati (-0,1%, pari a -22mila unità) coinvolge gli uomini, le donne, i dipendenti a termine e tutte le classi d'età ad ... In questa classe di età il numero di occupati risulta in crescita, così come tra i dipendenti permanenti e gli autonomi. Il tasso di ... Rispetto a maggio 2025, diminuisce il numero di persone in cerca di lavoro (-23,8%, pari a -399mila unità) e sale quello degli inattivi tra",https://eview.copyscape.com/compare/f3zikoipp1/1
473,2026-07-13T08:03:06.051589,,a71884eb555353fa7b1cf3a30d010865c038f2f708da92f19480f93521c77bbd,https://www.dottrinalavoro.it/notizie-c/istat-occupati-e-disoccupati-maggio-2026,ISTAT: Occupati e Disoccupati – Maggio 2026 | Dottrina Per il Lavoro,90,,,"... A maggio 2026, su base mensile, la diminuzione degli occupati e dei disoccupati si associa alla crescita degli inattivi. Il calo degli ... occupati (-0,1%, pari a -22mila unità) coinvolge gli uomini, le donne, i dipendenti a termine e tutte le classi d'età ad ... dipendenti permanenti e gli autonomi. Il tasso di occupazione scende al 63,0% (-0,1 punti). Il calo delle persone in cerca di lavoro (-1,7 ... Confrontando il trimestre marzo-maggio 2026 con quello precedente (dicembre 2025-febbraio 2026) si registra un aumento di 119mila occupati",https://eview.copyscape.com/compare/f3zikoipp1/2
474,2026-07-13T08:03:06.051589,,a71884eb555353fa7b1cf3a30d010865c038f2f708da92f19480f93521c77bbd,https://finanza.repubblica.it/News/2026/07/02/istat_disoccupazione_in_lieve_calo_a_maggio_al_5percento_ma_aumentano_gli_inattivi-73/,"Istat, disoccupazione in lieve calo a maggio al 5%, ma aumentano ...",82,,,"... Secondo l'ultima stima flash fornita dall'Istat, l'istituto italiano di statistica, a maggio 2026, su base mensile, la diminuzione degli ... occupati e dei disoccupati si associa alla crescita degli. ... In dettaglio, il calo degli occupati (-0,1%, pari a -22mila unità) coinvolge gli uomini, le donne, i dipendenti a termine e tutte le classi ... Confrontando il trimestre marzo-maggio 2026 con quello precedente (dicembre 2025-febbraio 2026) si registra un aumento di 119mila occupati ... Sempre su base tendenziale, diminuisce il numero di persone in cerca di lavoro (-23,8%, pari a -399mila unità) e sale quello degli inattivi tra",https://eview.copyscape.com/compare/f3zikoipp1/3
475,2026-07-13T08:03:06.051589,,a71884eb555353fa7b1cf3a30d010865c038f2f708da92f19480f93521c77bbd,https://www.corriere.it/economia/lavoro/26_luglio_02/istat-calano-gli-occupati-22mila-a-maggio-tasso-di-disoccupazione-al-5-inattivi-oltre-il-33-8a5eb5d8-8798-46d6-b100-a7084688fxlk.shtml,"Istat, calano gli occupati: -22 mila a maggio. Tasso di ... - Corriere",79,,,"... Calo degli occupati in maggio: lo certifica l'Istat spiegando che il ribasso (- 0,1%, pari a -22mila unità) coinvolge gli uomini, le donne, i ... Confrontando il trimestre marzo-maggio 2026 con quello precedente (dicembre 2025-febbraio 2026) si registra un aumento di 119mila occupati ... Rispetto a maggio 2025, diminuisce il numero di persone in cerca di lavoro (-23,8%, pari a -399mila unità) e sale quello degli inattivi tra ... L'occupazione cresce rispetto a maggio 2025 (+228mila occupati in un anno) come sintesi dell'aumento dei dipendenti permanenti (+275mila) e",https://eview.copyscape.com/compare/f3zikoipp1/4
476,2026-07-13T08:03:06.051589,,a71884eb555353fa7b1cf3a30d010865c038f2f708da92f19480f93521c77bbd,https://www.provincia.treviso.it/it/news/34283-istat-occupati-e-disoccupati-maggio-2026-dati-provvisori,Istat: Occupati e disoccupati - maggio 2026 (dati provvisori),55,,,"... gli uomini è sostanzialmente stabile. Il tasso di disoccupazione scende al 5,0% (-0,1 punti), quello giovanile al 15,1% (-1,3 punti). La crescita degli ... inattivi tra i 15 e i 64 anni (+0,5%, pari a +59mila unità) riguarda entrambi i sessi e tutte le classi d'età, salvo quella dei 25-34enni",https://eview.copyscape.com/compare/f3zikoipp1/5
477,2026-07-13T08:03:06.051589,,a71884eb555353fa7b1cf3a30d010865c038f2f708da92f19480f93521c77bbd,https://www.ilsole24ore.com/art/lavoro-istat-tasso-disoccupazione-scende-5percento-maggio-AIG1ZiyD,"Lavoro: Istat, tasso disoccupazione scende al 5% a maggio",49,,,"... Il Sole 24 Ore Radiocor) - A maggio, su base mensile, la diminuzione degli occupati e dei disoccupati si associa alla crescita degli ... inattivi. Il tasso di occupazione scende al 63%, -... 0,1 punti su base congiunturale, ma sale su base tendenziale ... Rispetto a maggio 2025, diminuisce il numero di persone in cerca di lavoro (-23,8%, pari a -399 mila  unità) e sale quello degli inattivi tra",https://eview.copyscape.com/compare/f3zikoipp1/6
478,2026-07-13T08:03:06.051589,,a71884eb555353fa7b1cf3a30d010865c038f2f708da92f19480f93521c77bbd,https://www.borsaitaliana.it/borsa/notizie/radiocor/economia/dettaglio/lavoro-istat-tasso-disoccupazione-scende-al-5-a-maggio-2-nRC_02072026_1014_215555872.html,"Lavoro: Istat, tasso disoccupazione scende al 5% a maggio -2",46,,,"... Su base mensile, la diminuzione degli occupati e dei disoccupati si associa alla crescita degli inattivi. Il calo degli occupati (-0,1 ... dipendenti permanenti e gli autonomi. ... Il calo delle persone in cerca di lavoro (-1,7%, pari a -22 mila unita')  si osserva per le donne, i 15",https://eview.copyscape.com/compare/f3zikoipp1/7
479,2026-07-13T08:03:06.051589,,a71884eb555353fa7b1cf3a30d010865c038f2f708da92f19480f93521c77bbd,https://www.agi.it/agiprima/lavoro-a-maggio-salgono-occupati-aumentano-posti-fissi-agi:sur:37833215/,"Lavoro: a maggio salgono occupati, aumentano 'posti fissi' - AGI",45,,,"... Confrontando il trimestre marzo-maggio 2026 con quello precedente (dicembre 2025-febbraio 2026) si registra un aumento di 119mila occupati ... Rispetto a maggio 2025, diminuisce il numero di persone in cerca di lavoro (-23,8%, pari a -399mila unità) e sale quello degli inattivi tra",https://eview.copyscape.com/compare/f3zikoipp1/8
480,2026-07-13T08:03:06.051589,,a71884eb555353fa7b1cf3a30d010865c038f2f708da92f19480f93521c77bbd,https://www.imprese-lavoro.com/2026/07/02/istat-lavoro-calano-gli-occupati-3/,"Istat, lavoro: calano gli occupati",45,,,"... classi d'età, salvo quella dei 25-34enni. ... Il tasso di inattività sale al 33,6% (più  0,2 punti percentuali).  Confrontando il trimestre marzo-maggio 2026 con quello precedente, c'è un ... Rispetto al trimestre precedente, diminuiscono le persone in cerca di lavoro (meno 5%, pari a meno 68 mila  unità) e gli inattivi di 15-64",https://eview.copyscape.com/compare/f3zikoipp1/9
481,2026-07-13T08:03:06.051589,,a71884eb555353fa7b1cf3a30d010865c038f2f708da92f19480f93521c77bbd,https://www.linkedin.com/company/formatemp,Forma.Temp - LinkedIn,43,,,"... mese precedente. La diminuzione è determinata dai soli dipendenti a termine (2 milioni 388mila), a fronte della crescita tra i dipendenti permanenti (16 ... milioni 360mila). L'occupazione cresce rispetto a maggio 2025 (+228mila occupati in un anno) come sintesi dell'aumento dei dipendenti permanenti (+275mila)",https://eview.copyscape.com/compare/f3zikoipp1/10
482,2026-07-13T08:03:06.051589,,a71884eb555353fa7b1cf3a30d010865c038f2f708da92f19480f93521c77bbd,https://www.lagazzettadelmezzogiorno.it/news/ultima-ora/2038010/istat-a-maggio-occupati-in-calo-22-000-unita-sul-mese.html,"Istat, a maggio occupati in calo, -22.000 unità sul mese",43,,,"... 22mila unità) coinvolge gli uomini, le donne, i dipendenti a termine e tutte le classi d'età ad eccezione di chi ha almeno 50 anni; in ... milioni 360mila). L'occupazione cresce rispetto a maggio 2025 (+228mila occupati in un anno) come sintesi dell'aumento dei dipendenti",https://eview.copyscape.com/compare/f3zikoipp1/11
483,2026-07-13T08:03:06.051589,,a71884eb555353fa7b1cf3a30d010865c038f2f708da92f19480f93521c77bbd,https://en.ilsole24ore.com/radiocor/nRC_02.07.2026_10.12_21210212,"Lavoro: Istat, tasso disoccupazione scende al 5% a maggio (RCO)",42,,,"... Tasso di occupazione al 63% (Il Sole 24 Ore Radiocor) - Roma, 02 lug - A maggio, su base mensile, la diminuzione degli occupati e dei ... associa alla crescita degli inattivi. Il tasso di occupazione scende al 63%, -... 0,1 punti su base congiunturale, ma sale su base tendenziale ... Rispetto a maggio 2025, diminuisce il numero di persone in cerca di lavoro (-23,8%, pari a -399 mila unita')  e sale quello degli inattivi tra",https://eview.copyscape.com/compare/f3zikoipp1/12
484,2026-07-13T08:03:06.051589,,a71884eb555353fa7b1cf3a30d010865c038f2f708da92f19480f93521c77bbd,https://www.confapivenezia.it/news/listat-a-maggio-occupazione-in-calo-rispetto-ad-aprile-ma-meglio-dello-stesso-mese-del-2025/,"L'Istat: “A maggio occupazione in calo rispetto ad aprile, ma meglio ...",40,,,"... tutte le classi d'età ad eccezione di chi ha almeno 50 anni. Rispetto al trimestre precedente, diminuiscono le persone in cerca di lavoro.... Il tasso di occupazione scende al 63,0% (-0,1 punti). Il calo delle persone in cerca di lavoro (-1,7%, pari a -22mila unità) si osserva per",https://eview.copyscape.com/compare/f3zikoipp1/13
485,2026-07-13T08:03:06.051589,,a71884eb555353fa7b1cf3a30d010865c038f2f708da92f19480f93521c77bbd,https://www.lastampa.it/economia/2026/07/02/news/istat_calano_occupati_maggio-15677685/,Istat: calano gli occupati a maggio. E sale il tasso di inattivi,36,,,"... classi d'età, salvo quella dei 25-34enni. ... Il tasso di inattività cresce. Il tasso di inattività sale al 33,6% (più  0,2 punti percentuali) ... Confrontando il trimestre marzo-maggio 2026 con quello precedente, c'è  un aumento di 119 mila  occupati (+0,5%). Rispetto al trimestre",https://eview.copyscape.com/compare/f3zikoipp1/14
486,2026-07-13T08:03:06.051589,,a71884eb555353fa7b1cf3a30d010865c038f2f708da92f19480f93521c77bbd,https://www.msn.com/it-it/notizie/italia/lavoro-il-tasso-disoccupazione-scende-al-5-a-maggio/ar-AA272fZD?ocid=finance-verthp-feeds,"Lavoro, il tasso disoccupazione scende al 5% a maggio - MSN",32,,,"... Il tasso di occupazione scende al 63,0% (-0,1 punti). Il calo delle persone in cerca di lavoro (-1,7%, pari a -22mila unità) si osserva per le donne, i 15",https://eview.copyscape.com/compare/f3zikoipp1/15
487,2026-07-13T08:03:06.051589,,a71884eb555353fa7b1cf3a30d010865c038f2f708da92f19480f93521c77bbd,https://www.confcommercio.it/-/mercato-lavoro,Mercato del lavoro poco mosso a maggio - Confcommercio,26,,,"... Il calo degli occupati, ... pari a 22mila unità coinvolge gli uomini, le donne, i dipendenti a termine e tutte le classi d'età ad eccezione di chi",https://eview.copyscape.com/compare/f3zikoipp1/16
488,2026-07-13T08:03:06.051589,,a71884eb555353fa7b1cf3a30d010865c038f2f708da92f19480f93521c77bbd,https://www.confapitreviso.it/news/listat-a-maggio-occupazione-in-calo-rispetto-ad-aprile-ma-meglio-dello-stesso-mese-del-2025/,"L'Istat: “A maggio occupazione in calo rispetto ad aprile, ma meglio ...",25,,,"... Rispetto a maggio 2025, diminuisce il numero di persone in cerca di lavoro (-23,8%, pari a -399mila unità) e sale quello degli inattivi tra",https://eview.copyscape.com/compare/f3zikoipp1/17
489,2026-07-13T08:03:06.051589,,a71884eb555353fa7b1cf3a30d010865c038f2f708da92f19480f93521c77bbd,https://www.liberoquotidiano.it/news/economia/48408336/disoccupazione-ai-minimi-storici-e-228mila-posti-di-lavoro-in-piu-/,Disoccupazione ai minimi storici. E 228mila posti di lavoro in più,25,,,"... Rispetto a maggio 2025, diminuisce il numero di persone in cerca di lavoro (-23,8%, pari a -399mila unità) e sale quello degli inattivi tra",https://eview.copyscape.com/compare/f3zikoipp1/18
490,2026-07-13T08:03:06.051589,,a71884eb555353fa7b1cf3a30d010865c038f2f708da92f19480f93521c77bbd,https://www.nuovogiornalenazionale.com/istat-landamento-delloccupazione-a-maggio-2026/,"Istat, l'andamento dell'occupazione a maggio 2026",25,,,"... A maggio 2026 il numero di occupati, pari a 24 milioni 336mila, è in calo rispetto al mese precedente. La diminuzione è determinata dai soli",https://eview.copyscape.com/compare/f3zikoipp1/19
491,2026-07-13T08:03:06.051589,,a71884eb555353fa7b1cf3a30d010865c038f2f708da92f19480f93521c77bbd,https://www.dottrinalavoro.it/notizie-c/istat-occupati-e-disoccupati-novembre-2025,ISTAT: Occupati e Disoccupati – Novembre 2025 - Dottrina Lavoro,25,,,"... A novembre 2025, su base mensile, il calo  degli occupati e dei disoccupati si associa alla crescita degli inattivi. La diminuzione degli ... Rispetto al trimestre precedente, diminuiscono le persone in cerca di lavoro (-3,1%, pari a -48mila unità) e sono sostanzialmente stabili",https://eview.copyscape.com/compare/f3zikoipp1/20
492,2026-07-13T08:03:06.051589,,a71884eb555353fa7b1cf3a30d010865c038f2f708da92f19480f93521c77bbd,https://www.tecnostruttura.it/,Tecnostruttura,22,,,"... Occupati e disoccupati, i dati Istat.  A maggio 2026, su base mensile, la diminuzione degli occupati e dei disoccupati si associa alla crescita degli inattivi.",https://eview.copyscape.com/compare/f3zikoipp1/21
493,2026-07-13T08:03:06.051589,,a71884eb555353fa7b1cf3a30d010865c038f2f708da92f19480f93521c77bbd,https://www.facebook.com/fdicamera/photos/unaltra-giornataccia-per-le-sinistre-i-dati-istat-sui-conti-pubblici-certificano/1322908076674007/,Fratelli - Un'altra giornataccia per le sinistre. I dati Istat sui conti ...,21,,,"... mese precedente. La diminuzione è determinata dai soli dipendenti a termine (2 milioni 388mila), a fronte della crescita tra i dipendenti",https://eview.copyscape.com/compare/f3zikoipp1/22
494,2026-07-13T08:03:06.051589,,a71884eb555353fa7b1cf3a30d010865c038f2f708da92f19480f93521c77bbd,https://www.ansa.it/sito/notizie/economia/pmi/2026/07/02/istat-sale-a-maggio-il-tasso-di-inattivi-al-336-02_46396480-c191-4f94-ab68-b42e44526746.html,"Istat, sale a maggio il tasso di inattivi, al 33,6%, +0,2% - PMI - ANSA",21,,,"... rilevata a maggio riguarda entrambi i sessi e tutte le classi d'età, salvo quella dei 25-34enni, tra i quali si registra un calo. (ANSA)",https://eview.copyscape.com/compare/f3zikoipp1/23
495,2026-07-13T08:03:06.051589,,a71884eb555353fa7b1cf3a30d010865c038f2f708da92f19480f93521c77bbd,https://www.provincia.treviso.it/it/component/content/article/33931-istat-occupati-e-disoccupati-febbraio-2026-dati-provvisori?catid=124&Itemid=284,Istat: Occupati e disoccupati - febbraio 2026 (dati provvisori),21,,,"... Rispetto al trimestre precedente, diminuiscono le persone in cerca di lavoro (-8, 0%, pari a -119mila unità) e aumentano  gli inattivi di 15-64 anni (+0,9",https://eview.copyscape.com/compare/f3zikoipp1/24
496,2026-07-13T08:03:06.051589,,a71884eb555353fa7b1cf3a30d010865c038f2f708da92f19480f93521c77bbd,https://www.dottrinalavoro.it/notizie-c/istat-occupati-e-disoccupati-aprile-2026,ISTAT: Occupati e Disoccupati – Aprile 2026 | Dottrina Per il Lavoro,20,,,"... Rispetto al trimestre precedente, diminuiscono le persone in cerca di lavoro (-4,3%, pari a -60mila  unità) e gli inattivi di 15-64 anni (-0",https://eview.copyscape.com/compare/f3zikoipp1/25
497,2026-07-13T08:03:06.051589,,a71884eb555353fa7b1cf3a30d010865c038f2f708da92f19480f93521c77bbd,https://www.agrapress.it/category/istat/,ISTAT - agra press,19,,,"... riproduzione riservata) “a maggio 2026, su base mensile, la diminuzione degli occupati e dei disoccupati si associa alla crescita degli inattivi”. lo rende",https://eview.copyscape.com/compare/f3zikoipp1/26
498,2026-07-13T08:03:06.051589,,a71884eb555353fa7b1cf3a30d010865c038f2f708da92f19480f93521c77bbd,https://www.ladige.it/attualita/istat-a-maggio-occupati-in-calo-22000-unita-sul-mese-x4diwhol,"Istat, a maggio occupati in calo, -22.000 unità sul mese - L'Adige",18,,,... milioni 360mila). L'occupazione cresce rispetto a maggio 2025 (+228mila occupati in un anno) come sintesi dell'aumento dei dipendenti,https://eview.copyscape.com/compare/f3zikoipp1/27
499,2026-07-13T08:03:06.051589,,a71884eb555353fa7b1cf3a30d010865c038f2f708da92f19480f93521c77bbd,https://www.quotidiano.net/ultimaora/istat-a-maggio-occupati-in-b730447c,"Istat, a maggio occupati in calo, -22.000 unità sul mese",18,,,... milioni 360mila). L'occupazione cresce rispetto a maggio 2025 (+228mila occupati in un anno) come sintesi dell'aumento dei dipendenti,https://eview.copyscape.com/compare/f3zikoipp1/28
500,2026-07-13T08:03:06.051589,,a71884eb555353fa7b1cf3a30d010865c038f2f708da92f19480f93521c77bbd,https://teleborsa.ansa.it/notiziario/economia/istat-il-tasso-di-disoccupazione-scende-al-51-ad-aprile/,"Istat, il tasso di disoccupazione scende al 5,1% ad aprile - Teleborsa",18,,,"... Sempre rispetto al trimestre precedente, diminuiscono le persone in cerca di lavoro (-4,3%, pari a -60mila  unità) e gli inattivi di 15-64",https://eview.copyscape.com/compare/f3zikoipp1/29
501,2026-07-13T08:03:06.051589,,a71884eb555353fa7b1cf3a30d010865c038f2f708da92f19480f93521c77bbd,https://www.primapaginanews.it/adi-news/lavoro-istat-a-maggio-diminuzione-occupati-e-disoccupati-si-associa-alla-crescita-di-inattivi-11073/,"Lavoro, ISTAT: ""A maggio diminuzione occupati e disoccupati si ...",18,,,"... In relazione al trimestre precedente diminuiscono le persone in cerca di lavoro (-5%, ... pari a -68mila unità) e gli inattivi nella fascia 15",https://eview.copyscape.com/compare/f3zikoipp1/30
502,2026-07-13T08:03:06.051589,,a71884eb555353fa7b1cf3a30d010865c038f2f708da92f19480f93521c77bbd,https://www.borsaitaliana.it/borsa/notizie/radiocor/economia/dettaglio/lavoro-istat-tasso-disoccupazione-cala-al-51-ad-aprile-2-nRC_29052026_1031_230226723.html,"Lavoro: Istat, tasso disoccupazione cala al 5,1% ad aprile -2",17,,,"... Il tasso di occupazione sale al 63,1% (+0,3  punti). Il calo delle persone in cerca di lavoro (-1,3%, pari a -18 mila unita')  si osserva per",https://eview.copyscape.com/compare/f3zikoipp1/31
503,2026-07-13T08:03:06.051589,,a71884eb555353fa7b1cf3a30d010865c038f2f708da92f19480f93521c77bbd,https://www.credemeuromobiliarepb.it/it/rss/20260705_1840_ClassNews/TXT,"Lavoro: Istat, tasso disoccupazione scende al 5% a maggio",16,,,"... occupazione al 63%. A maggio, su base mensile, la diminuzione degli occupati e dei disoccupati si associa alla crescita degli inattivi.",https://eview.copyscape.com/compare/f3zikoipp1/32
504,2026-07-13T08:03:06.051589,,a71884eb555353fa7b1cf3a30d010865c038f2f708da92f19480f93521c77bbd,https://www.industriaitaliana.it/istat-occupazione-calo-inattivi-mercato-lavoro-novembre/,Istat: occupazione in lieve calo e inattivi in aumento. Il mercato del ...,16,,,"... mensile. La diminuzione ... degli occupati (-0,1%, pari a -34mila unità) coinvolge  le donne, i dipendenti a termine e gli autonomi, i 15-24enni",https://eview.copyscape.com/compare/f3zikoipp1/33
505,2026-07-13T08:03:06.051589,,a71884eb555353fa7b1cf3a30d010865c038f2f708da92f19480f93521c77bbd,https://www.ilfoglio.it/economia/2026/07/02/news/regge-loccupazione-la-crisi-energetica-di-hormuz-non-ha-fatto-troppi-danni--401553,"Regge l'occupazione, la crisi energetica di Hormuz non ha ... - Il Foglio",16,,,"... calo, dice l'Istat, “è determinato dai soli dipendenti a termine, ... a fronte della crescita tra i dipendenti permanenti ... e gli autonomi”",https://eview.copyscape.com/compare/f3zikoipp1/34
506,2026-07-13T08:03:06.051589,,a71884eb555353fa7b1cf3a30d010865c038f2f708da92f19480f93521c77bbd,https://www.facebook.com/IstatIstitutoNazionalediStatistica/posts/a-gennaio-2026-loccupazione-in-italia-prosegue-il-suo-trend-positivo-superati-i-/1236901721953699/,A gennaio 2026 l'occupazione in Italia prosegue il suo trend positivo ...,16,,,"... trimestre precedente, diminuiscono le persone in cerca di lavoro (-8,4%, pari a -125mila unità) e aumentano  gli inattivi di 15-64 anni (+0,9",https://eview.copyscape.com/compare/f3zikoipp1/35
507,2026-07-13T08:03:06.051589,,a71884eb555353fa7b1cf3a30d010865c038f2f708da92f19480f93521c77bbd,https://www.facebook.com/RTL102.5/posts/-a-marzo-2026-su-base-mensile-il-calo-degli-occupati-e-dei-disoccupati-si-associ/1478055670787041/,"A marzo 2026, su base mensile, il calo degli occupati e ... - Facebook",15,,,"... A marzo 2026, su base mensile, il calo  degli occupati e dei disoccupati si associa alla crescita degli inattivi. Nel mese, rileva l'Istat,",https://eview.copyscape.com/compare/f3zikoipp1/36
508,2026-07-13T08:03:06.051589,,a71884eb555353fa7b1cf3a30d010865c038f2f708da92f19480f93521c77bbd,https://www.dottrinalavoro.it/notizie-c/istat-occupati-e-disoccupati-marzo-2026,ISTAT: Occupati e Disoccupati – Marzo 2026 | Dottrina Per il Lavoro,15,,,"... Rispetto al trimestre precedente, diminuiscono le persone in cerca di lavoro (-7,9%, pari a -114mila unità) e aumentano  gli inattivi di 15",https://eview.copyscape.com/compare/f3zikoipp1/37
509,2026-07-13T08:03:06.051589,,a71884eb555353fa7b1cf3a30d010865c038f2f708da92f19480f93521c77bbd,https://www.lapresse.it/economia/2026/03/04/istat-il-tasso-disoccupazione-scende-a-51-a-gennaio-80mila-gli-occupati/,"Istat, il tasso disoccupazione scende a 5,1% a gennaio: + 80mila gli ...",15,,,"... Rispetto al trimestre precedente, diminuiscono le persone in cerca di Lavoro (-8,4%, pari a -125mila unità) e aumentano  gli inattivi di 15",https://eview.copyscape.com/compare/f3zikoipp1/38
510,2026-07-13T08:03:07.294134,,e6ee2915f50a4cbeaacd426929f8f9e3041877c65a24d8d7f3440d991e8e3303,https://www.ilsole24ore.com/art/industria-istat-03percento-produzione-maggio-11percento-anno-AJpK2yE,"Produzione industriale -0,3% a maggio, +1,1% su anno",95,,,"... destagionalizzato della produzione industriale diminuisca dello 0,3% rispetto ad aprile. ... Nella media del periodo marzo-maggio si registra una crescita del livello della produzione dello 0,9% rispetto ai tre mesi ... precedenti. L'indice destagionalizzato mensile cresce su base congiunturale solo per l'energia (+4,6%), mentre diminuisce per i beni ... L'Istat commenta: “A maggio, dopo tre mesi di aumenti congiunturali, l'indice destagionalizzato della produzione industriale diminuisce rispetto ... Il calo è diffuso ai principali raggruppamenti di industrie, con esclusione dell'energia. Risulta invece positivo l'andamento congiunturale ... degli ultimi tre mesi.Su base annua l'indice ... mostrano incrementi rispetto all'anno precedente”. Scopri di più.",https://eview.copyscape.com/compare/92r1jd2i0b/1
511,2026-07-13T08:03:07.294134,,e6ee2915f50a4cbeaacd426929f8f9e3041877c65a24d8d7f3440d991e8e3303,https://www.ore12.net/industria-istat-03-produzione-a-maggio-su-mese-11-su-anno/,"Industria: Istat, -0,3% produzione a maggio su mese, +1,1% su anno",94,,,"... A maggio l'indice destagionalizzato della produzione industriale diminuisce  dello 0,3% rispetto ad aprile. Lo stima l'Istat. ... Nella media del periodo marzo-maggio si registra una crescita del ... precedenti. L'indice destagionalizzato mensile cresce su base congiunturale solo per l'energia (+4,6%), mentre diminuisce per i beni ... Le flessioni più ampie si rilevano nelle industrie tessili, abbigliamento, pelli e accessori (-6,6%), nelle ... altre industrie manifatturiere, riparazione e installazione di macchinari ed apparecchiature (-3,8%) e nella fabbricazione di ... Il calo è diffuso ai principali raggruppamenti di industrie, con esclusione dell'energia. Risulta invece positivo l'andamento congiunturale ... mostrano incrementi rispetto all'anno precedente”, è il commento",https://eview.copyscape.com/compare/92r1jd2i0b/2
512,2026-07-13T08:03:07.294134,,e6ee2915f50a4cbeaacd426929f8f9e3041877c65a24d8d7f3440d991e8e3303,https://www.teleborsa.it/News/2026/07/10/italia-produzione-industriale-cala-a-maggio-dopo-tre-mesi-di-aumenti-congiunturali-53.html,"Italia, produzione industriale cala a maggio dopo tre mesi di aumenti ...",86,,,"... Nella media del periodo marzo-maggio si registra una crescita del livello della produzione dello 0,9% rispetto ai tre mesi precedenti. L ... I settori di attività economica che registrano gli incrementi tendenziali più elevati sono la fabbricazione di mezzi di trasporto (+11,6 ... Le flessioni più ampie si rilevano nelle industrie tessili, abbigliamento, pelli e accessori (-6,6%), nelle ... altre industrie manifatturiere, riparazione e installazione di macchinari ed apparecchiature (-3,8%) e nella ... fabbricazione di apparecchiature elettriche e apparecchiature per uso domestico non elettriche (-2,6%). La tua iscrizione non può",https://eview.copyscape.com/compare/92r1jd2i0b/3
513,2026-07-13T08:03:07.294134,,e6ee2915f50a4cbeaacd426929f8f9e3041877c65a24d8d7f3440d991e8e3303,https://www.borsaitaliana.it/borsa/notizie/radiocor/economia/dettaglio/industria-istat-03-produzione-a-maggio-11-su-anno-2-nRC_10072026_1016_200124155.html,"Industria: Istat, -0,3% produzione a maggio, +1,1% su anno -2",85,,,"... Le flessioni piu' ampie si rilevano nelle industrie tessili, abbigliamento, pelli e accessori (-6,6%), nelle altre industrie ... manifatturiere, riparazione e installazione di macchinari ed apparecchiature (-3,8%) e nella fabbricazione ... di apparecchiature elettriche e apparecchiature per uso domestico non elettriche (-2,6%). L'Istat commenta: ""A maggio ... L'Istat commenta: ""A maggio, dopo tre mesi di aumenti congiunturali, l'indice destagionalizzato della produzione industriale diminuisce rispetto ... Il calo e' diffuso ai principali raggruppamenti di industrie, con esclusione dell'energia. Risulta invece positivo l'andamento congiunturale ... Ad eccezione dei beni di consumo, tutti i principali settori di attivita'  mostrano incrementi rispetto all'anno precedente"". com-vmg.",https://eview.copyscape.com/compare/92r1jd2i0b/4
514,2026-07-13T08:03:07.294134,,e6ee2915f50a4cbeaacd426929f8f9e3041877c65a24d8d7f3440d991e8e3303,https://www.conquistedellavoro.it/attualit%C3%A0/l-industria-in-retromarcia-a-maggio-produzione-0-3-1.3355315,"L'industria in retromarcia, a maggio produzione -0,3%",75,,,"... Gli altri settori che registrano gli incrementi tendenziali più elevati sono ... la produzione di prodotti farmaceutici di base e preparati ... Le flessioni più ampie si rilevano nelle industrie tessili, abbigliamento, pelli e accessori (-6,6%), nelle ... altre industrie manifatturiere, riparazione e installazione di macchinari ed apparecchiature (-3,8%) e nella fabbricazione di ... Era nell'aria. A maggio, dopo tre mesi di aumenti congiunturali, l'indice destagionalizzato della produzione industriale diminuisce da ... Il calo è diffuso ai principali raggruppamenti di industrie, con esclusione dell'energia"", commenta l'Istat. In particolare però, la",https://eview.copyscape.com/compare/92r1jd2i0b/5
515,2026-07-13T08:03:07.294134,,e6ee2915f50a4cbeaacd426929f8f9e3041877c65a24d8d7f3440d991e8e3303,https://www.ansa.it/amp/sito/notizie/economia/pmi/2026/07/10/istat-produzione-industriale-03-a-maggio-ma-su-anno-11-2_638b5258-f8ff-4b57-9046-221f69d45b24.html,"Istat, produzione industriale -0,3% a maggio, ma su anno +1,1% (2)",64,,,"... Le flessioni più ampie si rilevano nelle industrie tessili, abbigliamento, pelli e accessori (-6,6%), nelle ... altre industrie manifatturiere, riparazione e installazione di macchinari ed apparecchiature (-3,8%) e nella fabbricazione di ... Il calo è diffuso ai principali raggruppamenti di industrie, con esclusione dell'energia"", commenta l'Istat. L'indice destagionalizzato ... Risulta invece positivo l'andamento congiunturale nella media degli ultimi tre mesi. Su base annua l'indice corretto per gli effetti di",https://eview.copyscape.com/compare/92r1jd2i0b/6
516,2026-07-13T08:03:07.294134,,e6ee2915f50a4cbeaacd426929f8f9e3041877c65a24d8d7f3440d991e8e3303,https://www.teleborsa.it/News/2026/06/10/italia-la-produzione-industriale-aumenta-per-il-terzo-mese-consecutivo-ad-aprile-87.html,"Italia, la produzione industriale aumenta per il terzo mese ...",43,,,"... I settori di attività economica che registrano gli incrementi tendenziali più elevati sono la fabbricazione di mezzi di trasporto (+17,8 ... Le flessioni più ampie si rilevano nelle industrie tessili, abbigliamento, pelli e accessori (-8,9%), ... nelle altre industrie manifatturiere, riparazione e installazione di macchinari ed apparecchiature (-6,7%) e nell'industria del legno, carta",https://eview.copyscape.com/compare/92r1jd2i0b/7
517,2026-07-13T08:03:07.294134,,e6ee2915f50a4cbeaacd426929f8f9e3041877c65a24d8d7f3440d991e8e3303,https://teleborsa.ansa.it/notiziario/economia/italia-produzione-industriale-cala-a-maggio-dopo-tre-mesi-di-aumenti-congiunturali/,"Italia, produzione industriale cala a maggio dopo tre mesi di aumenti ...",41,,,"... Nella media del periodo marzo-maggio si registra una crescita del livello della produzione dello 0,9% rispetto ai tre mesi precedenti. L ... Le flessioni più ampie si rilevano nelle industrie tessili, abbigliamento, pelli e accessori (-6,6%), nelle altre industrie manifatturiere",https://eview.copyscape.com/compare/92r1jd2i0b/8
518,2026-07-13T08:03:07.294134,,e6ee2915f50a4cbeaacd426929f8f9e3041877c65a24d8d7f3440d991e8e3303,https://www.facebook.com/isfoa/posts/in-italia-produzione-industriale-in-calo-ma-soprattutto-crollo-dei-margini-le-pr/1593851296085377/,IN ITALIA PRODUZIONE INDUSTRIALE IN CALO MA ... - Facebook,38,,,"... rilevano nelle industrie tessili, abbigliamento, pelli e accessori (-6,6%), nelle altre industrie manifatturiere, ... riparazione e installazione di macchinari ed apparecchiature (-3,8%) e nella fabbricazione ... di apparecchiature elettriche e apparecchiature per uso domestico non elettriche (-2,6%). I.S.F.O.A. - Hochschule für",https://eview.copyscape.com/compare/92r1jd2i0b/9
519,2026-07-13T08:03:07.294134,,e6ee2915f50a4cbeaacd426929f8f9e3041877c65a24d8d7f3440d991e8e3303,https://www.borsaitaliana.it/borsa/notizie/radiocor/economia/dettaglio/industria-istat-03-produzione-a-maggio-11-su-anno-rco-nRC_10072026_1007_198631528.html,"Industria: Istat, -0,3% produzione a maggio, +1,1% su anno (RCO)",33,,,"... destagionalizzato della produzione industriale diminuisca dello 0,3% rispetto ad aprile. Nella media del periodo marzo-maggio ... si registra una crescita del livello della produzione dello 0,9% rispetto ai tre mesi precedenti. L",https://eview.copyscape.com/compare/92r1jd2i0b/10
520,2026-07-13T08:03:07.294134,,e6ee2915f50a4cbeaacd426929f8f9e3041877c65a24d8d7f3440d991e8e3303,https://x.com/istat_it/status/2075504917997814071,Istat,31,,,"... Istat (@istat_it). 847 views. A maggio 2026 si stima che indice  destagionalizzato della produzione industriale diminuisca dello 0,3% ... periodo marzo-maggio si registra ... crescita del livello ... produzione dello 0,9% rispetto ai tre mesi precedenti. https://t.co/TJLKPgLKxa #Istat.",https://eview.copyscape.com/compare/92r1jd2i0b/11
521,2026-07-13T08:03:07.294134,,e6ee2915f50a4cbeaacd426929f8f9e3041877c65a24d8d7f3440d991e8e3303,https://www.sardegnaimpresa.eu/it/news/industria-produzione-calo-ottobre-2023,"Industria, produzione in calo a ottobre 2023 | SardegnaImpresa",30,,,"... Secondo i dati pubblicati dall'Istat, a ottobre 2023 si stima che l'indice destagionalizzato della produzione industriale diminuisca dello 0 ... I settori di attività economica che registrano gli incrementi tendenziali più ampi sono  la produzione di prodotti farmaceutici di base e",https://eview.copyscape.com/compare/92r1jd2i0b/12
522,2026-07-13T08:03:07.294134,,e6ee2915f50a4cbeaacd426929f8f9e3041877c65a24d8d7f3440d991e8e3303,https://www.confcommercio.it/-/prod-industriale-luglio,Produzione industriale in calo - Confcommercio,26,,,"... I dati Istat indicano che a luglio 2023 l'indice destagionalizzato della produzione industriale diminuisce dello 0,7% rispetto a giugno ... giorni lavorativi di calendario sono stati 21, come a luglio 2022). Nella media del periodo maggio-luglio il  livello della produzione ... precedenti. L'indice destagionalizzato mensile cresce su base congiunturale solo per l'energia (+3,7%); mentre cala  per i beni intermedi (-0",https://eview.copyscape.com/compare/92r1jd2i0b/13
523,2026-07-13T08:03:07.294134,,e6ee2915f50a4cbeaacd426929f8f9e3041877c65a24d8d7f3440d991e8e3303,https://www.startmag.it/economia/come-va-malino-la-produzione-industriale-italiana/,Come va (malino) la produzione industriale italiana - Startmag,24,,,"... A febbraio 2025 si stima che l'indice destagionalizzato della produzione industriale diminuisca dello 0,9% rispetto a gennaio.... Il calo è diffuso ai principali raggruppamenti di industrie, con esclusione dell'energia. Risulta negativo anche l'andamento congiunturale",https://eview.copyscape.com/compare/92r1jd2i0b/14
524,2026-07-13T08:03:07.294134,,e6ee2915f50a4cbeaacd426929f8f9e3041877c65a24d8d7f3440d991e8e3303,https://www.ilmattinoquotidiano.it/news/basilicata-free/205642/istat-produzione-industriale-in-flessione-nel-2025-bene-farmaceutica-e-alimentare.html,"Istat: produzione industriale in flessione nel 2025, bene ...",22,,,"... A dicembre l'indice destagionalizzato della produzione industriale diminuisce rispetto a novembre: - commenta l'Istat -  il calo è diffuso ... ai principali raggruppamenti di industrie, con esclusione dell'energia e dei beni strumentali. Al contrario,  su base annua, l",https://eview.copyscape.com/compare/92r1jd2i0b/15
525,2026-07-13T08:03:07.294134,,e6ee2915f50a4cbeaacd426929f8f9e3041877c65a24d8d7f3440d991e8e3303,https://www.facebook.com/ilsole24ore/posts/nella-media-del-periodo-marzo-maggio-si-registra-una-crescita-del-livello-della-/1447709340717732/,Nella media del periodo marzo-maggio si registra una crescita del ...,22,,,"... Nella media del periodo marzo-maggio si registra una crescita del livello della produzione dello 0,9% rispetto ai tre mesi precedenti.",https://eview.copyscape.com/compare/92r1jd2i0b/16
526,2026-07-13T08:03:07.294134,,e6ee2915f50a4cbeaacd426929f8f9e3041877c65a24d8d7f3440d991e8e3303,https://www.facebook.com/ilsole24ore/photos/nella-media-del-periodo-marzo-maggio-si-registra-una-crescita-del-livello-della-/1447709327384400/,Il - Nella media del periodo marzo-maggio si registra una crescita ...,22,,,"... Nella media del periodo marzo-maggio si registra una crescita del livello della produzione dello 0,9% rispetto ai tre mesi precedenti.",https://eview.copyscape.com/compare/92r1jd2i0b/17
527,2026-07-13T08:03:07.294134,,e6ee2915f50a4cbeaacd426929f8f9e3041877c65a24d8d7f3440d991e8e3303,https://www.threads.com/@istat_it/post/DXL5d5PDRNi/a-marzo-inflazione-all-dall-del-mese-precedente-confermata-la-stima-preliminare,"A marzo, inflazione all'1,7% dall'1,5% del mese precedente ...",22,,,"... Nella media del periodo marzo-maggio si registra una crescita del livello della produzione dello 0,9% rispetto ai tre mesi precedenti. ow.ly",https://eview.copyscape.com/compare/92r1jd2i0b/18
528,2026-07-13T08:03:07.294134,,e6ee2915f50a4cbeaacd426929f8f9e3041877c65a24d8d7f3440d991e8e3303,https://leasenews.it/news/dati-di-settore/istat-produzione-industriale-03-a-maggio-annuo-11/amp,"Istat: produzione industriale -0,3% a maggio, annuo +1,1%",21,,,"... A maggio 2026 si stima che l'indice destagionalizzato della produzione industriale diminuisca dello 0,3% rispetto ad aprile. Nella media del",https://eview.copyscape.com/compare/92r1jd2i0b/19
529,2026-07-13T08:03:07.294134,,e6ee2915f50a4cbeaacd426929f8f9e3041877c65a24d8d7f3440d991e8e3303,https://www.ilsole24ore.com/radiocor/nRC_10.06.2026_10.40_230,"Produzione industriale: Istat, +0,5% su mese ad aprile, +1,3% su anno",21,,,"... Le flessioni piu' ampie si rilevano nelle industrie tessili, abbigliamento, pelli e accessori (-8,9%), ... nelle altre industrie manifatturiere, riparazione e installazione di macchinari ed apparecchiature (-6,7%) e nell'industria del legno, carta",https://eview.copyscape.com/compare/92r1jd2i0b/20
530,2026-07-13T08:03:07.294134,,e6ee2915f50a4cbeaacd426929f8f9e3041877c65a24d8d7f3440d991e8e3303,https://www.websim.it/azioni/blue-chip/italia-produzione-industriale-di-marzo-in-crescita-del-0-7-mom/,"Produzione industriale di marzo in crescita del +0,7% MoM - Websim",20,,,"... I settori di attività economica che registrano gli incrementi tendenziali più elevati sono la fabbricazione di mezzi di trasporto (+11,2",https://eview.copyscape.com/compare/92r1jd2i0b/21
531,2026-07-13T08:03:07.294134,,e6ee2915f50a4cbeaacd426929f8f9e3041877c65a24d8d7f3440d991e8e3303,https://www.farmacista33.it/industria-e-mercati/32579/produzione-farmaceutica-2025-istat-prima-per-crescita-a-dicembre-23-8.html,"Produzione farmaceutica 2025, Istat: prima per crescita, a dicembre ...",18,,,"... Produzione industriale in calo. A dicembre 2025 l'indice destagionalizzato della produzione industriale diminuisce dello 0,4% rispetto a ... è diffuso ai principali raggruppamenti di industrie, con esclusione dell'energia e dei beni strumentali, ma  su base annua, l'andamento dell",https://eview.copyscape.com/compare/92r1jd2i0b/22
532,2026-07-13T08:03:07.294134,,e6ee2915f50a4cbeaacd426929f8f9e3041877c65a24d8d7f3440d991e8e3303,https://finanza.repubblica.it/News/2026/03/13/istat_a_gennaio_la_produzione_industriale_in_italia_diminuisce_dello_0_6percento_su_mese-39/,"Istat, a gennaio la produzione industriale in Italia diminuisce dello 0 ...",18,,,"... precedenti. L'indice destagionalizzato mensile cresce su base congiunturale solo per l'energia (+4,5%),  mentre diminuisce per ... i beni di",https://eview.copyscape.com/compare/92r1jd2i0b/23
533,2026-07-13T08:03:07.294134,,e6ee2915f50a4cbeaacd426929f8f9e3041877c65a24d8d7f3440d991e8e3303,https://www.facebook.com/raffaella.paita/posts/il-crollo-della-produzione-industriale-%C3%A8-inarrestabile-grazie-a-giorgia-meloni-e/1500293758119867/,Il crollo della produzione industriale è inarrestabile. Grazie a Giorgia ...,18,,,"... precedenti. L'indice destagionalizzato mensile cresce su base congiunturale solo per l'energia (+4,5%),  mentre diminuisce per ... i beni di",https://eview.copyscape.com/compare/92r1jd2i0b/24
534,2026-07-13T08:03:07.294134,,e6ee2915f50a4cbeaacd426929f8f9e3041877c65a24d8d7f3440d991e8e3303,https://www.zazoom.it/2026-07-10/produzione-industriale-03-a-maggio-11-su-anno/19445190/,"Produzione industriale -0,3% a maggio +1,1% su anno",18,,,"... precedenti. L'indice destagionalizzato mensile cresce su base congiunturale solo per l'energia (+4,6%), mentre diminuisce per i beni",https://eview.copyscape.com/compare/92r1jd2i0b/25
535,2026-07-13T08:03:07.294134,,e6ee2915f50a4cbeaacd426929f8f9e3041877c65a24d8d7f3440d991e8e3303,https://www.zazoom.it/2026-07-10/industria-istat-03-produzione-a-maggio-11-su-anno/19444980/,"Industria Istat | -0,3% produzione a maggio +1,1% su anno - Zazoom",18,,,"... precedenti. L'indice destagionalizzato mensile cresce su base congiunturale solo per l'energia (+4,6%), mentre diminuisce per i beni",https://eview.copyscape.com/compare/92r1jd2i0b/26
536,2026-07-13T08:03:07.294134,,e6ee2915f50a4cbeaacd426929f8f9e3041877c65a24d8d7f3440d991e8e3303,https://www.icsoftware.it/dati-istat-sulla-produzione-industriale-di-aprile-2022/,Dati Istat sulla produzione industriale di aprile 2022 - IC Software Srl,16,,,"... I settori di attività economica che registrano gli incrementi tendenziali più ampi sono le  industrie tessili, abbigliamento, pelli e",https://eview.copyscape.com/compare/92r1jd2i0b/27
537,2026-07-13T08:03:07.294134,,e6ee2915f50a4cbeaacd426929f8f9e3041877c65a24d8d7f3440d991e8e3303,https://www.corriere.it/economia/aziende/25_febbraio_12/produzione-industriale-ancora-in-calo-per-l-istat-il-2024-registra-7-1-a-dicembre-male-tessile-e-veicoli-e79d7ee0-8aa7-4c68-b0d2-50e61d7f4xlk.shtml,"Produzione industriale ancora in calo, per l'Istat il 2024 registra",15,,,"... precedenti. L'indice destagionalizzato mensile cresce su base congiunturale solo per l'energia (+0,9%); mentre cala  per i beni strumentali",https://eview.copyscape.com/compare/92r1jd2i0b/28
538,2026-07-13T08:03:07.294134,,e6ee2915f50a4cbeaacd426929f8f9e3041877c65a24d8d7f3440d991e8e3303,https://www.italiacooperativa.it/Economia/economia-cresce-produzione-industria-ma-con-aumenti-energia-margini-negativi-per-82-imprese-1,"Economia: cresce produzione industria, ma con aumenti energia ...",15,,,... Tra i settori di attività economica che registrano variazioni tendenziali positive ci sono  la produzione di prodotti farmaceutici di base e,https://eview.copyscape.com/compare/92r1jd2i0b/29
539,2026-07-13T08:15:30.528576,,a75aac8f720c3c79a8aaeac5e4bd76f976209c4b6ee68c234461f493526c5ff7,https://www.provincia.treviso.it/it/component/content/article/34253-istat-inflazione-in-italia-3-nel-mese-di-giugno-2026-provvisorio?catid=124&Itemid=284,Istat: Inflazione - in Italia +3% nel mese di giugno 2026 (provvisorio),212,,,"... Testo integrale e nota metodologica. Logo della ... tabacchi, registra una variazione nulla su base mensile e del +3,0% su base annua (da +3,2% del mese precedente). Il lieve rallentamento dell'inflazione ... dei Servizi relativi ai trasporti (da +1,7% a +1,1%); in accelerazione sono invece i prezzi degli Energetici, regolamentati (da +5,6% a +9,3%) e non ... I prezzi dei beni rimangono stabili su base annua (a +3,4%) e quelli dei servizi registrano un rallentamento (da +2,8% a +2,6%). Di conseguenza, ... il differenziale tra il comparto dei servizi e quello dei beni si attesta a -0,8 punti percentuali (dai -0,6 p.p.). Il tasso di ... variazione tendenziale dei prezzi dei Beni alimentari, per la cura della casa e della persona si riduce (da +1,9% a +1,6%), come quello dei ... La variazione congiunturale dell'indice generale è sintesi, da un lato, della diminuzione dei prezzi di Alimentari non lavorati (-1,4%) e degli Energetici ... quelli dei Servizi ricreativi, culturali, e per la cura della persona (+0,6%), dei Servizi relativi ai trasporti (+0,5%) e degli Energetici regolamentati (+ ... In base alle stime preliminari, l'indice armonizzato dei prezzi al consumo (IPCA) registra una variazione pari a +0,1% su base mensile e a +3,1% su base",https://eview.copyscape.com/compare/0fi5bzn7p2/1
540,2026-07-13T08:15:30.528576,,a75aac8f720c3c79a8aaeac5e4bd76f976209c4b6ee68c234461f493526c5ff7,https://formatresearch.com/2026/06/30/inflazione-al-3-istat-prezzi-al-consumo/,Inflazione al 3% | Istat PREZZI AL CONSUMO - Format Research,164,,,"... tabacchi, registra una variazione nulla su base mensile e del +3,0% su base annua (da +3,2% del mese precedente). Il lieve rallentamento ... Nel mese di giugno l'“inflazione di fondo”, al netto degli energetici e degli alimentari freschi, si riduce lievemente (da +1,7% a +1,6 ... I prezzi dei beni rimangono stabili su base annua (a +3,4%) e quelli dei servizi registrano un rallentamento (da +2,8% a +2,6%). Di ... conseguenza, il differenziale tra il comparto dei servizi e quello dei beni si attesta a -0,8 punti percentuali (dai -0,6 p.p.). Il tasso ... La variazione congiunturale dell'indice generale è sintesi, da un lato, della diminuzione dei prezzi di Alimentari non lavorati (-1,4%) e ... A giugno 2026 l'inflazione scende al +3,0% (dal +3,2% di maggio). Il lieve rallentamento riflette essenzialmente l'attenuarsi delle tensioni sui ... Un sostegno all'inflazione, d'altro canto, si deve alla moderata accelerazione dei prezzi degli Energetici. Si riduce il tasso di variazione",https://eview.copyscape.com/compare/0fi5bzn7p2/2
541,2026-07-13T08:15:30.528576,,a75aac8f720c3c79a8aaeac5e4bd76f976209c4b6ee68c234461f493526c5ff7,https://tg24.sky.it/economia/2026/06/30/inflazione-giugno-istat,"Inflazione, calo del 3% a giugno: crescita zero dei prezzi. I dati Istat",163,,,"... tabacchi, registra una variazione nulla su base mensile e del +3% ... su base annua (da +3,2% del mese precedente). Lo comunica l'Istituto ... Per favore riprova più tardi. Il lieve rallentamento dell'inflazione riflette la dinamica dei prezzi degli Alimentari non lavorati (da +5,5 ... dei Servizi relativi ai trasporti (da +1,7% a +1,1%); in accelerazione sono invece i prezzi degli ... Energetici, regolamentati (da +5,6% a +9,3%) e non regolamentati (da +12,5% a +12,9%). Created with Sketch. ascolta articolo.... Nel mese di giugno - spiega ancora l'Istat -  l'""inflazione di fondo"", al netto degli energetici e degli alimentari freschi, si riduce lievemente ... I prezzi dei beni rimangono stabili su base annua (a +3,4%) e quelli dei servizi registrano un rallentamento (da +2,8% a +2,6%). Di ... conseguenza, il differenziale tra il comparto dei servizi e quello dei beni si attesta a -0,8 punti percentuali (dai -0,6 p.p.). Il tasso ... La variazione congiunturale dell'indice generale è sintesi, da un lato, della diminuzione dei prezzi di Alimentari non lavorati (-1,4%) e",https://eview.copyscape.com/compare/0fi5bzn7p2/3
542,2026-07-13T08:15:30.528576,,a75aac8f720c3c79a8aaeac5e4bd76f976209c4b6ee68c234461f493526c5ff7,https://www.nuovogiornalenazionale.com/istat-i-prezzi-al-consumo-a-giugno-2026-dati-provvisori/,"Istat, i prezzi al consumo a giugno 2026 - Dati provvisori",124,,,"... Nel mese di giugno la “ inflazione di fondo”, al netto degli energetici e degli alimentari freschi, si riduce lievemente (da +1,7% a +1,6%), come anche ... I prezzi dei beni rimangono stabili su base annua (a +3,4%) e quelli dei servizi registrano un rallentamento (da +2,8% a +2,6%). Di conseguenza, ... il differenziale tra il comparto dei servizi e quello dei beni si attesta a -0,8 punti percentuali (dai -0,6 p.p.). Il tasso di variazione ... La variazione congiunturale dell'indice generale è sintesi, da un lato, della diminuzione dei prezzi di Alimentari non lavorati (-1,4%) e degli Energetici ... Il lieve rallentamento riflette essenzialmente l'attenuarsi delle tensioni sui prezzi degli Alimentari non lavorati, dei Servizi relativi ai trasporti e di",https://eview.copyscape.com/compare/0fi5bzn7p2/4
543,2026-07-13T08:15:30.528576,,a75aac8f720c3c79a8aaeac5e4bd76f976209c4b6ee68c234461f493526c5ff7,https://www.confcommercio.it/-/inflazione-giugno-2026,L'inflazione inverte la marcia - Confcommercio,88,,,"... In accelerazione sono invece i prezzi degli Energetici, regolamentati (da +5,6% a +9,3%) e non regolamentati (da +12,5% a +12,9%). La  inflazione di fondo”, ovvero quella val  netto degli energetici e degli alimentari freschi, si riduce lievemente (da +1,7% a +1,6%), così ... I prezzi dei beni rimangono stabili su base annua (a +3,4%), mentre  quelli dei servizi registrano un rallentamento (da +2,8% a +2,6%). Di ... La variazione congiunturale dell'indice generale è ... da un lato sintesi  della diminuzione dei prezzi di Alimentari non lavorati (-1,4%) e",https://eview.copyscape.com/compare/0fi5bzn7p2/5
544,2026-07-13T08:15:30.528576,,a75aac8f720c3c79a8aaeac5e4bd76f976209c4b6ee68c234461f493526c5ff7,https://www.borsaitaliana.it/borsa/notizie/radiocor/economia/dettaglio/inflazione-istat-stima-variazione-nulla-a-giugno-3-su-anno-2-nRC_30062026_1109_298158327.html,"Inflazione: Istat stima variazione nulla a giugno, +3% su anno -2",62,,,"... Il Sole 24 Ore Radiocor) - Roma, 30 giu - I prezzi dei beni rimangono stabili a giugno  su base annua (a +3,4%) e quelli dei servizi ... Di conseguenza, il differenziale tra il comparto dei servizi e quello dei beni si attesta a -0,8 punti percentuali (dai -0,6 punti percentuali).... quelli dei Servizi ricreativi, culturali, e per la cura della persona (+0,6%), dei Servizi relativi ai trasporti (+0,5%) e degli Energetici",https://eview.copyscape.com/compare/0fi5bzn7p2/6
545,2026-07-13T08:15:30.528576,,a75aac8f720c3c79a8aaeac5e4bd76f976209c4b6ee68c234461f493526c5ff7,https://www.borsaitaliana.it/borsa/notizie/radiocor/prima-pagina/dettaglio/inflazione-istat-stima-variazione-nulla-a-giugno-3-su-anno-rco-nRC_30062026_1107_297133761.html,"Inflazione: Istat stima variazione nulla a giugno, +3% su anno (RCO)",60,,,"... tabacchi, registra una variazione nulla su base mensile e del +3% ... su base annua (da +3,2% del mese precedente). Il rallentamento riflette la ... Il rallentamento riflette la dinamica dei prezzi degli Alimentari non lavorati (da +5,5% a +4,5%), dei Servizi ricreativi, culturali e per ... netto dei soli beni energetici (da +2,1% a +2%). L'inflazione acquisita per il 2026 si mantiene ... a +2,6% per l'indice generale e sale a +1,7",https://eview.copyscape.com/compare/0fi5bzn7p2/7
546,2026-07-13T08:15:30.528576,,a75aac8f720c3c79a8aaeac5e4bd76f976209c4b6ee68c234461f493526c5ff7,https://en.ilsole24ore.com/radiocor/nRC_30.06.2026_11.07_29710297,"Inflazione: Istat stima variazione nulla a giugno, +3% su anno (RCO)",60,,,"... tabacchi, registra una variazione nulla su base mensile e del +3% ... su base annua (da +3,2% del mese precedente). Il rallentamento riflette la ... Il rallentamento riflette la dinamica dei prezzi degli Alimentari non lavorati (da +5,5% a +4,5%), dei Servizi ricreativi, culturali e per ... netto dei soli beni energetici (da +2,1% a +2%). L'inflazione acquisita per il 2026 si mantiene ... a +2,6% per l'indice generale e sale a +1,7",https://eview.copyscape.com/compare/0fi5bzn7p2/8
547,2026-07-13T08:15:30.528576,,a75aac8f720c3c79a8aaeac5e4bd76f976209c4b6ee68c234461f493526c5ff7,https://www.provincia.treviso.it/it/news/34253-istat-inflazione-in-italia-3-nel-mese-di-giugno-2026-provvisorio,Istat: Inflazione - in Italia +3% nel mese di giugno 2026 (provvisorio),57,,,"... Nel mese di giugno l'“inflazione di fondo”, al netto degli energetici e degli alimentari freschi, si riduce lievemente (da +1,7% a +1,6%), come anche quella ... netto dei soli beni energetici (da +2,1% a +2,0%). I prezzi dei beni rimangono stabili su base annua (a +3,4%) e quelli dei servizi registrano un",https://eview.copyscape.com/compare/0fi5bzn7p2/9
548,2026-07-13T08:15:30.528576,,a75aac8f720c3c79a8aaeac5e4bd76f976209c4b6ee68c234461f493526c5ff7,https://comunicazioneitaliana.it/news/eb536436e00a911bbda860d7992c1525,"Inflazione accelera, a marzo prezzi +1,7%: carrello della spesa al 2 ...",46,,,"... L'andamento dell'inflazione risente prevalentemente della netta risalita dei prezzi degli Energetici - regolamentati (da -11,6% a -1, 3%) e non (da -6,2% a ... Il tasso di variazione tendenziale dei prezzi dei Beni alimentari, per la cura della casa e della persona evidenzia una moderata accelerazione (da +2,0% a +2,2 ... In base alle stime preliminari, l'indice armonizzato dei prezzi al consumo (Ipca) registra una variazione pari a +1,6%  su base mensile, per la fine dei",https://eview.copyscape.com/compare/0fi5bzn7p2/10
549,2026-07-13T08:15:30.528576,,a75aac8f720c3c79a8aaeac5e4bd76f976209c4b6ee68c234461f493526c5ff7,https://www.aduc.it/notizia/inflazione+leggero+calo+stima+istat_142788.php,Inflazione in leggero calo. Stima Istat - ADUC,42,,,"... A giugno 2026 l'inflazione scende al +3,0% (dal +3,2% di maggio). Il lieve rallentamento riflette essenzialmente l'attenuarsi delle tensioni sui ... Un sostegno all'inflazione, d'altro canto, si deve alla moderata accelerazione dei prezzi degli Energetici. Si riduce il tasso di variazione",https://eview.copyscape.com/compare/0fi5bzn7p2/11
550,2026-07-13T08:15:30.528576,,a75aac8f720c3c79a8aaeac5e4bd76f976209c4b6ee68c234461f493526c5ff7,https://www.borsaitaliana.it/borsa/notizie/radiocor/economia/dettaglio/inflazione-istat-stima-04-a-maggio-32-su-anno-2-nRC_29052026_1123_287371785.html,"Inflazione: Istat stima +0,4% a maggio, +3,2% su anno - Borsa Italiana",40,,,"... Il Sole 24 Ore Radiocor) - Roma, 29 mag - Il tasso di variazione tendenziale dei prezzi dei Beni alimentari, per la cura della casa e della ... In base alle stime preliminari, l'indice armonizzato dei prezzi al consumo (Ipca) registra una variazione pari a +0,4%  su base mensile e a",https://eview.copyscape.com/compare/0fi5bzn7p2/12
551,2026-07-13T08:15:30.528576,,a75aac8f720c3c79a8aaeac5e4bd76f976209c4b6ee68c234461f493526c5ff7,https://pminews.eu/2026/06/30/prezzi-al-consumo-giugno-2026-linflazione-scende-al-30-i-dati-istat/,"Prezzi al consumo: giugno 2026, l'inflazione scende al +3,0%",35,,,"... I prezzi dei beni rimangono stabili su base annua (+3,4%), mentre  quelli dei servizi rallentano (dal +2,8% al + 2,6%). Di conseguenza, il ... Il lieve rallentamento riflette essenzialmente l'attenuarsi delle tensioni sui prezzi degli alimentari non lavorati, dei servizi relativi ai",https://eview.copyscape.com/compare/0fi5bzn7p2/13
552,2026-07-13T08:15:30.528576,,a75aac8f720c3c79a8aaeac5e4bd76f976209c4b6ee68c234461f493526c5ff7,https://www.aranagenzia.it/download/prezzi-al-consumo-febbraio-2025/,Prezzi al consumo – Febbraio 2025 | Aran Agenzia,35,,,"... quelli dei Servizi ricreativi, culturali e per la cura della persona (da +3,3% a +3,1%). ... Nel mese di febbraio  l'“inflazione di fondo”, al netto degli energetici e degli alimentari freschi, si riduce, così come  quella al netto dei soli beni",https://eview.copyscape.com/compare/0fi5bzn7p2/14
553,2026-07-13T08:15:30.528576,,a75aac8f720c3c79a8aaeac5e4bd76f976209c4b6ee68c234461f493526c5ff7,https://www.ilsole24ore.com/radiocor/nRC_16.06.2026_10.14_226,"Inflazione: Istat conferma, +0,4% a maggio, +3,2% su anno -2",35,,,"... Di conseguenza, il differenziale tra il comparto dei servizi e quello dei beni si attesta a -0,6 punti percentuali, rispetto ai -0,7 p.p. ... Il tasso di variazione tendenziale dei prezzi dei Beni alimentari, per la cura della casa e della persona scende a +1,9% (da +2,3",https://eview.copyscape.com/compare/0fi5bzn7p2/15
554,2026-07-13T08:15:30.528576,,a75aac8f720c3c79a8aaeac5e4bd76f976209c4b6ee68c234461f493526c5ff7,https://www.ilfattonisseno.it/2026/06/inflazione-carrello-spesa-cala-dall19-all16-a-giugno/,"Inflazione: carrello spesa cala dall'1,9% all'1,6% a giugno",30,,,"... degli energetici e degli alimentari freschi, si riduce lievemente (da +1,7% a +1,6%), come anche quella al netto dei soli beni energetici (da +2,1% a +2,0%)",https://eview.copyscape.com/compare/0fi5bzn7p2/16
555,2026-07-13T08:15:30.528576,,a75aac8f720c3c79a8aaeac5e4bd76f976209c4b6ee68c234461f493526c5ff7,https://www.ilnazionale.it/2026/07/12/leggi-notizia/argomenti/italia/articolo/lieve-rallentamento-dellinflazione-che-scende-da-32-a-3-secondo-listat.html,"Lieve rallentamento dell'inflazione che scende dal 3,2% al 3 ...",27,,,"... I prezzi dei beni rimangono stabili su base annua ... e quelli dei servizi registrano un calo.... L'Istat rileva che a giugno l'inflazione scende al 3% (3,2% a  maggio), il lieve rallentamento riflette essenzialmente l'attenuarsi delle",https://eview.copyscape.com/compare/0fi5bzn7p2/17
556,2026-07-13T08:15:30.528576,,a75aac8f720c3c79a8aaeac5e4bd76f976209c4b6ee68c234461f493526c5ff7,https://it.linkedin.com/posts/istat_prezzi-al-consumodati-provv-giugno2026-activity-7477655595106590720-f_me,Istat - Prezzi al consumo_Dati provv-Giugno2026 - LinkedIn,26,,,"... alimentari freschi, si riduce lievemente passando  da +1,7% a +1,6%, come anche quella al netto dei soli beni energetici (da +2,1% a +2,0",https://eview.copyscape.com/compare/0fi5bzn7p2/18
557,2026-07-13T08:15:30.528576,,a75aac8f720c3c79a8aaeac5e4bd76f976209c4b6ee68c234461f493526c5ff7,https://www.reddit.com/r/italy/comments/1ujm9o5/linflazione_preliminare_istat_di_giugno_si_ferma/,L'inflazione preliminare Istat di giugno: si ferma la corsa dei prezzi ...,26,,,"... I prezzi dei beni rimangono stabili su base annua (a +3,4%) e quelli dei servizi registrano un rallentamento (da +2,8% a +2,6%). Di",https://eview.copyscape.com/compare/0fi5bzn7p2/19
558,2026-07-13T08:15:30.528576,,a75aac8f720c3c79a8aaeac5e4bd76f976209c4b6ee68c234461f493526c5ff7,https://www.ilsole24ore.com/radiocor/nRC_29.05.2026_11.23_287,"Inflazione: Istat stima +0,4% a maggio, +3,2% su anno - Il Sole 24 ORE",23,,,"... In base alle stime preliminari, l'indice armonizzato dei prezzi al consumo (Ipca) registra una variazione pari a +0,4%  su base mensile e a",https://eview.copyscape.com/compare/0fi5bzn7p2/20
559,2026-07-13T08:15:30.528576,,a75aac8f720c3c79a8aaeac5e4bd76f976209c4b6ee68c234461f493526c5ff7,https://comunicazioneitaliana.it/news/1b9f5d8c9bf057ac86a7112b5fd14533,"Inflazione a febbraio all'1,6%, carrello della spesa +2%",22,,,"... quelli dei Servizi ricreativi, culturali e per la cura della persona (da +3,3% a +3,0%).  Nel mese di febbraio  l'""inflazione di fondo”, al netto degli",https://eview.copyscape.com/compare/0fi5bzn7p2/21
560,2026-07-13T08:15:30.528576,,a75aac8f720c3c79a8aaeac5e4bd76f976209c4b6ee68c234461f493526c5ff7,https://www.anfia.it/it/comunicazione/notizie-e-comunicati/comunicati-stampa/mercato-vetture-italia/anche-giugno-positivo-per-il-mercato-auto-italiano-10-6,ANCHE GIUGNO POSITIVO PER IL MERCATO AUTO ITALIANO,21,,,"... precedente). Il lieve rallentamento dell'inflazione riflette la dinamica dei prezzi degli Alimentari non lavorati (da +5,5% a +4,5%), dei",https://eview.copyscape.com/compare/0fi5bzn7p2/22
561,2026-07-13T08:15:30.528576,,a75aac8f720c3c79a8aaeac5e4bd76f976209c4b6ee68c234461f493526c5ff7,https://www.rainews.it/articoli/2026/06/istat-crescita-zero-dei-prezzi-a-giugno-linflazione-cala-al-3-3f546ece-a43b-4ebe-8d09-87a2a8231010.html,"Istat, crescita zero dei prezzi a giugno: l'inflazione cala al 3%",21,,,"... A giugno l'inflazione di fondo, al netto degli energetici e degli alimentari freschi, si riduce lievemente (da +1,7% a +1,6%), come anche",https://eview.copyscape.com/compare/0fi5bzn7p2/23
562,2026-07-13T08:15:30.528576,,a75aac8f720c3c79a8aaeac5e4bd76f976209c4b6ee68c234461f493526c5ff7,https://www.ilnordest.it/italia-ed-esteri/istat-crescita-zero-dei-prezzi-a-giugno-inflazione-cala-al-3-deoajb5t,"Istat, crescita zero dei prezzi a giugno, inflazione cala al 3%",20,,,"... tabacchi, registra una variazione nulla su base mensile e del +3% su ... tensioni sui prezzi degli Alimentari non lavorati, dei Servizi",https://eview.copyscape.com/compare/0fi5bzn7p2/24
563,2026-07-13T08:15:30.528576,,a75aac8f720c3c79a8aaeac5e4bd76f976209c4b6ee68c234461f493526c5ff7,https://www.redigo.info/2026/07/01/giugno-2026/,"Istat, prezzi al consumo di giugno 2026. L'inflazione rallenta",20,,,"... Un sostegno all'inflazione, d'altro canto, si deve alla moderata accelerazione dei prezzi degli Energetici. Si riduce il tasso di variazione",https://eview.copyscape.com/compare/0fi5bzn7p2/25
564,2026-07-13T08:15:30.528576,,a75aac8f720c3c79a8aaeac5e4bd76f976209c4b6ee68c234461f493526c5ff7,https://www.lagazzettadelmezzogiorno.it/news/ultima-ora/2035245/istat-crescita-zero-dei-prezzi-a-giugno-inflazione-cala-al-3.html,"Istat, crescita zero dei prezzi a giugno, inflazione cala al 3%",20,,,"... Un sostegno all'inflazione, d'altro canto, si deve alla moderata accelerazione dei prezzi degli Energetici. Si riduce il tasso di variazione",https://eview.copyscape.com/compare/0fi5bzn7p2/26
565,2026-07-13T08:15:30.528576,,a75aac8f720c3c79a8aaeac5e4bd76f976209c4b6ee68c234461f493526c5ff7,https://www.quotidiano.net/economia/ultimaora/istat-crescita-zero-dei-prezzi-34bc8611,"Istat, crescita zero dei prezzi a giugno, inflazione cala al 3%",20,,,"... Un sostegno all'inflazione, d'altro canto, si deve alla moderata accelerazione dei prezzi degli Energetici. Si riduce il tasso di variazione",https://eview.copyscape.com/compare/0fi5bzn7p2/27
566,2026-07-13T08:15:30.528576,,a75aac8f720c3c79a8aaeac5e4bd76f976209c4b6ee68c234461f493526c5ff7,https://www.ansa.it/sito/notizie/economia/pmi/2026/06/30/istat-lieve-decremento-per-il-carrello-della-spesa_49e91eb7-1b3c-4a7b-a08f-5213fee3882a.html,"Istat, lieve decremento per il carrello della spesa - PMI - Ansa.it",20,,,"... Un sostegno all'inflazione, d'altro canto, si deve alla moderata accelerazione dei prezzi degli Energetici. Si riduce il tasso di variazione",https://eview.copyscape.com/compare/0fi5bzn7p2/28
567,2026-07-13T08:15:30.528576,,a75aac8f720c3c79a8aaeac5e4bd76f976209c4b6ee68c234461f493526c5ff7,https://www.helpconsumatori.it/acquisti/inflazione-stime-istat-a-giugno-rallenta-al-3-variazione-nulla-sul-mese/,"Inflazione, stime Istat: a giugno rallenta al 3%, variazione nulla sul ...",20,,,"... Un sostegno all'inflazione, d'altro canto, si deve alla moderata accelerazione dei prezzi degli Energetici. Si riduce il tasso di variazione",https://eview.copyscape.com/compare/0fi5bzn7p2/29
568,2026-07-13T08:15:30.528576,,a75aac8f720c3c79a8aaeac5e4bd76f976209c4b6ee68c234461f493526c5ff7,https://www.teleborsa.it/News/2026/06/30/istat-inflazione-in-lieve-calo-a-giugno-3-0percent-su-base-annua-da-3-2percent-di-maggio-77.html,"Istat, inflazione in lieve calo a giugno: +3,0% su base annua (da +3 ...",20,,,"... dei Servizi relativi ai trasporti (da +1,7% a +1,1%). In direzione ... Il tasso di variazione tendenziale dei prezzi del cosiddetto",https://eview.copyscape.com/compare/0fi5bzn7p2/30
569,2026-07-13T08:15:30.528576,,a75aac8f720c3c79a8aaeac5e4bd76f976209c4b6ee68c234461f493526c5ff7,https://www.ilmessaggero.it/economia/news/inflazione_aprile_2023_energia_istat_dati_ultime_notizie-7405183.html,"L'inflazione torna a salire: ad aprile +8,2%. Istat - Il Messaggero",19,,,"... quelli dei servizi ricreativi, culturali e per la cura della persona (da +6,3% a +6,9%)  e dei servizi vari (da +2,5% a +2,9%). Tali effetti ... prezzi degli energetici regolamentati (da -20,3% a -26,7%) e dal rallentamento di quelli degli alimentari lavorati (da +15,3% a +14,0%) e",https://eview.copyscape.com/compare/0fi5bzn7p2/31
570,2026-07-13T08:15:30.528576,,a75aac8f720c3c79a8aaeac5e4bd76f976209c4b6ee68c234461f493526c5ff7,https://www.agrapress.it/2026/06/inflazione-istat-a-giugno-2026-si-stima-variazione-nulla-su-aprile-e-del-3-su-base-annua/,"INFLAZIONE : ISTAT, A GIUGNO 2026 SI STIMA VARIAZIONE ...",18,,,"... il lieve rallentamento riflette essenzialmente l'attenuarsi delle tensioni sui prezzi degli alimentari non lavorati, dei servizi relativi ai",https://eview.copyscape.com/compare/0fi5bzn7p2/32
571,2026-07-13T08:15:30.528576,,a75aac8f720c3c79a8aaeac5e4bd76f976209c4b6ee68c234461f493526c5ff7,https://www.conquistedellavoro.it/attualit%C3%A0/lagarde-spazio-per-agire-sui-tassi-ma-senza-corsa-ai-rialzi-1.3355119,Lagarde: spazio per agire sui tassi ma senza corsa ai rialzi,18,,,"... Lo comunica l'Istituto. Il lieve rallentamento dell'inflazione riflette la dinamica dei prezzi degli alimentari non lavorati (da +5,5% a +4",https://eview.copyscape.com/compare/0fi5bzn7p2/33
572,2026-07-13T08:15:30.528576,,a75aac8f720c3c79a8aaeac5e4bd76f976209c4b6ee68c234461f493526c5ff7,https://teleborsa.ansa.it/notiziario/economia/istat-a-maggio-linflazione-accelera-al-32-spingono-ancora-i-prezzi-dellenergia/,"Istat, a maggio l'inflazione accelera al 3,2%. Spingono ancora i ...",18,,,"... Il tasso di variazione tendenziale dei prezzi dei Beni alimentari, per la cura della casa e della persona resta stabile a +2,3%, mentre",https://eview.copyscape.com/compare/0fi5bzn7p2/34
573,2026-07-13T08:15:30.528576,,a75aac8f720c3c79a8aaeac5e4bd76f976209c4b6ee68c234461f493526c5ff7,https://www.borse.it/news/inflazione-italia-in-calo-al-3-a-giugno-giu-anche-il-carrello-spesa,"Inflazione Italia in calo al 3% a giugno, giù anche il carrello spesa",17,,,"... Il lieve rallentamento riflette essenzialmente l'attenuarsi delle tensioni sui prezzi degli Alimentari non lavorati, dei Servizi relativi",https://eview.copyscape.com/compare/0fi5bzn7p2/35
574,2026-07-13T08:15:30.528576,,a75aac8f720c3c79a8aaeac5e4bd76f976209c4b6ee68c234461f493526c5ff7,https://www.lametasociale.it/2026/06/30/rallentano-i-prezzi-al-consumo-a-giugno/,Rallentano i prezzi al consumo a giugno - Meta Sociale,17,,,"... precedente. Il lieve rallentamento dell'inflazione, spiega l'Istat, « riflette la dinamica dei prezzi degli Alimentari non lavorati (da +5,5",https://eview.copyscape.com/compare/0fi5bzn7p2/36
575,2026-07-13T08:15:30.528576,,a75aac8f720c3c79a8aaeac5e4bd76f976209c4b6ee68c234461f493526c5ff7,https://www.radiostudio90italia.it/inflazione-istat-a-giugno-rallenta-a-3-carrello-spesa-a-16/,"Inflazione, Istat: a giugno rallenta a +3%, carrello spesa a +1,6%",17,,,"... E' la stima preliminare diffusa dall'Istat. Il lieve rallentamento dell'inflazione riflette la dinamica dei prezzi degli Alimentari non lavorati (da +5,5% a",https://eview.copyscape.com/compare/0fi5bzn7p2/37
576,2026-07-13T08:15:30.528576,,a75aac8f720c3c79a8aaeac5e4bd76f976209c4b6ee68c234461f493526c5ff7,https://www.startupbusiness.it/inflazione-istat-conferma-04-a-maggio-32-su-anno/176864/,"Inflazione, Istat conferma: +0,4% a maggio, +3,2% su anno",17,,,"... Di conseguenza, il differenziale tra il comparto dei servizi e quello dei beni si attesta a -0,6 punti percentuali, rispetto ai -0,7 p.p.",https://eview.copyscape.com/compare/0fi5bzn7p2/38
577,2026-07-13T08:15:30.528576,,a75aac8f720c3c79a8aaeac5e4bd76f976209c4b6ee68c234461f493526c5ff7,https://www.ore12.net/inflazione-istat-conferma-stime-a-maggio-04-su-mese-32-su-anno/,"Istat conferma stime, a maggio +0,4% su mese +3,2% su anno - Ore12",17,,,"... Di conseguenza, il differenziale tra il comparto dei servizi e quello dei beni si attesta a -0,6 punti percentuali, rispetto ai -0,7 p.p.",https://eview.copyscape.com/compare/0fi5bzn7p2/39
578,2026-07-13T08:15:30.528576,,a75aac8f720c3c79a8aaeac5e4bd76f976209c4b6ee68c234461f493526c5ff7,https://www.corriere.it/economia/consumi/26_giugno_16/inflazione-la-conferma-dell-istat-a-maggio-sale-dello-0-4-su-mese-3-2-rispetto-a-un-anno-fa-25f3de36-b6c5-4935-b9a2-fc9dec68exlk.shtml,"Inflazione, la conferma dell'Istat: a maggio sale dello 0,4% su mese ...",17,,,"... Di conseguenza, il differenziale tra il comparto dei servizi e quello dei beni si attesta a -0,6 punti percentuali, rispetto ai -0,7 p.p.",https://eview.copyscape.com/compare/0fi5bzn7p2/40
579,2026-07-13T08:15:30.528576,,a75aac8f720c3c79a8aaeac5e4bd76f976209c4b6ee68c234461f493526c5ff7,https://www.nuovogiornalenazionale.com/istat-landamento-dei-prezzi-al-consumo-a-maggio-2026/,"Istat, l'andamento dei prezzi al consumo a maggio 2026",17,,,"... Di conseguenza, il differenziale tra il comparto dei servizi e quello dei beni si attesta a -0,6 punti percentuali, rispetto ai -0,7 p.p.",https://eview.copyscape.com/compare/0fi5bzn7p2/41
580,2026-07-13T08:15:30.528576,,a75aac8f720c3c79a8aaeac5e4bd76f976209c4b6ee68c234461f493526c5ff7,https://www.ansa.it/sito/notizie/economia/2026/06/30/si-raffredda-linflazione-in-europa-ma-la-bce-resta-cauta_2aa5f7ff-eea8-4b24-8efd-c3beb4a43f36.html,"Si raffredda l'inflazione in Europa, ma la Bce resta cauta - ANSA",15,,,"... precedente). Il lieve rallentamento dell'inflazione riflette ... Un sostegno all'inflazione, d'altro canto, si deve alla moderata",https://eview.copyscape.com/compare/0fi5bzn7p2/42
581,2026-07-13T08:15:30.528576,,a75aac8f720c3c79a8aaeac5e4bd76f976209c4b6ee68c234461f493526c5ff7,https://www.provincia.treviso.it/it/news/34218-istat-inflazione-in-italia-3-2-nel-mese-di-maggio-2026-provvisorio,"Istat: Inflazione - in Italia +3,2% nel mese di maggio 2026 (provvisorio)",15,,,"... netto dei soli beni energetici (da +1,9% a +2,1%).  I prezzi dei beni ... e quelli dei servizi registrano un'accelerazione su base annua di pari entità",https://eview.copyscape.com/compare/0fi5bzn7p2/43
582,2026-07-13T08:15:30.528576,,a75aac8f720c3c79a8aaeac5e4bd76f976209c4b6ee68c234461f493526c5ff7,https://www.ilmessaggero.it/economia/news/inflazione_italia_eurozona_ultime_notizie-7377001.html,"L'inflazione in Italia torna a crescere: +8,3%. Male anche l'Eurozona ...",15,,,"... quelli dei servizi ricreativi, culturali e per la cura della persona (da +6,3% a +6, 7%) e dei servizi vari (da +2,5% a +2,9%). Tali effetti",https://eview.copyscape.com/compare/0fi5bzn7p2/44
583,2026-07-13T08:15:30.528576,,a75aac8f720c3c79a8aaeac5e4bd76f976209c4b6ee68c234461f493526c5ff7,https://www.uilpa.it/istat-il-costo-della-vita-continua-ad-aumentare/,Istat: il costo della vita continua ad aumentare – UILPA,15,,,"... In base alle stime preliminari, l'indice armonizzato dei prezzi al consumo (IPCA) aumenta dell'1,3%  su base annua. Documento PDF: CS_Prezzi",https://eview.copyscape.com/compare/0fi5bzn7p2/45
584,2026-07-13T08:15:30.528576,,a75aac8f720c3c79a8aaeac5e4bd76f976209c4b6ee68c234461f493526c5ff7,https://www.ilsole24ore.com/art/inflazione-dicembre-13percento-base-annua-e-01percento-mese-2024-crescita-media-prezzi-dell-10percento-AGEJz69B,"Inflazione, a dicembre +1,3% su base annua e +0,1% sul mese. Nel ...",15,,,"... Sempre secondo le stime preliminari l'indice armonizzato dei prezzi al consumo (Ipca) registra una variazione ... su base mensile pari a +0,1% e",https://eview.copyscape.com/compare/0fi5bzn7p2/46
585,2026-07-13T08:15:34.439832,,fb339c0b50012bca2d9005034f25a28c80e07da586810bdf8ddd4449d6d31e93,https://www.ilsole24ore.com/radiocor/nRC_10.06.2026_10.40_230,"Produzione industriale: Istat, +0,5% su mese ad aprile, +1,3% su anno",79,,,"... Le flessioni piu' ampie si rilevano nelle industrie tessili, abbigliamento, pelli e accessori (-8,9%), nelle altre industrie manifatturiere ... congiunturale dell'indice destagionalizzato della produzione industriale, trainato dalla dinamica positiva dei beni intermedi ... e di quelli strumentali. In crescita risulta pure la media del trimestre ... febbraio-aprile rispetto ai tre mesi precedenti. Ad aprile, anche in termini tendenziali e ... al netto degli effetti di calendario, sia l'indice generale sia quelli relativi ai beni intermedi ... strumentali mostrano un aumento, particolarmente ampio per questi ultimi"". com-fil. Gli ultimi video Radiocor. (RADIOCOR) 10-06-26 10:40:32",https://eview.copyscape.com/compare/t7gjtnxlmy/1
586,2026-07-13T08:15:34.439832,,fb339c0b50012bca2d9005034f25a28c80e07da586810bdf8ddd4449d6d31e93,https://www.teleborsa.it/News/2026/06/10/italia-la-produzione-industriale-aumenta-per-il-terzo-mese-consecutivo-ad-aprile-87.html,"Italia, la produzione industriale aumenta per il terzo mese ...",62,,,"... Nella media del periodo febbraio-aprile si registra una crescita del livello della produzione dello 0,2% rispetto ai tre mesi precedenti. L ... I settori di attività economica che registrano gli incrementi tendenziali più elevati sono la fabbricazione di mezzi di trasporto (+17,8 ... Le flessioni più ampie si rilevano nelle industrie tessili, abbigliamento, pelli e accessori (-8,9%), nelle altre industrie manifatturiere",https://eview.copyscape.com/compare/t7gjtnxlmy/2
587,2026-07-13T08:15:34.439832,,fb339c0b50012bca2d9005034f25a28c80e07da586810bdf8ddd4449d6d31e93,https://leasenews.it/news/dati-di-settore/istat-produzione-industriale-05-ad-aprile-in-crescita,"Istat: produzione industriale +0,5% ad aprile, in crescita",53,,,"... Ad aprile si registra, per il terzo mese consecutivo, un aumento congiunturale dell'indice destagionalizzato della produzione industriale, trainato dalla ... dinamica positiva dei beni intermedi e di quelli strumentali. In crescita risulta pure la media del trimestre ... febbraio-aprile rispetto ai tre mesi precedenti. Ad aprile, anche in termini tendenziali e al netto degli",https://eview.copyscape.com/compare/t7gjtnxlmy/3
588,2026-07-13T08:15:34.439832,,fb339c0b50012bca2d9005034f25a28c80e07da586810bdf8ddd4449d6d31e93,https://www.pugliain.net/produzione-industriale-in-crescita-ad-aprile/,Produzione industriale in crescita ad aprile - pugliain.net,41,,,"... Nella media del periodo febbraio-aprile si registra una crescita del livello della produzione dello 0,2% rispetto ai tre mesi precedenti. Al netto degli ... Si tratta del terzo mese consecutivo con  un aumento congiunturale ... della produzione industriale, trainato dalla dinamica positiva dei beni intermedi e di quelli",https://eview.copyscape.com/compare/t7gjtnxlmy/4
589,2026-07-13T08:15:34.439832,,fb339c0b50012bca2d9005034f25a28c80e07da586810bdf8ddd4449d6d31e93,https://www.teleborsa.it/News/2026/07/10/italia-produzione-industriale-cala-a-maggio-dopo-tre-mesi-di-aumenti-congiunturali-53.html,"Italia, produzione industriale cala a maggio dopo tre mesi di aumenti ...",41,,,"... Teleborsa) - L'Istat, l'ufficio italiano di statistica, stima che a maggio 2026 l'indice destagionalizzato della produzione industriale sia ... I settori di attività economica che registrano gli incrementi tendenziali più elevati sono la fabbricazione di mezzi di trasporto (+11,6 ... Le flessioni più ampie si rilevano nelle industrie tessili, abbigliamento, pelli e accessori (-6,6%),  nelle altre industrie manifatturiere",https://eview.copyscape.com/compare/t7gjtnxlmy/5
590,2026-07-13T08:15:34.439832,,fb339c0b50012bca2d9005034f25a28c80e07da586810bdf8ddd4449d6d31e93,https://www.stampaparlamento.it/2026/06/10/ad-aprile-il-terzo-mese-consecutivo-di-crescita-della-produzione-industriale-italiana/,"Ad aprile, il terzo mese consecutivo di crescita della produzione ...",41,,,"... Nella media del periodo febbraio-aprile si registra una crescita del livello della produzione dello 0,2% rispetto ai tre mesi precedenti. L ... Le flessioni più ampie si rilevano nelle industrie tessili, abbigliamento, pelli e accessori (-8,9%), nelle altre industrie manifatturiere",https://eview.copyscape.com/compare/t7gjtnxlmy/6
591,2026-07-13T08:15:34.439832,,fb339c0b50012bca2d9005034f25a28c80e07da586810bdf8ddd4449d6d31e93,https://www.conquistedellavoro.it/attualit%C3%A0/l-industria-in-retromarcia-a-maggio-produzione-0-3-1.3355315,"L'industria in retromarcia, a maggio produzione -0,3%",39,,,"... Era nell'aria. A maggio, dopo tre mesi di aumenti congiunturali, l'indice destagionalizzato della produzione industriale diminuisce da ... Gli altri settori che registrano gli incrementi tendenziali più elevati sono ... la produzione di prodotti farmaceutici di base e preparati ... Le flessioni più ampie si rilevano nelle industrie tessili, abbigliamento, pelli e accessori (-6,6%),  nelle altre industrie manifatturiere",https://eview.copyscape.com/compare/t7gjtnxlmy/7
592,2026-07-13T08:15:34.439832,,fb339c0b50012bca2d9005034f25a28c80e07da586810bdf8ddd4449d6d31e93,https://finanza.repubblica.it/News/2026/06/10/i_listini_europei_rallentano_milano_sulla_parita-137/,"I listini europei rallentano, Milano sulla parità - Economia e Finanza",22,,,"... Nella media del periodo febbraio-aprile si registra una crescita del livello della produzione dello 0,2% rispetto ai tre mesi precedenti.",https://eview.copyscape.com/compare/t7gjtnxlmy/8
593,2026-07-13T08:15:34.439832,,fb339c0b50012bca2d9005034f25a28c80e07da586810bdf8ddd4449d6d31e93,https://www.ilsole24ore.com/art/industria-ad-aprile-produzione-05percento-13percento-anno-AINZdCaD,"Industria avanti per il terzo mese: +0,5% ad aprile, ai massimi da ...",22,,,"... Nella media del periodo febbraio-aprile si registra una crescita del livello della produzione dello 0,2% rispetto ai tre mesi precedenti. .",https://eview.copyscape.com/compare/t7gjtnxlmy/9
594,2026-07-13T08:15:34.439832,,fb339c0b50012bca2d9005034f25a28c80e07da586810bdf8ddd4449d6d31e93,https://www.ansa.it/sito/notizie/economia/pmi/2026/06/10/istat-produzione-industriale-aprile-05-su-mese-13-su-anno-2_08c96fb6-500c-4e39-941a-14edb10f77b6.html,"Istat, produzione industriale aprile +0,5% su mese, +1,3% su anno (2)",21,,,"... Nella media del periodo febbraio-aprile si registra una crescita del livello della produzione industriale  dello 0,2% rispetto ai tre mesi",https://eview.copyscape.com/compare/t7gjtnxlmy/10
595,2026-07-13T08:15:34.439832,,fb339c0b50012bca2d9005034f25a28c80e07da586810bdf8ddd4449d6d31e93,https://www.threads.com/@istat_it/post/DXL5d5PDRNi/a-marzo-inflazione-all-dall-del-mese-precedente-confermata-la-stima-preliminare,"A marzo, inflazione all'1,7% dall'1,5% del mese precedente ...",19,,,"... Nella media del periodo marzo-maggio  si registra una crescita del livello della produzione dello 0,9%  rispetto ai tre mesi precedenti. ow.ly",https://eview.copyscape.com/compare/t7gjtnxlmy/11
596,2026-07-13T08:15:34.439832,,fb339c0b50012bca2d9005034f25a28c80e07da586810bdf8ddd4449d6d31e93,https://www.websim.it/azioni/blue-chip/italia-produzione-industriale-di-marzo-in-crescita-del-0-7-mom/,"Produzione industriale di marzo in crescita del +0,7% MoM - Websim",19,,,"... I settori di attività economica che registrano gli incrementi tendenziali più elevati sono la fabbricazione di mezzi di trasporto (+11,2",https://eview.copyscape.com/compare/t7gjtnxlmy/12
597,2026-07-13T08:15:34.439832,,fb339c0b50012bca2d9005034f25a28c80e07da586810bdf8ddd4449d6d31e93,https://www.sardegnaimpresa.eu/it/news/industria-produzione-calo-ottobre-2023,"Industria, produzione in calo a ottobre 2023 | SardegnaImpresa",19,,,... I settori di attività economica che registrano gli incrementi tendenziali più ampi sono  la produzione di prodotti farmaceutici di base e,https://eview.copyscape.com/compare/t7gjtnxlmy/13
598,2026-07-13T08:15:34.439832,,fb339c0b50012bca2d9005034f25a28c80e07da586810bdf8ddd4449d6d31e93,https://www.industriaitaliana.it/istat-produzione-industriale-settembre-2025-energia-elettronica/,"Istat: produzione industriale +2,8% a settembre 2025, trainano ...",18,,,"... Le flessioni più ampie si rilevano nelle industrie tessili, abbigliamento, pelli e accessori (-4,4%),  nell'industria del legno, carta e",https://eview.copyscape.com/compare/t7gjtnxlmy/14
599,2026-07-13T08:15:34.439832,,fb339c0b50012bca2d9005034f25a28c80e07da586810bdf8ddd4449d6d31e93,https://www.ansa.it/amp/sito/notizie/economia/pmi/2026/07/10/istat-produzione-industriale-03-a-maggio-ma-su-anno-11-2_638b5258-f8ff-4b57-9046-221f69d45b24.html,"Istat, produzione industriale -0,3% a maggio, ma su anno +1,1% (2)",17,,,"... Le flessioni più ampie si rilevano nelle industrie tessili, abbigliamento, pelli e accessori (-6,6%),  nelle altre industrie manifatturiere",https://eview.copyscape.com/compare/t7gjtnxlmy/15
600,2026-07-13T08:15:34.439832,,fb339c0b50012bca2d9005034f25a28c80e07da586810bdf8ddd4449d6d31e93,https://teleborsa.ansa.it/notiziario/economia/italia-produzione-industriale-cala-a-maggio-dopo-tre-mesi-di-aumenti-congiunturali/,"Italia, produzione industriale cala a maggio dopo tre mesi di aumenti ...",17,,,"... Le flessioni più ampie si rilevano nelle industrie tessili, abbigliamento, pelli e accessori (-6,6%),  nelle altre industrie manifatturiere",https://eview.copyscape.com/compare/t7gjtnxlmy/16
601,2026-07-13T08:15:34.439832,,fb339c0b50012bca2d9005034f25a28c80e07da586810bdf8ddd4449d6d31e93,https://www.icsoftware.it/dati-istat-sulla-produzione-industriale-di-aprile-2022/,Dati Istat sulla produzione industriale di aprile 2022 - IC Software Srl,16,,,"... I settori di attività economica che registrano gli incrementi tendenziali più ampi sono le  industrie tessili, abbigliamento, pelli e",https://eview.copyscape.com/compare/t7gjtnxlmy/17
602,2026-07-13T08:15:34.439832,,fb339c0b50012bca2d9005034f25a28c80e07da586810bdf8ddd4449d6d31e93,https://www.italiacooperativa.it/Economia/economia-cresce-produzione-industria-ma-con-aumenti-energia-margini-negativi-per-82-imprese-1,"Economia: cresce produzione industria, ma con aumenti energia ...",15,,,... Tra i settori di attività economica che registrano variazioni tendenziali positive ci sono  la produzione di prodotti farmaceutici di base e,https://eview.copyscape.com/compare/t7gjtnxlmy/18
603,2026-07-13T08:15:35.551747,,a71884eb555353fa7b1cf3a30d010865c038f2f708da92f19480f93521c77bbd,https://formatresearch.com/2026/07/02/occupati-e-disoccupati-istat-aprile-2026-dati-provvisori/,Occupati e disoccupati | ISTAT - Maggio 2026 (dati provvisori),96,,,"... Occupati e disoccupati | ISTAT - marzo 2026. La crescita degli occupati si associa alla diminuzione dei disoccupati e degli inattivi.... A maggio 2026, su base mensile, la diminuzione degli occupati e dei disoccupati si associa alla crescita degli inattivi. Il calo degli ... occupati (-0,1%, pari a -22mila unità) coinvolge gli uomini, le donne, i dipendenti a termine e tutte le classi d'età ad ... In questa classe di età il numero di occupati risulta in crescita, così come tra i dipendenti permanenti e gli autonomi. Il tasso di ... Rispetto a maggio 2025, diminuisce il numero di persone in cerca di lavoro (-23,8%, pari a -399mila unità) e sale quello degli inattivi tra",https://eview.copyscape.com/compare/8hp7h4uoj1/1
604,2026-07-13T08:15:35.551747,,a71884eb555353fa7b1cf3a30d010865c038f2f708da92f19480f93521c77bbd,https://www.dottrinalavoro.it/notizie-c/istat-occupati-e-disoccupati-maggio-2026,ISTAT: Occupati e Disoccupati – Maggio 2026 | Dottrina Per il Lavoro,90,,,"... A maggio 2026, su base mensile, la diminuzione degli occupati e dei disoccupati si associa alla crescita degli inattivi. Il calo degli ... occupati (-0,1%, pari a -22mila unità) coinvolge gli uomini, le donne, i dipendenti a termine e tutte le classi d'età ad ... dipendenti permanenti e gli autonomi. Il tasso di occupazione scende al 63,0% (-0,1 punti). Il calo delle persone in cerca di lavoro (-1,7 ... Confrontando il trimestre marzo-maggio 2026 con quello precedente (dicembre 2025-febbraio 2026) si registra un aumento di 119mila occupati",https://eview.copyscape.com/compare/8hp7h4uoj1/2
605,2026-07-13T08:15:35.551747,,a71884eb555353fa7b1cf3a30d010865c038f2f708da92f19480f93521c77bbd,https://finanza.repubblica.it/News/2026/07/02/istat_disoccupazione_in_lieve_calo_a_maggio_al_5percento_ma_aumentano_gli_inattivi-73/,"Istat, disoccupazione in lieve calo a maggio al 5%, ma aumentano ...",82,,,"... Secondo l'ultima stima flash fornita dall'Istat, l'istituto italiano di statistica, a maggio 2026, su base mensile, la diminuzione degli ... occupati e dei disoccupati si associa alla crescita degli. ... In dettaglio, il calo degli occupati (-0,1%, pari a -22mila unità) coinvolge gli uomini, le donne, i dipendenti a termine e tutte le classi ... Confrontando il trimestre marzo-maggio 2026 con quello precedente (dicembre 2025-febbraio 2026) si registra un aumento di 119mila occupati ... Sempre su base tendenziale, diminuisce il numero di persone in cerca di lavoro (-23,8%, pari a -399mila unità) e sale quello degli inattivi tra",https://eview.copyscape.com/compare/8hp7h4uoj1/3
606,2026-07-13T08:15:35.551747,,a71884eb555353fa7b1cf3a30d010865c038f2f708da92f19480f93521c77bbd,https://www.corriere.it/economia/lavoro/26_luglio_02/istat-calano-gli-occupati-22mila-a-maggio-tasso-di-disoccupazione-al-5-inattivi-oltre-il-33-8a5eb5d8-8798-46d6-b100-a7084688fxlk.shtml,"Istat, calano gli occupati: -22 mila a maggio. Tasso di ... - Corriere",79,,,"... Calo degli occupati in maggio: lo certifica l'Istat spiegando che il ribasso (- 0,1%, pari a -22mila unità) coinvolge gli uomini, le donne, i ... Confrontando il trimestre marzo-maggio 2026 con quello precedente (dicembre 2025-febbraio 2026) si registra un aumento di 119mila occupati ... Rispetto a maggio 2025, diminuisce il numero di persone in cerca di lavoro (-23,8%, pari a -399mila unità) e sale quello degli inattivi tra ... L'occupazione cresce rispetto a maggio 2025 (+228mila occupati in un anno) come sintesi dell'aumento dei dipendenti permanenti (+275mila) e",https://eview.copyscape.com/compare/8hp7h4uoj1/4
607,2026-07-13T08:15:35.551747,,a71884eb555353fa7b1cf3a30d010865c038f2f708da92f19480f93521c77bbd,https://www.provincia.treviso.it/it/news/34283-istat-occupati-e-disoccupati-maggio-2026-dati-provvisori,Istat: Occupati e disoccupati - maggio 2026 (dati provvisori),55,,,"... gli uomini è sostanzialmente stabile. Il tasso di disoccupazione scende al 5,0% (-0,1 punti), quello giovanile al 15,1% (-1,3 punti). La crescita degli ... inattivi tra i 15 e i 64 anni (+0,5%, pari a +59mila unità) riguarda entrambi i sessi e tutte le classi d'età, salvo quella dei 25-34enni",https://eview.copyscape.com/compare/8hp7h4uoj1/5
608,2026-07-13T08:15:35.551747,,a71884eb555353fa7b1cf3a30d010865c038f2f708da92f19480f93521c77bbd,https://www.ilsole24ore.com/art/lavoro-istat-tasso-disoccupazione-scende-5percento-maggio-AIG1ZiyD,"Lavoro: Istat, tasso disoccupazione scende al 5% a maggio",49,,,"... Il Sole 24 Ore Radiocor) - A maggio, su base mensile, la diminuzione degli occupati e dei disoccupati si associa alla crescita degli ... inattivi. Il tasso di occupazione scende al 63%, -... 0,1 punti su base congiunturale, ma sale su base tendenziale ... Rispetto a maggio 2025, diminuisce il numero di persone in cerca di lavoro (-23,8%, pari a -399 mila  unità) e sale quello degli inattivi tra",https://eview.copyscape.com/compare/8hp7h4uoj1/6
609,2026-07-13T08:15:35.551747,,a71884eb555353fa7b1cf3a30d010865c038f2f708da92f19480f93521c77bbd,https://www.borsaitaliana.it/borsa/notizie/radiocor/economia/dettaglio/lavoro-istat-tasso-disoccupazione-scende-al-5-a-maggio-2-nRC_02072026_1014_215555872.html,"Lavoro: Istat, tasso disoccupazione scende al 5% a maggio -2",46,,,"... Su base mensile, la diminuzione degli occupati e dei disoccupati si associa alla crescita degli inattivi. Il calo degli occupati (-0,1 ... dipendenti permanenti e gli autonomi. ... Il calo delle persone in cerca di lavoro (-1,7%, pari a -22 mila unita')  si osserva per le donne, i 15",https://eview.copyscape.com/compare/8hp7h4uoj1/7
610,2026-07-13T08:15:35.551747,,a71884eb555353fa7b1cf3a30d010865c038f2f708da92f19480f93521c77bbd,https://www.agi.it/agiprima/lavoro-a-maggio-salgono-occupati-aumentano-posti-fissi-agi:sur:37833215/,"Lavoro: a maggio salgono occupati, aumentano 'posti fissi' - AGI",45,,,"... Confrontando il trimestre marzo-maggio 2026 con quello precedente (dicembre 2025-febbraio 2026) si registra un aumento di 119mila occupati ... Rispetto a maggio 2025, diminuisce il numero di persone in cerca di lavoro (-23,8%, pari a -399mila unità) e sale quello degli inattivi tra",https://eview.copyscape.com/compare/8hp7h4uoj1/8
611,2026-07-13T08:15:35.551747,,a71884eb555353fa7b1cf3a30d010865c038f2f708da92f19480f93521c77bbd,https://www.imprese-lavoro.com/2026/07/02/istat-lavoro-calano-gli-occupati-3/,"Istat, lavoro: calano gli occupati",45,,,"... classi d'età, salvo quella dei 25-34enni. ... Il tasso di inattività sale al 33,6% (più  0,2 punti percentuali).  Confrontando il trimestre marzo-maggio 2026 con quello precedente, c'è un ... Rispetto al trimestre precedente, diminuiscono le persone in cerca di lavoro (meno 5%, pari a meno 68 mila  unità) e gli inattivi di 15-64",https://eview.copyscape.com/compare/8hp7h4uoj1/9
612,2026-07-13T08:15:35.551747,,a71884eb555353fa7b1cf3a30d010865c038f2f708da92f19480f93521c77bbd,https://www.linkedin.com/company/formatemp,Forma.Temp - LinkedIn,43,,,"... mese precedente. La diminuzione è determinata dai soli dipendenti a termine (2 milioni 388mila), a fronte della crescita tra i dipendenti permanenti (16 ... milioni 360mila). L'occupazione cresce rispetto a maggio 2025 (+228mila occupati in un anno) come sintesi dell'aumento dei dipendenti permanenti (+275mila)",https://eview.copyscape.com/compare/8hp7h4uoj1/10
613,2026-07-13T08:15:35.551747,,a71884eb555353fa7b1cf3a30d010865c038f2f708da92f19480f93521c77bbd,https://www.lagazzettadelmezzogiorno.it/news/ultima-ora/2038010/istat-a-maggio-occupati-in-calo-22-000-unita-sul-mese.html,"Istat, a maggio occupati in calo, -22.000 unità sul mese",43,,,"... 22mila unità) coinvolge gli uomini, le donne, i dipendenti a termine e tutte le classi d'età ad eccezione di chi ha almeno 50 anni; in ... milioni 360mila). L'occupazione cresce rispetto a maggio 2025 (+228mila occupati in un anno) come sintesi dell'aumento dei dipendenti",https://eview.copyscape.com/compare/8hp7h4uoj1/11
614,2026-07-13T08:15:35.551747,,a71884eb555353fa7b1cf3a30d010865c038f2f708da92f19480f93521c77bbd,https://en.ilsole24ore.com/radiocor/nRC_02.07.2026_10.12_21210212,"Lavoro: Istat, tasso disoccupazione scende al 5% a maggio (RCO)",42,,,"... Tasso di occupazione al 63% (Il Sole 24 Ore Radiocor) - Roma, 02 lug - A maggio, su base mensile, la diminuzione degli occupati e dei ... associa alla crescita degli inattivi. Il tasso di occupazione scende al 63%, -... 0,1 punti su base congiunturale, ma sale su base tendenziale ... Rispetto a maggio 2025, diminuisce il numero di persone in cerca di lavoro (-23,8%, pari a -399 mila unita')  e sale quello degli inattivi tra",https://eview.copyscape.com/compare/8hp7h4uoj1/12
615,2026-07-13T08:15:35.551747,,a71884eb555353fa7b1cf3a30d010865c038f2f708da92f19480f93521c77bbd,https://www.confapivenezia.it/news/listat-a-maggio-occupazione-in-calo-rispetto-ad-aprile-ma-meglio-dello-stesso-mese-del-2025/,"L'Istat: “A maggio occupazione in calo rispetto ad aprile, ma meglio ...",40,,,"... tutte le classi d'età ad eccezione di chi ha almeno 50 anni. Rispetto al trimestre precedente, diminuiscono le persone in cerca di lavoro.... Il tasso di occupazione scende al 63,0% (-0,1 punti). Il calo delle persone in cerca di lavoro (-1,7%, pari a -22mila unità) si osserva per",https://eview.copyscape.com/compare/8hp7h4uoj1/13
616,2026-07-13T08:15:35.551747,,a71884eb555353fa7b1cf3a30d010865c038f2f708da92f19480f93521c77bbd,https://www.lastampa.it/economia/2026/07/02/news/istat_calano_occupati_maggio-15677685/,Istat: calano gli occupati a maggio. E sale il tasso di inattivi,36,,,"... classi d'età, salvo quella dei 25-34enni. ... Il tasso di inattività cresce. Il tasso di inattività sale al 33,6% (più  0,2 punti percentuali) ... Confrontando il trimestre marzo-maggio 2026 con quello precedente, c'è  un aumento di 119 mila  occupati (+0,5%). Rispetto al trimestre",https://eview.copyscape.com/compare/8hp7h4uoj1/14
617,2026-07-13T08:15:35.551747,,a71884eb555353fa7b1cf3a30d010865c038f2f708da92f19480f93521c77bbd,https://www.msn.com/it-it/notizie/italia/lavoro-il-tasso-disoccupazione-scende-al-5-a-maggio/ar-AA272fZD?ocid=finance-verthp-feeds,"Lavoro, il tasso disoccupazione scende al 5% a maggio - MSN",32,,,"... Il tasso di occupazione scende al 63,0% (-0,1 punti). Il calo delle persone in cerca di lavoro (-1,7%, pari a -22mila unità) si osserva per le donne, i 15",https://eview.copyscape.com/compare/8hp7h4uoj1/15
618,2026-07-13T08:15:35.551747,,a71884eb555353fa7b1cf3a30d010865c038f2f708da92f19480f93521c77bbd,https://www.confcommercio.it/-/mercato-lavoro,Mercato del lavoro poco mosso a maggio - Confcommercio,26,,,"... Il calo degli occupati, ... pari a 22mila unità coinvolge gli uomini, le donne, i dipendenti a termine e tutte le classi d'età ad eccezione di chi",https://eview.copyscape.com/compare/8hp7h4uoj1/16
619,2026-07-13T08:15:35.551747,,a71884eb555353fa7b1cf3a30d010865c038f2f708da92f19480f93521c77bbd,https://www.confapitreviso.it/news/listat-a-maggio-occupazione-in-calo-rispetto-ad-aprile-ma-meglio-dello-stesso-mese-del-2025/,"L'Istat: “A maggio occupazione in calo rispetto ad aprile, ma meglio ...",25,,,"... Rispetto a maggio 2025, diminuisce il numero di persone in cerca di lavoro (-23,8%, pari a -399mila unità) e sale quello degli inattivi tra",https://eview.copyscape.com/compare/8hp7h4uoj1/17
620,2026-07-13T08:15:35.551747,,a71884eb555353fa7b1cf3a30d010865c038f2f708da92f19480f93521c77bbd,https://www.liberoquotidiano.it/news/economia/48408336/disoccupazione-ai-minimi-storici-e-228mila-posti-di-lavoro-in-piu-/,Disoccupazione ai minimi storici. E 228mila posti di lavoro in più,25,,,"... Rispetto a maggio 2025, diminuisce il numero di persone in cerca di lavoro (-23,8%, pari a -399mila unità) e sale quello degli inattivi tra",https://eview.copyscape.com/compare/8hp7h4uoj1/18
621,2026-07-13T08:15:35.551747,,a71884eb555353fa7b1cf3a30d010865c038f2f708da92f19480f93521c77bbd,https://www.nuovogiornalenazionale.com/istat-landamento-delloccupazione-a-maggio-2026/,"Istat, l'andamento dell'occupazione a maggio 2026",25,,,"... A maggio 2026 il numero di occupati, pari a 24 milioni 336mila, è in calo rispetto al mese precedente. La diminuzione è determinata dai soli",https://eview.copyscape.com/compare/8hp7h4uoj1/19
622,2026-07-13T08:15:35.551747,,a71884eb555353fa7b1cf3a30d010865c038f2f708da92f19480f93521c77bbd,https://www.dottrinalavoro.it/notizie-c/istat-occupati-e-disoccupati-novembre-2025,ISTAT: Occupati e Disoccupati – Novembre 2025 - Dottrina Lavoro,25,,,"... A novembre 2025, su base mensile, il calo  degli occupati e dei disoccupati si associa alla crescita degli inattivi. La diminuzione degli ... Rispetto al trimestre precedente, diminuiscono le persone in cerca di lavoro (-3,1%, pari a -48mila unità) e sono sostanzialmente stabili",https://eview.copyscape.com/compare/8hp7h4uoj1/20
623,2026-07-13T08:15:35.551747,,a71884eb555353fa7b1cf3a30d010865c038f2f708da92f19480f93521c77bbd,https://www.tecnostruttura.it/,Tecnostruttura,22,,,"... Occupati e disoccupati, i dati Istat.  A maggio 2026, su base mensile, la diminuzione degli occupati e dei disoccupati si associa alla crescita degli inattivi.",https://eview.copyscape.com/compare/8hp7h4uoj1/21
624,2026-07-13T08:15:35.551747,,a71884eb555353fa7b1cf3a30d010865c038f2f708da92f19480f93521c77bbd,https://www.ansa.it/sito/notizie/economia/pmi/2026/07/02/istat-sale-a-maggio-il-tasso-di-inattivi-al-336-02_46396480-c191-4f94-ab68-b42e44526746.html,"Istat, sale a maggio il tasso di inattivi, al 33,6%, +0,2% - PMI - ANSA",21,,,"... rilevata a maggio riguarda entrambi i sessi e tutte le classi d'età, salvo quella dei 25-34enni, tra i quali si registra un calo. (ANSA)",https://eview.copyscape.com/compare/8hp7h4uoj1/22
625,2026-07-13T08:15:35.551747,,a71884eb555353fa7b1cf3a30d010865c038f2f708da92f19480f93521c77bbd,https://www.provincia.treviso.it/it/component/content/article/33931-istat-occupati-e-disoccupati-febbraio-2026-dati-provvisori?catid=124&Itemid=284,Istat: Occupati e disoccupati - febbraio 2026 (dati provvisori),21,,,"... Rispetto al trimestre precedente, diminuiscono le persone in cerca di lavoro (-8, 0%, pari a -119mila unità) e aumentano  gli inattivi di 15-64 anni (+0,9",https://eview.copyscape.com/compare/8hp7h4uoj1/23
626,2026-07-13T08:15:35.551747,,a71884eb555353fa7b1cf3a30d010865c038f2f708da92f19480f93521c77bbd,https://www.dottrinalavoro.it/notizie-c/istat-occupati-e-disoccupati-aprile-2026,ISTAT: Occupati e Disoccupati – Aprile 2026 | Dottrina Per il Lavoro,20,,,"... Rispetto al trimestre precedente, diminuiscono le persone in cerca di lavoro (-4,3%, pari a -60mila  unità) e gli inattivi di 15-64 anni (-0",https://eview.copyscape.com/compare/8hp7h4uoj1/24
627,2026-07-13T08:15:35.551747,,a71884eb555353fa7b1cf3a30d010865c038f2f708da92f19480f93521c77bbd,https://www.agrapress.it/category/istat/,ISTAT - agra press,19,,,"... riproduzione riservata) “a maggio 2026, su base mensile, la diminuzione degli occupati e dei disoccupati si associa alla crescita degli inattivi”. lo rende",https://eview.copyscape.com/compare/8hp7h4uoj1/25
628,2026-07-13T08:15:35.551747,,a71884eb555353fa7b1cf3a30d010865c038f2f708da92f19480f93521c77bbd,https://www.ladige.it/attualita/istat-a-maggio-occupati-in-calo-22000-unita-sul-mese-x4diwhol,"Istat, a maggio occupati in calo, -22.000 unità sul mese - L'Adige",18,,,... milioni 360mila). L'occupazione cresce rispetto a maggio 2025 (+228mila occupati in un anno) come sintesi dell'aumento dei dipendenti,https://eview.copyscape.com/compare/8hp7h4uoj1/26
629,2026-07-13T08:15:35.551747,,a71884eb555353fa7b1cf3a30d010865c038f2f708da92f19480f93521c77bbd,https://www.quotidiano.net/ultimaora/istat-a-maggio-occupati-in-b730447c,"Istat, a maggio occupati in calo, -22.000 unità sul mese",18,,,... milioni 360mila). L'occupazione cresce rispetto a maggio 2025 (+228mila occupati in un anno) come sintesi dell'aumento dei dipendenti,https://eview.copyscape.com/compare/8hp7h4uoj1/27
630,2026-07-13T08:15:35.551747,,a71884eb555353fa7b1cf3a30d010865c038f2f708da92f19480f93521c77bbd,https://teleborsa.ansa.it/notiziario/economia/istat-il-tasso-di-disoccupazione-scende-al-51-ad-aprile/,"Istat, il tasso di disoccupazione scende al 5,1% ad aprile - Teleborsa",18,,,"... Sempre rispetto al trimestre precedente, diminuiscono le persone in cerca di lavoro (-4,3%, pari a -60mila  unità) e gli inattivi di 15-64",https://eview.copyscape.com/compare/8hp7h4uoj1/28
631,2026-07-13T08:15:35.551747,,a71884eb555353fa7b1cf3a30d010865c038f2f708da92f19480f93521c77bbd,https://www.primapaginanews.it/adi-news/lavoro-istat-a-maggio-diminuzione-occupati-e-disoccupati-si-associa-alla-crescita-di-inattivi-11073/,"Lavoro, ISTAT: ""A maggio diminuzione occupati e disoccupati si ...",18,,,"... In relazione al trimestre precedente diminuiscono le persone in cerca di lavoro (-5%, ... pari a -68mila unità) e gli inattivi nella fascia 15",https://eview.copyscape.com/compare/8hp7h4uoj1/29
632,2026-07-13T08:15:35.551747,,a71884eb555353fa7b1cf3a30d010865c038f2f708da92f19480f93521c77bbd,https://www.borsaitaliana.it/borsa/notizie/radiocor/economia/dettaglio/lavoro-istat-tasso-disoccupazione-cala-al-51-ad-aprile-2-nRC_29052026_1031_230226723.html,"Lavoro: Istat, tasso disoccupazione cala al 5,1% ad aprile -2",17,,,"... Il tasso di occupazione sale al 63,1% (+0,3  punti). Il calo delle persone in cerca di lavoro (-1,3%, pari a -18 mila unita')  si osserva per",https://eview.copyscape.com/compare/8hp7h4uoj1/30
633,2026-07-13T08:15:35.551747,,a71884eb555353fa7b1cf3a30d010865c038f2f708da92f19480f93521c77bbd,https://www.credemeuromobiliarepb.it/it/rss/20260705_1840_ClassNews/TXT,"Lavoro: Istat, tasso disoccupazione scende al 5% a maggio",16,,,"... occupazione al 63%. A maggio, su base mensile, la diminuzione degli occupati e dei disoccupati si associa alla crescita degli inattivi.",https://eview.copyscape.com/compare/8hp7h4uoj1/31
634,2026-07-13T08:15:35.551747,,a71884eb555353fa7b1cf3a30d010865c038f2f708da92f19480f93521c77bbd,https://www.industriaitaliana.it/istat-occupazione-calo-inattivi-mercato-lavoro-novembre/,Istat: occupazione in lieve calo e inattivi in aumento. Il mercato del ...,16,,,"... mensile. La diminuzione ... degli occupati (-0,1%, pari a -34mila unità) coinvolge  le donne, i dipendenti a termine e gli autonomi, i 15-24enni",https://eview.copyscape.com/compare/8hp7h4uoj1/32
635,2026-07-13T08:15:35.551747,,a71884eb555353fa7b1cf3a30d010865c038f2f708da92f19480f93521c77bbd,https://www.ilfoglio.it/economia/2026/07/02/news/regge-loccupazione-la-crisi-energetica-di-hormuz-non-ha-fatto-troppi-danni--401553,"Regge l'occupazione, la crisi energetica di Hormuz non ha ... - Il Foglio",16,,,"... calo, dice l'Istat, “è determinato dai soli dipendenti a termine, ... a fronte della crescita tra i dipendenti permanenti ... e gli autonomi”",https://eview.copyscape.com/compare/8hp7h4uoj1/33
636,2026-07-13T08:15:35.551747,,a71884eb555353fa7b1cf3a30d010865c038f2f708da92f19480f93521c77bbd,https://www.dottrinalavoro.it/notizie-c/istat-occupati-e-disoccupati-marzo-2026,ISTAT: Occupati e Disoccupati – Marzo 2026 | Dottrina Per il Lavoro,15,,,"... Rispetto al trimestre precedente, diminuiscono le persone in cerca di lavoro (-7,9%, pari a -114mila unità) e aumentano  gli inattivi di 15",https://eview.copyscape.com/compare/8hp7h4uoj1/34
637,2026-07-13T08:15:35.551747,,a71884eb555353fa7b1cf3a30d010865c038f2f708da92f19480f93521c77bbd,https://www.lapresse.it/economia/2026/03/04/istat-il-tasso-disoccupazione-scende-a-51-a-gennaio-80mila-gli-occupati/,"Istat, il tasso disoccupazione scende a 5,1% a gennaio: + 80mila gli ...",15,,,"... Rispetto al trimestre precedente, diminuiscono le persone in cerca di Lavoro (-8,4%, pari a -125mila unità) e aumentano  gli inattivi di 15",https://eview.copyscape.com/compare/8hp7h4uoj1/35
638,2026-07-13T08:15:36.758632,,e6ee2915f50a4cbeaacd426929f8f9e3041877c65a24d8d7f3440d991e8e3303,https://www.ilsole24ore.com/art/industria-istat-03percento-produzione-maggio-11percento-anno-AJpK2yE,"Produzione industriale -0,3% a maggio, +1,1% su anno",95,,,"... destagionalizzato della produzione industriale diminuisca dello 0,3% rispetto ad aprile. ... Nella media del periodo marzo-maggio si registra una crescita del livello della produzione dello 0,9% rispetto ai tre mesi ... precedenti. L'indice destagionalizzato mensile cresce su base congiunturale solo per l'energia (+4,6%), mentre diminuisce per i beni ... L'Istat commenta: “A maggio, dopo tre mesi di aumenti congiunturali, l'indice destagionalizzato della produzione industriale diminuisce rispetto ... Il calo è diffuso ai principali raggruppamenti di industrie, con esclusione dell'energia. Risulta invece positivo l'andamento congiunturale ... degli ultimi tre mesi.Su base annua l'indice ... mostrano incrementi rispetto all'anno precedente”. Scopri di più.",https://eview.copyscape.com/compare/vg6gvtq8kp/1
639,2026-07-13T08:15:36.758632,,e6ee2915f50a4cbeaacd426929f8f9e3041877c65a24d8d7f3440d991e8e3303,https://www.ore12.net/industria-istat-03-produzione-a-maggio-su-mese-11-su-anno/,"Industria: Istat, -0,3% produzione a maggio su mese, +1,1% su anno",94,,,"... A maggio l'indice destagionalizzato della produzione industriale diminuisce  dello 0,3% rispetto ad aprile. Lo stima l'Istat. ... Nella media del periodo marzo-maggio si registra una crescita del ... precedenti. L'indice destagionalizzato mensile cresce su base congiunturale solo per l'energia (+4,6%), mentre diminuisce per i beni ... Le flessioni più ampie si rilevano nelle industrie tessili, abbigliamento, pelli e accessori (-6,6%), nelle ... altre industrie manifatturiere, riparazione e installazione di macchinari ed apparecchiature (-3,8%) e nella fabbricazione di ... Il calo è diffuso ai principali raggruppamenti di industrie, con esclusione dell'energia. Risulta invece positivo l'andamento congiunturale ... mostrano incrementi rispetto all'anno precedente”, è il commento",https://eview.copyscape.com/compare/vg6gvtq8kp/2
640,2026-07-13T08:15:36.758632,,e6ee2915f50a4cbeaacd426929f8f9e3041877c65a24d8d7f3440d991e8e3303,https://www.teleborsa.it/News/2026/07/10/italia-produzione-industriale-cala-a-maggio-dopo-tre-mesi-di-aumenti-congiunturali-53.html,"Italia, produzione industriale cala a maggio dopo tre mesi di aumenti ...",86,,,"... Nella media del periodo marzo-maggio si registra una crescita del livello della produzione dello 0,9% rispetto ai tre mesi precedenti. L ... I settori di attività economica che registrano gli incrementi tendenziali più elevati sono la fabbricazione di mezzi di trasporto (+11,6 ... Le flessioni più ampie si rilevano nelle industrie tessili, abbigliamento, pelli e accessori (-6,6%), nelle ... altre industrie manifatturiere, riparazione e installazione di macchinari ed apparecchiature (-3,8%) e nella ... fabbricazione di apparecchiature elettriche e apparecchiature per uso domestico non elettriche (-2,6%). La tua iscrizione non può",https://eview.copyscape.com/compare/vg6gvtq8kp/3
641,2026-07-13T08:15:36.758632,,e6ee2915f50a4cbeaacd426929f8f9e3041877c65a24d8d7f3440d991e8e3303,https://www.borsaitaliana.it/borsa/notizie/radiocor/economia/dettaglio/industria-istat-03-produzione-a-maggio-11-su-anno-2-nRC_10072026_1016_200124155.html,"Industria: Istat, -0,3% produzione a maggio, +1,1% su anno -2",85,,,"... Le flessioni piu' ampie si rilevano nelle industrie tessili, abbigliamento, pelli e accessori (-6,6%), nelle altre industrie ... manifatturiere, riparazione e installazione di macchinari ed apparecchiature (-3,8%) e nella fabbricazione ... di apparecchiature elettriche e apparecchiature per uso domestico non elettriche (-2,6%). L'Istat commenta: ""A maggio ... L'Istat commenta: ""A maggio, dopo tre mesi di aumenti congiunturali, l'indice destagionalizzato della produzione industriale diminuisce rispetto ... Il calo e' diffuso ai principali raggruppamenti di industrie, con esclusione dell'energia. Risulta invece positivo l'andamento congiunturale ... Ad eccezione dei beni di consumo, tutti i principali settori di attivita'  mostrano incrementi rispetto all'anno precedente"". com-vmg.",https://eview.copyscape.com/compare/vg6gvtq8kp/4
642,2026-07-13T08:15:36.758632,,e6ee2915f50a4cbeaacd426929f8f9e3041877c65a24d8d7f3440d991e8e3303,https://www.conquistedellavoro.it/attualit%C3%A0/l-industria-in-retromarcia-a-maggio-produzione-0-3-1.3355315,"L'industria in retromarcia, a maggio produzione -0,3%",75,,,"... Gli altri settori che registrano gli incrementi tendenziali più elevati sono ... la produzione di prodotti farmaceutici di base e preparati ... Le flessioni più ampie si rilevano nelle industrie tessili, abbigliamento, pelli e accessori (-6,6%), nelle ... altre industrie manifatturiere, riparazione e installazione di macchinari ed apparecchiature (-3,8%) e nella fabbricazione di ... Era nell'aria. A maggio, dopo tre mesi di aumenti congiunturali, l'indice destagionalizzato della produzione industriale diminuisce da ... Il calo è diffuso ai principali raggruppamenti di industrie, con esclusione dell'energia"", commenta l'Istat. In particolare però, la",https://eview.copyscape.com/compare/vg6gvtq8kp/5
643,2026-07-13T08:15:36.758632,,e6ee2915f50a4cbeaacd426929f8f9e3041877c65a24d8d7f3440d991e8e3303,https://www.ansa.it/amp/sito/notizie/economia/pmi/2026/07/10/istat-produzione-industriale-03-a-maggio-ma-su-anno-11-2_638b5258-f8ff-4b57-9046-221f69d45b24.html,"Istat, produzione industriale -0,3% a maggio, ma su anno +1,1% (2)",64,,,"... Le flessioni più ampie si rilevano nelle industrie tessili, abbigliamento, pelli e accessori (-6,6%), nelle ... altre industrie manifatturiere, riparazione e installazione di macchinari ed apparecchiature (-3,8%) e nella fabbricazione di ... Il calo è diffuso ai principali raggruppamenti di industrie, con esclusione dell'energia"", commenta l'Istat. L'indice destagionalizzato ... Risulta invece positivo l'andamento congiunturale nella media degli ultimi tre mesi. Su base annua l'indice corretto per gli effetti di",https://eview.copyscape.com/compare/vg6gvtq8kp/6
644,2026-07-13T08:15:36.758632,,e6ee2915f50a4cbeaacd426929f8f9e3041877c65a24d8d7f3440d991e8e3303,https://www.teleborsa.it/News/2026/06/10/italia-la-produzione-industriale-aumenta-per-il-terzo-mese-consecutivo-ad-aprile-87.html,"Italia, la produzione industriale aumenta per il terzo mese ...",43,,,"... I settori di attività economica che registrano gli incrementi tendenziali più elevati sono la fabbricazione di mezzi di trasporto (+17,8 ... Le flessioni più ampie si rilevano nelle industrie tessili, abbigliamento, pelli e accessori (-8,9%), ... nelle altre industrie manifatturiere, riparazione e installazione di macchinari ed apparecchiature (-6,7%) e nell'industria del legno, carta",https://eview.copyscape.com/compare/vg6gvtq8kp/7
645,2026-07-13T08:15:36.758632,,e6ee2915f50a4cbeaacd426929f8f9e3041877c65a24d8d7f3440d991e8e3303,https://teleborsa.ansa.it/notiziario/economia/italia-produzione-industriale-cala-a-maggio-dopo-tre-mesi-di-aumenti-congiunturali/,"Italia, produzione industriale cala a maggio dopo tre mesi di aumenti ...",41,,,"... Nella media del periodo marzo-maggio si registra una crescita del livello della produzione dello 0,9% rispetto ai tre mesi precedenti. L ... Le flessioni più ampie si rilevano nelle industrie tessili, abbigliamento, pelli e accessori (-6,6%), nelle altre industrie manifatturiere",https://eview.copyscape.com/compare/vg6gvtq8kp/8
646,2026-07-13T08:15:36.758632,,e6ee2915f50a4cbeaacd426929f8f9e3041877c65a24d8d7f3440d991e8e3303,https://www.borsaitaliana.it/borsa/notizie/radiocor/economia/dettaglio/industria-istat-03-produzione-a-maggio-11-su-anno-rco-nRC_10072026_1007_198631528.html,"Industria: Istat, -0,3% produzione a maggio, +1,1% su anno (RCO)",33,,,"... destagionalizzato della produzione industriale diminuisca dello 0,3% rispetto ad aprile. Nella media del periodo marzo-maggio ... si registra una crescita del livello della produzione dello 0,9% rispetto ai tre mesi precedenti. L",https://eview.copyscape.com/compare/vg6gvtq8kp/9
647,2026-07-13T08:15:36.758632,,e6ee2915f50a4cbeaacd426929f8f9e3041877c65a24d8d7f3440d991e8e3303,https://x.com/istat_it/status/2075504917997814071,Istat,31,,,"... Istat (@istat_it). 710 views. A maggio 2026 si stima che indice  destagionalizzato della produzione industriale diminuisca dello 0,3% ... periodo marzo-maggio si registra ... crescita del livello ... produzione dello 0,9% rispetto ai tre mesi precedenti. https://t.co/TJLKPgLKxa #Istat.",https://eview.copyscape.com/compare/vg6gvtq8kp/10
648,2026-07-13T08:15:36.758632,,e6ee2915f50a4cbeaacd426929f8f9e3041877c65a24d8d7f3440d991e8e3303,https://www.sardegnaimpresa.eu/it/news/industria-produzione-calo-ottobre-2023,"Industria, produzione in calo a ottobre 2023 | SardegnaImpresa",30,,,"... Secondo i dati pubblicati dall'Istat, a ottobre 2023 si stima che l'indice destagionalizzato della produzione industriale diminuisca dello 0 ... I settori di attività economica che registrano gli incrementi tendenziali più ampi sono  la produzione di prodotti farmaceutici di base e",https://eview.copyscape.com/compare/vg6gvtq8kp/11
649,2026-07-13T08:15:36.758632,,e6ee2915f50a4cbeaacd426929f8f9e3041877c65a24d8d7f3440d991e8e3303,https://www.confcommercio.it/-/prod-industriale-luglio,Produzione industriale in calo - Confcommercio,26,,,"... I dati Istat indicano che a luglio 2023 l'indice destagionalizzato della produzione industriale diminuisce dello 0,7% rispetto a giugno ... giorni lavorativi di calendario sono stati 21, come a luglio 2022). Nella media del periodo maggio-luglio il  livello della produzione ... precedenti. L'indice destagionalizzato mensile cresce su base congiunturale solo per l'energia (+3,7%); mentre cala  per i beni intermedi (-0",https://eview.copyscape.com/compare/vg6gvtq8kp/12
650,2026-07-13T08:15:36.758632,,e6ee2915f50a4cbeaacd426929f8f9e3041877c65a24d8d7f3440d991e8e3303,https://www.startmag.it/economia/come-va-malino-la-produzione-industriale-italiana/,Come va (malino) la produzione industriale italiana - Startmag,24,,,"... A febbraio 2025 si stima che l'indice destagionalizzato della produzione industriale diminuisca dello 0,9% rispetto a gennaio.... Il calo è diffuso ai principali raggruppamenti di industrie, con esclusione dell'energia. Risulta negativo anche l'andamento congiunturale",https://eview.copyscape.com/compare/vg6gvtq8kp/13
651,2026-07-13T08:15:36.758632,,e6ee2915f50a4cbeaacd426929f8f9e3041877c65a24d8d7f3440d991e8e3303,https://www.ilmattinoquotidiano.it/news/basilicata-free/205642/istat-produzione-industriale-in-flessione-nel-2025-bene-farmaceutica-e-alimentare.html,"Istat: produzione industriale in flessione nel 2025, bene ...",22,,,"... A dicembre l'indice destagionalizzato della produzione industriale diminuisce rispetto a novembre: - commenta l'Istat -  il calo è diffuso ... ai principali raggruppamenti di industrie, con esclusione dell'energia e dei beni strumentali. Al contrario,  su base annua, l",https://eview.copyscape.com/compare/vg6gvtq8kp/14
652,2026-07-13T08:15:36.758632,,e6ee2915f50a4cbeaacd426929f8f9e3041877c65a24d8d7f3440d991e8e3303,https://www.threads.com/@istat_it/post/DXL5d5PDRNi/a-marzo-inflazione-all-dall-del-mese-precedente-confermata-la-stima-preliminare,"A marzo, inflazione all'1,7% dall'1,5% del mese precedente ...",22,,,"... Nella media del periodo marzo-maggio si registra una crescita del livello della produzione dello 0,9% rispetto ai tre mesi precedenti. ow.ly",https://eview.copyscape.com/compare/vg6gvtq8kp/15
653,2026-07-13T08:15:36.758632,,e6ee2915f50a4cbeaacd426929f8f9e3041877c65a24d8d7f3440d991e8e3303,https://leasenews.it/news/dati-di-settore/istat-produzione-industriale-03-a-maggio-annuo-11/amp,"Istat: produzione industriale -0,3% a maggio, annuo +1,1%",21,,,"... A maggio 2026 si stima che l'indice destagionalizzato della produzione industriale diminuisca dello 0,3% rispetto ad aprile. Nella media del",https://eview.copyscape.com/compare/vg6gvtq8kp/16
654,2026-07-13T08:15:36.758632,,e6ee2915f50a4cbeaacd426929f8f9e3041877c65a24d8d7f3440d991e8e3303,https://www.ilsole24ore.com/radiocor/nRC_10.06.2026_10.40_230,"Produzione industriale: Istat, +0,5% su mese ad aprile, +1,3% su anno",21,,,"... Le flessioni piu' ampie si rilevano nelle industrie tessili, abbigliamento, pelli e accessori (-8,9%), ... nelle altre industrie manifatturiere, riparazione e installazione di macchinari ed apparecchiature (-6,7%) e nell'industria del legno, carta",https://eview.copyscape.com/compare/vg6gvtq8kp/17
655,2026-07-13T08:15:36.758632,,e6ee2915f50a4cbeaacd426929f8f9e3041877c65a24d8d7f3440d991e8e3303,https://www.websim.it/azioni/blue-chip/italia-produzione-industriale-di-marzo-in-crescita-del-0-7-mom/,"Produzione industriale di marzo in crescita del +0,7% MoM - Websim",20,,,"... I settori di attività economica che registrano gli incrementi tendenziali più elevati sono la fabbricazione di mezzi di trasporto (+11,2",https://eview.copyscape.com/compare/vg6gvtq8kp/18
656,2026-07-13T08:15:36.758632,,e6ee2915f50a4cbeaacd426929f8f9e3041877c65a24d8d7f3440d991e8e3303,https://www.farmacista33.it/industria-e-mercati/32579/produzione-farmaceutica-2025-istat-prima-per-crescita-a-dicembre-23-8.html,"Produzione farmaceutica 2025, Istat: prima per crescita, a dicembre ...",18,,,"... Produzione industriale in calo. A dicembre 2025 l'indice destagionalizzato della produzione industriale diminuisce dello 0,4% rispetto a ... è diffuso ai principali raggruppamenti di industrie, con esclusione dell'energia e dei beni strumentali, ma  su base annua, l'andamento dell",https://eview.copyscape.com/compare/vg6gvtq8kp/19
657,2026-07-13T08:15:36.758632,,e6ee2915f50a4cbeaacd426929f8f9e3041877c65a24d8d7f3440d991e8e3303,https://finanza.repubblica.it/News/2026/03/13/istat_a_gennaio_la_produzione_industriale_in_italia_diminuisce_dello_0_6percento_su_mese-39/,"Istat, a gennaio la produzione industriale in Italia diminuisce dello 0 ...",18,,,"... precedenti. L'indice destagionalizzato mensile cresce su base congiunturale solo per l'energia (+4,5%),  mentre diminuisce per ... i beni di",https://eview.copyscape.com/compare/vg6gvtq8kp/20
658,2026-07-13T08:15:36.758632,,e6ee2915f50a4cbeaacd426929f8f9e3041877c65a24d8d7f3440d991e8e3303,https://www.zazoom.it/2026-07-10/produzione-industriale-03-a-maggio-11-su-anno/19445190/,"Produzione industriale -0,3% a maggio +1,1% su anno",18,,,"... precedenti. L'indice destagionalizzato mensile cresce su base congiunturale solo per l'energia (+4,6%), mentre diminuisce per i beni",https://eview.copyscape.com/compare/vg6gvtq8kp/21
659,2026-07-13T08:15:36.758632,,e6ee2915f50a4cbeaacd426929f8f9e3041877c65a24d8d7f3440d991e8e3303,https://www.zazoom.it/2026-07-10/industria-istat-03-produzione-a-maggio-11-su-anno/19444980/,"Industria Istat | -0,3% produzione a maggio +1,1% su anno - Zazoom",18,,,"... precedenti. L'indice destagionalizzato mensile cresce su base congiunturale solo per l'energia (+4,6%), mentre diminuisce per i beni",https://eview.copyscape.com/compare/vg6gvtq8kp/22
660,2026-07-13T08:15:36.758632,,e6ee2915f50a4cbeaacd426929f8f9e3041877c65a24d8d7f3440d991e8e3303,https://www.icsoftware.it/dati-istat-sulla-produzione-industriale-di-aprile-2022/,Dati Istat sulla produzione industriale di aprile 2022 - IC Software Srl,16,,,"... I settori di attività economica che registrano gli incrementi tendenziali più ampi sono le  industrie tessili, abbigliamento, pelli e",https://eview.copyscape.com/compare/vg6gvtq8kp/23
661,2026-07-13T08:15:36.758632,,e6ee2915f50a4cbeaacd426929f8f9e3041877c65a24d8d7f3440d991e8e3303,https://www.corriere.it/economia/aziende/25_febbraio_12/produzione-industriale-ancora-in-calo-per-l-istat-il-2024-registra-7-1-a-dicembre-male-tessile-e-veicoli-e79d7ee0-8aa7-4c68-b0d2-50e61d7f4xlk.shtml,"Produzione industriale ancora in calo, per l'Istat il 2024 registra",15,,,"... precedenti. L'indice destagionalizzato mensile cresce su base congiunturale solo per l'energia (+0,9%); mentre cala  per i beni strumentali",https://eview.copyscape.com/compare/vg6gvtq8kp/24
662,2026-07-13T08:15:36.758632,,e6ee2915f50a4cbeaacd426929f8f9e3041877c65a24d8d7f3440d991e8e3303,https://www.italiacooperativa.it/Economia/economia-cresce-produzione-industria-ma-con-aumenti-energia-margini-negativi-per-82-imprese-1,"Economia: cresce produzione industria, ma con aumenti energia ...",15,,,... Tra i settori di attività economica che registrano variazioni tendenziali positive ci sono  la produzione di prodotti farmaceutici di base e,https://eview.copyscape.com/compare/vg6gvtq8kp/25
