titolo,codice,id_hash,link,pdf_link,pdf_text
Occupati e disoccupati (dati provvisori)- Giugno 2026,OCCDISPROGIU2026,74be3b8beb34752637237ef85d70d850fddfd66b58247b637349562242eec3bf,https://www.istat.it/comunicato-stampa/occupati-e-disoccupati-dati-provvisori-giugno-2026/,https://www.istat.it/wp-content/uploads/2026/07/CS_Occupati-e-disoccupati_GIUGNO_2026.pdf,"  
 
 
UFFICIO STAMPA  
tel. +39 06 4673.2243/44  
ufficiostampa@istat.it  CONTACT CENTRE  
contact.istat.it  
 
  
 
Giugno 2026 
Occupati e disoccupati  
Dati provvisori  
 
 A giugno  2026, su base  mensile, il numero degli  occupati  risulta stabile e si associa all a crescita  dei 
disoccupati  e alla diminuzione  degli inattivi . 
 La stabilità  degli occupati  è sintesi  dell’aumento tra gli uomini , i dipendenti  a termine , i 25-34enni e ch i ha 
almeno 50 anni , e del calo tra le donne, i dipendenti permanenti, gli autonomi, i 15 -24enni e i 35 -49enni.  Il 
tasso di occupazione  è inv ariato al 62,9%. 
 La crescita delle persone in cerca di lavoro  (+7,2%, pari a +97mila unità ) coinvolge gli uomini,  le donne  e 
tutte le clas si d’età . Il tasso di disoccupazione  sale al 5,7% (+0,4 punti) , quello giovanile  al 18,4% (+1,5 
punti) . 
 La diminuzione  degli inattivi tra i 15 e i 64 anni (-0,8%, pari a -103mila unità ) riguarda  entrambi i sessi  e tutte 
le classi d’età . Il tasso di inattività scende  al 33,2% (-0,3 punti) . 
 Confrontando il  secondo  trimestre 2026  con quello precedente si registra un aumento di 1 16mila occupati 
(+0,5%). 
 Rispetto al trimestre precedente , crescono  anche le persone in cerca di lavoro (+0,8%, pari a +11mila unità) , 
mentre diminuiscono  gli inattivi  di 15 -64 anni (-0,9%, pari a -115mila unità).  
 A giugno  2026, la crescita del numero di occupati  rispetto  a giugno  2025 (+0,5%, +131mila unità)  si osserva 
tra gli uomini,  le donne , i 25-34enni e chi ha almeno 50 anni; tra i 15-24enni e i 35-49enni , invece, gli occupati 
diminuiscono . Su base annua i l tasso di occupazion e aumenta  di 0,3 punti . 
 Rispetto a  giugno  2025 , diminuisc e sia  il numero di persone in cerca di lavoro (-3,6%, pari a -54mila unità)  
sia quello degli  inattivi tra i 15  e i 64 anni  (-0,7%, pari a -92mila unità) . 
 
                     Il commento  
 
A giugno  2026 il numero di occupati , pari  a 24 milioni 310mila, è 
stabile  rispetto al mese precedente . La crescita dei  dipendenti a 
termine (2 milioni 542mila)  è compensata dal calo dei  dipend enti 
permanenti (16 milioni 491mila) e degli autonomi  (5 milioni 277mila) . 
L’occupazione cresce rispetto a  giugno  2025 (+131mila occupati  in 
un anno ) per effetto  dell’aumento dei dipendenti , permanenti 
(+98mila) e a termine (+33mila), e della stabilità degli autonomi . 
Su base mensile  il tasso di occupazione  rimane  al 62,9%, quello di 
disoccupazione sale al 5,7% e il tasso  d’inattività scende  al 33,2%. PROSSIMA  
DIFFUSIONE  
1 Settembre  2026 
   Link utili  
 
https://esploradati.istat.it  
https://www.istat.it/it/congiuntura  
30 LUGL IO 2026  
 
| 2 
OCCUPATI  
E DISOCCUPATI  
 
FIGURA 1.  OCCUPATI   
Gennaio 202 1 – giugno 2026, valori assoluti in milioni , dati destagionalizzati  
 
FIGURA 2.  TASSO DI DISOCCUPAZIONE  
Gennaio 202 1 – giugno 2026, valori percentuali , dati destagionalizzati  
 
FIGURA 3 . INATTIVI 15 -64 ANNI  
Gennaio 202 1 – giugno 2026, valori assoluti in milioni,  dati destagionalizzati  

 
| 3 
OCCUPATI  
E DISOCCUPATI  
 
LE DIFFERENZE DI GENERE  
PROSPETTO 1.  POPOLAZIONE PER GENERE E CONDIZIONE PROFESSIONALE  
Giugn o 2026, dati destagionalizzati  
 Valori assoluti 
(migliaia di unità)  Variazioni congiunturali  Variazioni tendenziali  
giu26 
mag26 
(assolute)  giu26 
mag26 
(percentuali)  apr-giu26 
gen-mar26 
(assolute)  apr-giu26 
gen-mar26 
 (percentuali)  giu26 
giu25 
(assolute)  giu26 
giu25 
(percentuali)  
MASCHI         
 Occupati  13.968  +14 +0,1 +72 +0,5 +116  +0,8 
 Disoccupati  780 +48 +6,6 +4 +0,5 -9 -1,2 
 Inattivi 15 -64 anni  4.540  -53 -1,2 -56 -1,2 -66 -1,4 
FEMMINE             
 Occupati  10.342  -13 -0,1 +44 +0,4 +15 +0,1 
 Disoccupati  678 +49 +7,8 +8 +1,2 -44 -6,1 
 Inattivi 15 -64 anni  7.772  -49 -0,6 -59 -0,8 -26 -0,3 
TOTALE             
 Occupati  24.310  +1 0,0 +116  +0,5 +131  +0,5 
 Disoccupati  1.458  +97 +7,2 +11 +0,8 -54 -3,6 
 Inattivi 15 -64 anni  12.312  -103 -0,8 -115 -0,9 -92 -0,7 
 
PROSPETTO 2.  TASSI DI OCCUPAZIONE, DISOCCUPAZIONE  E INATTIVITÀ  PER GENERE  
Giugno  2026, dati destagionalizzati  
 Valori  
percentuali  Variazioni congiunturali  Variazioni 
tendenziali  
(punti percentuali)  
giu26  
mag26 apr-giu26  
gen-mar26 giu26  
giu25 
MASCHI      
 Tasso di occupazione 15 -64 anni  71,6 +0,1 +0,3 +0,4 
 Tasso di disoccupazione  5,3 +0,3 0,0 -0,1 
 Tasso di inattività 15 -64 anni  24,3 -0,3 -0,3 -0,3 
FEMMINE          
 Tasso di occupazione 15 -64 anni  54,2 0,0 +0,2 +0,2 
 Tasso di disoccupazione  6,2 +0,4 0,0 -0,4 
 Tasso di inattività15 -64 anni  42,1 -0,3 -0,3 0,0 
TOTALE          
 Tasso di occupazione 15 -64 anni  62,9 0,0 +0,3 +0,3 
 Tasso di disoccupazione  5,7 +0,4 0,0 -0,2 
 Tasso di inattività 15 -64 anni  33,2 -0,3 -0,3 -0,2 
 
A giugno  2026, rispetto al mese precedente , l’occupazione risulta  in crescita  di 0,1 punti  per gli uomini  e stabile  
per le donne ; per entrambe le componenti di genere il tasso  di disoccupazione  aumenta  (+0,3 e +0, 4 punti 
rispettivamente)  e quello di inattività diminuisce  (-0,3 punti  per entrambe) . 
Su base annua , sia per gli uomini sia per le donne il tasso di occupazione  aumenta (+0,4 e +0,2 punti 
rispettivamente ) e quello di disoccupazione diminuisce ( -0,1 punti e -0,4 punti , rispettivamente ); il tasso di 
inattività cala tra gli uomini ( -0,3 punti) ed è stabile t ra le donne.  
 
| 4 
OCCUPATI  
E DISOCCUPATI  
 
OCCUPAZIONE DIPENDENTE E INDIPENDENTE   
PROSPETTO 3.  OCCUPATI PER POSIZIONE PROFESSIONALE E CARATTERE DELL’OCCUPAZIONE  
Giugno  2026, dati destagionalizzati  
 Valori assoluti 
(migliaia di unità ) Variazioni congiunturali  Variazioni tendenziali  
giu26  
mag26 
(assolute)  giu26  
mag26 
(percentuali)  apr-giu26  
gen-mar26 
(assolute)  apr-giu26  
gen-mar26 
 (percentuali)  giu26  
giu25  
(assolute)  giu26  
giu25  
(percentuali)  
OCCUPATI  24.310  +1 0,0 +116  +0,5 +131  +0,5 
   Dipendenti  19.032  +45 +0,2 +112  +0,6 +131  +0,7 
    - permanenti  16.491  -46 -0,3 +104  +0,6 +98 +0,6 
    - a termine  2.542  +91 +3,7 +7 +0,3 +33 +1,3 
   Indipendenti  5.277  -44 -0,8 +5 +0,1 0 0,0 
 
A giugno  2026, l a stabilità  congiunturale  del numero di  occupati  è sintesi del l’aumento dei dipendenti  a termine 
(+3,7%) e del  calo di quelli permanenti ( -0,3%) e degli indipendenti (-0,8%). 
In termini tendenziali , l’occupazione cresce  dello 0 ,6% tra i dipendenti  permanenti  e de ll’1,3% tra  quelli a 
termine , rimane ndo stabile  tra gli indipendenti . 
 
LA PARTECIPAZIONE AL MERCATO DEL LAVORO PER CLASSI DI ETÀ  
PROSPETTO 4.  POPOLAZIONE PER CLASSI DI ETÀ E CONDIZIONE PROFESSIONALE  
Giugno  2026, dati destagionalizzati  
 Valori assoluti 
(migliaia  
di unità)  Variazioni congiunturali  Variazioni tendenziali  
giu26  
mag26 
(assolute)  giu26  
mag26 
(percentuali)  apr-giu26  
gen-mar26 
(assolute)  apr-giu26  
gen-mar26 
 (percentuali)  giu26  
giu25  
(assolute)  giu26  
giu25  
(percentuali)  
15-24 ANNI         
 Occupati  1.003  -3 -0,3 0 0,0 -55 -5,2 
 Disoccupati  226 +21 +10,3  -8 -3,4 -39 -14,6 
 Inattivi  4.653  -15 -0,3 +16 +0,3 +120  +2,6 
25-34 ANNI                
 Occupati  4.317  +8 +0,2 +52 +1,2 +72 +1,7 
 Disoccupati  406 +37 +10,1  +5 +1,4 +15 +3,9 
 Inattivi  1.466  -42 -2,8 -46 -3,0 -80 -5,2 
35-49 ANNI                
 Occupati  8.529  -16 -0,2 -38 -0,4 -205 -2,3 
 Disoccupati  472 +9 +1,9 +7 +1,6 -22 -4,5 
 Inattivi  2.031  -9 -0,5 -19 -0,9 -3 -0,1 
50 ANNI E PIU’                
 Occupati  10.461  +11 +0,1 +102  +1,0 +318  +3,1 
 Disoccupati  355 +30 +9,3 +6 +1,9 -8 -2,3 
 Inattivi  17.703  -12 -0,1 -40 -0,2 +8 0,0 
 Inattivi 50 -64 anni  4.162  -36 -0,9 -66 -1,6 -129 -3,0 
  
 
| 5 
OCCUPATI  
E DISOCCUPATI  
 
PROSPETTO 5.  TASSI DI OCCUPAZIONE, DISOCCUPAZIONE, INATTIVITÀ E INCIDENZA DEI DISOCCUPATI SULLA 
POPOLAZIONE PER CLASSI DI ETÀ  
Giugno  2026, dati destagionalizzati  
 Valori  
percentuali  Variazioni congiunturali  Variazioni  
tendenziali  
(punti percentuali)  
giu26  
mag26 apr-giu26  
gen-mar26 giu26  
giu25  
15-24 ANNI      
 Tasso di occupazione  17,1 -0,1 0,0 -1,0 
 Tasso di disoccupazione  18,4 +1,5 -0,5 -1,6 
 Incidenza dei disoccupati sulla popolazione  3,8 +0,4 -0,1 -0,7 
 Tasso di inattività  79,1 -0,3 +0,2 +1,7 
25-34 ANNI          
 Tasso di occupazione  69,8 +0,1 +0,7 +1,1 
 Tasso di disoccupazione  8,6 +0,7 0,0 +0,2 
 Incidenza dei disoccupati sulla popolazione  6,6 +0,6 +0,1 +0,2 
 Tasso di inattività  23,7 -0,7 -0,8 -1,3 
35-49 ANNI          
 Tasso di occupazione  77,3 0,0 0,0 -0,2 
 Tasso di disoccupazione  5,2 +0,1 +0,1 -0,1 
 Incidenza dei disoccupati sulla popolazione  4,3 +0,1 +0,1 -0,1 
 Tasso di inattività  18,4 -0,1 -0,1 +0,4 
50-64 ANNI          
 Tasso di occupazione  67,9 +0,1 +0,5 +1,2 
 Tasso di disoccupazione  3,4 +0,2 0,0 -0,2 
 Incidenza dei disoccupati sulla popolazione  2,4 +0,2 0,0 -0,1 
 Tasso di inattività  29,7 -0,3 -0,5 -1,1 
 
 
PROSPETTO 6.  VARIAZIONE TENDENZIALE OSSERVATA E AL NETTO DELLA COMPONENTE DEMOGRAFICA PER 
CLASSI DI ETÀ E CONDIZIONE PROFESSIONALE   
Giugno  2026  
 Variazione tendenziale percentuale osservata  Variazione tendenziale percentuale  
al netto della componente demografica  
Occupati  Disoccupati  Inattivi  Occupati  Disoccupati  Inattivi  
15-34 anni  +0,3 -3,6 +0,6 0,0 -3,8 +0,4 
35-49 anni  -2,3 -4,5 -0,1 -0,3 -2,5 +1,9 
50-64 anni  +2,6 -4,0 -3,0 +1,9 -4,7 -3,7 
15-64 anni  +0,2 -4,0 -0,7 +0,6 -3,6 -0,8 
 
Tra maggio  e giugno  2026, il tasso di occupazione diminuisce  tra i 15 -24enni, è stabile tra i 35 -49enni e cresce 
tra i 25 -34enni e tra coloro che hanno almeno 50 ann i. In tutte le classi d’età si registra la crescita del tasso di 
disoccupazione e il calo di quello  di inattività . 
Su base annua, il tasso di occupazione diminuisce tra i 15 -24enni e i 35 -49enni e cresce nell e altre classi d’età;  
il tasso di disoccupazione cala in tutte le classi d’età , ad eccezione dei 25 -34enn i, mentre  quello  di inattività 
aumenta tra i 15 -24enni e i 35 -49enni e cala per tutti gli altri.  
  
 
| 6 
OCCUPATI  
E DISOCCUPATI  
 
PROSPETTO 7. OCCUPA TI, DISOCCUPATI, INATTIVI, TASSI  DI OCCUPAZIONE, DISOCCUPAZIONE E INATTIVITÀ  
Gennaio 20 24 – giugno  2026, dati destagionalizzati  
ANNO  MESE  Occupati  Disoccupati  Inattivi  
15-64 anni  Tasso di 
occupazione  
15-64 anni  Tasso di 
disoccupazione  Tasso di 
disoccupazione  
15-24 anni  Tasso di 
inattività  
15-64 anni  
Valori assoluti (migliaia di unità)   Valori percentuali  
2024  Gennaio  23.749  1.815  12.371  61,9 7,1 21,7 33,3 
Febbraio  23.788  1.856  12.309  61,9 7,3 23,0 33,1 
Marzo  23.860  1.759  12.357  62,1 6,9 20,1 33,2 
Aprile  23.911  1.745  12.346  62,2 6,8 20,7 33,2 
Maggio  23.932  1.663  12.427  62,2 6,5 20,6 33,4 
Giugno  23.964  1.711  12.352  62,3 6,7 20,4 33,2 
Luglio  24.020  1.645  12.391  62,4 6,4 21,0 33,2 
Agosto  24.056  1.631  12.391  62,4 6,4 19,4 33,3 
Settembre  24.058  1.555  12.455  62,4 6,1 18,7 33,4 
Ottobre  24.017  1.554  12.495  62,4 6,1 18,8 33,5 
Novembre  24.019  1.587  12.460  62,3 6,2 20,8 33,4 
Dicembre  24.063  1.645  12.385  62,4 6,4 19,1 33,2 
2025  Gennaio  24.124  1.669  12.287  62,6 6,5 20,5 33,0 
Febbraio  24.143  1.572  12.351  62,6 6,1 19,6 33,2 
Marzo  24.176  1.618  12.289  62,7 6,3 20,7 33,0 
Aprile  24.066  1.581  12.420  62,4 6,2 20,8 33,4 
Maggio  24.123  1.652  12.297  62,6 6,4 21,5 33,0 
Giugno  24.179  1.512  12.404  62,6 5,9 20,0 33,3 
Luglio  24.075  1.537  12.435  62,4 6,0 19,8 33,5 
Agosto  24.059  1.521  12.466  62,4 6,0 20,8 33,5 
Settembre  24.108  1.541  12.407  62,5 6,0 21,1 33,4 
Ottobre  24.156  1.494  12.409  62,6 5,8 19,8 33,4 
Novembre  24.113  1.459  12.491  62,5 5,7 18,9 33,6 
Dicembre  24.132  1.439  12.486  62,5 5,6 19,7 33,6 
2026  Gennaio  24.184  1.379  12.501  62,7 5,4 18,4 33,7 
Febbraio  24.213  1.406  12.444  62,7 5,5 17,7 33,5 
Marzo  24.199  1.388  12.478  62,7 5,4 18,4 33,6 
Aprile  24.320  1.389  12.360  63,0 5,4 17,8 33,3 
Maggio  24.309  1.361  12.414  62,9 5,3 16,9 33,5 
Giugno  24.310  1.458  12.312  62,9 5,7 18,4 33,2 
 
| 7 
OCCUPATI   
E DISOCCUPATI  
 
PROSPETTO 8. OCCUPATI, DISOCCUPATI, INATTIVI, TASSO DI OCCUPAZIONE, DISOCCUPAZIONE E INATTIVITÀ    
Maggio  2025 – maggio  2026, revisioni delle variazioni congiunturali  
ANNO  MESE  Occupati  Disoccupati  Inattivi  
15-64 anni  Tasso di 
occupazione  
15-64 anni  Tasso di 
disoccupazione  Tasso di 
inattività  
15-64 anni  
2025 Maggio  +0,1 -2,2 +0,1 0,0 -0,1 0,0 
Giugno  +0,1 -3,2 +0,3 +0,1 -0,2 +0,1 
Luglio  -0,2 +4,8 -0,3 -0,1 +0,3 -0,1 
Agosto  0,0 +1,3 -0,1 0,0 +0,1 0,0 
Settembre  0,0 -0,8 0,0 0,0 0,0 0,0 
Ottobre  0,0 +0,4 0,0 0,0 0,0 0,0 
Novembre  0,0 +1,0 -0,1 0,0 +0,1 0,0 
Dicembre  0,0 -0,6 0,0 0,0 0,0 0,0 
2026 Gennaio  -0,1 +2,7 -0,2 0,0 +0,1 -0,1 
Febbraio  0,0 -0,7 0,0 0,0 0,0 0,0 
Marzo  -0,1 +2,0 -0,1 0,0 +0,1 0,0 
Aprile  0,0 +1,4 -0,1 0,0 +0,1 0,0 
Maggio  0,0 -0,4 0,0 0,0 0,0 0,0 
 
 
| 8 
OCCUPATI   
E DISOCCUPATI  
 
Dati destagionalizzati : dati depurati, mediante apposite tecniche statistiche, dalle fluttuazioni attribuibili alla componente 
stagionale (dovute a fattori meteorologici, consuetudinari, legislativi, ecc.) e, se significativi, dagli effetti di calendario. 
Questa trasformazione dei dati è la più idonea a cogliere l’evoluzione congiunturale di un indicatore.  
Disoccupati (o in cerca di occupazione) : comprendono le persone non occupate tra i 15 e i 74 anni che:  
 hanno effettuato almeno un’azione attiva di ricerca di lavoro nelle quattro settimane che precedono la settimana 
di riferimento e sono disponibili a lavorare (o ad avviare un’attività autonoma) entro le due  settimane successive;  
 oppure, inizieranno un lavoro entro tre mesi dalla settimana di riferimento e sarebbero disponibili a lavorare (o ad 
avviare un’attività autonoma) entro le due settimane successive, qualora fosse possibile anticipare l’inizio del 
lavoro.  
Forze di lavoro : comprendono le persone occupate e quelle disoccupate.  
Inattivi (o non forze di lavoro) : comprendono le persone che non fanno parte delle forze di lavoro, ovvero quelle non 
classificate come occupate o disoccupate.  
Occupati : compren dono le persone tra 15 e 89 anni che nella settimana di riferimento:  
 hanno svolto almeno un’ora di lavoro a fini di retribuzione o di profitto, compresi i coadiuvanti familiari non retribuiti;  
 sono temporaneamente assenti dal lavoro perché in ferie, con or ario flessibile (part time verticale, recupero ore, 
etc.), in malattia, in maternità/paternità obbligatoria, in formazione professionale retribuita dal datore di lavoro;  
 sono in congedo parentale e ricevono e/o hanno diritto a un reddito o a prestazioni le gate al lavoro, 
indipendentemente dalla durata dell’assenza;  
 sono assenti in quanto lavoratori stagionali ma continuano a svolgere regolarmente mansioni e compiti necessari 
al proseguimento dell’attività (da tali mansioni e compiti va escluso l’adempimento  di obblighi legali o 
amministrativi);  
 sono temporaneamente assenti per altri motivi e la durata prevista dell’assenza è pari o inferiore a tre mesi.  
Le precedenti condizioni prescindono dalla sottoscrizione di un contratto di lavoro e gli occupati stimati  attraverso 
l’indagine campionaria sulle Forze di lavoro comprendono pertanto anche forme di lavoro irregolare.  
Occupati dipendenti a tempo indeterminato  o permanenti : occupati con un rapporto di lavoro dipendente, regolato 
o meno da contratto, per il qual e non è definito alcun termine.  
Occupati dipendenti a termine : occupati con un rapporto di lavoro dipendente, regolato o meno da contratto, per il 
quale è espressamente indicato un termine di scadenza.  
Occupati indipendenti : coloro che svolgono la propria  attività lavorativa senza vincoli formali di subordinazione. Sono 
compresi: imprenditori; liberi professionisti, lavoratori autonomi, coadiuvanti nell’azienda di un familiare (se prestano 
lavoro nell’impresa senza il corrispettivo di una retribuzione cont rattuale come dipendenti), soci di cooperativa, 
collaboratori (con e senza progetto) e prestatori d’opera occasionali.  
Settimana di riferimento : settimana a cui fanno riferimento le informazioni rac colte (in genere quella che precede 
l’intervista).  
Tasso di attività : rapporto  percentuale  tra le forze di lavoro e la corrispondente popolazione di riferimento.  
Tasso di disoccupazione : rapporto  percentuale  tra i disoccupati e le corrispondenti forze di lavoro.  
Tasso di inattività : rapporto  tra gli inattivi e la corrispondente popolazione di riferimento (la somma del tasso di attività 
e del tasso di inattività è pari a 1).  
Tasso di occupazione : rapporto  percentuale  tra gli occupati e la corrispondente popolazione di riferimento.  
Variazione congiunturale : variazione percentuale rispetto al mese o periodo immediatamente precedente . 
Variazione tendenziale : variazione percentuale rispetto allo stesso mese o periodo dell ’anno precedente . 
Variazione tendenziale al netto della componente demografica : variazione tendenziale al netto dell’effetto 
determinato dalla variazione della popolazione rispetto a 12 mesi prima .
 
| 9 
OCCUPATI   
E DISOCCUPATI  
 
Introduzione e quadro normativo  
La rilevazione sulle forze di lavoro è una indagine campionaria condotta mediante interviste alle famiglie, il cui obiettivo 
primario è la stima dei principali aggregati dell’offerta di lavoro, occupati e disoccupati . 
Le principali caratteristiche della rilevazione, dagli aspetti metodologici alle definizioni delle variabili e degli indicato ri, 
sono armonizzate a livello europeo, coerentemente con gli standard internazionali definiti dall’ILO. La rilevazione è 
regolat a da specifici atti del Consiglio della Commissione europea , il principale dei quali è il Regolamento (UE) 2019/1700 
del Parlamento europeo e del Consiglio, che si applica da l 1° gennaio 2021 ( per approfondimenti  sul regolament o quadro 
e gli atti delegati e di esecuzione , si veda https://www.istat.it/it/archivio/253081 ). 
L’indagine è inserita nel Piano Statistico Nazionale (edizione in vigore: Psn 2020 -2022, aggiornamento 2022, pubblicato 
sul Supplemento Ordinario n. 26 alla Gazzetta Ufficiale – serie generale – n. 201 del 29 agosto 2023 ). 
 
Popolazione di riferimento, unità di rilevazione e di analisi  
La popolazione di riferimento è costituita da tutti i componenti delle famiglie residenti in Italia, anche se temporaneamente 
all’estero. Dalla popolazione di riferimento sono quindi esclusi i membri permanenti delle convivenze: ospizi, brefotrofi, 
istituti r eligiosi, caserme, ecc.  
Per garantire la qualità delle stime, la  produzione dei dati  della Rilevazione sulle forze di lavoro è coerente con il  dato di 
popolazione derivante dal Censimento permanente . 
L’unità di rilevazione è la famiglia di fatto, definita come insieme di persone legate o meno da vincoli di parentela o 
affettivi, dimoranti abitualmente nella stessa abitazione e che condividono il reddito (contribuendo al reddito e/o 
beneficiandone) e/o le spese familiari.  
Unità di analisi nel comuni cato stampa mensile “Occupati e disoccupati” è ciascun individuo di 15 anni o più.  
 
Il disegno di campionamento  
Il disegno campionario è a due stadi, rispettivamente comuni e famiglie, con stratificazione delle unità di primo stadio. 
Tutti i comuni con popolazione superiore ad una soglia prefissata per ciascuna provincia, detti autorappresentativi, sono 
presenti nel campione con probabilità pari a uno. I comuni la cui popolazione è al di sotto delle suddette soglie, detti non 
autorappresentativi, sono ra ggruppati in strati. Essi entrano nel campione attraverso un meccanismo di selezione casuale 
che prevede l’estrazione di un comune non autorappresentativo da ciascuno strato. Per ciascun comune campione viene 
estratto dalla lista anagrafica un campione cas uale semplice di famiglie.  
Da gennaio 2004 la rilevazione è continua, cioè le informazioni sono rilevate con riferimento a tutte le settimane di ciascun  
trimestre. Il campione trimestrale è uniformemente ripartito tra i 3 mesi, tenendo conto del numero di settimane che 
compongono ciascun mese (rispettivamente 4 o 5). Il mese di riferimento è composto dalle settimane, da lunedì a 
domenica, che cadono per almeno quattro giorni nel mese di calendario.  
Il campione teorico trimestrale è composto da 71 .500 famigl ie; il campione teorico mensile è pari a 22 .000 famiglie per i 
mesi composti da 4 settimane e 27 .500 famiglie per i mesi composti da 5 settimane.  
Circa il 10 per cento dei comuni campione viene ruotato annualmente. Ogni famiglia viene intervistata per due trimestri 
consecutivi, esce temporaneamente dal campione per i due successivi trimestri, poi viene nuovamente intervistata per 
altri due trimestri. Ne consegue che circa il 50% delle famiglie sono reintervistate a distanza di 3 mesi e il 50% a distanza  
di 12 mesi, a meno delle mancate risposte. Complessivamente, ogni famiglia rimane nel campione per un periodo di 15 
mesi. Considerando che le transizioni dall’inattività all’occupazione degli individui di età superiore a 74 anni sono 
pressoché nulle, per ridurre la molestia statistica su questo target di popolazione, dal 1 gennaio 2011 le famiglie composte 
da soli ultra 74 -enni inattivi non vengono reintervistate.   
 
| 10 
OCCUPATI   
E DISOCCUPATI  
 
La raccolta delle informazioni  
L’intervista alla famiglia viene effettuata mediante tecnica mista Capi ( Computer assisted personal interview ) e Cati 
(Computer assisted telephone interview ). La prima intervista a ciascuna famiglia viene condotta con tecnica Capi  presso 
l’abitazione della famiglia  stessa , le interviste successive vengono condotte con tecnica Cati (ad eccezione delle famiglie 
senza telefono o con capofamiglia straniero). Nella maggior parte dei casi  l’intervista viene condotta nella settimana 
successiva a quella di riferimento  e solo raram ente entro le tre settimane successive . Alcuni quesiti della rilevazione, a 
motivo della difficoltà nella risposta da fornire o della sensibilità dell’argomento trattato, prevedono la facoltà di non 
rispondere.  Ulteriori informazioni sulla Rilevazione sull e forze di lavoro e il questionario utilizzato per la raccolta dei dati 
sono disponibili al seguente link : http://www.istat.it/it/archivio/8263 . 
 
L’elaborazione dei dati: processo, strumenti e tecniche  
Il mese di Giugno  2026 comprende 4 settimane,  da lunedì 1 giugn o a domenica 28 giugno 2026. 
Lo stimatore utilizzato per la produzione delle stime mensili è lo stimatore composto di regressione ( regression composite 
estimator )1. Si tratta di uno stimatore che può essere efficacemente utilizzato in caso di indagini longitudinali , con 
campione parzialmente sovrapposto , poiché sfrutta la componente longitudinale per migliora re l’efficienza sia delle stime 
di livello sia delle stime di variazioni tra mesi.   
In occasione dell’uscita d ei dati di febbraio 2021, l’intera serie storica dei dati mensili è stata ricostruita in modalità 
provvisoria f acendo ricorso a un approccio macro c he ha tenuto conto del le definizioni introdotte dal nuovo regolamento.  
Tale ricostruzione è stata resa definitiva con l’uscita d ei dati di dicembre 2021  e include anche il passaggio a lla nuova 
popolazione intercensuaria.  Tutti i lavori di ricostruzione delle serie storiche effettuati in occasione del passaggio al nuovo 
regolamento sono stati svolti con il contributo del  Grant Eurostat  (number 826320) : ‘Quality improvement and breaks in 
time series exercise for the LFS in view of the entry into force of the new IESS regulation — 2018 -IT-LFS QUALITY 
BREAKS’.  
Al fine di poter analizzare opportunamente i dati in un’ottica congiunturale, tutti i dati riportati nel comunicato stampa so no 
sottoposti mensilmente  a una procedura di destagionalizzazione, includendo ogni volta l’ultimo dato disponibile e 
aggiornando la stima dei modelli. Con riferimento ai soli dati destagionalizzati, pertanto, possono verificarsi variazioni 
anche nei mesi già consolidati (le cui stim e non destagionalizzate sono divenute definitive) che derivano dalla 
replicazione della procedura di destagionalizzazione con l’aggiunta dell’ultimo dato disponibile.  
Per la procedura di destagionalizzazione si utilizza l’algoritmo TRAMO -SEATS, implementato nel software JDemetra +. 
La dinamica della partecipazione al mercato del lavoro per classi di età risente dei mutamenti demografici che negli anni 
recenti evidenziano un  progressivo invecchiamento della popolazione.  
Al fine di valutare l’impatto di tali dinamiche  sulla stima delle variazioni tendenziali di occupati, disoccupati e inattivi per 
classi di età, è possibile utilizzare tecniche di standardizzazione della compo sizione per età della popolazione. Mediante 
tali tecniche le variazioni tendenziali possono essere scomposte nella somma di due componenti. La prima componente 
misura l’effetto che deriva dalle variazioni di popolazione a distanza di 12 mesi, nell’ipotesi che l’unico fattore a 
determinare un cambiamento nelle stime sia la variazione della popolazione (si ipotizza cioè che rimangano invariate le 
distribuzioni relative per condizione professionale in ciascuna classe di età considerata). La seconda componente è 
l’effetto “atteso” sulla variazione tendenziale al netto della componente demografica, nell’ipotesi che il fattore variabile 
sia la distribuzione relativa per condizione professionale stimata in ciascuna classe di età e che non sia intervenuta 
alcuna var iazione della popolazione rispetto a 12 mesi prima. Le stime delle variazioni tendenziali al netto della 
componente demografica sono state effettuate per occupati, disoccupati e inattivi, nelle tre classi di  età 15 -34, 35 -49 e 
50-64 anni  (prospetto 6).  
  
 
1 Singh , Kennedy e Wu (2001) Regression composite estimation for the Canadian labour force survey with a rotating panel design, Surv ey 
Methodology 27, 33 -44. 
 
 
| 11 
OCCUPATI   
E DISOCCUPATI  
 
I dati assoluti rilevati dall’indagine, elaborati all’unità, vengono arrotondati alle migliaia nei valori e nelle variazioni 
assolute. Le variazioni sono calcolate sui dati all’unità e non su quelli arrotondati alle migliaia. Nelle variazioni percent uali 
e nei tassi nonché nelle differenze in punti percentuali l’arrotondamento è al primo decimale. Le variazioni in punti 
percentuali tra i tassi vengono calcolate sui tassi con tutti i decimali prima di essere approssimate2. 
 
L’output: principali misure di a nalisi  
La rilevazione sulle forze di lavoro ha l’obiettivo di produrre stime sulla partecipazione al mercato del lavoro.  
La popolazione di riferimento viene ripartita in tre gruppi esaustivi e mutualmente esclusivi3: gli occupati, 
coerentemente con gli standard dell’ILO, costituiti dalle persone che hanno svolto almeno un’ora di lavoro retribuita 
nella settimana di riferimento (oltre alle persone assenti dal lavoro in quella settimana); i disoccupati (o persone in 
cerca di occupazio ne), che cercano attivamente un lavoro e sarebbero imme diatamente disponibili a iniziare a 
lavorare; gli inattivi (o non forze di lavoro), che non lavorano e non cercano lavoro (o non sarebbero disponibili a 
iniziare a lavorare), per esempio perché impegna ti negli studi, in pensione, o dediti alla cura della casa e/o della 
famiglia4. Gli occupati e i disoccupati, insieme, costituiscono le forze di lavoro, cioè la parte di popolazione attiva nel 
mercato del lavoro.   
La definizione di disoccupazione e i prin cipi per la formulazione dei quesiti necessari a identificare gli occupati e i 
disoccupati sono riportati nel  Regolamento di esecuzione (UE) 2019/2240 della Commissione europea . 
Nel comunicato stampa mensile “Occupati e disoccupati” vengono diffuse le stim e dei tre aggregati totali, le 
disaggregazioni per genere e per classi di età, oltre ad un’analisi degli occupati per posizione professionale e 
carattere dell’occupazione.  
Inoltre, vengono analizzati i tassi di partecipazione al mercato del lavoro. Il tass o di occupazione misura la quota di 
popolazione che svolge un lavoro: in un’ottica economica rappresenta la parte dell’offerta di lavoro che ha trovato 
incontro con la domanda, in rapporto alla popolazione. Il tasso di disoccupazione è dato dal rapporto tr a i disoccupati 
e la forza lavoro: rappresenta quindi la quota di forza lavoro che non ha trovato un incontro con la domanda, in 
rapporto alla forza lavoro stessa. Il tasso di inattività misura la quota di popolazione che non partecipa al mercato 
del lavor o. 
Ulteriori informazioni relative alla partecipazione al mercato del lavoro vengono analizzate su base trimestrale e 
annuale nel comunicato stampa “Il mercato del lavoro”.  
 
La precisione delle stime  
Al fine di valutare l’accuratezza delle stime prodotte da un’indagine campionaria è necessario tenere conto dell’errore 
campionario che deriva dall’aver osservato la variabile di interesse solo su una parte (campione) della popolazione. Tale 
errore può essere espresso in termini di errore assoluto ( standard error ) o di errore relativo (cioè l’errore assoluto diviso 
per la stima, che prende il nome di coefficiente di variazione, CV). In questo paragrafo, per ciascuna delle principali 
variabili di interesse, sono riportati la stima puntuale e l’errore re lativo ad essa associato.  
  
 
2 Ad esempio, nell’attuale comunicato stampa, il tasso di inattività dei 15 -64enni  di giugno  2026 è pari a 33,181%, che arrotondato è riportato nel 
prospetto 2 come 33,2%. Lo stesso tasso a giugno  2025 è pari a 33,338 % ed è riportato nel prospetto 7 come 33,3%. La differenza tra il dato di 
giugno  2026 e quello di giugno 2025 è quindi pari a -0,157 punti percentuali. Date le regole dell’arrotondamento, nel prospetto 2 la variazione è 
indicata pari a -0,2 punti percentuali  e non -0,1 punti come sarebbe se si calcolasse la differenza tra i due tassi già arrotondati.  
3 A motivo dell’innalzamento dell’e tà dell’obbligo scolastico (legge 296/2006), dal primo trimestre 2007 i dati sugli individui con 15 anni di età non 
contengono né occupati né disoccupati. Il numero di quindicenni occupati o in cerca di occupazione è tradizionalmente del tut to trascurabile . Il 
cambiamento normativo non comporta quindi alcuna interruzione delle serie storiche degli indicatori sulla popolazione 15 -64 anni.  
4 Per le definizioni dettagliate si veda il glossario.  
 
 
| 12 
OCCUPATI   
E DISOCCUPATI  
 
PROSPETTO A . ERRORI RELATIVI DELLE STIME NON DESTAGIONALIZZATE DEI PRINCIPALI INDICATORI . 
Giugno  2026, dati non destagionalizzati  
 Stima puntuale  Errore relativo (CV)  
Occupati (migliaia di unità)  24.184  0,002693  
Disoccupati (migliaia di unità)  1.938  0,025056  
Inattivi 15 -64 anni (migliaia di unità)  11.972  0,005499  
Tasso di occupazione 15 -64 anni (valore percentuale)  62,57  0,002648  
Tasso di disoccupazione (valore percentuale)  7,44 0,024845  
Tasso di inattività 15 -64 anni (valore percentuale)  32,26  0,005499  
 
A partire da questi è possibile costruire l’intervallo di confidenza che, con un prefissato livello di fiducia, contiene al s uo 
interno il valore vero, ma ignoto, del parametro oggetto di stima. L ’intervallo di confidenza è calcolato aggiungendo e 
sottraendo alla stima puntuale il suo errore campionario assoluto, moltiplicato per un coefficiente che dipende dal livello 
di fiducia; considerando il tradizionale livello di fiducia del 95%, il coeffici ente corrispondente è pari a 1,96.  
Nel prospetto A si riportano gli errori relativi (CV) delle stime non destagionalizzate dei principali indicatori riferiti all’ultimo 
mese . 
Nella pagina web del comunicato stampa è disponibile il file excel che riporta la tabella completa degli errori rela tivi riferiti 
alle stime mensili non destagionalizzate dei principali indicatori, calcolati a partire da gennaio 20 18. 
I principali Istituti di statistica non pubblicano errori campionari riferiti a stime destagionalizzate. In alcuni casi sono 
pubblicati g li errori campionari delle stime non destagionalizzate ritenendo che questi siano del tutto simili a quelli riferiti 
alle corrispondenti stime destagionalizzate. L'Istat sta conducendo studi al fine di verificare se tale approccio sia 
applicabile anche agl i indicatori diffusi dall’Istituto.  
Attraverso semplici calcoli, è possibile ricavare gli intervalli di confidenza con livello di fiducia pari al 95% (=0,05). Ta li 
intervalli comprendono pertanto i parametri ignoti della popolazione con probabilità pari a 0,95. Nel prospetto seguente 
sono illustrati i calcoli per la costruzione dell’intervallo di confidenza della stima degli occupati e del tasso di 
disoccupazione.  
 
PROSPETTO B . CALCOLO ESEMPLIFICATIVO DELL’INTERVALLO DI CONFIDENZA . 
Giugno  2026, dati non destagionalizzati  
 Occupati (migliaia di unità)  Tasso di disoccupazione (%)  
Stima puntuale:  24.184 7,44 
   Errore relativo (CV)  0,002693 0,024845  
Stima intervallare      
   Semi ampiezza dell’intervallo:  (24.184 x 0, 002693) x 1,96 = 128 (7,44 x 0,024845 ) x 1,96 = 0,36 
   Limite inferiore dell’intervallo di confidenza:  24.184 – 128 = 24.056 7,44 - 0,36 = 7,08 
   Limite superiore dell’intervallo di confidenza:  24.184 + 128 = 24.312 7,44 + 0,36 = 7,80 
Di seguito si riportano i grafici degli intervalli di confidenza dei principal i indicatori da gennaio 2021 all’ultimo mese .  
  
 
| 13 
OCCUPATI   
E DISOCCUPATI  
OCCUPATI: STIMA PUNTUALE E INTERVALLO DI CONFIDENZA. 
Genna io 2021 – giugno  2026, dati non destagionalizzati, valori assoluti in 
migliaia di unità  TASSO DI OCCUPAZIONE 15 -64 ANNI: STIMA PUNTUALE E 
INTERVALLO DI CONFIDENZA. Gennaio 2021 – giugno  2026 , dati non 
destagionalizzati, valori percentuali  
  
 
DISOCCUPATI: STIMA PUNTUALE E INTERVALLO DI 
CONFIDENZA. Gennaio 2021 – giugno  2026 , dati non destagionalizzati, 
valori assoluti in migliaia di unità .  
TASSO DI DISOCCUPAZIONE: STIMA PUNTUALE E INTERVALLO 
DI CONFIDENZA. Gennaio 2021 – giugno  2026 , dati non 
destagionalizzati, valori percentuali.  
  
 
INATTIVI 15 -64 ANNI: STIMA PUNTUALE E INTERVALLO DI 
CONFIDENZA.  Gennaio 2021 – giugno  2026 , dati non destagionalizzati, 
valori assoluti in migliaia di unità.   
TASSO DI INATTIVITÀ 15 -64 ANNI: STIMA PUNTUALE E 
INTERVALLO DI CONFIDENZA.  Gennaio 2021 – giugno  2026 , dati non 
destagionalizzati, valori percentuali.  
  
  

 
| 14 
OCCUPATI   
E DISOCCUPATI  
 
La revisione dei dati  
Le stime mensili sono diffuse a circa 30 giorni dal mese di riferimento, in forma provvisoria. Successivamente, quando 
vengono prodotte le stime trimestrali (a circa 60 giorni dal trimestre), le stime non destagionalizzate dei tre mesi vengono 
ricalcolate e diventa no così definitive. Le stime mensili non destagionalizzate vengono dunque riviste una sola volta, in 
occasione della diffusione del primo mese successivo al trimestre di riferimento.   
Le serie mensili destagionalizzate vengono stimate ogni mese includendo l’ultimo dato disponibile e aggiornando la stima 
dei parametri dei modelli ( partial concurrent approach ). Con riferimento ai dati destagionalizzati, pertanto, si osservano 
revisioni tutti i mesi  (prospetto 8). In occasione della diffusione dei d ati riferiti al mese di gennaio di ciascun anno, vengono 
scelti i nuovi modelli per la destagionalizzazione.  
Per ulteriori informazioni relative alle revisioni degli indicatori congiunturali , consultare la sezione  dedicata , in particolare 
la scheda https://www.istat.it/it/files//2016/07/scheda -ForzeLavoroMensile.pdf . 
 
Informazioni sulla r iservatezza dei dati  
I dati raccolti dalla rilevazione sulle forze lavoro sono tutelati dal segreto statistico e sottoposti alla normativa sulla 
protezione dei dati personali. Questi possono essere utilizzati, anche per successivi trattamenti, esclusivamente per fini 
statistici dai soggetti del Sistema statistico nazionale e possono, altresì, essere comunicati per finalità di ricerca scientifica 
alle condizioni e secondo le modalità previste dall’art. 7 del Codice di deontologia per il trattamento di dati personali 
effettuato nel l’ambito del Sistema statistico nazionale e dal regolamento comunitario n. 831/2002. Le stime diffuse in 
forma aggregata, sono tali da non poter risalire ai soggetti che hanno fornito i dati o a cui si riferiscono.  
 
Copertura e dettaglio territoriale  
Le st ime del comunicato mensile “Occupati e disoccupati” sono disponibili solo per l’intero territorio nazionale. Le 
stime trimestrali del comunicato “Il mercato del lavoro” sono prodotte anche per le macroripartizioni geografiche e 
per le regioni. Le stime ann ue sono prodotte anche per le province.  
 
Tempestività  
Le stime mensili sono prodotte a circa 30 giorni dal mese di riferimento, in forma provvisoria, perché basate su una parte 
del campione riferito al mese ( circa 19 mila famiglie, per  un totale di oltre 37 mila individui per il mese di giugno  2026) e 
vengono diffuse contestualmente ai dati mensili sulla disoccupazione da parte di Eurostat.  
Successivamente, quando vengono prodotte le stime trimestrali (a circa 60 giorni dal trimestre), le stime dei tre mesi 
vengono ricalcolate sull’intero campione riferito a ciascun mese e diventano così definitive.  
 
Diffusione  
A seguito della nuova normativa europea (Regolamento U E 2019/1700), che introduce innovazioni metodologiche e 
organizzative nell’indagine Forze di Lavoro, le attività di diffusione hanno subito alcune modifiche . 
A partire dal comunicato  relativo al mese di dicembre 2021 i dati mensili , sia destagionalizzati si a non destagionalizzati, 
sono disponibili sul data warehouse IstatData  alla categoria  ""Lavoro e retribuzioni/Offerta di lavoro ”. 
Nel data warehouse I statData restano comunque disponibili  le serie storiche  della rilevazione continua sulle forze lavoro 
dal 19 77 fino a tutto il  2020 . Si sottolinea  ancora una volta  che tali stime non sono  coerenti con il nuovo regolamento. 
Dati precedenti al 1977, in particolare dal 1959, anno di avvio dell’indagine sulle forze lavoro, sono  presenti nella 
banca dati Serie storiche https://seriestoriche.istat. it/. 
  
 
| 15 
OCCUPATI   
E DISOCCUPATI  
 
 
Per chiarimenti tecnici e metodologici  
Andrea Spizzichino  
tel. 06.46732819  
spizzich@istat.it   Cinzia Graziani  
tel. 06.46732463  
cingraziani@istat.it  
 
| 16 
 
 
 
 
 
 
 LA STATISTICA UFFICIALE  
ASCOLTA I SUOI UTENTI  
In occasione del Centenario dalla sua fondazione, l’Istat promuove una consultazione pubblica  per raccogliere 
contributi, osservazioni e proposte sui bisogni informativi non ancora pienamente soddisfatti dalla statistica 
ufficiale.  
Al centro della consulta zione non vi sono le modalità di comunicazione o diffusione dei dati, ma la  produzione 
statistica.  
L’iniziativa intende rafforzare la qualità, la rilevanza e l’utilizzabilità della produzione statistica, favorendo al 
tempo stesso trasparenza e partecipazio ne. 
La consultazione è aperta a istituzioni, comunità scientifica, operatori dell’informazione, imprese, associazioni 
e cittadini.  
 
 
  
 PARTECIPA ADESSO  
"
Occupati e disoccupati (dati provvisori)- Luglio 2026,OCCDISPROLUG2026,67862c6615025739a807cb1ea37ad285591a56fc9039c31c62e5e1eae9b60aba,https://www.istat.it/comunicato-stampa/occupati-e-disoccupati-dati-provvisori-luglio-2026/,https://www.istat.it/wp-content/uploads/2026/09/CS_Occupati-e-disoccupati_LUGLIO_2026.pdf,"  
 
 
UFFICIO STAMPA  
tel. +39 06 4673.2243/44  
ufficiostampa@istat.it  CONTACT CENTRE  
contact.istat.it  
 
  
 
Luglio  2026 
Occupati e disoccupati  
Dati provvisori  
 
 A luglio  2026, su base  mensile, il numero degli  occupati  rimane stabile e si associa alla diminuzione dei  
disoccupati  e degli inattivi . 
 La stabilità  degli occupati  è sintesi  dell’aumento tra gli uomini , i dipendenti  permanenti, gli autonomi e i 35-
49enni e del calo tra le donne, i dipendenti a termine e tutte le altre classi d’età . Il tasso di occupazione  è 
invariato al 63,2%. 
 Il calo delle persone in cerca di lavoro  (-1,1%, pari a -17mila unità ) coinvolge gli uomini e tutte le clas si d’età  
ad eccezione dei 35 -49enni, tra i quali, come per le donne, il numero di disoccupati è in crescita . Il tasso di 
disoccupazione  scende  al 5,8% (-0,1 punti) , mentre  quello giovanile  sale al 18,9% (+0,2 punti) . 
 La diminuzione  degli inattivi tra i 15 e i 64 anni (-0,1%, pari a -17mila unità ) riguarda  soltanto gli uomini  e i 
35-49enni ; nelle altre classi d’età il numero di inattivi è in crescita e tra le donne è sostanzialmente stabile . Il 
tasso di inattività rimane invariato al 32,8%. 
 Confrontando il trimestre maggio -luglio 202 6 con quello precedente (febbraio -aprile 202 6) si registra un 
aumento di 91mila occupati (+0 ,4%). 
 Rispetto al trimestre precedente , crescono  anche le persone in cerca di lavoro (+3,4%, pari a +49mila unità) , 
mentre diminuiscono  gli inattivi  di 15 -64 anni (-1,2%, pari a -144mila unità).  
 A luglio  2026, la crescita del numero di occupati  rispetto  a luglio  2025 (+1,3%, +307mila unità)  interessa  gli 
uomini,  le donne , i 25-34enni e coloro che hanno almeno 50 anni; tra i 15-24enni e i 35 -49enni , invece, gli 
occupati diminuiscono . Su base annua i l tasso di occupazion e aumenta  di 0,8 punti . 
 Rispetto a  luglio  2025 , diminuisc e sia  il numero di persone in cerca di lavoro (-0,9%, pari a -14mila unità)  sia 
quello degli  inattivi tra i 15  e i 64 anni  (-2,5%, pari a -307mila unità) . 
 
                     Il commento  
 
A luglio  2026 il numero di occupati , pari  a 24 milioni 370mila, è stabile  
rispetto al mese precedente . La crescita dei dipendenti permanenti 
(16 milioni 583mila) e degli autonomi (5 milioni 301mila) è 
compensata dal calo dei dipendenti a termine (2 milioni 486mila) . 
La crescita dell’ occupazione rispetto a  luglio  2025 (+307mila 
occupati  in un anno ) è sintesi  dell’aumento dei dipendenti 
permanenti (+ 303mila)  e degli autonomi (+85mila)  e della 
diminuzione dei dipendenti a termine ( -82mila) . 
Su base mensile  il tasso di occupazione  e quello di inattività 
riman gono stabili  al 63,2% e al 32,8% , rispettivamente, e il tasso di 
disoccupazione scende  al 5,8%. PROSSIMA  
DIFFUSIONE  
1 Ottobre 2026 
   Link utili  
 
https://esploradati.istat.it  
https://www.istat.it/it/congiuntura  
1 SETTEMBRE  2026  
 
| 2 
OCCUPATI  
E DISOCCUPATI  
 
FIGURA 1.  OCCUPATI   
Gennaio 202 1 – luglio 2026, valori assoluti in milioni , dati destagionalizzati  
 
FIGURA 2.  TASSO DI DISOCCUPAZIONE  
Gennaio 202 1 – luglio 2026, valori percentuali , dati destagionalizzati  
 
FIGURA 3 . INATTIVI 15 -64 ANNI  
Gennaio 202 1 – luglio  2026, valori assoluti in milioni,  dati destagionalizzati  

 
| 3 
OCCUPATI  
E DISOCCUPATI  
 
LE DIFFERENZE DI GENERE  
PROSPETTO 1.  POPOLAZIONE PER GENERE E CONDIZIONE PROFESSIONALE  
Luglio  2026, dati destagionalizzati  
 Valori assoluti 
(migliaia di unità)  Variazioni congiunturali  Variazioni tendenziali  
lug26 
giu26 
(assolute)  lug26 
giu26 
(percentuali)  mag-lug26 
feb-apr26 
(assolute)  mag-lug26 
feb-apr26 
 (percentuali)  lug26 
lug25 
(assolute)  lug26 
lug25 
(percentuali)  
MASCHI         
 Occupati  13.981  +19 +0,1 +61 +0,4 +145  +1,0 
 Disoccupati  761 -33 -4,2 +17 +2,2 -29 -3,7 
 Inattivi 15 -64 anni  4.499  -17 -0,4 -69 -1,5 -93 -2,0 
FEMMINE             
 Occupati  10.389  -17 -0,2 +30 +0,3 +162  +1,6 
 Disoccupati  729 +16 +2,2 +32 +4,8 +15 +2,1 
 Inattivi 15 -64 anni  7.668  +1 0,0 -75 -1,0 -214 -2,7 
TOTALE             
 Occupati  24.370  +2 0,0 +91 +0,4 +307  +1,3 
 Disoccupati  1.490  -17 -1,1 +49 +3,4 -14 -0,9 
 Inattivi 15 -64 anni  12.168  -17 -0,1 -144 -1,2 -307 -2,5 
 
PROSPETTO 2.  TASSI DI OCCUPAZIONE, DISOCCUPAZIONE  E INATTIVITÀ  PER GENERE  
Luglio  2026, dati destagionalizzati  
 Valori  
percentuali  Variazioni congiunturali  Variazioni 
tendenziali  
(punti percentuali)  
lug26  
giu26 mag-lug26 
feb-apr26 lug26  
lug25 
MASCHI      
 Tasso di occupazione 15 -64 anni  71,8 +0,2 +0,3 +0,6 
 Tasso di disoccupazione  5,2 -0,2 +0,1 -0,2 
 Tasso di inattività 15 -64 anni  24,2 -0,1 -0,4 -0,5 
FEMMINE          
 Tasso di occupazione 15 -64 anni  54,5 -0,1 +0,2 +0,9 
 Tasso di disoccupazione  6,6 +0,1 +0,3 0,0 
 Tasso di inattività15 -64 anni  41,6 0,0 -0,4 -1,0 
TOTALE          
 Tasso di occupazione 15 -64 anni  63,2 0,0 +0,2 +0,8 
 Tasso di disoccupazione  5,8 -0,1 +0,2 -0,1 
 Tasso di inattività 15 -64 anni  32,8 0,0 -0,4 -0,7 
 
A luglio  2026, rispetto al mese precedente , l’occupazione aumenta  di 0,2 punti  per gli uomini  e cala di 0,1 punti 
per le donne ; la disoccupazione diminuisce tra i primi ( -0,2 punti) e cresce tra le seconde (+0,1  punti ), mentre 
l’inattività cala di 0,1 punti tra gli uomini e rimane  stabile tra le donne.  
Su base annua , il tasso di occupazione  aumenta sia per gli uomini sia per le donne (+0,6 e +0,9 punti 
rispettivamente ) e quello di inattività  diminuisce ( -0,5 punti e -1,0 punti , rispettivamente ); il tasso di 
disoccupazione  cala tra gli uomini ( -0,2 punti) e resta  stabile tra le donne.  
 
| 4 
OCCUPATI  
E DISOCCUPATI  
 
OCCUPAZIONE DIPENDENTE E INDIPENDENTE   
PROSPETTO 3.  OCCUPATI PER POSIZIONE PROFESSIONALE E CARATTERE DELL’OCCUPAZIONE  
Luglio  2026, dati destagionalizzati  
 Valori assoluti 
(migliaia di unità ) Variazioni congiunturali  Variazioni tendenziali  
lug26  
giu26 
(assolute)  lug26  
giu26 
(percentuali)  mag-lug26 
feb-apr26 
(assolute)  mag-lug26 
feb-apr26 
 (percentuali)  lug26  
lug25  
(assolute)  lug26  
lug25  
(percentuali)  
OCCUPATI  24.370  +2 0,0 +91 +0,4 +307  +1,3 
   Dipendenti  19.069  -11 -0,1 +101  +0,5 +221  +1,2 
    - permanenti  16.583  +53 +0,3 +116  +0,7 +303  +1,9 
    - a termine  2.486  -64 -2,5 -15 -0,6 -82 -3,2 
   Indipendenti  5.301  +13 +0,2 -10 -0,2 +85 +1,6 
 
A luglio  2026, l a stabilità  congiunturale  del numero di  occupati  è sintesi del l’aumento dei dipendenti  permanenti 
(+0,3%) e degli indipendenti (+0,2%)  e del  calo dei dipendenti  a termine ( -2,5%) . 
In termini tendenziali , l’occupazione cresce  dell’1,9% tra i dipendenti  permanenti  e dell’1,6% tra gli indipendenti , 
mentre cala del 3,2% tra i dipendenti a termine . 
 
LA PARTECIPAZIONE AL MERCATO DEL LAVORO PER CLASSI DI ETÀ  
PROSPETTO 4.  POPOLAZIONE PER CLASSI DI ETÀ E CONDIZIONE PROFESSIONALE  
Luglio  2026, dati destagionalizzati  
 Valori assoluti 
(migliaia  
di unità)  Variazioni congiunturali  Variazioni tendenziali  
lug26  
giu26 
(assolute)  lug26  
giu26 
(percentuali)  mag-lug26 
feb-apr26 
(assolute)  mag-lug26 
feb-apr26 
 (percentuali)  lug26  
lug25  
(assolute)  lug26  
lug25  
(percentuali)  
15-24 ANNI         
 Occupati  1.002  -22 -2,1 -8 -0,7 -55 -5,2 
 Disoccupati  233 -3 -1,1 +3 +1,5 -20 -8,0 
 Inattivi  4.633  +11 +0,2 +5 +0,1 +96 +2,1 
25-34 ANNI                
 Occupati  4.297  -11 -0,2 +31 +0,7 +77 +1,8 
 Disoccupati  402 -16 -3,9 +21 +5,5 +12 +3,0 
 Inattivi  1.482  +19 +1,3 -45 -2,9 -79 -5,1 
35-49 ANNI                
 Occupati  8.616  +41 +0,5 -8 -0,1 -78 -0,9 
 Disoccupati  498 +7 +1,5 +18 +3,8 +7 +1,3 
 Inattivi  1.895  -71 -3,6 -62 -3,1 -152 -7,4 
50 ANNI E PIU’                
 Occupati  10.455  -6 -0,1 +75 +0,7 +364  +3,6 
 Disoccupati  357 -6 -1,5 +6 +1,9 -12 -3,2 
 Inattivi  17.729  +34 +0,2 -6 0,0 -28 -0,2 
 Inattivi 50 -64 anni  4.158  +24 +0,6 -42 -1,0 -172 -4,0 
  
 
| 5 
OCCUPATI  
E DISOCCUPATI  
 
PROSPETTO 5.  TASSI DI OCCUPAZIONE, DISOCCUPAZIONE, INATTIVITÀ E INCIDENZA DEI DISOCCUPATI SULLA 
POPOLAZIONE PER CLASSI DI ETÀ  
Luglio  2026, dati destagionalizzati  
 Valori  
percentuali  Variazioni congiunturali  Variazioni  
tendenziali  
(punti percentuali)  
lug26  
giu26 mag-lug26 
feb-apr26 lug26  
lug25  
15-24 ANNI      
 Tasso di occupazione  17,1 -0,3 -0,1 -1,0 
 Tasso di disoccupazione  18,9 +0,2 +0,3 -0,5 
 Incidenza dei disoccupati sulla popolazione  4,0 0,0 +0,1 -0,4 
 Tasso di inattività  78,9 +0,4 +0,1 +1,4 
25-34 ANNI          
 Tasso di occupazione  69,5 -0,1 +0,4 +1,1 
 Tasso di disoccupazione  8,6 -0,3 +0,4 +0,1 
 Incidenza dei disoccupati sulla popolazione  6,5 -0,3 +0,3 +0,2 
 Tasso di inattività  24,0 +0,3 -0,8 -1,3 
35-49 ANNI          
 Tasso di occupazione  78,3 +0,5 +0,3 +0,9 
 Tasso di disoccupazione  5,5 +0,1 +0,2 +0,1 
 Incidenza dei disoccupati sulla popolazione  4,5 +0,1 +0,2 +0,1 
 Tasso di inattività  17,2 -0,6 -0,5 -1,0 
50-64 ANNI          
 Tasso di occupazione  67,9 -0,2 +0,3 +1,5 
 Tasso di disoccupazione  3,5 0,0 0,0 -0,2 
 Incidenza dei disoccupati sulla popolazione  2,5 0,0 0,0 -0,1 
 Tasso di inattività  29,7 +0,2 -0,3 -1,4 
 
Tra giugno  e luglio  2026, il tasso di occupazione diminuisce in tutte le classi d’età ad eccezione dei 35 -49enni 
tra i quali è in aumento; il tasso di disoccupazione cala tra i 25 -34enni, è stabile tra coloro che hanno almeno 
50 anni di età e aumenta nelle altre classi di età; l’inattività cresce in tutte  le classi d’età, ad eccezione dei 35 -
49enni tra i quali è in calo.  
Su base annua, il tasso di occupazione diminuisce tra i 15 -24enni e aumenta nelle altre classi d’età;  il tasso di 
disoccupazione cala tra i 15 -24enni e tra coloro che hanno almeno 50 anni di età, mentre cresce nelle classi 
d’età centrali; quello di inattività, infine, cresce tra i 15 -24enni e cala per tutti gli altri.  
 
PROSPETTO 6.  VARIAZIONE TENDENZIALE OSSERVATA E AL NETTO DELLA COMPONENTE DEMOGRAFICA PER 
CLASSI DI ETÀ E CONDIZIONE PROFESSIONALE   
Luglio  2026  
 Variazione tendenziale percentuale osservata  Variazione tendenziale percentuale  
al netto della componente demografica  
Occupati  Disoccupati  Inattivi  Occupati  Disoccupati  Inattivi  
15-34 anni  +0,4 -1,3 +0,3 +0,2 -1,6 0,0 
35-49 anni -0,9 +1,3 -7,4 +1,1 +3,4 -5,5 
50-64 anni  +3,0 -3,0 -4,0 +2,3 -3,7 -4,6 
15-64 anni  +0,9 -0,8 -2,5 +1,4 -0,4 -2,5 
 
  
 
| 6 
OCCUPATI  
E DISOCCUPATI  
 
PROSPETTO 7. OCCUPA TI, DISOCCUPATI, INATTIVI, TASSI  DI OCCUPAZIONE, DISOCCUPAZIONE E INATTIVITÀ  
Gennaio 20 24 – luglio  2026, dati destagionalizzati  
ANNO  MESE  Occupati  Disoccupati  Inattivi  
15-64 anni  Tasso di 
occupazione  
15-64 anni  Tasso di 
disoccupazione  Tasso di 
disoccupazione  
15-24 anni  Tasso di 
inattività  
15-64 anni  
Valori assoluti (migliaia di unità)   Valori percentuali  
2024  Gennaio  23.747  1.815  12.372  61,9 7,1 21,7 33,3 
Febbraio  23.789  1.857  12.308  61,9 7,3 23,1 33,1 
Marzo  23.861  1.758  12.356  62,1 6,9 20,1 33,2 
Aprile  23.911  1.745  12.346  62,2 6,8 20,8 33,2 
Maggio  23.931  1.663  12.428  62,2 6,5 20,6 33,4 
Giugno  23.963  1.712  12.352  62,3 6,7 20,4 33,2 
Luglio  24.023  1.645  12.387  62,4 6,4 20,9 33,2 
Agosto  24.055  1.632  12.391  62,4 6,4 19,4 33,3 
Settembre  24.056  1.555  12.457  62,4 6,1 18,7 33,4 
Ottobre  24.017  1.554  12.494  62,4 6,1 18,8 33,5 
Novembre  24.020  1.587  12.459  62,3 6,2 20,8 33,4 
Dicembre  24.063  1.645  12.385  62,4 6,4 19,1 33,2 
2025  Gennaio  24.125  1.669  12.285  62,6 6,5 20,5 33,0 
Febbraio  24.145  1.573  12.348  62,6 6,1 19,7 33,2 
Marzo  24.172  1.620  12.290  62,7 6,3 20,8 33,0 
Aprile  24.068  1.584  12.421  62,4 6,2 21,0 33,4 
Maggio  24.124  1.654  12.302  62,5 6,4 21,5 33,1 
Giugno  24.176  1.512  12.408  62,6 5,9 20,0 33,4 
Luglio  24.063  1.504  12.474  62,4 5,9 19,3 33,6 
Agosto  24.053  1.516  12.475  62,4 5,9 20,8 33,6 
Settembre  24.105  1.539  12.408  62,5 6,0 21,1 33,4 
Ottobre  24.155  1.495  12.405  62,6 5,8 19,8 33,4 
Novembre  24.115  1.464  12.479  62,5 5,7 18,9 33,6 
Dicembre  24.137  1.448  12.465  62,6 5,7 19,8 33,6 
2026  Gennaio  24.189  1.393  12.473  62,7 5,5 18,5 33,6 
Febbraio  24.223  1.425  12.404  62,8 5,6 17,8 33,4 
Marzo  24.217  1.412  12.423  62,8 5,5 18,6 33,5 
Aprile  24.362  1.418  12.267  63,2 5,5 17,6 33,0 
Maggio  24.360  1.399  12.299  63,1 5,4 17,2 33,1 
Giugno  24.367  1.507  12.184  63,2 5,8 18,7 32,8 
Luglio  24.370  1.490  12.168  63,2 5,8 18,9 32,8 
 
| 7 
OCCUPATI   
E DISOCCUPATI  
 
PROSPETTO 8. OCCUPATI, DISOCCUPATI, INATTIVI, TASSO DI OCCUPAZIONE, DISOCCUPAZIONE E INATTIVITÀ    
Giugno  2025 – giugno  2026, revisioni delle variazioni congiunturali  
ANNO  MESE  Occupati  Disoccupati  Inattivi  
15-64 anni  Tasso di 
occupazione  
15-64 anni  Tasso di 
disoccupazione  Tasso di 
inattività  
15-64 anni  
2025 Giugno  0,0 -0,1 0,0 0,0 0,0 0,0 
Luglio  0,0 -2,1 +0,3 0,0 -0,1 +0,1 
Agosto  0,0 +1,8 -0,3 0,0 +0,1 -0,1 
Settembre  0,0 +0,2 -0,1 0,0 0,0 0,0 
Ottobre  0,0 +0,2 0,0 0,0 0,0 0,0 
Novembre  0,0 +0,3 -0,1 0,0 0,0 0,0 
Dicembre  0,0 +0,3 -0,1 0,0 0,0 0,0 
2026 Gennaio  0,0 +0,3 -0,1 0,0 0,0 0,0 
Febbraio  0,0 +0,4 -0,1 0,0 0,0 0,0 
Marzo  0,0 +0,4 -0,1 0,0 0,0 0,0 
Aprile  +0,1 +0,4 -0,3 +0,1 0,0 -0,1 
Maggio  0,0 +0,7 -0,2 0,0 0,0 -0,1 
Giugno  0,0 +0,6 -0,1 0,0 0,0 0,0 
 
 
| 8 
OCCUPATI   
E DISOCCUPATI  
 
Dati destagionalizzati : dati depurati, mediante apposite tecniche statistiche, dalle fluttuazioni attribuibili alla componente 
stagionale (dovute a fattori meteorologici, consuetudinari, legislativi, ecc.) e, se significativi, dagli effetti di calendario. 
Questa trasformazione dei dati è la più idonea a cogliere l’evoluzione congiunturale di un indicatore.  
Disoccupati (o in cerca di occupazione) : comprendono le persone non occupate tra i 15 e i 74 anni che:  
 hanno effettuato almeno un’azione attiva di ricerca di lavoro nelle quattro settimane che precedono la settimana 
di riferimento e sono disponibili a lavorare (o ad avviare un’attività autonoma) entro le due settimane successive;  
 oppure, inizieranno un lavoro entro tre mesi dalla settimana di riferimento e sarebbero disponibili a lavorare (o ad 
avviare un’attività autonoma) entro le due settimane successive, qualora fosse possibile anticipare l’inizio del 
lavoro.  
Forze di lavoro : comprendono le persone occupate e quelle disoccupate.  
Inattivi (o non forze di lavoro) : comprendono le persone che non fanno parte delle forze di lavoro, ovvero quelle non 
classificate come occupate o disoccupate.  
Occupati : comprendono le persone tra 15 e 89 anni che nella settimana di riferimento:  
 hanno svolto almeno un’ora di lavoro a fini di retribuzione o di profitto, compresi i coadiuvanti familiari non retribuiti;  
 sono temporaneamente assenti dal lavoro perché in ferie, con orario flessibile (part time verticale, recupero ore, 
etc.), in malattia, in maternità/paternità obbligatoria, in formazione professionale retribuita dal datore di lavoro;  
 sono in congedo parentale e ricevono e/o hanno diritto a un reddito o a prestazioni legate al lavoro, 
indipendentemente dalla durata dell’assenza;  
 sono assenti in quanto lavoratori stagionali ma continuano a svolgere regolarmente mansioni e compiti necessari 
al proseguimento dell’attività (da tali mansioni e compiti va escluso l’adempimento di obblighi legali o 
amministrativi);  
 sono temporaneamente assenti per altri motivi e la durata prevista dell’assenza è pari o inferiore a tre mesi.  
Le precedenti condizioni prescindono dalla sottoscrizione di un contratto di lavoro e gli occupati stimati attraverso 
l’indagine campionaria sulle Forze di lavoro comprendono pertanto anche forme di lavoro irregolare.  
Occupati dipendenti a tempo indeterminato  o permanenti : occupati con un rapporto di lavoro dipendente, regolato 
o meno da contratto, per il quale non è definito alcun termine.  
Occupati dipendenti a termine : occupati con un rapporto di lavoro dipendente, regolato o meno da contratto, per il 
quale è espressamente indicato un termine di scadenza.  
Occupati indipendenti : coloro che svolgono la propria attività lavorativa senza vincoli formali di subordinazione. Sono 
compresi: imprenditori; liberi professionisti, lavoratori autonomi, coadiuvanti nell’azienda di un familiare (se prestano 
lavoro nell’impresa senza il corris pettivo di una retribuzione contrattuale come dipendenti), soci di cooperativa, 
collaboratori (con e senza progetto) e prestatori d’opera occasionali.  
Settimana di riferimento : settimana a cui fanno riferimento le informazioni rac colte (in genere quella che precede 
l’intervista).  
Tasso di attività : rapporto  percentuale  tra le forze di lavoro e la corrispondente popolazione di riferimento.  
Tasso di disoccupazione : rapporto  percentuale  tra i disoccupati e le corrispondenti forze di lavoro.  
Tasso di inattività : rapporto tra gli inattivi e la corrispondente popolazione di riferimento (la somma del tasso di attività 
e del tasso di inattività è pari a 1).  
Tasso di occupazione : rapporto  percentuale  tra gli occupati e la corrispondente popolazione di riferimento.  
Variazione congiunturale : variazione percentuale rispetto al mese o periodo immediatamente precedente . 
Variazione tendenziale : variazione percentuale rispetto allo stesso mese o periodo dell’anno precedente . 
Variazione tendenziale al netto della componente demografica : variazione tendenziale al netto dell’effetto 
determinato dalla variazione della popolazione rispetto a 12 mesi prima .
 
| 9 
OCCUPATI   
E DISOCCUPATI  
 
Introduzione e quadro normativo  
La rilevazione sulle forze di lavoro è una indagine campionaria condotta mediante interviste alle famiglie, il cui obiettivo 
primario è la stima dei principali aggregati dell’offerta di lavoro, occupati e disoccupati.  
Le principali caratteristiche della rilevazione, dagli aspetti metodologici alle definizioni delle variabili e degli indicato ri, 
sono armonizzate a livello europeo, coerentemente con gli standard internazionali definiti dall’ILO. La rilevazione è 
regolata da specifici atti del Consiglio della Commissione europea , il principale dei quali è il Regolamento (UE) 2019/1700 
del Parlamento europeo e del Consiglio, che si applica da l 1° gennaio 2021 ( per approfondimenti  sul regolament o quadro 
e gli atti delegati e di esecuzione , si veda https://www.istat.it/it/archivio/253081 ). 
L’indagine è inserita nel Piano Statistico Nazionale (edizione in vigore: Psn 2020 -2022, aggiornamento 2022, pubblicato 
sul Supplemento Ordinario n. 26 alla Gazzetta Ufficiale – serie generale – n. 201 del 29 agosto 2023 ). 
 
Popolazione di riferimento, unità di rilevazione e di analisi  
La popolazione di riferimento è costituita da tutti i componenti delle famiglie residenti in Italia, anche se temporaneamente  
all’estero. Dalla popolazione di riferimento sono quindi esclusi i membri permanenti delle convivenze: ospizi, brefotrofi, 
istituti religiosi, caserme, ecc.  
Per garantire la qualità delle stime, la  produzione dei dati  della Rilevazione sulle forze di lavoro è coerente con il  dato di 
popolazione derivante dal Censimento permanente . 
L’unità di rilevazione è la famiglia di fatto, definita come insieme di persone legate o meno da vincoli di parentela o 
affettivi, dimoranti abitualmente nella stessa abitazione e che condividono il reddito (contribuendo al reddito e/o 
beneficiandone) e/o le spese familiari.  
Unità di analisi nel comunicato stampa mensile “Occupati e disoccupati” è ciascun individuo di 15 anni o più.  
 
Il disegno di campionamento  
Il disegno campionario è a due stadi, rispettivamente comuni e famiglie, con stratificazione delle unità di primo stadio. 
Tutti i comuni con popolazione superiore ad una soglia prefissata per ciascuna provincia, detti autorappresentativi, sono 
presenti nel campione con probabilità pari a uno. I comuni la cui popolazione è al di sotto delle suddette soglie, detti non 
autorappresentativi, sono raggruppati in strati. Essi entrano nel campione attraverso un meccanismo di selezione casuale 
che prevede l’estrazione di un comune non autorappres entativo da ciascuno strato. Per ciascun comune campione viene 
estratto dalla lista anagrafica un campione casuale semplice di famiglie.  
Da gennaio 2004 la rilevazione è continua, cioè le informazioni sono rilevate con riferimento a tutte le settimane di ciascun  
trimestre. Il campione trimestrale è uniformemente ripartito tra i 3 mesi, tenendo conto del numero di settimane che 
compongono ci ascun mese (rispettivamente 4 o 5). Il mese di riferimento è composto dalle settimane, da lunedì a 
domenica, che cadono per almeno quattro giorni nel mese di calendario.  
Il campione teorico trimestrale è composto da 71 .500 famiglie; il campione teorico mensile è pari a 22 .000 famiglie per i 
mesi composti da 4 settimane e 27 .500 famiglie per i mesi composti da 5 settimane.  
Circa il 10 per cento dei comuni campione viene ruotato annualmente. Ogni famiglia viene intervistata per due trimestri 
consecutivi, esce temporaneamente dal campione per i due successivi trimestri, poi viene nuovamente intervistata per 
altri due trimestri . Ne consegue che circa il 50% delle famiglie sono reintervistate a distanza di 3 mesi e il 50% a distanza 
di 12 mesi, a meno delle mancate risposte. Complessivamente, ogni famiglia rimane nel campione per un periodo di 15 
mesi. Considerando che le transiz ioni dall’inattività all’occupazione degli individui di età superiore a 74 anni sono 
pressoché nulle, per ridurre la molestia statistica su questo target di popolazione, dal 1 gennaio 2011 le famiglie composte 
da soli ultra 74 -enni inattivi non vengono reintervistate.   
 
| 10 
OCCUPATI   
E DISOCCUPATI  
 
La raccolta delle informazioni  
L’intervista alla famiglia viene effettuata mediante tecnica mista Capi ( Computer assisted personal interview ) e Cati 
(Computer assisted telephone interview ). La prima intervista a ciascuna famiglia viene condotta con tecnica Capi  presso 
l’abitazione della famiglia  stessa , le interviste successive vengono condotte con tecnica Cati (ad eccezione delle famiglie 
senza telefono o con capofamiglia straniero). Nella maggior parte dei casi  l’intervista viene condotta nella settimana 
successiva a quella di riferimento  e solo raramente  entro le tre settimane successive . Alcuni quesiti della rilevazione, a 
motivo della difficoltà nella risposta da fornire o della sensibilità dell’argomento trattato, prevedono la facoltà di non 
rispondere.  Ulteriori informazioni sulla Rilevazione sull e forze di lavoro e il questionario utilizzato per la raccolta dei dati 
sono disponibili al seguente link : http://www.istat.it/it/archivio/8263 . 
 
L’elaborazione dei dati: processo, strumenti e tecniche  
Il mese di Luglio 2026 comprende 5 settimane,  da lunedì 29 giugn o a domenica 2 agosto  2026. 
Lo stimatore utilizzato per la produzione delle stime mensili è lo stimatore composto di regressione ( regression composite 
estimator )1. Si tratta di uno stimatore che può essere efficacemente utilizzato in caso di indagini longitudinali , con 
campione parzialmente sovrapposto , poiché sfrutta la componente longitudinale per migliora re l’efficienza sia delle stime 
di livello sia delle stime di variazioni tra mesi.   
In occasione dell’uscita d ei dati di febbraio 2021, l’intera serie storica dei dati mensili è stata ricostruita in modalità 
provvisoria f acendo ricorso a un approccio macro che ha tenuto conto del le definizioni introdotte dal nuovo regolamento.  
Tale ricostruzione è stata resa definitiva con l’uscita d ei dati di dicembre 2021  e include anche il passaggio a lla nuova 
popolazione intercensuaria.  Tutti i lavori di ricostruzione delle serie storiche effettuati in occasione del passaggio al nuovo 
regolamento sono stati svolti con il contributo del  Grant Eurostat  (number 826320) : ‘Quality improvement and breaks in 
time series exercise for the LFS in view of the entry into force of the new IESS regulation — 2018 -IT-LFS QUALITY 
BREAKS’.  
Al fine di poter analizzare opportunamente i dati in un’ottica congiunturale, tutti i dati riportati nel comunicato stampa so no 
sottoposti mensilmente  a una procedura di destagionalizzazione, includendo ogni volta l’ultimo dato disponibile e 
aggiornando la stima dei modelli. Con riferimento ai soli dati destagionalizzati, pertanto, possono verificarsi variazioni 
anche nei mesi già consolidati (le cui stim e non destagionalizzate sono divenute definitive) che derivano dalla 
replicazione della procedura di des tagionalizzazione con l’aggiunta dell’ultimo dato disponibile.  
Per la procedura di destagionalizzazione si utilizza l’algoritmo TRAMO -SEATS, implementato nel software JDemetra +. 
La dinamica della partecipazione al mercato del lavoro per classi di età risente dei mutamenti demografici che negli anni 
recenti evidenziano un progressivo invecchiamento della popolazione.  
Al fine di valutare l’impatto di tali dinamiche  sulla stima delle variazioni tendenziali di occupati, disoccupati e inattivi per 
classi di età, è possibile utilizzare tecniche di standardizzazione della composizione per età della popolazione. Mediante 
tali tecniche le variazioni tendenziali possono essere scomposte nella somma di due componenti. La prima componente 
misura l’effetto che deriva dalle variazioni di popolazione a distanza di 12 mesi, nell’ipotesi che l’unico fattore a 
determinare un cambiamento  nelle stime sia la variazione della popolazione (si ipotizza cioè che rimangano invariate le 
distribuzioni relative per condizione professionale in ciascuna classe di età considerata). La seconda componente è 
l’effetto “atteso” sulla variazione tendenziale al netto della componente demografica, nell’ipotesi che il fattor e variabile 
sia la distribuzione relativa per condizione professionale stimata in ciascuna classe di età e che non sia intervenuta 
alcuna variazione della popolazione rispetto a 12 mesi pri ma. Le stime delle variazioni tendenziali al netto della 
componente demografica sono state effettuate per occupati, disoccupati e inattivi, nelle tre classi di  età 15 -34, 35 -49 e 
50-64 anni  (prospetto 6).  
  
 
1 Singh , Kennedy e Wu (2001) Regression composite estimation for the Canadian labour force survey with a rotating panel design, Surv ey 
Methodology 27, 33 -44. 
 
 
| 11 
OCCUPATI   
E DISOCCUPATI  
 
I dati assoluti rilevati dall’indagine, elaborati all’unità, vengono arrotondati alle migliaia nei valori e nelle variazioni 
assolute. Le variazioni sono calcolate sui dati all’unità e non su quelli arrotondati alle migliaia. Nelle variazioni percent uali 
e nei tassi nonché nelle differenze in punti percentuali l’arrotondamento è al primo decimale. Le variazioni in punti 
percentuali tra i tassi vengono calcolate sui tassi con tutti i decimali prima di essere approssimate2. 
 
L’output: principali misure di analisi  
La rilevazione sulle forze di lavoro ha l’obiettivo di produrre stime sulla partecipazione al mercato del lavoro.  
La popolazione di riferimento viene ripartita in tre gruppi esaustivi e mutualmente esclusivi3: gli occupati, 
coerentemente con gli standard dell’ILO, costituiti dalle persone che hanno svolto almeno un’ora di lavoro retribuita 
nella settimana di riferimento (oltre alle persone assenti dal lavoro in quella settimana); i disoccupati (o persone in 
cerca di occupazio ne), che cercano attivamente un lavoro e sarebbero imme diatamente disponibili a iniziare a 
lavorare; gli inattivi (o non forze di lavoro), che non lavorano e non cercano lavoro (o non sarebbero disponibili a 
iniziare a lavorare), per esempio perché impegna ti negli studi, in pensione, o dediti alla cura della casa e/o della 
famiglia4. Gli occupati e i disoccupati, insieme, costituiscono le forze di lavoro, cioè la parte di popolazione attiva nel 
mercato del lavoro.   
La definizione di disoccupazione e i principi per la formulazione dei quesiti necessari a identificare gli occupati e i 
disoccupati sono riportati nel  Regolamento di esecuzione (UE) 2019/2240 della Commissione europea . 
Nel comunicato stampa mensile “Occupati e disoccupati” vengono diffuse le stime dei tre aggregati totali, le 
disaggregazioni per genere e per classi di età, oltre ad un’analisi degli occupati per posizione professionale e 
carattere dell’occupazione.  
Inoltre, vengono analizzati i tassi di partecipazione al mercato del lavoro. Il tasso di occupazione misura la quota di 
popolazione che svolge un lavoro: in un’ottica economica rappresenta la parte dell’offerta di lavoro che ha trovato 
incontro con la doma nda, in rapporto alla popolazione. Il tasso di disoccupazione è dato dal rapporto tra i disoccupati 
e la forza lavoro: rappresenta quindi la quota di forza lavoro che non ha trovato un incontro con la domanda, in 
rapporto alla forza lavoro stessa. Il tasso  di inattività misura la quota di popolazione che non partecipa al mercato 
del lavoro.  
Ulteriori informazioni relative alla partecipazione al mercato del lavoro vengono analizzate su base trimestrale e 
annuale nel comunicato stampa “Il mercato del lavoro”.  
 
La precisione delle stime  
Al fine di valutare l’accuratezza delle stime prodotte da un’indagine campionaria è necessario tenere conto dell’errore 
campionario che deriva dall’aver osservato la variabile di interesse solo su una parte (campione) della popolazione. Tale 
errore può essere espresso in termini di errore assoluto ( standard error ) o di errore relativo (cioè l’errore assoluto diviso 
per la stima, che prende il nome di coefficiente di variazione, CV). In questo paragrafo, per ciascuna delle principali 
variabili di interesse, sono riportati la stima puntuale e l’errore re lativo ad essa associato.  
  
 
2 Ad esempio, nell’attuale comunicato stampa, il tasso di disoccupazione totale di luglio 2026 è pari a 5,778%, che arrotondato è riportato nel 
prospetto 2 come 5,8%. Lo stesso tasso a giugno  2026 è pari a 5,844% ed è riportato nel prospetto 7 come 5,8%. La differenza tra il dato di luglio  
2026 e quello di giugno 2026 è quindi pari a -0,066 punti percentuali. Date le regole dell’arrotondamento, nel prospetto 2 la variazione è indicata 
pari a -0,1 punti percentuali  e non 0,0 punti come sarebbe se si calcolasse la differenza tra i due tassi già arrotondati.  
3 A motivo dell’innalzamento dell’età dell’obbligo scolastico (legge 296/2006), dal primo trimestre 2007 i dati sugli individui  con 15 anni di età non 
contengono né occupati né disoccupati. Il numero di quindicenni occupati o in cerca di occupazione è tradi zionalmente del tutto trascurabile. Il 
cambiamento normativo non comporta quindi alcuna interruzione delle serie storiche degli indicatori sulla popolazione 15 -64 anni.  
4 Per le definizioni dettagliate si veda il glossario.  
 
 
| 12 
OCCUPATI   
E DISOCCUPATI  
 
PROSPETTO A . ERRORI RELATIVI DELLE STIME NON DESTAGIONALIZZATE DEI PRINCIPALI INDICATORI . 
Lugli o 2026, dati non destagionalizzati  
 Stima puntuale  Errore relativo (CV)  
Occupati (migliaia di unità)  24.483  0,002799  
Disoccupati (migliaia di unità)  1.647  0,024184  
Inattivi 15 -64 anni (migliaia di unità)  11.947  0,005543  
Tasso di occupazione 15 -64 anni (valore percentuale)  63,36  0,002715  
Tasso di disoccupazione (valore percentuale)  6,32 0,023975  
Tasso di inattività 15 -64 anni (valore percentuale)  32,23  0,005543  
 
A partire da questi è possibile costruire l’intervallo di confidenza che, con un prefissato livello di fiducia, contiene al s uo 
interno il valore vero, ma ignoto, del parametro oggetto di stima. L’intervallo di confidenza è calcolato aggiungendo e 
sottraen do alla stima puntuale il suo errore campionario assoluto, moltiplicato per un coefficiente che dipende dal livello 
di fiducia; considerando il tradizionale livello di fiducia del 95%, il coefficiente corrispondente è pari a 1,96.  
Nel prospetto A si riportano gli errori relativi (CV) delle stime non destagionalizzate dei principali indicatori riferiti all’ultimo 
mese . 
Nella pagina web del comunicato stampa è disponibile il file excel che riporta la tabella completa degli errori relativi riferiti 
alle stime mensili non destagionalizzate dei principali indicatori, calcolati a partire da gennaio 20 18. 
I principali Istituti di statistica non pubblicano errori campionari riferiti a stime destagionalizzate. In alcuni casi sono 
pubblicati gli errori campionari delle stime non destagionalizzate ritenendo che questi siano del tutto simili a quelli rifer iti 
alle corrispondenti stime destagionalizzate. L'Istat sta conducendo studi al fine di verificare se tale approccio sia 
applicabile anche agli indicatori diffusi dall’Istituto.  
Attraverso semplici calcoli, è possibile ricavare gli intervalli di confidenza con livello di fiducia pari al 95% (=0,05). Ta li 
intervalli comprendono pertanto i parametri ignoti della popolazione con probabilità pari a 0,95. Nel prospetto seguente 
sono il lustrati i calcoli per la costruzione dell’intervallo di confidenza della stima degli occupati e del tasso di 
disoccupazione.  
 
PROSPETTO B . CALCOLO ESEMPLIFICATIVO DELL’INTERVALLO DI CONFIDENZA . 
Luglio  2026, dati non destagionalizzati  
 Occupati (migliaia di unità)  Tasso di disoccupazione (%)  
Stima puntuale:  24.483 6,32 
   Errore relativo (CV)  0,002799 0,023975 
Stima intervallare      
   Semi ampiezza dell’intervallo:  (24.483 x 0,002799) x 1,96 = 134 (6,32 x 0,023975 ) x 1,96 = 0,30 
   Limite inferiore dell’intervallo di confidenza:  24.483 – 134 = 24.349 6,32 - 0,30 = 6,02 
   Limite superiore dell’intervallo di confidenza:  24.483 + 134 = 24.617 6,32 + 0,30 = 6,62 
Di seguito si riportano i grafici degli intervalli di confidenza dei principal i indicatori da gennaio 2021 all’ultimo mese .  
  
 
| 13 
OCCUPATI   
E DISOCCUPATI  
OCCUPATI: STIMA PUNTUALE E INTERVALLO DI CONFIDENZA. 
Genna io 2021 – luglio  2026, dati non destagionalizzati, valori assoluti in 
migliaia di unità  TASSO DI OCCUPAZIONE 15 -64 ANNI: STIMA PUNTUALE E 
INTERVALLO DI CONFIDENZA. Gennaio 2021 – luglio  2026 , dati non 
destagionalizzati, valori percentuali  
  
 
DISOCCUPATI: STIMA PUNTUALE E INTERVALLO DI 
CONFIDENZA. Gennaio 2021 – luglio  2026 , dati non destagionalizzati, 
valori assoluti in migliaia di unità .  
TASSO DI DISOCCUPAZIONE: STIMA PUNTUALE E INTERVALLO 
DI CONFIDENZA. Gennaio 2021 – luglio  2026 , dati non destagionalizzati, 
valori percentuali.  
  
 
INATTIVI 15 -64 ANNI: STIMA PUNTUALE E INTERVALLO DI 
CONFIDENZA.  Gennaio 2021 – luglio  2026 , dati non destagionalizzati, 
valori assoluti in migliaia di unità.   
TASSO DI INATTIVITÀ 15 -64 ANNI: STIMA PUNTUALE E 
INTERVALLO DI CONFIDENZA.  Gennaio 2021 – luglio  2026 , dati non 
destagionalizzati, valori percentuali.  
  
  

 
| 14 
OCCUPATI   
E DISOCCUPATI  
 
La revisione dei dati  
Le stime mensili sono diffuse a circa 30 giorni dal mese di riferimento, in forma provvisoria. Successivamente, quando 
vengono prodotte le stime trimestrali (a circa 60 giorni dal trimestre), le stime non destagionalizzate dei tre mesi vengono 
ricalcolate e diventano così definitive. Le stime mensili non destagionalizzate vengono dunque riviste una sola volta, in 
occasione della diffusione del primo mese successivo al trimestre di riferimento.   
Le serie mensili destagionalizzate vengono stimate ogni mese includendo l’ultimo dato disponibile e aggiornando la stima 
dei parametri dei modelli ( partial concurrent approach ). Con riferimento ai dati destagionalizzati, pertanto, si osservano 
revisioni tutti i mesi  (prospetto 8). In occasione della diffusione dei dati riferiti al mese di gennaio di ciascun anno, vengono 
scelti i nuovi modelli per la destagionalizzazione.  
Per ulteriori informazioni relative alle revisioni degli indicatori congiunturali , consultare la sezione  dedicata , in particolare 
la scheda https://www.istat.it/it/files//2016/07/scheda -ForzeLavoroMensile.pdf . 
 
Informazioni sulla r iservatezza dei dati  
I dati raccolti dalla rilevazione sulle forze lavoro sono tutelati dal segreto statistico e sottoposti alla normativa sulla 
protezione dei dati personali. Questi possono essere utilizzati, anche per successivi trattamenti, esclusivamente per fini 
statistic i dai soggetti del Sistema statistico nazionale e possono, altresì, essere comunicati per finalità di ricerca scientifica 
alle condizioni e secondo le modalità previste dall’art. 7 del Codice di deontologia per il trattamento di dati personali 
effettuato n ell’ambito del Sistema statistico nazionale e dal regolamento comunitario n. 831/2002. Le stime diffuse in 
forma aggregata, sono tali da non poter risalire ai soggetti che hanno fornito i dati o a cui si riferiscono.  
 
Copertura e dettaglio territoriale  
Le stime del comunicato mensile “Occupati e disoccupati” sono disponibili solo per l’intero territorio nazionale. Le 
stime trimestrali del comunicato “Il mercato del lavoro” sono prodotte anche per le macroripartizioni geografiche e 
per le regioni. Le stime annue sono prodotte anche per le province.  
 
Tempestività  
Le stime mensili sono prodotte a circa 30 giorni dal mese di riferimento, in forma provvisoria, perché basate su una parte 
del campione riferito al mese ( oltre 22,5 mila famiglie, per  un totale di circa 44 mila individui per il mese di luglio  2026) e 
vengono diffuse contestualmente ai dati mensili sulla disoccupazione da parte di Eurostat.  
Successivamente, quando vengono prodotte le stime trimestrali (a circa 60 giorni dal trimestre), le stime dei tre mesi 
vengono ricalcolate sull’intero campione riferito a ciascun mese e diventano così definitive.  
 
Diffusione  
A seguito della nuova normativa europea (Regolamento U E 2019/1700), che introduce innovazioni metodologiche e 
organizzative nell’indagine Forze di Lavoro, le attività di diffusione hanno subito alcune modifiche . 
A partire dal comunicato  relativo al mese di dicembre 2021 i dati mensili , sia destagionalizzati sia non destagionalizzati, 
sono disponibili sul data warehouse IstatData  alla categoria  ""Lavoro e retribuzioni/Offerta di lavoro ”. 
Nel data warehouse I statData restano comunque disponibili  le serie storiche  della rilevazione continua sulle forze lavoro 
dal 19 77 fino a tutto il  2020 . Si sottolinea  ancora una volta  che tali stime non sono  coerenti con il nuovo regolamento. 
Dati precedenti al 1977, in particolare dal 1959, anno di avvio dell’indagine sulle forze lavoro, sono  presenti nella 
banca dati Serie storiche https://seriestoriche.istat.it/ . 
  
 
| 15 
OCCUPATI   
E DISOCCUPATI  
 
 
Per chiarimenti tecnici e metodologici  
Andrea Spizzichino  
tel. 06.46732819  
spizzich@istat.it   Maurizio Lucarelli  
tel. 06.46732615  
maurizio.lucarelli@istat.it  
 
| 16 
 
 
 
 
 
 
 LA STATISTICA UFFICIALE  
ASCOLTA I SUOI UTENTI  
In occasione del Centenario dalla sua fondazione, l’Istat promuove una consultazione pubblica  per 
raccogliere contributi, osservazioni e proposte sui bisogni informativi non ancora pienamente 
soddisfatti dalla statistica ufficiale.  
Al centro della consultazione non vi sono le modalità di comunicazione o diffusione dei dati, ma 
la produzione statistica.  
L’iniziativa intende rafforzare la qualità, la rilevanza e l’utilizzabilità della produzione statistica, 
favorendo al tempo stesso trasparenza e partecipazione.  
La consultazione è aperta a istituzioni, comunità scientifica, operatori dell’informazione, imprese, 
associazioni e cittadini.  
 
 
  
 PARTECIPA ADESSO  
"
Prezzi al consumo (dati provvisori) – Agosto 2026,PRECONPROAGO2026,8d11fceadbbabc2285bab0d8dd52b7f2bdcec2696bee7d9462a2f95e836f90ae,https://www.istat.it/comunicato-stampa/prezzi-al-consumo-dati-provvisori-agosto-2026/,https://www.istat.it/wp-content/uploads/2026/09/CS_Prezzi-al-consumo_Prov_Agosto2026.pdf,"33 
 
UFFICIO STAMPA tel. +39 06 4673.2243/44 ufficiostampa@istat.it CONTACT CENTRE contact.istat.it   1 SETTEMBRE 2026 
   Agosto 2026 Prezzi al consumo Dati provvisori  n Secondo le stime preliminari, nel mese di agosto 2026 l’indice nazionale dei prezzi al consumo per l’intera collettività (NIC), al lordo dei tabacchi, registra una variazione pari a +0,5% su base mensile e a +3,3% su base annua (da +2,9% del mese precedente). n L’aumento dell’inflazione riflette principalmente l’andamento dei prezzi degli Energetici, sia non regolamentati (da +11,4% a +16,9%) sia regolamentati (da +14,8% a +18,8%); di contro, decelerano i prezzi dei Servizi ricreativi, culturali e per la cura della persona (da +3,0% a +2,6%) e dei Servizi relativi ai trasporti (da +1,6% a +0,9%). n Nel mese di agosto l’“inflazione di fondo”, calcolata al netto degli energetici e degli alimentari freschi, rallenta lievemente (da +1,6% a +1,5%) così come quella al netto dei soli beni energetici (da +1,8% a +1,7%). n Nel settore dei beni, i prezzi evidenziano un’accelerazione del loro ritmo di crescita (da +3,2% a +4,1%) a cui si contrappone il rallentamento di quelli dei servizi (da +2,7% a +2,4%). Si amplia il differenziale tra il comparto dei servizi e quello dei beni, che passa da -0,5 a -1,7 punti percentuali. n Il tasso di variazione tendenziale dei prezzi dei Beni alimentari, per la cura della casa e della persona si mantiene stabile (a +1,0%), mentre quello dei prodotti ad alta frequenza d’acquisto aumenta (da +3,4% a +4,3%). n La variazione congiunturale dell’indice generale riflette soprattutto l’aumento dei prezzi degli Energetici regolamentati (+3,2%) e non regolamentati (+2,8%), dei Servizi relativi ai trasporti (+1,4%), degli Alimentari lavorati (+0,4%) e dei Beni durevoli (+0,3%). n L’inflazione acquisita per il 2026 è pari a +2,9% per l’indice generale e a +1,9% per la componente di fondo. n In base alle stime preliminari, l’indice armonizzato dei prezzi al consumo (IPCA) registra una variazione pari a +0,1% su base mensile, a causa dei saldi estivi di cui il NIC non tiene conto, e a +3,2% su base annua (da +2,9% del mese precedente).                        Il commento   Ad agosto 2026 l’inflazione sale a +3,3% (da +2,9% di luglio), sostenuta dall’andamento dei prezzi dei beni energetici (da +11,6% a +17,0%), che risentono ancora delle tensioni internazionali. Nel settore alimentare la dinamica dei prezzi continua ad essere moderata (stabile a +1,1%), esercitando un freno alla crescita dell’indice generale. Un effetto di contenimento si deve inoltre ad alcune tipologie di servizi, tra cui quella dei servizi ricreativi, culturali, e per la cura della persona e dei servizi relativi ai trasporti. Il cosiddetto “carrello della spesa” rimane stabile (a +1,0%), mentre l’inflazione di fondo scende lievemente (da +1,6% a +1,5%). L’inflazione acquisita ad agosto, per il 2026, sale a +2,9%.  PROSSIMA DIFFUSIONE 16 settembre 2026 Link utili https://esploradati.istat.it/ http://www.istat.it/it/congiuntura http://rivaluta.istat.it/Rivaluta/ L’approfondimento pagina 7 
 

 
| 2  
PREZZI  AL CONSUMO 
 FIGURA 1. INDICE DEI PREZZI AL CONSUMO NIC Gennaio 2021 – agosto 2026, variazioni percentuali congiunturali e tendenziali (base 2025=100)  
   PROSPETTO 1. INDICI DEI PREZZI AL CONSUMO NIC E IPCA Agosto 2025 – agosto 2026, indici e variazioni percentuali congiunturali e tendenziali (base 2025=100) PERIODO Indice nazionale per l’intera collettività NIC Indice armonizzato IPCA Indici Variazioni congiunturali Variazioni tendenziali Indici Variazioni congiunturali Variazioni tendenziali 2025 Base 2015=100* Base 2025=100 Agosto 123,3 +0,1 +1,6 99,5 -0,2 1,6 Settembre 123,1 -0,2 +1,6 100,7 1,2 1,7 Ottobre 122,7 -0,3 +1,2 100,6 -0,1 1,3 Novembre 122,5 -0,2 +1,1 100,3 -0,3 1,1 Dicembre 122,6 +0,2 +1,2 100,5 0,2 1,2 2026 Base 2025=100 Base 2025=100 Gennaio 100,4 +0,4 +1,0 99,5 -1,0 +1,0 Febbraio 101,1 +0,7 +1,5 100,0 +0,5 +1,5 Marzo 101,6 +0,5 +1,7 101,7 +1,7 +1,6 Aprile 102,7 +1,1 +2,7 103,3 +1,6 +2,8 Maggio 103,1 +0,4 +3,2 103,6 +0,3 +3,2 Giugno 103,1 0,0 +3,0 103,6 +0,0 +3,0 Luglio 103,4 +0,3 +2,9 102,6 -1,0 +2,9 Agosto (provvisorio) 103,9 +0,5 +3,3 102,7 +0,1 +3,2 *Il coefficiente di raccordo da base 2015=100 a base 2025=100 per indice NIC pari a 1,226       

 
| 3  
PREZZI  AL CONSUMO 
 Indice nazionale dei prezzi al consumo per l’intera collettività (NIC) LE DIVISIONI DI SPESA  PROSPETTO 2. INDICI DEI PREZZI AL CONSUMO NIC PER DIVISIONE DI SPESA Agosto 2026, pesi e variazioni percentuali congiunturali e tendenziali (base 2025=100) DIVISIONI DI SPESA Pesi Variazioni congiunturali* Variazioni tendenziali Inflazione acquisita          ad agosto ago-26 lug-26 ago-25 lug-25 ago-26 ago-25 lug-26 lug-25 Prodotti alimentari e bevande analcoliche 172.256 +0,2 +0,2 +1,3 +1,4 +1,9 Bevande alcoliche, tabacco e droghe 29.104 0,0 +0,2 +2,3 +2,4 +2,5 Abbigliamento e calzature 60.192 -0,5 0,0 +0,4 +0,9 +0,5 Abitazione, acqua, elettricità, gas e altri combustibili 120.000 +0,4 -1,1 +8,9 +7,2 +5,3 Arredamenti, apparecchi per uso domestico e manutenzione corrente dell’abitazione 67.696 +0,1 -0,1 +1,9 +1,7 +1,8 Sanità 81.502 0,0 +0,1 +1,2 +1,3 +1,1 Trasporti 154.540 +2,3 +0,5 +6,1 +4,3 +4,6 Informazione e comunicazione 28.613 +0,9 0,0 +1,2 +0,2 -0,6 Ricreazione, sport e cultura 58.992 +0,9 +1,1 +0,6 +0,8 +1,8 Servizi di istruzione 9.678 0,0 0,0 +1,6 +1,6 +1,2 Servizi di ristoranti e servizi di alloggio 121.827 -0,3 -0,1 +3,2 +3,4 +3,8 Servizi finanziari e assicurativi 26.667 +0,1 -0,1 +2,1 +1,9 +2,9 Assistenza alla persona, protezione sociale e beni e servizi vari 68.933 +0,1 +0,1 +3,2 +3,2 +3,1 Indice generale 1.000.000 +0,5 +0,1 +3,3 +2,9 +2,9 *Le variazioni percentuali congiunturali dell’anno precedente si riferiscono alle serie ricostruite secondo la ECOICOPv2.   FIGURA 2. INDICI DEI PREZZI AL CONSUMO NIC PER DIVISIONE DI SPESA Agosto 2026, variazioni percentuali tendenziali (base 2025=100) 
    

 
| 4  
PREZZI  AL CONSUMO 
 LE TIPOLOGIE DI PRODOTTO  PROSPETTO 3. INDICI DEI PREZZI AL CONSUMO NIC PER TIPOLOGIA DI PRODOTTO Agosto 2026, pesi e variazioni percentuali congiunturali e tendenziali (base 2025=100) TIPOLOGIE DI PRODOTTO Pesi Variazioni congiunturali* Variazioni tendenziali Inflazione acquisita        ad agosto ago-26 lug-26 ago-25 ago-25 ago-26 ago-25 lug-26 lug-25 Beni alimentari, di cui: 181.055 +0,2 +0,2 +1,1 +1,1 +1,7 Alimentari lavorati 111.222 +0,4 +0,4 -0,2 -0,2 +0,5 Alimentari non lavorati 69.833 -0,1 -0,1 +3,7 +3,6 +3,8 Beni energetici, di cui: 105.124 +2,8 -1,9 +17,0 +11,6 +9,5 Energetici regolamentati 6.982 +3,2 -0,3 +18,8 +14,8 +10,2 Energetici non regolamentati 98.142 +2,8 -2,1 +16,9 +11,4 +9,5 Tabacchi 20.305 0,0 0,0 +4,1 +4,1 +4,0 Altri beni, di cui: 251.172 +0,1 0,0 +0,8 +0,7 +0,6 Beni durevoli 91.549 +0,3 -0,1 +1,1 +0,7 +0,5 Beni non durevoli 61.497 +0,2 0,0 +0,1 -0,1 +0,1 Beni semidurevoli 98.126 -0,2 0,0 +1,0 +1,2 +0,9 Beni 557.656 +0,7 -0,2 +4,1 +3,2 +2,9 Servizi relativi all'abitazione 69.410 0,0 +0,2 +4,3 +4,5 +4,2 Servizi relativi alle comunicazioni 13.964 0,0 -0,2 -0,2 -0,4 -0,3 Servizi ricreativi, culturali e per la cura della persona 173.454 0,0 +0,4 +2,6 +3,0 +3,5 Servizi relativi ai trasporti 71.442 +1,4 +2,0 +0,9 +1,6 +2,4 Servizi vari 114.074 +0,1 0,0 +1,9 +1,8 +1,9 Servizi 442.344 +0,2 +0,5 +2,4 +2,7 +2,9 Indice generale 1.000.000 +0,5 +0,1 +3,3 +2,9 +2,9 Indice generale al netto degli energetici e alimentari freschi (Componente di fondo) 825.043 +0,2 +0,3 +1,5 +1,6 +1,9 Indice generale al netto dell’energia, degli alimentari (incluse bevande alcoliche) e tabacchi 693.516 +0,2 +0,3 +1,8 +1,9 +2,1 Indice generale al netto degli energetici 894.876 +0,2 +0,3 +1,7 +1,8 +2,1 Indice dei beni alimentari, per la cura della casa e della persona 204.361 +0,2 +0,2 +1,0 +1,0 +1,5 *Le variazioni percentuali congiunturali dell’anno precedente si riferiscono alle serie ricostruite secondo la ECOICOPv2.  FIGURA 3. INDICI DEI PREZZI AL CONSUMO NIC PER TIPOLOGIA DI PRODOTTO Gennaio 2021 – agosto 2026, variazioni percentuali tendenziali  
 *Dati fino a dicembre 2025 ricostruiti secondo la classificazione Ecoicopv2. 

 
| 5  
PREZZI  AL CONSUMO 
I PRODOTTI PER FREQUENZA DI ACQUISTO  PROSPETTO 4. INDICI DEI PREZZI AL CONSUMO NIC PER PRODOTTI A DIVERSA FREQUENZA DI ACQUISTO Agosto 2026, pesi e variazioni percentuali congiunturali e tendenziali (base 2025=100) TIPOLOGIE DI PRODOTTO Pesi Variazioni congiunturali Variazioni tendenziali Inflazione acquisita          ad agosto ago-26 lug-26 ago-25 lug-25 ago-26 ago-25 lug-26 lug-25 Alta frequenza 409.790 +0,9 0,0 +4,3 +3,4 +3,6 Media frequenza  399.634 +0,3 +0,2 +3,2 +3,0 +2,9 Bassa frequenza  190.576 +0,3 +0,1 +1,6 +1,4 +1,2 Indice generale 1.000.000 +0,5 +0,1 +3,3 +2,9 +2,9   Indice armonizzato dei prezzi al consumo (IPCA) LE DIVISIONI DI SPESA  PROSPETTO 5. INDICI DEI PREZZI AL CONSUMO IPCA PER DIVISIONE DI SPESA Agosto 2026, pesi e variazioni percentuali congiunturali e tendenziali (base 2025=100) DIVISIONI DI SPESA Pesi Variazioni congiunturali Variazioni tendenziali Inflazione acquisita        ad agosto ago-26 lug-26 ago-25 lug-25 ago-26 ago-25 lug-26 lug-25 Prodotti alimentari e bevande analcoliche 179.043 +0,2 +0,3 +1,2 +1,3 +1,9 Bevande alcoliche, tabacco e droghe 30.265 +0,1 +0,1 +2,3 +2,3 +2,4 Abbigliamento e calzature 67.505 -6,2 -5,8 +0,5 +0,9 -7,4 Abitazione, acqua, elettricità, gas e altri combustibili 124.803 +0,5 -1,1 +8,9 +7,2 +5,4 Arredamenti, apparecchi per uso domestico e manutenzione corrente dell’abitazione 70.640 -0,2 -0,3 +0,9 +0,8 +0,7 Sanità 39.870 +0,1 +0,1 +1,2 +1,2 +1,4 Trasporti 160.350 +2,3 +0,5 +6,1 +4,3 +4,7 Informazione e comunicazione 29.758 +0,9 +0,1 +1,0 +0,2 -0,7 Ricreazione, sport e cultura 61.241 +0,8 +1,6 -0,5 +0,3 +1,8 Servizi di istruzione 10.067 0,0 +0,1 +1,4 +1,5 +1,1 Servizi di ristoranti e servizi di alloggio 126.720 -0,3 0,0 +3,1 +3,4 +3,8 Servizi finanziari e assicurativi 27.733 +0,1 0,0 +2,1 +2,0 +2,9 Assistenza alla persona, protezione sociale e beni e servizi vari 72.005 0,0 -0,1 +2,9 +2,8 +2,6 Indice generale 1.000.000 +0,1 -0,2 +3,2 +2,9 +2,3     
 
| 6  
PREZZI  AL CONSUMO 
GLI AGGREGATI SPECIALI   PROSPETTO 6. INDICI DEI PREZZI AL CONSUMO IPCA PER AGGREGATI SPECIALI (*) Agosto 2026, pesi e variazioni percentuali congiunturali e tendenziali (base 2025=100) AGGREGATI SPECIALI Pesi Variazioni congiunturali Variazioni tendenziali Inflazione acquisita ad agosto ago-26 lug-26 ago-25 lug-25 ago-26 ago-25 lug-26 lug-25 Prodotti alimentari compresi alcol e tabacco, di cui: 209.308 +0,2 +0,2 +1,4 +1,4 +2,0 Prodotti alimentari trasformati, compresi alcol e tabacco 136.762 +0,3 +0,3 +0,4 +0,4 +1,0 Prodotti alimentari non trasformati 72.546 -0,2 +0,1 +3,0 +3,3 +3,7 Energia 109.332 +2,8 -1,9 +17,0 +11,7 +9,5 Beni industriali non energetici 259.733 -1,3 -1,3 +0,6 +0,6 -1,6 Servizi 421.627 +0,3 +0,6 +2,2 +2,5 +2,9 Indice generale 1.000.000 +0,1 -0,2 +3,2 +2,9 +2,3 Indice generale esclusi energia e prodotti alimentari non trasformati (Componente di fondo) 818.122 -0,2 0,0 +1,4 +1,6 +1,2 Indice generale esclusa energia 890.668 -0,2 -0,1 +1,6 +1,7 +1,4      
 
| 7  
PREZZI  AL CONSUMO 
 AD AGOSTO L’INFLAZIONE RISALE Secondo le stime preliminari, l’inflazione ad agosto 2026 sale a +3,3% (dal +2,9% di luglio). Nel comparto dei beni il tasso di variazione tendenziale aumenta (da +3,2% a +4,1%; +0,7% su luglio), mentre in quello dei servizi scende leggermente (da +2,7% a +2,4%; +0,2% su luglio). Il differenziale inflazionistico tra il comparto dei servizi e quello dei beni si amplia rispetto al mese precedente (da -0,5 a -1,7 punti percentuali). La dinamica dei prezzi del comparto dei beni riflette principalmente le tensioni sui prezzi nel settore energetico (da +11,6% a +17,0%; +2,8% su luglio), che interessano entrambe le componenti. Per quanto riguarda gli Energetici regolamentati (da +14,8% a +18,8%; +3,2% su luglio), sono in accelerazione i prezzi del Gas di città e gas naturale mercato tutelato (da +21,8% a +31,3%; +6,5% su luglio), mentre quelli dell’Elettricità mercato tutelato restano stabili (a +9,7%; nullo il congiunturale). Per quanto attiene gli Energetici non regolamentati (da +11,4% a +16,9%; +2,8% su luglio), si osserva un aumento generalizzato del ritmo di crescita dei prezzi, con particolare riferimento a quelli del Gasolio per riscaldamento (da +18,2% a +31,7%; +10,6% su luglio), della Benzina (da +8,0% a +16,3%; +6,3% su luglio), del Gasolio per mezzi di trasporto (da +18,8% a +26,7%; +5,2% su luglio), dell’Elettricità mercato libero (da +13,9% a +17,9%; +0,8% su luglio) e del Gas di città e gas naturale mercato libero (da +7,4% a +11,3%; -0,2% su luglio). Il settore alimentare complessivamente mostra una crescita dei prezzi stabile (a +1,1%; +0,2% su luglio). In particolare, per quanto riguarda i prodotti alimentari lavorati la dinamica tendenziale dei prezzi resta su valori leggermente negativi (a -0,2%; +0,4% su luglio), mentre per i prodotti non lavorati si registra una lievissima accelerazione su base tendenziale (da +3,6% a +3,7%; -0,1% su luglio), che riflette principalmente l’aumento nel ritmo di crescita dei prezzi di Ortaggi, tuberi, banane plantano, banane da cucina e legumi (da +2,6% a +3,8%; +2,0% su luglio), in parte compensato dall’ampliarsi della flessione di quelli di Frutta e frutta a guscio (da -0,7% a -1,7%; -4,2% su luglio). Nel comparto dei servizi, a decelerare sono i prezzi dei Servizi ricreativi, culturali e per la cura della persona (da +3,0% a +2,6%; nullo il congiunturale), che rallentano principalmente per effetto della dinamica di quelli dei Servizi di alloggio (da +4,0% a +3,2%; -1,4% su luglio), e quelli dei Servizi relativi ai trasporti (da +1,6% a +0,9%; +1,4% su luglio), frenati dall’andamento dei prezzi del Trasporto aereo di passeggeri (da -5,6% a                -11,5%; +5,7% su luglio). L’impatto dell’evoluzione dei prezzi delle diverse tipologie di prodotto sul tasso di inflazione di agosto è misurato dai contributi alla variazione tendenziale dell’indice generale dei prezzi al consumo (Figura 4).  FIGURA 4. INDICE DEI PREZZI AL CONSUMO NIC, CONTRIBUTI ALLA VARIAZIONE PERCENTUALE TENDENZIALE PER TIPOLOGIA DI PRODOTTO. Agosto 2026, punti percentuali 
  

 
| 8  
PREZZI  AL CONSUMO 
 Altri beni: comprendono i beni di consumo ad esclusione dei beni alimentari, dei beni energetici e dei tabacchi. Altri beni regolamentati: comprendono l’acqua potabile e i medicinali. Beni alimentari: comprendono oltre ai generi alimentari (come, ad esempio, il pane, la carne, i formaggi), le bevande analcoliche e quelle alcoliche. Si definiscono lavorati i beni alimentari destinati al consumo finale che sono il risultato di un processo di trasformazione industriale (come, ad esempio, i succhi di frutta, gli insaccati, i prodotti surgelati). Si dicono non lavorati i beni alimentari non trasformati (come la carne fresca, il pesce fresco, la frutta e la verdura fresca). Beni alimentari, per la cura della casa e della persona (cosiddetto ""carrello della spesa""): includono, oltre ai beni alimentari, i beni per la pulizia e la manutenzione ordinaria della casa e i beni per l’igiene personale e prodotti di bellezza. Beni durevoli: includono i beni di trasporto, gli articoli di arredamento, gli elettrodomestici, le attrezzature sanitarie e gli apparecchi terapeutici, gli apparecchi telefonici, gli apparecchi per la ricreazione, i prodotti della gioielleria e orologeria. Beni non durevoli: comprendono i detergenti per la pulizia della casa, i prodotti per la cura della persona, i medicinali, i prodotti per la riparazione e manutenzione della casa, i prodotti per il giardinaggio, i giornali e periodici, gli articoli di cancelleria. Beni semidurevoli: comprendono i capi di abbigliamento, le calzature, gli articoli tessili per la casa, la cristalleria, stoviglie e utensili domestici, i pezzi di ricambio e gli accessori per i mezzi di trasporto, gli accessori per gli apparecchi per la ricreazione, i giochi e i prodotti per gli hobby, i prodotti relativi agli effetti personali, i libri.  Beni energetici regolamentati: includono le tariffe per l’energia elettrica mercato tutelato e il gas di rete per uso domestico mercato tutelato. Beni energetici non regolamentati: comprendono i carburanti per gli autoveicoli, i lubrificanti, la ricarica elettrica per auto, i combustibili per uso domestico non regolamentati, il gas di rete per uso domestico mercato libero, l’energia elettrica mercato libero. Beni regolamentati: includono i beni energetici regolamentati e gli altri beni regolamentati. COICOP: classificazione dei consumi individuali secondo l’utilizzo finale. Componente di fondo: viene calcolata escludendo i beni alimentari non lavorati e i beni energetici.  Contributo alla variazione tendenziale dell’indice generale: permette di valutare l’incidenza delle variazioni di prezzo delle singole componenti sull’aumento o sulla diminuzione dell’indice aggregato. A tal fine, il tasso di variazione tendenziale dell’indice generale viene scomposto nella somma degli effetti attribuibili a ciascuna delle variazioni delle sue componenti. Poiché si tratta di un indice concatenato, il contributo della componente i-esima alla variazione dell’indice generale è funzione della dinamica di prezzo di tale componente e della modifica del suo peso relativo nei due anni a confronto. I contributi alla variazione tendenziale dell’indice generale sono calcolati a partire dagli indici elementari di prezzo dei prodotti del paniere di riferimento. Per effetto degli arrotondamenti, la loro somma può differire dalla variazione dell’indice generale. ECOICOP: classificazione europea dei consumi individuali secondo l’utilizzo finale, che prevede un livello di dettaglio (le sottoclassi) maggiore rispetto alla COICOP. FOI: indice nazionale dei prezzi al consumo per le famiglie di operai e impiegati. Inflazione: misura le variazioni nel tempo dei prezzi di un insieme di prodotti (paniere) rappresentativo di tutti i beni e servizi destinati al consumo finale delle famiglie, acquistabili sul mercato attraverso transazioni monetarie. Inflazione acquisita: rappresenta la variazione media dell’indice nell’anno indicato, che si avrebbe ipotizzando che l’indice stesso rimanga al medesimo livello dell’ultimo dato mensile disponibile nella restante parte dell’anno.  Inflazione “ereditata” nell’anno t dall’anno t-1: variazione percentuale misurata tra il mese di dicembre dell’anno t-1 e la media dell’anno t-1. In altre parole, se nel corso dell’anno t non si verificassero variazioni congiunturali dell’indice generale dei prezzi, la sua variazione media annua risulterebbe pari all’inflazione ereditata. Inflazione “propria” dell’anno t: variazione percentuale misurata tra la media dell’anno t e il dicembre dell’anno t-1. Essa rappresenta la variazione dell’indice generale dovuta alle variazioni di prezzo verificatesi nel corso dell’anno t.  
 
| 9  
PREZZI  AL CONSUMO 
 IPCA: indice armonizzato dei prezzi al consumo per i Paesi dell’Unione europea. IPCA-AS: indici armonizzati dei prezzi al consumo per aggregati speciali sono indicatori costruiti secondo uno schema classificatorio diverso dalla ECOICOP-IPCA e da quello utilizzato per gli indici NIC per tipologia di prodotto. La struttura di classificazione e le procedure di calcolo sono comuni a quelle utilizzate da Eurostat e ne condividono le innovazioni di carattere metodologico. In particolare, dalla diffusione degli indici definitivi di gennaio 2019 cambia il metodo di calcolo degli aggregati speciali dell’IPCA che sono ottenuti aggregando gli indici delle sottoclassi della ECOICOP (in precedenza, per il computo di questi indicatori erano utilizzati gli indici delle classi). Per una migliore fruibilità dei nuovi indicatori, le serie degli aggregati speciali, secondo il nuovo schema, sono state ricostruite per il periodo gennaio 2017 - dicembre 2018 e sostituiscono, per l’intervallo temporale in questione, quelle precedentemente diffuse, basate sulla vecchia metodologia di calcolo.  IPCA-TC: indice armonizzato dei prezzi al consumo a tassazione costante per i Paesi dell’Unione europea. Viene calcolato escludendo l’impatto (teorico) delle variazioni delle imposte indirette sui prezzi al consumo. NIC: indice nazionale dei prezzi al consumo per l’intera collettività. Prodotti ad alta frequenza di acquisto: includono, oltre ai generi alimentari, le bevande alcoliche e analcoliche, i tabacchi, le spese per l’affitto, i beni non durevoli per la casa, i servizi per la pulizia e manutenzione della casa, i carburanti, i trasporti urbani, i giornali e i periodici, i servizi di ristorazione, le spese di assistenza. Prodotti a media frequenza di acquisto: comprendono, tra gli altri, le spese di abbigliamento, le tariffe elettriche e quelle relative all’acqua potabile e lo smaltimento dei rifiuti, i medicinali, i servizi medici e quelli dentistici, i trasporti stradali, ferroviari marittimi e aerei, i servizi postali e telefonici, i servizi ricreativi e culturali, i pacchetti vacanze, i libri, gli alberghi e gli altri servizi di alloggio. Prodotti a bassa frequenza di acquisto: comprendono gli elettrodomestici, i servizi ospedalieri, l’acquisto dei mezzi di trasporto, i servizi di trasloco, gli apparecchi audiovisivi, fotografici e informatici, gli articoli sportivi. Servizi regolamentati: tipologie di servizio i cui prezzi sono stabiliti da amministrazioni nazionali o locali e da servizi di pubblica utilità soggetti a regolamentazione da parte di specifiche Agenzie (Authority). Comprendono i certificati, i documenti di riconoscimento, la tariffa per i rifiuti solidi, la tariffa per la raccolta di acque reflue, l’istruzione secondaria, le mense scolastiche, i trasporti urbani unimodali e multimodali (biglietti e abbonamenti), il trasporto extra-urbano su bus e multimodale, i taxi, i trasporti ferroviari regionali, i pedaggi autostradali, i musei, i giochi lotterie e scommesse, la revisione auto, alcuni servizi postali, i nidi d’infanzia comunali, i servizi di alloggio universitario. Servizi relativi ai trasporti: comprendono i trasporti aerei, marittimi, ferroviari e stradali, i servizi di manutenzione e riparazione di mezzi di trasporto, le assicurazioni sui mezzi di trasporto. Servizi relativi all’abitazione: comprendono i servizi di riparazione, la pulizia e la manutenzione della casa, la tariffa per i rifiuti solidi, la tariffa per la raccolta acque reflue, il canone d’affitto, le spese condominiali, i servizi assicurativi connessi all’abitazione. Servizi relativi alle comunicazioni: comprendono i servizi di telefonia e i servizi postali. Servizi ricreativi, culturali e per la cura della persona: comprendono i pacchetti vacanza, i servizi di alloggio, i ristoranti, bar e simili, le mense, la riparazione di apparecchi audiovisivi, fotografici e informatici, i servizi per l'abbigliamento, i servizi per l’igiene personale, i servizi ricreativi e culturali vari, i giochi lotterie e scommesse. Servizi vari: comprendono l’istruzione, i servizi medici, i servizi per l’assistenza, i servizi finanziari, professioni liberali, servizio funebre, servizi veterinari, servizi assicurativi privati connessi alla salute. Spesa equivalente: è calcolata dividendo il valore della spesa familiare per un opportuno coefficiente di correzione (scala di equivalenza), che permette di tener conto dell’effetto delle economie di scala e di rendere direttamente confrontabili i livelli di spesa di famiglie di ampiezza diversa. Nel presente comunicato si utilizza la scala di equivalenza Carbonaro. Trascinamento all’anno t+1: variazione percentuale misurata tra il mese di dicembre dell’anno t e la media dell’anno t. In altre parole, il trascinamento non è altro che l’eredità, in termini di inflazione, che l’anno t lascia all’anno t+1. Variazione congiunturale: variazione rispetto al periodo precedente. Variazione tendenziale: variazione rispetto allo stesso periodo dell’anno precedente.    
 
| 10  
PREZZI  AL CONSUMO  Introduzione e quadro normativo La rilevazione dei prezzi al consumo misura le variazioni nel tempo dei prezzi di un insieme di beni e servizi (paniere) rappresentativo di tutti quelli acquistati dalle famiglie per finalità di consumo (sono escluse le transazioni a titolo gratuito, gli autoconsumi, i fitti figurativi, ecc.). Gli indici dei prezzi al consumo sono calcolati utilizzando l’indice a catena del tipo Laspeyres, in cui sia il campione di beni e servizi sia il sistema dei pesi vengono aggiornati con cadenza annuale. In particolare, a dicembre di ogni anno, nel corso delle attività di ribasamento, si rinnova il disegno campionario dell’indagine e la struttura di ponderazione, ossia gli elementi di base per il calcolo degli indici dell’anno successivo. Il sistema degli indici dei prezzi al consumo è articolato in tre diversi indicatori:  
 l’indice nazionale dei prezzi al consumo per l’intera collettività (NIC) è utilizzato come misura dell’inflazione per l’intero sistema economico; in altre parole, si considera la collettività nazionale come un’unica grande famiglia di consumatori sebbene caratterizzata, al suo interno, da abitudini di spesa molto differenziate;  
 l’indice dei prezzi al consumo per le famiglie di operai e impiegati (FOI) si riferisce ai consumi dell’insieme delle famiglie che fanno capo ad un lavoratore dipendente; è l’indice usato per adeguare periodicamente valori monetari, quali i canoni di affitto o gli assegni dovuti al coniuge separato;  
 l’indice dei prezzi al consumo armonizzato per i paesi dell’Unione europea (IPCA) assicura una misura dell’inflazione comparabile tra i diversi paesi europei, attraverso l’adozione di un impianto concettuale, metodologico e tecnico condiviso; viene quindi assunto come indicatore per verificare la convergenza delle economie dei paesi membri dell’Unione europea; l’indice viene calcolato, pubblicato e inviato mensilmente dall’Istat a Eurostat secondo un calendario prefissato. Eurostat, a sua volta, diffonde gli indici armonizzati dei singoli paesi dell’Ue, sulla base dei quali elabora e diffonde l’indice sintetico europeo; l’indice IPCA è elaborato anche nella versione “a tassazione costante (IPCA-TC)”. A partire dai dati provvisori di gennaio 2026, l’indice IPCA è calcolato e diffuso con base di riferimento 2025=100, in linea con gli altri Paesi dell’Unione europea e in ottemperanza a quanto richiesto dal Regolamento (UE) 2024/3159 del 20 dicembre 2024 e dal Regolamento di esecuzione (UE) 2025/1182 del 18 giugno 2025. Le serie degli indici nazionali NIC e FOI hanno la medesima base di riferimento 2025=100.  La rilevazione dei prezzi al consumo è disciplinata anche da diverse leggi e regolamenti che definiscono i soggetti coinvolti (l’Istituto nazionale di statistica e i Comuni) e le relative funzioni: • il Regio Decreto Legge n. 222/1927, che conferisce l’incarico all’Istituto centrale di statistica di promuovere la formazione di indici del costo della vita in tutti i comuni con più di 100.000 abitanti e in altri, preferibilmente scelti tra i capoluoghi di provincia o tra quelli con più di 50.000 abitanti che abbiano uffici di statistica idonei; • la Legge n. 621/1975 modifica come di seguito il regio decreto relativamente ai comuni cui spetta l’obbligo di condurre l’indagine sui prezzi al consumo: “tra i comuni di cui all’art. 1 … devono intendersi compresi tutti i comuni capoluogo di provincia e quelli con oltre 30.000 abitanti che abbiano un ufficio di statistica idoneo”; • il D.lgs n. 322/1989, che disciplina le attività di rilevazione, elaborazione, analisi e diffusione e archiviazione dei dati statistici svolte dagli enti e organismi pubblici di informazione statistica, al fine di realizzare l’unità di indirizzo, l’omogeneità organizzativa e la razionalizzazione dei flussi a livello centrale e locale.  Copertura dell’indagine e organizzazione della rilevazione  I dati che concorrono alla costruzione degli indici mensili dei prezzi al consumo sono raccolti attraverso l’utilizzo di una pluralità di fonti: la rilevazione territoriale, condotta dagli Uffici comunali di statistica (UCS); la rilevazione centralizzata, condotta dall’Istat direttamente o attraverso la collaborazione con grandi fornitori di dati; gli scanner data provenienti dalla Grande Distribuzione Organizzata (GDO); la fonte amministrativa.  Nel 2026, i beni e servizi rilevati in modo esclusivo mediante la rilevazione territoriale ammontano, in termini di peso, a circa il 49,9% del paniere, contro il 25,6% di quelli a rilevazione esclusivamente centralizzata. Tramite l’acquisizione dei dati scanner dalla GDO vengono rilevati i prezzi dei beni cosiddetti grocery (beni alimentari confezionati e beni per la cura della casa e della persona) e le quotazioni di alcune tipologie di frutta e verdura fresca a peso imposto. Nel complesso, i beni a rilevazione scanner rappresentano il 13,3% del paniere in termini di peso. A queste tre modalità si aggiunge l’utilizzo delle fonti amministrative: la base dati del Ministero delle imprese e del made in Italy (MIMIT, ex MISE Ministero dello Sviluppo Economico) per la rilevazione dei prezzi dei carburanti, che copre il 4,5% del paniere; i dati forniti dall’Osservatorio immobiliare dell’Agenzia delle entrate per la rilevazione dei prezzi degli Affitti reali per abitazioni di privati che pesa per il 2,9% e l’Agenzia delle dogane e dei monopoli per la rilevazione dei tabacchi che incide sul paniere per il 3,8%. 
 
| 11  
PREZZI  AL CONSUMO  Nel 2026, i comuni che concorrono al calcolo degli indici per tutti gli aggregati di prodotto del paniere sono 80 (di cui 19 capoluoghi di regione, 61 capoluoghi di provincia1), invariati rispetto al 2025. Sono 10 i comuni2 che partecipano al calcolo degli indici per un sottoinsieme di prodotti (tariffe locali quali fornitura acqua, raccolta rifiuti, raccolta acque reflue, trasporti urbani, taxi, mense scolastiche, nido d’infanzia comunale, e altri servizi come manifestazioni sportive, cinema, spettacoli teatrali, istruzione secondaria superiore, mense universitarie, ecc.). Nei 90 comuni si contano più di 46mila unità di rilevazione (tra punti vendita, imprese e istituzioni) dove gli Uffici comunali di statistica monitorano il prezzo di almeno un prodotto; a queste si aggiungono più di 2.900 abitazioni per la rilevazione dei canoni di affitto di abitazioni di Enti pubblici3. Nel complesso sono quasi 402mila le quotazioni che contribuiscono al calcolo dell’inflazione, inviate mensilmente all’Istat dagli Uffici comunali di statistica (erano circa 388mila del 2025. Nel 2026, sono circa 187mila le quotazioni di prezzo raccolte ogni mese centralmente dall’Istat. Le informazioni di prezzo sono ottenute tramite web, anche con l’utilizzo di procedure di web scraping o acquisendo informazioni da soggetti esterni (Ivass, ANCE, Aiscat, Farmadati, AIE, GfK Italia s.r.l, ecc.); inoltre, ne vengono rilevate mediante indagine diretta, condotta presso un campione di imprese di assicurazione, le quali forniscono i prezzi relativi a tre profili assicurativi riconducibili alla copertura dei rischi contro incendio, furto e danneggiamento del contenuto dell’abitazione. La rilevazione dei prezzi al consumo tramite scanner data interessa cinque tipologie distributive della Grande Distribuzione Organizzata: ipermercati, supermercati, discount, piccole superfici di vendita (note anche come “libero servizio”, punti vendita con superficie compresa tra i 100 e i 400 mq) e specialist drug (specialisti dei prodotti per la cura della casa e della persona). Nel complesso nel 2026, la rilevazione dei prezzi tramite scanner data interessa 179 aggregati di prodotto, appartenenti a sei divisioni della ECOICOP (Prodotti alimentari e bevande analcoliche, Bevande alcoliche e tabacco, Arredamenti, apparecchi per uso domestico e manutenzione corrente dell'abitazione, Sanità, Ricreazione, sport e cultura, Assistenza alla persona, protezione sociale e beni e servizi vari). L’utilizzo stabile di informazioni provenienti dalle casse della GDO per la stima dell’inflazione si è reso possibile grazie a una proficua collaborazione dell’Istat con l’Associazione della Distribuzione moderna (ADM) e i rappresentanti delle principali catene operanti in Italia. L’accordo prevede che i dati vengano acquisiti dall’Istat per il tramite della società A.C. Nielsen, previa autorizzazione all’utilizzo dei dati da parte delle catene della Grande Distribuzione. L’Istat acquisisce i dati settimanali di fatturato e quantità distinti per punto vendita e per GTIN (codice a barre), per singolo punto vendita di 19 grandi gruppi della GDO in Italia per tutte le province del territorio nazionale. Il campione dei punti vendita è rappresentativo di tutto l’universo delle cinque tipologie distributive della GDO e comprende oltre 4.250 punti vendita distribuiti sull’intero territorio nazionale. L’individuazione delle referenze che entrano nel calcolo dell’indice avviene tramite i codici a barre (GTIN), che identificano univocamente i prodotti sull’intero territorio nazionale. Il valore unitario del prezzo per ciascun codice a barre è la media dei prezzi effettivamente pagati dai consumatori per quei prodotti. Per la selezione delle referenze, l’Istat utilizza un approccio di tipo dinamico che implica una selezione del campione di referenze in ciascun mese. L’approccio dinamico permette di utilizzare l’informazione proveniente dall’universo dei GTIN venduti in ciascun punto vendita e di seguire l’evoluzione dei prodotti che entrano ed escono dal mercato nei dodici mesi dell’anno. Nel complesso, per ciascuna settimana, si acquisiscono per il calcolo degli indici circa 22 milioni di referenze il cui prezzo settimanale viene calcolato sulla base dei dati di fatturato e quantità vendute in ciascun punto vendita e relative a oltre 280mila GTIN distinti. Il totale delle quotazioni di prezzo mensili utilizzate si attesta su circa 27 milioni. A seguito della selezione dinamica contribuiscono mediamente ogni mese al calcolo degli indici circa 13 milioni di referenze. Le rilevazioni di fonte amministrativa per il calcolo dei prezzi al consumo sono diverse. Tra queste rientrano quelle relative ai Tabacchi i cui dati sono forniti dall’Agenzia delle dogane e dei monopoli (ADM). Gli indici calcolati sono relativi a tre aggregati di prodotto: Sigarette, Sigari e sigaretti e Altri tabacchi (trinciati per sigarette, tabacco da fiuto e da mastico, altri tabacchi da fumo, tabacchi da inalazione). Il campione e il sistema di ponderazione sono ottenuti sulla base del valore annuo delle vendite dei principali tabacchi lavorati in commercio. Dal 2017 anche per i prezzi al consumo dei carburanti si utilizzano dati di fonte amministrativa, grazie a un accordo siglato con il MIMIT (ex MISE) che, in ottemperanza alla normativa vigente, raccoglie i dati sui prezzi di questi prodotti. In particolare, nel 2026, gli indici dei prezzi dei carburanti sono calcolati attraverso l’elaborazione di circa 203mila osservazioni di prezzo al mese, provenienti da circa 19.500 impianti, pari all’81,3% di quelli attivi e presenti nella  1 Il comune di Olbia da gennaio 2026 è uno dei nuovi capoluoghi di provincia (insieme a Tempio Pausania) della provincia della Gallura Nord-Est Sardegna, istituita nel 2021 e operativa dal 2025. 2 Si tratta dei comuni di Asti, Chieti, Foggia, Frosinone, L’Aquila, Matera, Prato, Ragusa, Verbania e Vibo Valentia. 3 A partire da gennaio 2022 la rilevazione dei canoni di affitto per le abitazioni di privati è condotta centralmente dall’Istat tramite l’utilizzo di dati di fonte amministrativa e in particolare della base dati locazioni immobiliari dell’Osservatorio del mercato immobiliare dell’Agenzia delle entrate.  
 
| 12  
PREZZI  AL CONSUMO banca dati del MIMIT. La copertura dei distributori di carburanti per area territoriale comprende oltre 4.600 impianti nel Nord-Ovest, quasi 4.000 nel Nord-Est, oltre 4.300 al Centro, oltre 4.500 al Sud e quasi 2.200 nelle Isole. I dati del Ministero delle Imprese e del Made in Italy coprono i quattro aggregati di prodotto riferiti ai carburanti per autotrazione che compongono il paniere: Benzina, Gasolio per mezzi di trasporto, Gas GPL e Gas metano per autotrazione. Infine, la rilevazione sui canoni di affitto per le abitazioni di proprietà privata viene effettuata dall’Istat avvalendosi della base dati delle locazioni immobiliari dell’Osservatorio del mercato immobiliare dell’Agenzia delle entrate. In seguito alla operazione di validazione dei dati, sono circa un milione e mezzo i canoni di affitto utilizzabili per il calcolo dell’indice mensile.  Metodologia di calcolo degli indici e delle variazioni Struttura di ponderazione  Non tutti i beni e i servizi che entrano nel paniere hanno la stessa importanza nei consumi della popolazione. L’esigenza di misurare il livello dei prezzi e la loro dinamica temporale attraverso indicatori di sintesi richiede la definizione di un sistema di ponderazione che consenta di elaborare tali indicatori tenendo conto della diversa rilevanza che i singoli prodotti assumono sulla spesa complessiva per consumi delle famiglie.  Ogni anno i coefficienti di ponderazione degli indici sono aggiornati per tener conto dell’evoluzione dei consumi finali delle famiglie (secondo le stime della Contabilità nazionale) e dell’informazione derivante dall’indagine sulle Spese delle famiglie; vengono inoltre considerati i dati provenienti da altre fonti ausiliarie interne ed esterne all’Istat, come ad esempio le basi dati di importanti società di analisi e ricerche di mercato (A.C. Nielsen o GfK Italia S.r.l.). Al fine di salvaguardare la coerenza tra la struttura di ponderazione degli indici e quella dei bilanci delle famiglie - nel rispetto delle linee guida Eurostat - per la revisione dei pesi sono stati utilizzati i dati più recenti delle principali fonti Istat. In particolare, i dati di riferimento sono relativi al 2025 per la fonte di Contabilità nazionale e al 2024 per l’indagine sulle Spese delle famiglie.  Nel Prospetto 1 è riportata la versione finale della struttura dei pesi per divisione di spesa utilizzata per il calcolo dei tre indici dei prezzi al consumo (NIC, IPCA e FOI).  PROSPETTO 1. PESI UTILIZZATI PER IL CALCOLO DEGLI INDICI NAZIONALI DEI PREZZI AL CONSUMO, PER DIVISIONI DI SPESA. Anno 2026, valori percentuali  DIVISIONI DI SPESA Pesi NIC IPCA FOI Prodotti alimentari e bevande analcoliche 17,2256 17,9043 15,65 Bevande alcoliche, tabacco e droghe 2,9104 3,0265 3,1901 Abbigliamento e calzature 6,0192 6,7505 6,1708 Abitazione, acqua, elettricità, gas e altri combustibili 12,00 12,4803 12,7237 Arredamenti, apparecchi per uso domestico e manutenzione corrente dell’abitazione 6,7696 7,064 6,5151 Sanità 8,1502 3,987 7,2952 Trasporti 15,454 16,035 17,5806 Informazione e comunicazione 2,8613 2,9758 3,1942 Ricreazione, sport e cultura 5,8992 6,1241 6,0249 Servizi di istruzione 0,9678 1,0067 1,1721 Servizi di ristoranti e servizi di alloggio 12,1827 12,672 11,5396 Servizi finanziari e assicurativi 2,6667 2,7733 2,4246 Assistenza alla persona, protezione sociale e beni e servizi vari 6,8933 7,2005 6,5191 Indice generale 100,0000 100,0000 100,0000     
 
| 13  
PREZZI  AL CONSUMO  Indici nazionali e territoriali  La metodologia di calcolo degli indici dei prezzi al consumo prevede quattro diversi processi di aggregazione degli indici di ciascun aggregato di prodotto calcolati per ogni capoluogo di provincia.  L’indice nazionale si ottiene nel modo seguente: 
 si aggregano tra loro gli indici provinciali di aggregato di prodotto per costruire l’indice regionale di aggregato di prodotto; per quanto riguarda i beni alimentari (esclusi i prodotti freschi) e per la cura della casa e della persona, gli indici regionali di aggregato di prodotto sono calcolati tendendo distinte le diverse tipologie distributive (ipermercati, supermercati, discount, libero servizio, specialist drug) per i quali si utilizzano le informazioni provenienti dai registratori elettronici di cassa (scanner data); per un numero limitato di aggregati, l’indice viene calcolato integrando le informazioni provenienti dagli scanner data con quelle rilevate direttamente dagli Uffici Comunali di Statistica; i coefficienti di ponderazione adoperati per le sintesi degli indici provinciali si basano, in generale, sul peso di ciascun capoluogo di provincia in termini di popolazione residente;  
 si aggregano tra loro gli indici regionali di aggregato di prodotto per costruire l’indice nazionale di aggregato di prodotto; i coefficienti di ponderazione utilizzati si basano sul peso di ciascuna regione in termini di consumi delle famiglie;  
 l’indice generale nazionale dei prezzi al consumo si ottiene come media ponderata degli indici nazionali di aggregato di prodotto. I coefficienti di ponderazione utilizzati si basano sul peso di ciascun aggregato di prodotto in termini di consumi delle famiglie.  Gli indici per capoluogo di provincia, regione e ripartizione geografica si ottengono come segue: 
 l’indice generale per regione e per ripartizione geografica dei prezzi sono calcolati rispettivamente come media ponderata degli indici regionali e ripartizionali di aggregato di prodotto; i coefficienti di ponderazione utilizzati si basano sul peso di ciascun aggregato di prodotto in termini di consumi delle famiglie; 
 l’indice generale provinciale si ottiene come media aritmetica ponderata degli aggregati di prodotto calcolati a livello di capoluogo di provincia; i coefficienti di ponderazione utilizzati si basano sul peso di ciascun aggregato di prodotto in termini di consumi delle famiglie. La struttura di ponderazione utilizzata è quella definita a livello regionale. Il calcolo degli indici sintetici (per ogni livello di sintesi degli aggregati) avviene applicando la formula dell’indice a catena di Laspeyres; pertanto, gli indici mensili dell’anno corrente sono calcolati con riferimento al mese di dicembre dell’anno precedente (base di calcolo) e successivamente raccordati al periodo scelto come base di riferimento dell’indice per misurare la dinamica dei prezzi su un periodo di tempo pluriennale.  Classificazione degli indici dei prezzi al consumo La classificazione adottata per gli indici dei prezzi al consumo è la European Classification of Individual Consumption by Purpose (ECOICOP versione 2), allegata al nuovo Regolamento quadro europeo degli indici dei prezzi al consumo armonizzati e dell’indice dei prezzi delle abitazioni (Reg. (UE) n. 2016/792 del Paramento europeo e del Consiglio relativo agli indici dei prezzi al consumo armonizzati e all'indice dei prezzi delle abitazioni, e recante abrogazione del regolamento (CE) n. 2494/95 del Consiglio, così come modificato dal Reg.(UE) 2024/3159 della Commissione per quanto riguarda la classificazione dei consumi e l’inclusione di giochi, lotterie e scommesse). La ECOICOP v2 è articolata su quattro livelli classificatori gerarchicamente ordinati: Divisioni, Gruppi, Classi e Sottoclassi. Ai fini del calcolo degli indici dei prezzi al consumo, le Sottoclassi di prodotto sono ulteriormente disaggregate in Segmenti di consumo. In base alla struttura di classificazione degli indici e al dettaglio territoriale, gli indici NIC sono pubblicati fino al livello dei segmenti di consumo se riferiti all’intero territorio nazionale4, fino a quello dei gruppi di prodotto se riferiti a ripartizione, regione e provincia. Gli indici FOI sono diffusi a livello nazionale e provinciale fino alle divisioni di spesa.  In aggiunta, sia con riferimento all’indice NIC sia all’IPCA, vengono calcolati indici dei prezzi basati su schemi classificatori alternativi alla classificazione ECOICOPv2, rispettivamente gli indici per tipologia di prodotto e quelli degli aggregati speciali (IPCA-AS). In particolare, gli IPCA-AS sono elaborati adottando lo stesso metodo di calcolo  4 Gli indici riferiti agli Aggregati di prodotto, nei quali si articolano ulteriormente i Segmenti di consumo, sono forniti su richiesta per specifiche finalità di studio e analisi.  
 
| 14  
PREZZI  AL CONSUMO utilizzato da Eurostat (diverso da quello adottato per le tipologie di prodotto del NIC), al fine di permettere la piena comparabilità tra gli indici italiani e quelli elaborati da Eurostat per l’Ue, la zona euro e gli altri Paesi europei5.   Rilevazione e calcolo degli indici dei prezzi dei prodotti stagionali Dai dati di gennaio 2011 viene adottata la metodologia di rilevazione e calcolo degli indici dei prezzi dei prodotti stagionali, conforme alle norme previste prima dal Regolamento (CE) n. 330/2009 del 22 aprile 2009 e poi dal Regolamento di Esecuzione (UE) n. 2020/1148 della Commissione del 31 luglio 2020 (che ha abrogato il Regolamento 330/2009), per i prodotti stagionali appartenenti ai gruppi e classi di prodotto Frutta, Vegetali, Abbigliamento e Calzature. La metodologia è adottata per i tre indici NIC, FOI e IPCA. Secondo il citato Regolamento si definisce prodotto stagionale un singolo prodotto acquistabile o acquistato in quantità significative solo durante una parte dell’anno secondo uno schema ricorrente.  Il Regolamento stabilisce, inoltre, che, in un dato mese, i prodotti stagionali siano considerati “in stagione” o “fuori stagione”. Sulla base di tale norma, ogni anno, l’Istat provvede alla definizione del calendario mensile valido per tutto l’anno, che stabilisce in un dato mese quando ogni specifico prodotto, appartenente alle suddette categorie o ai suddetti gruppi, deve essere considerato “in stagione” oppure “fuori stagione”. L’adozione di un calendario della stagionalità comporta che la rilevazione territoriale dei prezzi al consumo sia effettuata solo nei mesi in cui il prodotto in questione è definito “in stagione”, mentre i prezzi dei prodotti “fuori stagione” sono stimati sulla base di una metodologia coerente con le indicazioni contenute nel Regolamento europeo.  Stima delle osservazioni mancanti negli indici dei prezzi al consumo Le procedure di imputazione delle osservazioni mancanti adottate dall’Istat per la stima dell’inflazione sono coerenti con l’impianto metodologico indicato da Eurostat e condiviso con gli Stati membri dell’Unione europea6.  Questo impianto, che riguarda tutti e tre gli indici (NIC, FOI e IPCA), si basa su tre principi:  1. stabilità dei pesi degli aggregati di prodotto che compongono il paniere, 2. calcolo degli indici per tutti gli aggregati di prodotto e i diversi livelli di disaggregazione previsti dalla ECOICOP, 3. minimizzazione del numero di prezzi imputati7. Le regole di imputazione si applicano sia ai casi in cui non è possibile rilevare il prezzo di un prodotto, sia ai casi nei quali l’assenza del prezzo deriva dalla sua indisponibilità nel mercato, e comportano l’applicazione di procedure di ricostruzione del prezzo mancante della referenza, basate prevalentemente sulla variazione del prezzo rispetto al mese precedente.  L’individuazione della variazione congiunturale più idonea per la procedura di imputazione non è univocamente determinata, ma dipende da diversi fattori (tra i quali la quota di mancate rilevazioni per prodotto, la sua posizione nella struttura gerarchica, il suo grado di volatilità mensile e il carattere stagionale della dinamica dei prezzi).  Le regole di imputazione delle mancate rilevazioni dei prezzi applicate ai prodotti delle diverse categorie merceologiche, sono di seguito elencate: a. Per i prodotti grocery rilevati tramite scanner data, nell’ambito dell’approccio dinamico utilizzato per il calcolo degli indici e in accordo con le linee guida dell’Eurostat, i prezzi delle referenze (GTIN) temporaneamente assenti (per cause stagionali o accidentali) vengono imputati per un massimo di 14 mesi consecutivi.  5 La pubblicazione degli indici IPCA-AS è stata avviata a partire dai dati di febbraio 2013. La descrizione delle categorie merceologiche che definiscono i diversi aggregati speciali è disponibile sul sito web di Eurostat al seguente indirizzo:  http://ec.europa.eu/eurostat/ramon/nomenclatures/index.cfm?TargetUrl=LST_NOM_DTL&StrNom=HICP_2000&StrLanguageCode=EN&IntPcKey=&StrLayoutCode  Per la metodologia utilizzata per la sintesi degli indici, si consulti il Compendio dell’IPCA disponibile in formato pdf all’indirizzo:  http://ec.europa.eu/eurostat/documents/3859598/5926625/KS-RA-13-017-EN.PDF/59eb2c1c-da1f-472c-b191-3d0c76521f9b?version=1.0.  Le serie a partire da gennaio 2001 sono disponibili su IstatData, il data warehouse delle statistiche prodotte dall’Istituto, sotto il tema “Prezzi” e “Prezzi al consumo”.  6 Durante il periodo dell’emergenza sanitaria legata alla diffusione del Covid-19, l’insieme delle procedure per l’imputazione delle mancate rilevazioni è stato aggiornato, in cooperazione con gli altri Istituti nazionali di statistica dei paesi dell’Unione europea e sotto il coordinamento dell’Eurostat, per tenere conto delle criticità emerse relativamente alla raccolta dei dati nella fase di pandemia. 7 Il criterio della minimizzazione del numero di prezzi imputati implica che, nella selezione dei prodotti che compongono il paniere, si deve tenere conto della loro effettiva disponibilità all’acquisto da parte delle famiglie.  
 
| 15  
PREZZI  AL CONSUMO In particolare, qualora i prezzi mensili di alcune referenze di un determinato aggregato di prodotto risultino mancanti (come nel caso di assenza di vendite di un prodotto), essi vengono imputati per variazione, utilizzando il tasso di crescita su base mensile delle altre referenze, tenendo conto delle regole di aggregazione, per step successivi, adottate per la sintesi degli indici8.  Più in dettaglio, i prezzi mancanti vengono imputati all’interno di ciascun punto vendita stimando l’evoluzione dei prezzi dei GTIN effettivamente venduti nel mercato ECR cui il GTIN mancante appartiene. Per i GTIN che non trovano donatori all’interno del mercato ECR si considera lo strato cui appartiene il punto vendita e i prezzi mancanti vengono stimati seguendo l’evoluzione dei prezzi dello stesso mercato nello strato. Qualora non esistano donatori la procedura di stima sale di livello (provincia/aggregato di prodotto) fino ad imputare tutti i prezzi delle referenze mancanti. La metodologia implementata garantisce che la variazione degli aggregati di prodotto tenga conto delle sole informazioni effettivamente disponibili (l’imputazione è neutrale rispetto all’aggregazione). Le stesse regole di imputazione valgono nel caso in cui l’indisponibilità delle informazioni è dovuta alla chiusura del punto vendita. In tal caso vengono imputati i prezzi di tutte le corrispondenti referenze. b. Nel settore dell’abbigliamento e calzature e per i prodotti alimentari freschi, quali frutta e vegetali freschi, per i quali è prevista la rilevazione bimensile, nel caso in cui non siano disponibili i prezzi per entrambe le date di rilevazione, le mancate risposte sono imputate per variazione dei prezzi delle referenze che sono state rilevate per lo stesso prodotto nel capoluogo di provincia, oppure nella regione o a livello nazionale, applicando le consuete procedure per la stima dei prezzi dei prodotti stagionali. c. Per la stima dei prezzi dei prodotti alimentari freschi (per i quali è prevista la rilevazione mensile), dei prodotti ittici freschi (per i quali è prevista la rilevazione bimensile, nel caso in cui non siano disponibili i prezzi per entrambe le date di rilevazione), le mancate risposte sono imputate per variazione dei prezzi delle referenze rilevate per lo stesso prodotto nel capoluogo di provincia, oppure nella regione o a livello nazionale. d. Per i prodotti dei servizi ricettivi, quali camera d’albergo e bed and breakfast le mancate risposte sono imputate utilizzando la variazione congiunturale dei prezzi rilevati nelle strutture ricettive della provincia per la stessa categoria per gli alberghi, oppure nello stesso aggregato; se invece il numero di osservazioni disponibili nel mese di riferimento dei dati non lo consente, il dato mancante viene imputato utilizzando la variazione congiunturale osservata nella provincia nello stesso mese dell’anno precedente, al fine di preservare la dinamica stagionale dell’aggregato. e. Per i prezzi dei prodotti di arredamento e dei prodotti per la casa si applica il metodo del carry forward (ripetizione del prezzo del mese precedente), data la limitata variabilità temporale dei prezzi di questa categoria di prodotti. f. Analogamente il metodo del carry forward viene adottato per i prezzi dei servizi di ristorazione e dei servizi culturali e di intrattenimento. g. Per i prodotti rilevati centralmente dall’Istat ogni quotazione mancante viene stimata utilizzando la variazione congiunturale degli indici che appartengono allo stesso strato; qualora i prezzi di uno strato risultino completamente assenti, la procedura di stima è basata sulla variazione degli indici di strato superiori. h. Per i prodotti indisponibili alla fruizione da parte delle famiglie (come accaduto nei periodi di lockdown durante la pandemia causata dal Covid-19) e che presentano un chiaro profilo stagionale, viene utilizzata la variazione dell’indice generale calcolata al netto di questi stessi prodotti. Gli indici ai diversi livelli di aggregazione qualora abbiano una quota di imputazioni superiore al 50% (in termini di prezzi mancanti e/o di peso) sono segnalate, sulla base delle indicazioni di Eurostat, mediante l’utilizzo del flag “i” (dato imputato) sia nelle tabelle del Comunicato stampa, sia su Istat.Data e nelle altre pubblicazioni.  Per quanto riguarda gli indici diffusi su Rivaluta, in occasione del rilascio dei dati definitivi, quelli che presentano una quota di imputazioni superiore al 50% (in termini di prezzi mancanti e/o di peso) non sono resi disponibili.  
 8 La stessa procedura si applica al caso di stima dei prezzi outlier. 
 
| 16  
PREZZI  AL CONSUMO  Stima preliminare degli indici dei prezzi al consumo IPCA: accuratezza e metodologia di calcolo La diffusione degli indici dei prezzi al consumo avviene in due successivi istanti temporali secondo una diversa modalità di rilascio dei dati: prima come stima provvisoria, poi come stima definitiva. La diffusione della stima provvisoria degli indici IPCA (e degli indici NIC) avviene alla fine del mese di riferimento nel rispetto del calendario Eurostat di diffusione della stima anticipata dell’inflazione nell’area euro. Il rilascio dei dati definitivi avviene intorno alla metà del mese successivo a quello di riferimento.  La finalità della diffusione dei dati provvisori, sia dell’indice IPCA sia dall’indice NIC, è quella di fornire informazioni più tempestive sull’andamento dei prezzi al consumo, stimando nel modo più accurato possibile il dato definitivo dell’inflazione rilasciato circa due settimane dopo. In questo contesto, l’analisi delle revisioni delle stime provvisorie dei tassi tendenziali rappresenta un importante strumento per valutare il corretto bilanciamento tra le due dimensioni della qualità dei dati, tempestività e accuratezza. In linea con la politica di diffusione di Eurostat, che pubblica mensilmente una nota sull’accuratezza della stima anticipata dell’inflazione per l’area euro, questa sezione è dedicata all’analisi dell’accuratezza e alla metodologia utilizzata per il calcolo della stima preliminare dell’indice IPCA.  Accuratezza delle stime preliminari Nel Prospetto 2 sono confrontati i tassi di variazione tendenziale definitivi e provvisori dell’indice generale IPCA. A luglio 2026, tra la stima definitiva e quella provvisoria del tasso tendenziale dell’indice generale IPCA non vi è stata differenza. Nel prospetto sono riportati anche i tendenziali dei principali aggregati da cui si evince che, per lo stesso mese di riferimento, una differenza pari a +0,7 p.p. ha riguardato l’aggregato Energia e una -0,4 p.p. ha interessato i Prodotti alimentari compresi alcol e tabacco.  PROSPETTO 2. STIME PRELIMINARI E DEFINITIVE DEGLI INDICI DEI PREZZI AL CONSUMO IPCA E DEI PRINCIPALI AGGREGATI SPECIALI.  Gennaio 2026 – gennaio 2027, valori percentuali tendenziali (base 2025=100) Aggregati speciali   gen-26 feb-26 mar-26 apr-26 mag-26 giu-26 lug-26 ago-26 set-26 ott-26 nov-26 dic-26 gen-27 Prodotti alimentari compresi alcol e tabacco, di cui: P - +2,6 +2,6 +3,2 +2,8 +2,1 +1,8 - - - - - - D +2,2 +2,5 +2,7 +2,9 +2,5 +1,8 +1,4 - - - - -      Prodotti alimentari trasformati, compresi alcol e tabacco P - +2,0 +1,7 +1,6 +1,2 +0,9 +0,8 - - - - - - D +2,1 +1,8 +1,6 +1,2 +0,8 +0,5 +0,4 - - - - -      Prodotti alimentari non trasformati P - +3,6 +4,2 +6,2 +5,9 +4,6 +3,6 - - - - - - D +2,5 +3,7 +4,6 +6,0 +5,5 +4,4 +3,3 - - - - -  Energia P - -6,6 -2,3 +9,7 +12,0 +12,6 +11,0 - - - - - - D -6,2 -6,6 -2,1 +9,3 +12,0 +12,9 +11,7 - - - - -  Beni industriali non energetici P - +0,6 +0,2 +0,6 +0,5 +0,5 +0,7 - - - - - - D +0,5 +0,6 +0,1 +0,6 +0,6 +0,5 +0,6 - - - - -  Servizi P - +3,9 +2,9 +2,3 +2,7 +2,5 +2,5 - - - - - - D +2,7 +3,9 +2,9 +2,3 +2,7 +2,5 +2,5 - - - - -  Indice generale P +1,0 +1,6 +1,5 +2,9 +3,3 +3,1 +2,9 - - - - - - D +1,0 +1,5 +1,6 +2,8 +3,2 +3,0 +2,9 - - - - - - Indice generale al netto dell’energia e degli alimentari freschi (Componente di fondo) P - +2,7 +1,8 +1,6 +1,8 +1,6 +1,7 - - - - - - D +1,9- +2,6 +1,8 +1,6 +1,8 +1,5 +1,6 - - - - -  Indice generale energia esclusa P - +2,7 +2,0 +2,0 +2,1 +1,9 +1,7 - - - - - - D +1,9 +2,7 +2,0 +2,0 +2,1 +1,8 +1,7 - - - - -       
 
| 17  
PREZZI  AL CONSUMO  Calcolo delle variazioni degli indici  Il calcolo delle variazioni congiunturali e tendenziali degli indici dei prezzi al consumo si effettua, sulle serie pubblicate, secondo le regole seguenti: • la variazione percentuale tra indici mensili, espressi nella stessa base di riferimento, è pari al rapporto degli indici messi a confronto, per 100, meno 100. Il risultato finale è arrotondato a 1 decimale (per esempio per calcolare la variazione percentuale dell’indice generale NIC tra febbraio e marzo 2022, l’indice di marzo 2022 (base 2015=100) è pari a 110,4, quello di febbraio è 109,3, quindi il calcolo è 110,4/109,3*100-100=+1,0%);  • la variazione percentuale tra indici medi annui, espressi nella medesima base di riferimento è pari al rapporto degli indici degli anni posti a confronto, per 100, meno 100; il risultato finale è arrotondato a 1 decimale (per esempio per calcolare la variazione percentuale dell’indice generale NIC tra gli anni 2022 e 2020, l’indice medio annuo del 2022, con base 2015=100, è 113,2, quello del 2020, con base 2015=100, è 102,7, quindi il calcolo è 113,2/102,7*100-100=+10,2%). Fa eccezione l’indice armonizzato (IPCA), per il quale la variazione percentuale media annua viene calcolata a partire dagli indici mensili; per esempio, per calcolare la variazione percentuale dell’indice generale IPCA tra gli anni 2022 e 2020, il calcolo è (107,8+108,7+111,3+111,7+112,7+114,1+112,8+113,8+115,6+120,0+120,8+121,1)/(101,9+ 101,4+103,6+104,1+103,8+103,8+103,1+101,8+102,7+103,3+103,3+103,5)*100-100=+10,8% • la variazione percentuale tra indici mensili o medi annui NIC (o alternativamente FOI), con diversa base di riferimento (per intervalli di tempo all’interno dei quali si registra uno o più cambiamenti di base) è pari al rapporto degli indici messi a confronto, moltiplicato per i coefficienti di raccordo tra basi contigue (tanti quanti sono i cambiamenti di base nell’intervallo considerato), per 100, meno 100. Il risultato finale è arrotondato a 1 decimale; per esempio, per calcolare variazione percentuale dell’indice generale NIC tra gli anni 2022 e 2008, l’indice medio annuo del 2022, con base 2015=100, è 113,2, quello del 2008, in base 1995=100, è 136,0; il coefficiente di raccordo da base 1995 a base 2010 è pari a 1,398; quello da base 2010 a base 2015 è pari a 1,075; il calcolo, quindi, è 113,2/136,0*1,398*1,075*100-100= +22,4%.   La diffusione: tempestività e banche dati La diffusione degli indici dei prezzi al consumo da parte dell’Istat avviene in due momenti temporali successivi secondo una diversa modalità di rilascio dei dati: stima provvisoria e stima definitiva. La diffusione della stima provvisoria degli indici NIC (generale, per divisione di spesa, per tipologia di prodotto e per frequenza d’acquisto) e dell’indice IPCA (generale, per divisione di spesa e per aggregati speciali) avviene alla fine del mese di riferimento, mentre la diffusione dei dati definitivi dei tre indici NIC, IPCA e FOI avviene non oltre la metà del mese successivo a quello di riferimento. I tempi di pubblicazione sono stabiliti da un calendario https://www.istat.it/it/informazioni-e-servizi/per-i-giornalisti/appuntamenti/calendario-diffusioni-ed-eventi concordato con Eurostat, nel mese di dicembre di ogni anno, per l’anno successivo e secondo gli standard di diffusione (SDDS – Special Data Dissemination Standard) definiti dal Fondo Monetario Internazionale. Con la pubblicazione dei dati di gennaio 2019, la diffusione diretta degli indici comunali dei prezzi al consumo è effettuata dai comuni autorizzati in concomitanza con l’uscita degli indici definitivi da parte dell’Istat.  Gli indici, sia per la stima preliminare sia per quella definitiva, sono diffusi attraverso il comunicato stampa “Prezzi al consumo” disponibile sul sito web dell’Istituto all’indirizzo https://www.istat.it/it/archivio/prezzi+al+consumo. Le serie degli indici aggiornate sono pubblicate, in concomitanza con la diffusione del comunicato stampa, sul data warehouse IstatData (https://esploradati.istat.it/) all’interno del tema Prezzi - Prezzi al consumo. Unitamente agli indici mensili sono diffuse le variazioni percentuali congiunturali e tendenziali, gli indici medi annui, le variazioni medie annue e i pesi calcolati annualmente. Gli indici ai diversi livelli di aggregazione e per i diversi livelli territoriali di riferimento che hanno avuto una quota di imputazioni superiore al 50% (in termini di prezzi mancanti e/o di peso) sono individuabili con il flag “i” (dato imputato). Informazioni sugli indici dei prezzi al consumo sono disponibili sulla banca dati Congiuntura.Stat, che raccoglie e sistematizza le statistiche congiunturali prodotte dall’Istat e si propone quale strumento di approfondimento per policy maker, operatori sociali, studiosi e cittadini. Informazioni sulle serie storiche di tutti e tre gli indici, a partire dal 1861 e fino al 2015, sono disponibili sul sito dell’Istat all’indirizzo http://seriestoriche.istat.it/.  
 
| 18  
PREZZI  AL CONSUMO  Dati riepilogativi e approfondimenti sui prezzi al consumo e sul paniere dei beni e servizi sono, inoltre, contenuti in alcuni prodotti editoriali diffusi dall’Istat a cadenza annuale, quali l’Annuario statistico, il Rapporto annuale e la pubblicazione Noi Italia. In adempimento al Regolamento europeo n. 2016/792, del Parlamento europeo e del Consiglio relativo agli indici dei prezzi al consumo armonizzati e all'indice dei prezzi delle abitazioni, e recante abrogazione del regolamento (CE) n. 2494/95 del Consiglio, così come modificato dal Reg.(UE) 2024/3159 della Commissione per quanto riguarda la classificazione dei consumi e l’inclusione di giochi, lotterie e scommesse, i dati dell’indagine sui prezzi al consumo sono trasmessi due volte al mese a Eurostat. I principali indicatori, archiviati nel database di Eurostat, sono consultabili all’indirizzo http://ec.europa.eu/eurostat/data/database (Tema “Economy and finance”, argomento “Prices”).     Per chiarimenti tecnici e metodologici  Manuela Morricone tel. +39 06 4673 2181 manuela.morricone@istat.it Alessandro Brunetti tel. +39 06 4673 2545 alessandro.brunetti@istat.it   
 
| 19  
          LA STATISTICA UFFICIALE  ASCOLTA I SUOI UTENTI In occasione del Centenario dalla sua fondazione, l’Istat promuove una consultazione pubblica per raccogliere contributi, osservazioni e proposte sui bisogni informativi non ancora pienamente soddisfatti dalla statistica ufficiale. Al centro della consultazione non vi sono le modalità di comunicazione o diffusione dei dati, ma la produzione statistica. L’iniziativa intende rafforzare la qualità, la rilevanza e l’utilizzabilità della produzione statistica, favorendo al tempo stesso trasparenza e partecipazione. La consultazione è aperta a istituzioni, comunità scientifica, operatori dell’informazione, imprese, associazioni e cittadini.      PARTECIPA  ADESSO 
"
Prezzi al consumo (dati provvisori) – Luglio 2026,PRECONPROLUG2026,58ad50152255e17f721af3de8710f32291300deeccf656bcd048a0ceb6a2250e,https://www.istat.it/comunicato-stampa/prezzi-al-consumo-dati-provvisori-luglio-2026/,https://www.istat.it/wp-content/uploads/2026/07/CS_Prezzi-al-consumo_Prov_Luglio2026.pdf,"33 
 
UFFICIO STAMPA  
tel. +39 06 4673.2243/44  
ufficiostampa@istat.it  CONTACT CENTRE  
contact.istat.it  
 
 31 LUGLIO  2026  
 
 
 
Luglio  2026  
Prezzi al consumo  
Dati provvisori  
 
◼ Secondo le stime preliminari, nel mese di luglio  2026 l’indice nazionale dei prezzi al consumo per l’intera 
collettività (NIC), al lordo dei tabacchi, registra  una varia zione  pari a +0,2% su base mensile  e a +2,8% su 
base annua (da + 3,0% del mese precedente ). 
◼ Il lieve rallentamento dell’inflazione  riflette la dinamica dei prezzi  degli Alimentari non lavorati (da + 4,4% a 
+3,8%), degli Energetici non regolamentati (da +13,3% a +10,6%) e dei Servizi vari (da +2,5% a +1,8%);  in 
accelerazione sono , invece , i prezzi degli Alimentari lavorati (da -0,2% a +0,2%), degli Energetici 
regolamentati (da + 9,2% a + 14,9%) e dei Servizi relativi ai trasporti (da + 1,1% a + 1,6%). 
◼ Nel mese di luglio  l’“inflazione di fondo”, al netto degli energeti ci e degli ali mentari freschi , resta stabile a 
+1,6%, mentre  quella al netto dei soli beni energetici  rallenta da +1,9% a  +1,8%.  
◼ I prezzi dei beni decelerano (da +3,3% a +3, 1%), mentre  la dinamica di quelli dei servizi resta stabile  
(+2,6%). Il differenziale tra il comparto dei servizi e quello dei beni  passa da -0,7 a -0,5 punti percentuali.  
◼ Il tasso di variazione tendenziale dei prezzi dei Beni alimentari, per la cura della casa e della persona si 
mantiene a +1,3% , mentre quello  dei prodotti ad alta frequenza d’acquisto  si riduce (da + 3,9% a + 3,6%). 
◼ La variazione  congiunturale dell’indice general e riflette l’aumento dei prezzi degli Energetici regolamentati 
(+6,6%), dei Servizi relativi ai trasporti (+1,4%), degli Alimentari lavorati (+0,7%) e dei Servizi ricreativi, 
culturali e per la cura della persona (+0,5%); tali effetti sono solo parzialment e compensati dalla diminuzione 
degli Alimentari non lavorati ( -1,1%) e degli Energetici non regolamentati  (-0,3%)1. 
◼ L’inflazione acquisit a per il 2026  è pari a + 2,7% per l’indice generale e  a +1,8% per la componente di fondo . 
◼ In base alle stime preliminari, l’indice armonizzato dei prezzi al consumo (IPCA) registra una variazione pari 
a -1,0% su base mensile , a causa dei saldi estivi di cui il NIC non tiene conto,  e a +2,9% su base annua  (da 
+3,0% del  mese precedente ). 
 
                      Il commento  
 
A luglio  2026 l’inflazione cala al +2,8% (dal +3,0% di giugno ), per effetto 
soprattutto della dinamica dei prezzi degli Alimentari non lavorati e degli 
Energetici non regolamentati . Di contro, un sostegno all’inflazione è 
esercitato dai prezzi  degli Alimenta ri lavorati e degli Energetici 
regolamentati . I prezzi dei beni che compongono il “carrello della 
spesa”  sono stabili su base annua (a +1, 3%), così come l’inflazione di 
fondo (a +1,6%). L’inflazione acquisita a luglio , per il 2026, sale a 
+2,7%. PROSSIMA  
DIFFUSIONE  
12 agosto  2026 
Link utili  
https: //esploradati.istat.it/  
http://www.istat.it/it/congiuntura  
http://rivaluta.istat.it/Rivaluta/  
L’approfondimento  
pagina 7  
 
 
1 Si ricorda che per i carburanti l’indice rappresenta la variazione della media mensile dei prezzi rilevati tramite la banca d ati dell’Osservatorio Carburanti del Mimit. Pertanto, il 
dato di Luglio incorpora le dinamiche dei prezzi osservate nel corso del m ese, che hanno mostrato una decelerazione nella prima parte e un’accelerazione nella seconda, in 
concomitanza con la ripresa del conflitto tra Stati Uniti e Iran.  

 
| 2 
 
PREZZI  
AL CONSUMO  
 
FIGURA 1 . INDICE DEI PREZZI AL CONSUMO NIC  
Gennaio 202 1 – luglio  2026 , variazioni percentuali congiunturali e tendenziali  (base 20 25=100)   
 
 
 
PROSPETTO 1 . INDICI DEI PREZZI AL CONSUMO NIC E IPCA  
Luglio  2025 – luglio  2026, indici e variazioni percentuali congiunturali e tendenziali (base 20 25=10 0) 
PERIODO  Indice nazionale per l’intera collettività NIC  Indice armonizzato IPCA  
Indici  Variazioni 
congiunturali  Variazioni 
tendenziali  Indici  Variazioni 
congiunturali  Variazioni 
tendenziali  
2025 Base 20 15=100 * Base 20 25=100  
Luglio  123,2  +0,4 +1,7 99,7 -0,9 1,7 
Agosto  123,3  +0,1 +1,6 99,5 -0,2 1,6 
Settembre  123,1  -0,2 +1,6 100,7  1,2 1,7 
Ottobre  122,7  -0,3 +1,2 100,6  -0,1 1,3 
Novembre  122,5  -0,2 +1,1 100,3  -0,3 1,1 
Dicembre  122,6  +0,2 +1,2 100,5  0,2 1,2 
2026 Base 20 25=100  Base 20 25=100  
Gennaio  100,4  +0,4 +1,0 99,5 -1,0 +1,0 
Febbraio  101,1 +0,7 +1,5 100,0 +0,5 +1,5 
Marzo  101,6  +0,5 +1,7 101,7 +1,7 +1,6 
Aprile  102,7 +1,1 +2,7 103,3 +1,6 +2,8 
Maggio  103,1  +0,4 +3,2 103,6  +0,3 +3,2 
Giugno  103,1  0,0 +3,0 103,6 +0,0 +3,0 
Luglio (provvisorio)  103,3  +0,2 +2,8 102,6  -1,0 +2,9 
*Il coefficiente di raccordo da base 2015=100 a base 2025=100  per indice NIC pari a 1,226  
 
 
 
 
 
 

 
| 3 
 
PREZZI  
AL CONSUMO  
 
Indice nazionale dei prezzi al consumo per l’intera collettività (NIC)  
LE DIVISIONI DI SPESA  
 
PROSPETTO 2 . INDICI DEI PREZZI AL CONSUMO NIC PER DIVISIONE  DI SPESA  
Luglio  2026, pesi e v ariazioni percentuali congiunturali e tendenziali (base 20 25=100)  
DIVISIONI DI SPESA  Pesi Variazioni congiunturali * Variazioni tendenziali  Inflazione 
acquisita  a 
luglio  lug-26 
giu-26 lug-25 
giu-25 lug-26 
lug-25 giu-26 
giu-25 
Prodotti alimentari e bevande analcoliche  172.256  -0,1 0,0 +1,7 +1,8 +2,0 
Bevande alcoliche , tabac co e droghe  29.104  +0,2 -0,1 +2,5 +2,3 +2,5 
Abbigliamento e calzature  60.192  -0,1 0,0 +0,8 +0,9 +0,7 
Abitazione, acqua, elettricità , gas e altri  combustibili  120.000  +0,5 +1,1 +6,5 +7,2 +4,8 
Arredamenti, apparecchi per uso domestico e 
manutenzione corrente dell’abitazione  67.696  +0,1 -0,1 +1,7 +1,5 +1,7 
Sanità  81.502  +0,1 0,0 +1,3 +1,2 +1,1 
Trasporti  154.540  +0,5 +1,0 +4,2 +4,7 +3,6 
Informazione e c omunicazion e 28.613  +0,7 -0,7 +0,2 -1,2 -0,9 
Ricreazione, sport  e cultura  58.992  +1,0 +1,3 +0,9 +1,2 +1,4 
Servizi di i struzione  9.678  0,0 0,0 +1,6 +1,6 +1,2 
Servizi di ristoranti e servizi di alloggio  121.827  +0,3 -0,1 +3,3 +2,9 +3,8 
Servizi finanziari e assicurativi  26.667  0,0 +2,4 +1,9 +4,3 +2,9 
Assistenza alla persona, protezione sociale e beni e 
servizi vari  68.933  0,0 +0,1 +3,2 +3,3 +3,1 
Indice generale  1.000.000  +0,2 +0,4 +2,8 +3,0 +2,7 
*Le variazioni percentuali congiunturali dell’anno precedente si riferiscono alle serie ricostruite secondo la ECOICOPv2.  
 
 
FIGURA 2. INDICI DEI PREZZI AL CONSUMO NIC PER DIVISIONE DI SPESA  
Luglio  2026, variazioni percentuali tendenziali (base 20 25=100)  
 
 
  

 
| 4 
 
PREZZI  
AL CONSUMO  
 
LE TIPOLOGIE DI PRODOTTO  
 
PROSPETTO 3 . INDICI  DEI PREZZI AL CONSUMO NIC PER TIPOLOGIA DI PRODOTTO  
Luglio  2026, pesi e variazioni  percentuali congiunturali e tendenziali (base 20 25=100)  
TIPOLOGIE DI PRODOTTO  Pesi Variazioni congiunturali * Variazioni tendenziali  Inflazione 
acquisita  a 
luglio  lug-26 
giu-26 lug-25 
giu-25 lug-26 
lug-25 giu-26 
giu-25 
Beni alimentari, di cui:  181.055  0,0 +0,1 +1,5 +1,6 +1,8 
Alimentari lavorati  111.222  +0,7 +0,3 +0,2 -0,2 +0,5 
Alimentari non lavorati  69.833  -1,1 -0,6 +3,8 +4,4 +3,9 
Beni energetici, di cui:  105.124  +0,2 +2,1 +10,8  +13,0  +7,8 
Energetici regolamentati  6.982  +6,6 +1,3 +14,9  +9,2 +8,7 
Energetici non regolamentati  98.142  -0,3 +2,2 +10,6  +13,3  +7,8 
Tabacchi  20.305  0,0 0,0 +4,1 +4,1 +4,0 
Altri beni, di cui:  251.172  +0,1 -0,1 +0,7 +0,5 +0,5 
Beni durevoli  91.549  0,0 -0,2 +0,6 +0,4 +0,4 
Beni non durevoli  61.497  +0,1 0,0 0,0 -0,1 +0,1 
Beni semidurevoli  98.126  +0,2 0,0 +1,2 +1,0 +1,0 
Beni  557.656  +0,1 +0,3 +3,1 +3,3 +2,5 
Servizi relativi all'abitazione  69.410  +0,2 +0,1 +4,4 +4,3 +4,1 
Servizi relativi alle comunicazioni  13.964  0,0 -0,1 -0,4 -0,5 -0,3 
Servizi ricreativi, culturali e per la cura della persona  173.454  +0,5 +0,3 +2,9 +2,7 +3,4 
Servizi relativi ai trasporti  71.442  +1,4 +0,9 +1,6 +1,1 +1,8 
Servizi vari  114.074  0,0 +0,6 +1,8 +2,5 +1,9 
Servizi  442.344  +0,4 +0,4 +2,6 +2,6 +2,8 
Indice generale  1.000.000 +0,2 +0,4 +2,8 +3,0 +2,7 
Indice generale al netto degli energetici e alimentari freschi 
(Componente di fondo)  825.043  +0,3 +0,3 +1,6 +1,6 +1,8 
Indice generale al netto dell’energia, degli alimentari (incluse 
bevande alcoliche) e tabacchi  693.516  +0,3 +0,3 +1,8 +1,8 +2,0 
Indice generale al netto degli energetici  894.876  +0,2 +0,3 +1,8 +1,9 +2,0 
Indice dei beni alimentari, per la cura della casa e della persona  204.361  0,0 0,0 +1,3 +1,3 +1,5 
*Le variazioni percentuali congiunturali dell’anno precedente si riferiscono alle serie ricostruite secondo la ECOICOPv2.  
 
FIGURA 3. INDICI DEI PREZZI AL CONSUMO NIC PER TIPOLOGIA DI PRODOTTO  
Gennaio  2021 – luglio  2026, variazioni percentuali tendenziali  
 
*Dati fino a dicembre 2025 ricostruiti secondo la classificazione Ecoicopv2 . 

 
| 5 
 
PREZZI  
AL CONSUMO  
I PRODOTTI PER FREQUENZA DI ACQUISTO  
 
PROSPETTO 4.  INDICI DEI PREZZI AL CONSUMO NIC PER PRODOTTI A DIVERSA FREQUENZA DI ACQUISTO  
Luglio  2026 , pesi e variazioni percentuali congiunturali e tendenziali  (base 20 25=100)  
TIPOLOGIE DI PRODOTTO  Pesi Variazioni congiunturali  Variazioni tendenziali  Inflazione 
acquisita  a 
luglio  lug-26 
giu-26 lug-25 
giu-25 lug-26 
lug-25 giu-26 
giu-25 
Alta frequenza  409.790  +0,1 +0,3 +3,6 +3,9 +3,3 
Media frequenza  399.634  +0,5 +0,6 +2,8 +3,0 +2,7 
Bassa frequenza  190.576  +0,1 -0,1 +1,4 +1,2 +1,0 
Indice generale  1.000.000 +0,2 +0,4 +2,8 +3,0 +2,7 
 
 
Indice armonizzato dei prezzi al consumo (IPCA)  
LE DIVISIONI DI SPESA  
 
PROSPETTO 5. INDICI  DEI PREZZI AL CONSUMO IPCA PER DIVISIONE DI SPESA  
Luglio  2026 , pesi e variazioni percentuali congiunturali e tendenziali (base 20 25=100)  
DIVISIONI DI SPESA  Pesi Variazioni congiunturali  Variazioni tendenziali  Inflazione 
acquisita  a 
luglio  lug-26 
giu-26 lug-25 
giu-25 lug-26 
lug-25 giu-26 
giu-25 
Prodotti alimentari e bevande analcoliche  179.043  0,0 +0,1 +1,7 +1,8 +2,0 
Bevande alcoliche , tabac co e droghe  30.265  +0,3 0,0 +2,5 +2,2 +2,5 
Abbigliamento e calzature  67.505  -17,8 -18,2 +1,2 +0,8 -4,9 
Abitazione, acqua, elettricità , gas e altri  combustibili  124.803  +0,4 +1,1 +6,5 +7,3 +4,8 
Arredamenti, apparecchi per uso domestico e 
manutenzione corrente dell’abitazione  70.640  -0,6 -0,5 +0,8 +0,9 +0,8 
Sanità  39.870  +0,1 +0,3 +1,2 +1,4 +1,4 
Trasporti  160.350  +0,5 +0,9 +4,3 +4,7 +3,7 
Informazione e c omunicazion e 29.758  +0,7 -0,7 +0,2 -1,2 -1,0 
Ricreazione, sport  e cultura  61.241  +0,7 +1,7 +0,3 +1,3 +1,4 
Servizi di i struzione  10.067  0,0 0,0 +1,5 +1,5 +1,1 
Servizi di ristoranti e servizi di alloggio  126.720  +0,3 -0,2 +3,3 +2,8 +3,9 
Servizi finanziari e assicurativi  27.733  0,0 +2,3 +2,0 +4,4 +2,9 
Assistenza alla persona, protezione sociale e beni e 
servizi vari  72.005  -0,9 -0,6 +2,9 +3,2 +2,7 
Indice generale  1.000.000  -1,0 -0,9 +2,9 +3,0 +2,3 
 
 
  
 
| 6 
 
PREZZI  
AL CONSUMO  
GLI AGGREGATI SPECIALI  
 
PROSPETTO 6. INDICI DEI PREZZI AL CONSUMO IPCA PER AGGREGATI SPECIALI  (*) 
Luglio  2026 , pesi e variazioni percentuali congiunturali e tendenziali (base 20 25=100)  
AGGREGATI SPECIALI  Pesi Variazioni congiunturali  Variazioni tendenziali  Inflazione  
acquisita  a 
luglio  lug-26 
giu-26 lug-25 
giu-25 lug-26 
lug-25 giu-26 
giu-25 
Prodotti  alimentari compresi alcol  e tabacc o, di cui:  209.308  0,0 0,0 +1,8 +1,8 +2,1 
Prodotti a limentari trasformati, compresi alcol e tabacco  136.762  +0,6 +0,3 +0,8 +0,5 +1,1 
Prodotti a limentari non trasformati  72.546  -1,1 -0,3 +3,6 +4,4 +3,9 
Energia  109.332  +0,3 +2,1 +11,0  +12,9  +7,9 
Beni industriali non energetici  259.733  -5,0 -5,2 +0,7 +0,5 -1,0 
Servizi  421.627  +0,5 +0,5 +2,5 +2,5 +2,8 
Indice generale  1.000.000  -1,0 -0,9 +2,9 +3,0 +2,3 
Indice generale esclusi energia e prodotti alimentari non 
trasformati (Componente di fondo)  818.122  -1,2 -1,4 +1,7 +1,5 +1,3 
Indice generale esclusa energia  890.668  -1,3 -1,2 +1,7 +1,8 +1,5 
 
 
 
 
 
 
| 7 
 
PREZZI  
AL CONSUMO  
 
A LUGLIO  L’INFLAZIONE  CALA  
Secondo  le stime preliminari, l’inflazione  a luglio  2026 scende  a +2,8% (da +3, 0% di giugno ). Nel comparto dei 
beni il tasso di variazione tendenziale diminuisce  (da +3,3% a +3,1%; +0,1% su giugno ), mentre in quello dei 
servizi resta stabile  (+2,6%; +0,4% su giugno ). Il differenziale inflazionistico tra il comparto dei servizi e quello 
dei beni  si riduce  rispetto al mese precedente ( da -0,7 a -0,5 punti  percentuali ). 
Il settore alimentare registra una complessiva lieve decelerazione dei prezzi su base annua (d a +1,6% a +1, 5%; 
nullo il congiunturale ), che riflette , da un lato, l’accelerazione dei prezzi degli Alimentari lavorati, la cui variazione 
tendenziale si riporta su valori positivi (da -0,2% a +0,2%; +0,7% su giugno), dall’altro, il rallentamento di quelli 
degli Alimentari non lavorati (da +4,4% a +3,8%; -1,1% su giugno), con particolare riferimento ai prezzi di Frutta 
e frutta a guscio  (da + 1,4% a -0,7%; -4,8% su giugno ) e di Ortaggi, tuberi, banane plantano, banane da cucina 
e legumi (da +3,6% a + 3,2%; -0,9% su giugno ). 
Anche nel comparto energetico, i  prezzi evidenziano nel complesso un rallentamento  (da +1 3,0% a +1 0,8%; 
+0,2% su giugno ), sintesi di andamenti contrapposti delle due  componenti  dell’aggregato.  In dettaglio , il tasso 
di variazione tendenziale dei prezzi degli Energetici regolamentati sale a +14,9% (da + 9,2%; +6,6% su giugno ), 
per effetto dell’andamento  dei prezzi del Gas di città e gas naturale mercato tutelato, (da +11,2% a +22,1%; 
+8,8% su giugno) e di quelli dell’Elettricità mercato tutelato  (da +7,1% a +9,7% ; +4,5% su giugno) . D’altro canto, 
i prezzi degli E nergetici non regolamentati evidenziano una decelerazione (da +1 3,3% a +1 0,6%; -0,3% su 
giugno ), frenati  da quelli del Gasolio per riscaldamento (da +26,6% a +18,1%; -3,7% su giugno), dell’Elettricità 
mercato libero (da + 14,0% a +1 0,4%; +0, 8% su giugno ) e del Gas di città e gas naturale mercato libero (da 
+9,9% a +7,4%; -1,1% su giugno). Rallenta anche la dinamica tendenziale dei prezzi dei carburanti, in sensibile 
calo n ella prima parte  del mese e in rapido rialzo  nella seconda. In particolare, si attenua la crescita dei prezzi 
del Gasolio per mezzi di trasporto (da +21,6% a +18,8%; +0,7% su giugno ), della Benzina (da +10, 3% a + 8,0%; 
-0,8% su giugno ) e di Altri carburanti per mezzi personali di trasporto (da +8,4% a +5,9%; -3,0% su giugno).  
Nel comparto dei servizi , a rallentare  sono i prezzi dei Servizi vari (da +2,5% a + 1,8%; nullo il congiunturale ), 
soprattutto per effetto della dinamica di quelli degli Oneri espliciti imposti dagli istituti di deposito (da + 4,8% a 
+0,8%; nullo il congiunturale ). In accelerazione, invece, i prezzi d ei Servizi relativi ai trasporti (da +1,1% a 
+1,6%; +1,4% su giugno ), trainati dalla risalita  dei prezzi  del Trasporto aereo di passeggeri ( da -10,3% a -5,6%; 
+10,1% su giugno ). 
L’impatto dell’evoluzione dei prezzi delle diverse tipologie di prodotto sul tasso di inflazione di luglio  è misurato  
dai contributi alla variazione tendenziale dell’indice generale dei prezzi al consumo  (Figura 4 ). 
 
FIGURA 4 . INDICE DEI PREZZI AL CONSUMO NIC, CONTRIBUTI ALLA VARIAZIONE PERCENTUALE TENDENZIALE PER 
TIPOLOGIA DI PRODOTTO . Luglio  2026, punti percentuali  
 
 

 
| 8 
 
PREZZI  
AL CONSUMO  
 
Altri beni : comprendono i beni di consumo ad esclusione dei beni alimentari, dei beni energetici e dei tabacchi.  
Altri beni regolamentati : comprendono l’acqua potabile e i medicinali.  
Beni alimentari : comprendono oltre ai generi alimentari (come, ad esempio, il pane, la carne, i formaggi), le bevande  
analcoliche e quelle alcoliche.  
Si definiscono lavorati  i beni alimentari destinati al consumo finale che sono il risultato di un processo di 
trasformazione industriale (come , ad esempio , i succhi di frutta, gli insaccati, i prodotti surgelati). Si dicono non 
lavorati  i beni alimentari non trasformati (come la carne fresca, il pesce fresco, la frutta e la verdura fresca).  
Beni alimentari, per la cura della casa e della persona  (cosiddetto ""carrello della spesa"" ): includono, oltre ai 
beni alimentari, i beni per la pulizia e la manutenzione ordinaria della casa e i beni per l’igiene personale e pr odotti 
di bellezza.  
Beni durevoli : includono  i beni di trasporto, gli articoli di arredamento, gli elettrodomestici, le attrezzature sanitarie 
e gli apparecchi terapeutici, gli apparecchi telefonici, gli apparecchi per la ricreazione, i prodotti della gioielleria e 
orologeria.  
Beni non durevoli : comprendono i detergenti per la pulizia della casa, i prodotti per la c ura della persona, i 
medicinali, i prodotti per la riparazione e manutenzione della casa, i prodotti per il giardinaggio, i giornali e periodici, 
gli articoli di cancelleria.  
Beni semidurevoli : comprendono i capi di abbigliamento, le calzature,  gli articoli tessili per la casa, la cristalleria, 
stoviglie e utensili domestici, i pezzi di ricambio e gli accessori per i mezzi di trasporto, gli accessori per gli apparecch i 
per la ricreazione, i giochi e i prodotti per gli hobby, i prodotti relativi agli effetti personali,  i libri.   
Beni energetici regolamentati : includono le tariffe per l’energia elettrica mercato tutelato e il gas di rete per uso 
domestico mercato tutelato.  
Beni energetici non regolamentati : comprendono i carburanti per gli autoveicoli, i lubrificanti, la ricarica elettrica 
per auto, i combustibili per uso domestico non regolamentati, il gas di rete per uso domestico mercato libero, l’energia 
elettrica mercato libe ro. 
Beni regolamentati : includono i beni energetici regolamentati e gli altri beni regolamentati.  
COICOP : classificazione dei consumi individuali secondo l’utilizzo finale . 
Componente di fondo : viene calcolata escludendo i beni alimentari non lavorati e i beni energetici.  
Contributo alla variazione tendenziale dell’indice generale : permette di valutare l’incidenza delle variazioni di 
prezzo delle singole componenti sull’aumento o sulla diminuzione dell’indice aggregato. A tal fine, il tasso di 
variazione tendenziale dell’indice generale viene scomposto nella somma degli effetti attribuibili a ciascuna de lle 
variazioni delle sue componenti. Poiché si tratta di un indice concatenato, il contributo della componente i -esima alla 
variazione dell’indice generale è funzione della dinamica di prezzo di tale componente e della modifica del suo peso 
relativo nei du e anni a confronto. I contributi alla variazione tendenziale dell’indice generale sono calcolati a partire 
dagli indici elementari di prezzo dei prodotti del paniere di riferimento. Per effetto degli arrotondamenti, la loro somma 
può differire dalla variaz ione dell’indice generale.  
ECOICOP : classificazione europea dei consumi individuali secondo l’utilizzo finale , che prevede un livello di dettaglio 
(le sottoclassi) maggiore rispetto alla COICOP.  
FOI: indice nazionale dei prezzi al consumo per le famiglie di operai e impiegati.  
Inflazione : misura le variazioni nel tempo dei prezzi di un insieme di prodotti (paniere) rappresentativo di tutti i beni 
e servizi destinati al consumo finale delle famiglie, acquistabili sul mercato attraverso transazioni monetarie.  
Inflazione acquisita : rappresenta la variazione media dell’indice nell’anno indicato, che si avrebbe ipotizzando che 
l’indice stesso rimanga al medesimo livello dell’ultimo dato mensile disponibile nella restante parte dell’anno.  
Inflazione “ereditat a” nell’anno t dall’anno t -1: variazione percentuale misurata tra il mese di dicembre dell’anno 
t-1 e la media dell’anno t -1. In altre parole, se nel corso dell’anno t non si verificassero variazioni congiunturali 
dell’indice generale dei prezzi, la sua variazione media annua risulterebbe pari all’inflazione ereditata.  
Inflazione “propria ” dell’anno t : variazione percentuale misurata tra la media dell’anno t e il dicembre dell’anno t -
1. Essa rappresenta la variazione dell’indice generale dovuta alle variazioni di prezzo verificatesi nel corso dell’anno 
t. 
 
 
| 9 
 
PREZZI  
AL CONSUMO  
 
IPCA : indice armonizzato dei prezzi al consumo per i Paesi dell’Unione europea.  
IPCA -AS: indici armonizzati dei prezzi al consumo per aggregati speciali  sono indicatori costruiti secondo uno 
schema classificatorio diverso  dalla ECOICOP -IPCA e da quello utilizzato per gli indici NIC per tipologia di prodotto. 
La struttura  di classificazione e le procedure  di calcolo sono comuni a quell e utilizzat e da Eurostat  e ne condividono 
le innovazioni di carattere metodologico . In particolare, dalla diffusione degli indici definitivi di gennaio 2019 cambia 
il metodo di calcolo degli aggregati speciali dell’IPCA che sono ottenuti aggregando gli indici delle sottoclassi d ella 
ECOICOP (in precedenza, per il computo di questi indicatori erano utilizzati gli indici delle classi).  Per una migliore 
fruibilità dei nuovi indicatori, le serie degli aggregati speciali, secondo il nuovo schema, sono state ricostruite per il 
periodo gennaio 2017 - dicembre 2018 e sostituiscono, per l’intervallo temporale in questione, quelle 
precedentement e diffuse, basate sulla vecchia metodologia di calcolo .  
IPCA -TC: indice armonizzato dei prezzi al consumo a tassazione costante per i Paesi dell’Unione europea.  Viene 
calcolato escludendo l’impatto (teorico) delle variazioni delle imposte indirette sui prezzi al consumo . 
NIC: indice nazionale dei prezzi al consumo per l’intera collettività.  
Prodotti ad alta frequenza di acquisto : includono, oltre ai generi alimentari, le bevande alcoliche e analcoliche, i 
tabacchi, le spese per l’affitto, i beni non durevoli per la casa, i servizi per la pulizia e manutenzione della casa, i 
carburanti, i trasporti urbani, i giornali e i periodici, i servizi d i ristorazione, le spese di assistenza.  
Prodotti a media frequenza  di acquisto : comprendono, tra gli altri,  le spese di abbigliamento, le tariffe elettriche e 
quelle relative all’acqua potabile e lo smaltimento dei rifiuti, i medicinali, i servizi medici e quelli dentistici, i traspo rti 
stradali, ferroviari marittimi e aerei, i servizi postali e telefonici, i s ervizi ricreativi e culturali, i pacchetti vacanze, i 
libri, gli alberghi e gli altri servizi di alloggio.  
Prodotti a bassa frequenza di acquisto : comprendono gli elettrodomestici, i servizi ospedalieri, l’acquisto dei mezzi 
di trasporto, i servizi di trasloco, gli apparecchi audiovisivi, fotografici e informatici, gli articoli sportivi.  
Servizi regolamentati : tipologie di servizio i cui prezzi sono stabiliti da amministrazioni nazionali o locali e da servizi 
di pubblica utilità soggetti a regolamentazione da parte di specifiche Agenzie (Authority). Comprendono i certificati, i 
documenti di riconoscimento , la tariffa per i rifiuti solidi, la tariffa per la raccolta di acque reflue, l’istruzione secondaria, 
le mense scolastiche, i trasporti urbani unimodali e multimodali (biglietti e abbonamenti), il trasporto extra -urbano su 
bus e multimoda le, i taxi, i trasporti ferroviari regionali, i pedaggi autostradali, i musei, i giochi lotterie e scommesse, 
la revisione auto, alcuni servizi postali, i nidi d’infanzia comunali, i servizi di alloggio universitario.  
Servizi relativi ai trasporti : comprendono i traspor ti aerei, marittimi, ferroviari  e stradali, i servizi di manutenzione e 
riparazione di mezzi di trasporto, le assicurazioni sui mezzi di trasporto.  
Servizi relativi all’abitazione : comprendono i servizi di riparazione, la pulizia e la manutenzione della casa, la tariffa 
per i rifiuti solidi, la tariffa per la raccolta acque reflue, il canone d ’affitto, le spese condominiali, i servizi assicurativi 
connessi all’abitazione.  
Servizi relativi alle comunicazioni : comprendono i servizi di telefonia e i servizi postali.  
Servizi ricreativi, culturali e per la cura della persona : comprendono i pacchetti vacanza, i servizi di alloggio, i 
ristoranti, bar e simili, le mense, la riparazione di apparecchi audiovisivi, fotografici e informatici, i servizi per 
l'abbigliamento, i servizi per l ’igiene personale, i servizi ricreativi e culturali vari, i giochi lotterie e scommesse . 
Servizi vari : comprendono l’istruzione, i servizi medici, i servizi per l’assistenza, i servizi finanziari , professioni 
liberali, servizio funebre,  servizi veterinari, servizi assicurativi privati connessi alla salute . 
Spesa equivalente : è calcolata dividendo il valore della spesa familiare per un opportuno coefficiente di correzione 
(scala di equivalenza), che permette di tener conto dell’effetto delle economie di scala e di rendere direttamente 
confrontabili i livelli di spesa di famigli e di ampiezza diversa.  Nel presente comunicato  si utilizza la scala di 
equivalenza Carbonaro.  
Trascinamento all’anno t+1 : variazione percentuale misurata tra il mese di dicembre dell’anno t e la media dell’anno 
t. In altre parole, il trascinamento non è altro che l’eredità, in termini di inflazione, che l’anno t lascia all’anno t+1.  
Variazione congiunturale : variazione rispetto al periodo precedente.  
Variazione tendenziale : variazione rispetto allo stesso periodo dell’anno precedente.  
 
  
 
| 10 
 
PREZZI  
AL CONSUMO  
 
Introduzione e quadro normativo  
La rilevazione dei prezzi al consumo misura le variazioni nel tempo dei prezzi di un insieme di beni e servizi (paniere) 
rappresentativo di tutti quelli acquistati dalle famiglie per finalità di consumo (sono escluse le transazioni a titolo 
gratuito, gli a utoconsumi, i fitti figurativi, ecc.). Gli indici dei prezzi al consumo sono calcolati utilizzando l’indice a 
catena del tipo Laspeyres, in cui sia il campione di beni e servizi sia il sistema dei pesi vengono aggiornati con 
cadenza annuale. In particolare , a dicembre di ogni anno, nel corso delle attività di ribasamento, si rinnova il disegno 
campionario dell’indagine e la struttura di ponderazione, ossia gli elementi di base per il calcolo degli indici dell’anno 
successivo.  
Il sistema degli indici dei prezzi al consumo è articolato in tre diversi indicatori:  
 l’indice nazionale dei prezzi al consumo per l’intera collettività (NIC) è utilizzato come misura dell’inflazione 
per l’intero sistema economico; in altre parole, si considera la collettività nazionale come un’unica grande famiglia di 
consumatori sebbene caratterizzata, al suo interno, da abitudini di spesa molto differenziate;   
 l’indice dei prezzi al consumo per le famiglie di operai e impiegati (FOI) si riferisce ai consumi dell’insieme 
delle famiglie che fanno capo ad un lavoratore dipendente; è l’indice usato per adeguare periodicamente valori 
monetari, quali i canoni di affitto o gli assegni dovuti al coniuge separato;  
 l’indice dei prezzi al consumo armonizzato per i paesi dell’Unione europea (IPCA) assicura una misura 
dell’inflazione comparabile tra i diversi paesi europei, attraverso l’adozione di un impianto concettuale, metodologico 
e tecnico condiviso; viene quindi assunto come indicatore per verificare la convergenza delle economie dei paesi 
mem bri dell’Unione europea; l’indice viene calcolato, pubblicato e inviato mensilmente dall’Istat a Eurostat secondo 
un calendario prefissato. Eurostat, a sua volta, diffonde gli indici armonizzati dei singoli paesi dell’Ue, sulla base dei 
quali elabora e dif fonde l’indice sintetico europeo; l’indice IPCA è elaborato anche nella versione “a tassazione 
costante (IPCA -TC)”.  
A partire dai dati provvisori di gennaio 2026, l ’indice IPCA è calcolato e diffuso con base di riferimento 20 25=100, in 
linea con gli altri Paesi dell’Unione europea e in ottemperanza a quanto richiesto dal Regolamento (UE) 2024/3159  
del 20 dicembre 2024 e dal Regolamento di esecuzione (UE) 2025/1182  del 18 giugno 2025 . Le serie degli indici 
nazionali NIC e FOI hanno  la medesima  base di riferimento 20 25=100.  
 
La rilevazione dei prezzi al consumo è disciplinata anche da diverse leggi e regolamenti che definiscono i soggetti 
coinvolti (l’Istituto nazionale di statistica e i Comuni) e le relative funzioni:  
• il Regio Decreto Legge n. 222/1927 , che  conferisce l’incarico all’Istituto centrale di statistica di promuovere la 
formazione di indici del costo della vita in tutti i comuni con più di 100.000 abitanti e in altri, preferibilmente scelti 
tra i capoluoghi di provincia o tra quelli con più di 50.0 00 abitanti che abbiano uffici di statistica idonei;  
• la Legge n. 621/1975  modifica come di seguito il regio decreto relativamente ai comuni cui spetta l’obbligo di 
condurre l’indagine sui prezzi al consumo: “tra i comuni di cui all’art. 1 … devono intendersi compresi tutti i 
comuni capoluogo di provincia e quelli con oltre 30.000 abitanti che abbiano un ufficio di statistica idoneo”;  
• il D.lgs n. 322/1989 , che disciplina le attività di rilevazione, elaborazione, analisi e diffusione e archiviazione dei 
dati statistici svolte dagli enti e organismi pubblici di informazione statistica, al fine di realizzare l’unità di indirizzo , 
l’omogeneità organizzativa e la  razionalizzazione dei flussi a livello centrale e locale.  
 
Copertura dell’indagine e organizzazione della rilevazione  
I dati che concorrono alla costruzione degli indici mensili dei prezzi al consumo sono raccolti attraverso l’utilizzo di 
una pluralità di fonti: la rilevazione territoriale , condotta dagli Uffici comunali di statistica (UCS); la rilevazione 
centralizzata , condotta dall’Istat direttamente o attraverso la collaborazione con grandi fornitori di dati; gli scanner 
data provenienti dalla Grande Distribuzione Organizzata (GDO); la fonte amministrativa .  
Nel 202 6, i beni e servizi rilevati in modo esclusivo mediante la rilevazione territoriale ammontano, in termini di peso, 
a circa il 49,9% del paniere, contro il 25,6 % di quelli a rilevazione esclusivamente centralizzata. Tramite l’acquisizione 
dei dati scanner dalla GDO vengono rilevati i  prezzi dei beni  cosiddetti grocery  (beni alimentari confezionati e beni 
per la cura della casa e della persona) e le quotazioni di alcun e tipologie di  frutta e verdura fresca a peso imposto . 
Nel complesso , i beni a rilevazione scanner rappresentano  il 13, 3% del paniere in termini di peso. A queste tre 
modalità si aggiunge l’utilizzo delle fonti amministrative: la base dati del Ministero delle imprese e del made in Italy 
(MIMIT, ex MISE  Ministero dello Sviluppo Economico)  per la rilevazione dei prezzi dei  carburanti, che copre il 4,5% 
del paniere ; i dati forniti dall’Osservatorio immobiliare dell’Agenzia delle entrate per la rilevazione dei prezzi degli 
Affitti reali per abitazioni di privati c he pesa per il 2,9 % e l’Agenzia delle dogane e dei monopol i per la rilevazione dei 
tabacchi c he incide sul paniere per il 3,8 %. 
 
| 11 
 
PREZZI  
AL CONSUMO  
 
Nel 2026,  i comuni che concorrono al calcolo degli indici per tutti gli aggregati di prodotto del paniere sono 80 (di cui 
19 capoluoghi di regione, 61 capoluoghi di provincia2), invariati rispetto al 2025. S ono 1 0 i comuni3 che partecipano 
al calcolo degli indici per un sottoinsieme di prodotti ( tariffe locali quali fornitura acqua, raccolta rifiuti, raccolta acque 
reflue, trasporti urbani, taxi, mense scolastiche, nido d’infanzia comunale, e altri servizi come manifestazioni sportive, 
cinema, spettacoli teatrali, istruzione secondaria superiore, mense universitarie, ecc.) . 
Nei 90  comuni si contano più di 46 mila unità di rilevazione (tra punti vendita, imprese e istituzioni) dove gli Uffici 
comunali di statistica monitorano il prezzo di almeno un prodotto; a queste si aggiungono più di  2.900 abitazioni per 
la rilevazione dei canoni di affitto di abitazioni di Enti pubblici4. Nel complesso sono quasi 402 mila le quotazioni che 
contribuiscono al calcolo dell’inflazione, inviate mensilmente all’Istat dagli Uffici comunali di statistica (erano circa 
388mila del 202 5. 
Nel 202 6, sono circa 187 mila le quotazioni di prezzo raccolte ogni mese centralmente dall’Istat . Le informazioni di 
prezzo sono ottenute tramite web, anche con l’utilizzo di procedure di web scraping o acquisendo informazioni da 
soggetti esterni (Ivass, ANCE, Aiscat, Farmadati, AIE, GfK Italia s.r.l, ecc.); i noltre,  ne vengono rilevate mediante 
indagine diretta, condotta presso un campione di imprese di assicurazione, le quali forniscono i prezzi relativi a tre 
profili assicurativi riconducibili alla copert ura dei rischi contro incendio, furto e danneggiament o del contenuto 
dell’abitazione . 
La rilevazione dei prezzi al consumo tramite scanner data interessa cinque tipologie distributive della Grande 
Distribuzione Organizzata: ipermercati, supermercati, discount, piccole superfici di vendita (note anche come “libero 
servizio”, punti vendita co n superficie compresa tra i 100 e i 400 mq) e specialist drug (specialisti dei prodotti per la 
cura della casa e della persona). Nel complesso nel 2026, la rilevazione dei prezzi tramite scanner data interessa 
179 aggregati di prodotto, appartenenti a sei divisioni della ECOICOP (Prodotti alimentari e bevande analcoliche, 
Bevande alcoliche e tabacco, Arredamenti, apparecchi per uso domestico e manutenzione corrente dell'abitazione, 
Sanità, Ricreazione, sport e cultura, Assistenza alla persona, protezione so ciale e beni e servizi vari). L’utilizzo stabile 
di informazioni provenienti dalle casse della GDO per la stima dell’inflazione si è reso possibile grazie a una proficua 
collaborazione dell’Istat con l’Associazione della Distribuzione moderna (ADM) e i rap presentanti delle principali 
catene operanti in Italia. L’accordo prevede che i dati vengano acquisiti dall’Istat per il tramite della società A.C. 
Nielsen, previa autorizzazione all’utilizzo dei dati da parte delle catene della Grande Distribuzione. L’Ist at acquisisce 
i dati settimanali di fatturato e quantità distinti per punto vendita e per GTIN (codice a barre), per singolo punto vendita 
di 19 grandi gruppi della GDO in Italia per tutte le province del territorio nazionale. Il campione dei punti vendita  è 
rappresentativo di tutto l’universo delle cinque tipologie distributive della GDO e comprende oltre 4.250 punti vendita 
distribuiti sull’intero territorio nazionale.  L’individuazione delle referenze che entrano nel calcolo dell’indice avviene 
tramite i codici a barre (GTIN), che identificano univocamente i prodotti sull’intero territorio nazionale. Il valore unitario 
del prezzo per ciascun codice a barre è la media dei prezzi effettivamente pagati dai consumatori per quei prodotti.  
Per la selezione delle referenze, l’Istat utilizza un approccio di tipo dinamico che implica una selezione del campione 
di referenze in ciascun mese. L’approccio dinamico permette di utilizzare l’informazione proveniente dall’universo dei 
GTIN venduti in c iascun punto vendita e di seguire l’e voluzione dei prodotti che entrano ed escono dal mercato nei 
dodici mesi dell’anno.  Nel complesso, per ciascuna settimana, si acquisiscono per il calcolo degli indici circa 22 
milioni di referenze il cui prezzo settimanale viene calcolato sulla base dei dati di fatturato e quantità vendute in 
ciascun punto vendita e relative a oltre 280mi la GTIN distinti. Il totale delle quotazioni di prezzo mensili utilizzate si 
attesta su circa 27 milioni. A seguito della selezione dinamica contribuiscono mediamente ogni mese al calcolo degli 
indici circa 13 milioni di referenze.  
Le rilevazioni di fonte amministrativa per il calcolo dei prezzi al consumo sono diverse. Tra queste rientrano quelle 
relative ai Tabacchi i cui dati sono forniti dall’Agenzia delle dogane e dei monopoli (ADM). Gli indici calcolati sono 
relativi a tre aggregati di prodotto: Sigarette, Sigari e sigaretti e Altri tabacchi (trinciati per sigarette, tabacco da fiu to 
e da mastico, altri tabacchi da fumo, tabacchi da inalazione). Il campione e il si stema di ponderazione sono ottenuti 
sulla base del valore annuo delle vendite dei principali tabacchi lavorati in commercio.  
Dal 2017 anche per i prezzi al consumo dei carburanti si utilizzano dati di fonte amministrativa, grazie a un accordo 
siglato con il MIMIT (ex MISE) che, in ottemperanza alla normativa vigente, raccoglie i dati sui prezzi di questi prodotti. 
In particolare , nel 2026, gli indici dei prezzi dei carburanti sono calcolati attraverso l’elaborazione di circa 203mila 
osservazioni di prezzo al mese, provenienti da circa 19.500 impianti, pari all’81,3% di quelli attivi e presenti nella 
 
2 Il comune di Olbia da gennaio 2026 è uno dei nuovi capoluoghi di provincia (insieme a Tempio Pausania) della provincia della Gallura No rd-
Est Sardegna, istituita nel 2021 e operativa dal 2025.  
3 Si tratta dei comuni di Asti, Chieti, Foggia, Frosinone, L’Aquila, Matera, Prato, Ragusa, Verbania e Vibo Valentia.  
4 A partire da gennaio 2022 la rilevazione dei canoni di affitto per le abitazioni di privati è condotta centralmente dall’Ista t tramite l’utilizzo di dati 
di fonte amministrativa e in particolare della base dati locazioni immobiliari dell’Osservatorio del m ercato immobiliare dell’Agenzia delle entrate . 
 
 
| 12 
 
PREZZI  
AL CONSUMO  
banca dati del MIMIT. La copertura dei distributori di carburanti per area territoriale comprende oltre 4.600 impianti 
nel Nord -Ovest, quasi 4.000 nel Nord -Est, oltre 4.300 al Centro, oltre 4.500 al Sud e quasi 2.200 nelle Isole.  
I dati del Ministero delle Imprese e del Made in Italy coprono i quattro aggregati di prodotto riferiti ai carburanti per 
autotrazione che compongono il paniere: Benzina, Gasolio per mezzi di trasporto, Gas GPL e Gas metano per 
autotrazione.  
Infine, la rilevazione sui canoni di affitto per le abitazioni di proprietà privata viene effettuata dall’Istat avvalendosi 
della base dati delle locazioni immobiliari dell’Osservatorio del mercato immobiliare dell’Agenzia delle entrate. In 
seguito alla op erazione di validazione dei dati, sono circa un milione e mezzo i canoni di affitto utilizzabili per il calcolo 
dell’indice mensile . 
 
Metodologia di calcolo degli indici e delle variazioni  
Struttura di ponderazione  
Non tutti i beni e i servizi che entrano nel paniere hanno la stessa importanza nei consumi della popolazione. 
L’esigenza di misurare il livello dei prezzi e la loro dinamica temporale attraverso indicatori di sintesi richiede la 
definizione di un sistema  di ponderazione che consenta di elaborare tali indicatori tenendo conto della diversa 
rilevanza che i singoli prodotti assumono sulla spesa complessiva per consumi delle famiglie.  
Ogni anno i coefficienti di ponderazione degli indici sono aggiornati per tener conto dell’evoluzione dei consumi finali 
delle famiglie (secondo le stime della Contabilità nazionale) e dell’informazione derivante dall’indagine sulle Spese 
delle famiglie; v engono inoltre considerati i dati provenienti da altre fonti ausiliarie interne ed esterne all’Istat, come 
ad esempio le basi dati di importanti società di analisi e ricerche di mercato (A.C. Nielsen o GfK Italia S.r.l.).  
Al fine di salvaguardare la coerenza tra la struttura di ponderazione degli indici e quella dei bilanci delle famiglie - nel 
rispetto delle linee guida Eurostat - per la revisione dei pesi sono stati utilizzati i dati più recenti delle principali fonti 
Istat. In particolare, i dati di riferimento sono relativi al 2025 per la fonte di Contabilità nazionale e al 2024 per 
l’indagine sulle Spese delle famiglie .  
Nel Prospetto 1 è riportata la versione finale  della struttura dei pesi per divisione di spesa utilizzata per il calcolo dei 
tre indici dei prezzi al consumo (NIC, IPCA e FOI).  
 
PROSPETTO 1. PESI UTILIZZATI PER IL CALCOLO DEGLI INDICI NAZIONALI DEI PREZZI AL CONSUMO, PER DIVISIONI 
DI SPESA . Anno 2026 , valori percentuali  
DIVISIONI DI SPESA  Pesi 
NIC IPCA  FOI 
Prodotti alimentari e bevande analcoliche  17,2256  17,9043  15,65  
Bevande alcoliche , tabac co e droghe  2,9104  3,0265  3,1901  
Abbigliamento e calzature  6,0192  6,7505  6,1708  
Abitazione, acqua, elettricità , gas e altri  combustibili  12,00  12,4803  12,7237  
Arredamenti, apparecchi per uso domestico e manutenzione corrente 
dell’abitazione  6,7696  7,064  6,5151  
Sanità  8,1502  3,987  7,2952  
Trasporti  15,454  16,035  17,5806  
Informazione e c omunicazion e 2,8613  2,9758  3,1942  
Ricreazione, sport  e cultura  5,8992  6,1241  6,0249  
Servizi di i struzione  0,9678  1,0067  1,1721  
Servizi di ristoranti e servizi di alloggio  12,1827  12,672  11,5396  
Servizi finanziari e assicurativi  2,6667  2,7733  2,4246  
Assistenza alla persona, protezione sociale e beni e servizi vari  6,8933  7,2005  6,5191  
Indice generale  100,0000  100,0000  100,0000  
 
 
 
 
 
| 13 
 
PREZZI  
AL CONSUMO  
 
Indici nazionali e territoriali  
La metodologia di calcolo degli indici dei prezzi al consumo prevede quattro diversi processi di aggregazione degli 
indici di ciascun aggregato di prodotto calcolati per ogni capoluogo di provincia.  
L’indice nazionale  si ottiene nel modo seguente : 
 si aggregano tra loro gli indici provinciali di aggregato di prodotto per costruire l’indice regionale di aggregato di 
prodotto; per quanto riguarda i beni alimentari (esclusi i prodotti freschi) e per la cura della casa e della persona, 
gli indici regiona li di aggregato di prodotto sono calcolati tendendo distinte le diverse tipologie distributive 
(ipermercati, supermercati, discount, libero servizio, specialist drug) per i quali si utilizzano le informazioni 
provenienti dai registratori elettronici di cas sa (scanner data); per un numero limitato di aggregati, l’indice viene 
calcolato integrando le informazioni provenienti dagli scanner data con quelle rilevate direttamente dagli Uffici 
Comunali di Statistica; i coefficienti di ponderazione adoperati per le  sintesi degli indici provinciali si basano, in 
generale, sul peso di ciascun capoluogo di provincia in termini di popolazione residente;  
 si aggregano tra loro gli indici regionali di aggregato di prodotto per costruire l’indice nazionale di aggregato di 
prodotto; i coefficienti di ponderazione utilizzati si basano sul peso di ciascuna regione in termini di consumi delle 
famiglie;  
 l’indice generale nazionale dei prezzi al consumo si ottiene come media ponderata degli indici nazionali di 
aggregato di prodotto. I coefficienti di ponderazione utilizzati si basano sul peso di ciascun aggregato di prodotto 
in termini di consumi delle fam iglie.  
Gli indici per capoluogo di provincia, regione e  ripartizione geografica  si ottengono come segue:  
 l’indice generale per regione e per ripartizione geografica dei prezzi sono calcolati rispettivamente come media 
ponderata degli indici regionali e ripartizionali di aggregato di prodotto ; i coefficienti di ponderazione utilizzati si 
basano sul peso di ciascun aggregato di prodotto in te rmini di consumi delle famiglie;  
 l’indice generale provinciale si ottiene come media aritmetica ponderata degli aggregati di prodotto calcolati a 
livello di capoluogo di provincia ; i coefficienti di ponderazione utilizzati si basano sul peso di ciascun aggregato di 
prodotto in termini di consumi delle famiglie. La struttura di ponderazione utilizzata è quella definita a livello 
regionale.  
Il calcolo degli indici sintetici (per ogni livello di sintesi degli aggregati) avviene applicando la formula dell’indice a 
catena di Laspeyres; pertanto, gli indici mensili dell’anno corrente sono calcolati con riferimento al mese di dicembre 
dell’anno pr ecedente (base di calcolo) e successivamente raccordati al periodo scelto come base di riferimento 
dell’indice per misurare la dinamica dei prezzi su un periodo di tempo pluriennale.  
 
Classificazione degli indici dei prezzi al consumo  
La classificazione adottata per gli indici dei prezzi al consumo è la European Classification of Individual Consumption 
by Purpose  (ECOICOP  versione 2 ), allegata al nuovo  Regolamento quadro europeo degli indici dei prezzi al consumo 
armonizzati e dell’indice dei prezzi delle abitazioni (Reg.  (UE) n. 2016 /792 del Paramento europeo e del Consiglio 
relativo agli indici dei prezzi al consumo armonizzati e all'indice dei prezzi delle abitazioni, e recante abrogazione del 
regolamento (CE) n. 2494/95 del Consiglio , così come modificato dal Reg.(UE) 2024/3159  della Commissione  per 
quanto riguarda la classificazione dei consumi e l’inclusione di giochi, lotterie e scommesse ). 
La ECOICOP v2 è articolata su quattro livelli classificatori gerarchicamente ordinati : Divisioni, Gruppi, Classi e 
Sottoclassi. Ai fini del calcolo degli indici dei prezzi al consumo, le Sottoclassi di prodotto sono ulteriormente 
disaggregate in Segmenti di consumo.  
In base alla struttura di classificazione degli indici e al dettaglio territoriale, gli indici NIC sono pubblicati fino al li vello 
dei segmenti di consumo se riferiti all’intero territorio nazionale5, fino a quello dei gruppi di prodotto se riferiti a 
ripartizione, regione e provincia. Gli indici FOI sono diffusi a livello nazionale e provinciale fino alle divisioni di spesa .  
In aggiunta, sia con riferimento all’indice NIC sia all’IPCA, vengono calcolati indici dei prezzi basati su schemi 
classificatori alternativi alla classificazione ECOICOP v2, rispettivamente gli indici per tipologia di prodotto e quelli 
degli aggregati speciali (IPCA -AS). In particolare,  gli IPCA -AS sono elaborati adottando lo stesso metodo di calcolo 
 
5 Gli indici riferiti agli Aggregati di prodotto, nei quali si articolano ulteriormente i Segmenti di consumo, sono forniti su richiesta per specifiche 
finalità di studio e analisi.  
 
 
| 14 
 
PREZZI  
AL CONSUMO  
utilizzato da Eurostat (diverso da quello adottato per le tipologie di prodotto del NIC), al fine di permettere la piena 
comparabilità tra gli indici italiani e quelli elaborati da Eurostat per l’Ue, la zona euro e gli altri Paesi europei6.  
 
Rilevazione e calcolo degli indici dei prezzi dei prodotti stagionali  
Dai dati di gennaio 2011 viene adottata la metodologia di rilevazione e calcolo degli indici dei prezzi dei prodotti 
stagionali, conforme alle norme previste prima dal Regolamento (CE) n. 330/2009 del 22 aprile 2009 e poi dal 
Regolamento di Esecuzione (UE)  n. 2020/1148 della Commissione del 31 luglio 2020 (che ha abrogato il 
Regolamento 330/2009), per i prodotti stagionali appartenenti ai gruppi e classi di prodotto Frutta,  Vegetali , 
Abbigliamento e Calzature . La metodologia è adottata per i tre indici NIC,  FOI e IPCA.  
Secondo il citato Regolamento si definisce prodotto stagionale  un singolo prodotto acquistabile o acquistato in 
quantità significative solo durante una parte dell’anno secondo uno schema ricorrente.  
Il Regolamento stabilisce, inoltre, che, in un dato mese, i prodotti stagionali siano considerati “in stagione” o “fuori 
stagione”. Sulla base di tale norma, ogni anno, l’Istat provvede alla definizione del calendario mensile valido per tutto 
l’anno, che s tabilisce in un dato mese quando ogni specifico prodotto, appartenente alle suddette categorie o ai 
suddetti gruppi, deve essere considerato “ in stagione”  oppure “ fuori stagione” . L’adozione di un calendario della 
stagionalità comporta che la rilevazione t erritoriale dei prezzi al consumo sia effettuata solo nei mesi in cui il prodotto 
in questione è definito “ in stagione ”, mentre i prezzi dei prodotti “ fuori stagione ” sono stimati sulla base di una 
metodologia coerente con le indicazioni contenute nel Regolamento europeo.  
 
Stim a delle osservazioni  mancanti negli indici dei prezzi al consumo  
Le procedure di imputazione delle osservazioni mancanti adottate dall’Istat per la stima dell’inflazione sono coerenti 
con l’impianto metodologico indicato da Eurostat e condiviso con gli Stati membri dell’Unione europea7.  
Questo impianto, che riguarda tutti e tre gli indici (NIC, FOI e IPCA), si basa su tre principi:  
1. stabilità dei pesi degli aggregati di prodotto che compongono il paniere,  
2. calcolo degli indici per tutti gli aggregati di prodotto e i diversi livelli di disaggregazione previsti dalla ECOICOP,  
3. minimizzazione del numero di prezzi imputati8. 
Le regole di imputazione si applicano sia ai casi in cui non è possibile rilevare il prezzo di un prodotto, sia ai casi nei 
quali l’assenza del prezzo deriva dalla sua indisponibilità nel mercato, e comportano l’applicazione di procedure di 
ricostruzione d el prezzo mancante della referenza, basate prevalentemente sulla variazione del prezzo rispetto al 
mese precedente.  
L’individuazione della variazione congiunturale più idonea per la procedura di imputazione non è univocamente 
determinata, ma dipende da diversi fattori (tra i quali la quota di mancate rilevazioni per prodotto, la sua posizione 
nella struttura gerarchica,  il suo grado di volatilità mensile e il carattere stagionale della dinamica dei prezzi).  
Le regole di imputazione delle mancate rilevazioni dei prezzi applicate ai prodotti delle diverse categorie 
merceologiche, sono di seguito elencate:  
a. Per i prodotti grocery rilevati tramite scanner data, nell’ambito dell’approccio dinamico utilizzato per il calcolo 
degli indici e in accordo con le linee guida dell’Eurostat, i prezzi delle referenze (GTIN) temporaneamente 
assenti (per cause stagionali o accidentali) vengono imputati per un massimo di 14 mesi consecutivi.  
 
6 La pubblicazione degli indici IPCA -AS è stata avviata a partire dai dati di febbraio 2013. La descrizione delle categorie merceologiche che 
definiscono i diversi aggregati speciali è disponibile sul sito web di Eurostat al seguente indirizzo:  
http://ec.europa.eu/eurostat/ramon/nomenclatures/index.cfm?TargetUrl=LST_NOM_DTL&StrNom=HICP_2000&StrLanguageCode=EN&IntPcKey =&StrLayoutCode   
Per la metodologia utilizzata per la sintesi degli indici, si consulti il Compendio dell’IPCA disponibile in formato pdf all’ indirizzo:  
http://ec.europa.eu/eurostat/documents/3859598/5926625/KS -RA-13-017-EN.PDF/59eb2c1c -da1f-472c -b191 -3d0c76521f9b?version=1.0 .  
Le serie a partire da gennaio 2001 sono disponibili su IstatData , il data warehouse delle statistiche prodotte dall’Istituto, sotto il tema “Prezzi” e 
“Prezzi al consumo”.  
7 Durante il periodo dell’emergenza sanitaria legata alla diffusione del Covid -19, l’insieme delle procedure per l’imputazione delle mancate 
rilevazioni è stato aggiornato, in cooperazione con gli altri Istituti nazionali di statistica dei paesi dell’Unione europea e sotto il coordinamento 
dell’Eurostat, per tenere conto delle criticità emerse relativamente alla raccolta dei dati nella fase di pandemia.  
8 Il criterio della minimizzazione del numero di prezzi imputati implica che, nella selezione dei prodotti che compongono il paniere, si deve tenere 
conto della loro effettiva disponibilità all’acquisto da parte delle famiglie.   
 
| 15 
 
PREZZI  
AL CONSUMO  
In particolare, qualora i prezzi mensili di alcune referenze di un determinato aggregato di prodotto risultino 
mancanti (come nel caso di assenza di vendite di un prodotto), essi vengono imputati per variazione, 
utilizzando il tasso di crescita su base men sile delle altre referenze, tenendo conto delle regole di 
aggregazione, per step successivi, adottate per la sintesi degli indici9.  
Più in dettaglio, i prezzi mancanti vengono imputati all’interno di ciascun punto vendita stimando l’evoluzione dei 
prezzi dei GTIN effettivamente venduti nel mercato ECR cui il GTIN mancante appartiene. Per i GTIN che non 
trovano donatori all’interno del mercato ECR si considera lo strato cui appartiene il punto vendita e i prezzi 
mancanti vengono stimati seguendo l’evoluzione dei prezzi dello stesso mercato nello strato. Qualora non 
esistano donatori la procedura di stima sale di livello (provincia/aggregato di prodotto) fino ad imputare tutti i 
prezzi dell e referenze mancanti. La metodologia implementata garantisce che la variazione degli aggregati di 
prodotto tenga conto delle sole informazioni effettivamente disponibili (l’imputazione è neutrale rispetto 
all’aggregazione).  
Le stesse regole di imputazione valgono nel caso in cui l’indisponibilità delle informazioni è dovuta alla chiusura 
del punto vendita. In tal caso vengono imputati i prezzi di tutte le corrispondenti referenze.  
b. Nel settore dell’abbigliamento e calzature e per i prodotti alimentari freschi, quali frutta e vegetali freschi, per i 
quali è prevista la rilevazione bimensile, nel caso in cui non siano disponibili i prezzi per entrambe le date di 
rilevazione, le mancate  risposte sono imputate per variazione dei prezzi delle referenze che sono state rilevate 
per lo stesso prodotto nel capoluogo di provincia, oppure nella regione o a livello nazionale, applicando le 
consuete procedure per la stima dei prezzi dei prodotti s tagionali.  
c. Per la stima dei prezzi dei prodotti alimentari freschi (per i quali è prevista la rilevazione mensile), dei prodotti 
ittici freschi (per i quali è prevista la rilevazione bimensile, nel caso in cui non siano disponibili i prezzi per 
entrambe le date di ri levazione), le mancate risposte sono imputate per variazione dei prezzi delle referenze 
rilevate per lo stesso prodotto nel capoluogo di provincia, oppure nella regione o a livello nazionale.  
d. Per i prodotti dei servizi ricettivi, quali camera d’albergo e bed and breakfast le mancate risposte sono imputate 
utilizzando la variazione congiunturale dei prezzi rilevati nelle strutture ricettive della provincia per la stessa 
categoria per gli albergh i, oppure nello stesso aggregato; se invece il numero di osservazioni disponibili nel 
mese di riferimento dei dati non lo consente, il dato mancante viene imputato utilizzando la variazione 
congiunturale osservata nella provincia nello stesso mese dell’ann o precedente, al fine di preservare la 
dinamica stagionale dell’aggregato . 
e. Per i prezzi dei prodotti di arredamento e dei prodotti per la casa si applica il metodo del carry forward  
(ripetizione del prezzo del mese precedente), data la limitata variabilità temporale dei prezzi di questa 
categoria di prodotti.  
f. Analogamente il metodo del carry forward  viene adottato per i prezzi dei servizi di ristorazione e dei servizi 
culturali e di intrattenimento.  
g. Per i prodotti rilevati centralmente dall’Istat ogni quotazione mancante viene stimata utilizzando la variazione 
congiunturale degli indici che appartengono allo stesso strato; qualora i prezzi di uno strato risultino 
completamente assenti, la procedura di  stima è basata sulla variazione degli indici di strato superiori.  
h. Per i prodotti indisponibili alla fruizione da parte delle famiglie (come accaduto nei periodi di lockdown durante 
la pandemia causata dal Covid -19) e che presentano un chiaro profilo stagionale, viene utilizzata la variazione 
dell’indice generale calcolat a al netto di questi stessi prodotti.  
Gli indici ai diversi livelli di aggregazione qualora abbiano una quota di imputazioni superiore al 50% (in termini di 
prezzi mancanti e/o di peso) sono segnalate, sulla base delle indicazioni di Eurostat, mediante l’utilizzo del flag “i” 
(dato imputato) s ia nelle tabelle del Comunicato stampa, sia su I stat.Data  e nelle altre pubblicazioni.  
Per quanto riguarda gli indici diffusi su Rivaluta, in occasione del rilascio dei dati definitivi, quelli che presentano una 
quota di imputazioni superiore al 50% (in termini di prezzi mancanti e/o di peso) non sono resi disponibili.   
 
9 La stessa procedura si applica al caso di stima dei prezzi outlier.  
 
| 16 
 
PREZZI  
AL CONSUMO  
 
Stima preliminare degli indici dei prezzi al consumo IPCA: accuratezza e metodologia di calcolo  
La diffusione degli indici dei prezzi al consumo avviene in due successivi istanti temporali secondo una diversa 
modalità di rilascio dei dati: prima come stima provvisoria, poi come stima definitiva. La diffusione della stima 
provvisoria degli indici IPCA  (e degli indici NIC) avviene alla fine del mese di riferimento nel rispetto del calendario 
Eurostat di diffusione della stima anticipata dell’inflazione nell’area euro. Il rilascio dei dati definitivi avviene intorno  
alla metà del mese successivo a quello  di riferimento.  
La finalità della diffusione dei dati provvisori, sia dell’indice IPCA sia dall’indice NIC, è quella di fornire informazioni 
più tempestive sull’andamento dei prezzi al consumo, stimando nel modo più accurato possibile il dato definitivo 
dell’inflazione rilasciato circa due settimane dopo. In questo contesto, l’analisi delle revisioni delle stime provvisorie 
dei tassi tendenziali rappresenta u n importante strumento per valutare il corretto bilanciamento tra le due dimensioni 
della qualità dei dati, tempestività e accuratezza.  
In linea con la politica di diffusione di Eurostat, che pubblica mensilmente una nota sull’accuratezza della stima 
anticipata dell’inflazione per l’area euro, questa sezione è dedicata all’ analisi dell’accuratezza e alla metodologia 
utilizzata per il calcolo della stima preliminare dell’indice IPCA.  
 
Accuratezza delle stime preliminari  
Nel Prospetto 2 sono confrontati i tassi di variazione tendenziale definitivi e provvisori dell’indice generale IPCA . 
A giugno 2026 , la differenza tra la stima definitiva e quella provvisoria del tasso tendenziale dell’ indice generale IPCA 
è stata pari a -0,1 punti perce ntuali. Nel prospetto sono riportati anche i tendenziali dei principali aggregati da cui si 
evince che, per lo stesso mese di riferimento, una differenza pari a +0,3 p.p. ha riguardato l’aggregato Energia e una 
di -0,3 p.p. ha interessato i Prodotti alimen tari compresi alcol e tabacco.  
 
PROSPETTO 2.  STIME PRELIMINARI E DEFINITIVE DEGLI INDICI DEI PREZZI AL CONSUMO IPCA E DEI PRINCIPALI 
AGGREGATI SPECIALI .  
Gennaio 2026  – gennaio 2027 , valori percentuali tendenziali (base 20 25=100) 
Aggregati speciali    gen-26 feb-26 mar-26 apr-26 mag-26 giu-26 lug-26 ago-26 set-26 ott-26 nov-26 dic-26 gen-27 
Prodotti alimentari compresi alcol e tabacco, di 
cui: P - +2,6 +2,6 +3,2 +2,8 +2,1 - - - - - - - 
D +2,2 +2,5 +2,7 +2,9 +2,5 +1,8 - - - - - -  
    Prodotti alimentari trasformati, compresi alcol e 
tabacco  P - +2,0 +1,7 +1,6 +1,2 +0,9 - - - - - - - 
D +2,1 +1,8 +1,6 +1,2 +0,8 +0,5 - - - - - -  
    Prodotti alimentari non trasformati  P - +3,6 +4,2 +6,2 +5,9 +4,6 - - - - - - - 
D +2,5 +3,7 +4,6 +6,0 +5,5 +4,4 - - - - - -  
Energia  P - -6,6 -2,3 +9,7 +12,0  +12,6  - - - - - - - 
D -6,2 -6,6 -2,1 +9,3 +12,0  +12,9  - - - - - -  
Beni industriali non energetici  P - +0,6 +0,2 +0,6 +0,5 +0,5 - - - - - - - 
D +0,5 +0,6 +0,1 +0,6 +0,6 +0,5 - - - - - -  
Servizi  P - +3,9 +2,9 +2,3 +2,7 +2,5 - - - - - - - 
D +2,7 +3,9 +2,9 +2,3 +2,7 +2,5 - - - - - -  
Indice generale  P +1,0 +1,6 +1,5 +2,9 +3,3 +3,1 - - - - - - - 
D +1,0 +1,5 +1,6 +2,8 +3,2 +3,0 - - - - - - - 
Indice generale al netto dell’energia e degli 
alimentari freschi (Componente di fondo)  P - +2,7 +1,8 +1,6 +1,8 +1,6 - - - - - - - 
D +1,9- +2,6 +1,8 +1,6 +1,8 +1,5 - - - - - -  
Indice generale energia esclusa  P - +2,7 +2,0 +2,0 +2,1 +1,9 - - - - - - - 
D +1,9 +2,7 +2,0 +2,0 +2,1 +1,8 - - - - - -  
 
 
 
 
 
 
| 17 
 
PREZZI  
AL CONSUMO  
 
Calcolo delle variazioni degli indici  
Il calcolo delle variazioni congiunturali e tendenziali degli indici dei prezzi al consumo si effettua, sulle serie 
pubblicate, secondo le regole seguenti:  
• la variazione percentuale tra indici mensili, espressi nella stessa base di riferimento, è pari al rapporto degli 
indici messi a confronto, per 100, meno 100. Il risultato finale è arrotondato a 1 decimale (per esempio per 
calcolare la variazione percentua le dell’indice generale NIC tra febbraio e marzo 2022, l’indice di marzo 2022 
(base 2015=100) è pari a 110,4, quello di febbraio è 109,3, quindi il calcolo è 110,4/109,3*100 -100=+1,0%);  
• la variazione percentuale tra indici medi annui, espressi nella medesima base di riferimento è pari al rapporto 
degli indici degli anni posti a confronto, per 100, meno 100; il risultato finale è arrotondato a 1 decimale (per 
esempio per calcolare la varia zione percentuale dell’indice generale NIC tra gli anni 2022 e 2020, l’indice 
medio annuo del 2022, con base 2015=100, è 113,2, quello del 2020, con base 2015=100, è 102,7, quindi 
il calcolo è 113,2/102,7*100 -100=+10,2%). Fa eccezione l’indice armonizzato (IPCA), per il quale la 
variazione percentuale media annua viene calcolata a partire dagli indici mensili; per esempio, per calcolare 
la variazione percentuale dell’indice generale IPCA tra gli anni 2022 e 2020, il calcolo è  
(107,8+108,7+111,3+111,7+112,7+114,1+112,8+113,8+115,6+120,0+120,8+121,1)/(101,9+ 
101,4+103,6+104,1+103,8+103,8+103,1+101,8+102,7+103,3+103,3+103,5)*100 -100=+10,8%  
• la variazione percentuale tra indici mensili o medi annui NIC (o alternativamente FOI), con diversa base di 
riferimento (per intervalli di tempo all’interno dei quali si registra uno o più cambiamenti di base) è pari al 
rapporto degli indici messi a confro nto, moltiplicato per i coefficienti di raccordo tra basi contigue (tanti quanti 
sono i cambiamenti di base nell’intervallo considerato), per 100, meno 100. Il risultato finale è arrotondato a 
1 decimale; per esempio, per calcolare variazione percentuale d ell’indice generale NIC tra gli anni 2022 e 
2008, l’indice medio annuo del 2022, con base 2015=100, è 113,2, quello del 2008, in base 1995=100, è 
136,0; il coefficiente di raccordo da base 1995 a base 2010 è pari a 1,398;  quello da base 2010 a base 2015 
è pari a 1,075 ; il calcolo, quindi, è 113,2/136,0* 1,398*1,075 *100-100= +22,4%.  
 
La diffusione: tempestività e banche dati  
La diffusione degli indici dei prezzi al consumo da parte dell’Istat avviene in due momenti temporali successivi 
secondo una diversa modalità di rilascio dei dati: stima provvisoria e stima definitiva.  
La diffusione della stima provvisoria degli indici NIC (generale, per divisione di spesa, per tipologia di prodotto e per 
frequenza d’acquisto) e dell’indice IPCA (generale, per divisione di spesa e per aggregati speciali) avviene alla fine 
del mese di rif erimento, mentre la diffusione dei dati definitivi dei tre indici NIC, IPCA e FOI avviene non oltre la metà 
del mese successivo a quello di riferimento. I tempi di pubblicazione sono stabiliti da un calendario 
https://www.istat.it/it/informazioni -e-servizi/per -i-giornalisti/appuntamenti/calendario -diffusioni -ed-eventi  concordato 
con Eurostat, nel mese di dicembre di ogni anno, per l’anno successivo e secondo gli standard di diffusione (SDDS 
– Special Data Dissemination Standard) definiti dal Fondo Monetario Internazionale.  
Con la pubblicazione dei dati di gennaio 2019,  la diffusione diretta degli indici comunali dei prezzi al consumo è 
effettuata dai comuni autorizzati in concomitanza con l’uscita degli indici definitivi da parte dell’Istat.  
Gli indici, sia per la stima preliminare sia per quella definitiva, sono diffusi attraverso il comunicato stampa “Prezzi al 
consumo” disponibile sul sito web dell’Istituto all’indirizzo https://www.istat.it/it/archivio/prezzi+al+consumo . 
Le serie degli indici aggiornate sono pubblicate, in concomitanza con la diffusione del comunicato stampa, sul data 
warehouse IstatData  (https://esploradati.istat.it/ ) all’interno del tema Prezzi - Prezzi al consumo. Unitamente agli 
indici mensili sono diffuse le variazioni percentuali congiunturali e tendenziali, gli indici medi annui, le variazioni medie  
annue e i pesi calcolati annualmente. Gli indici ai diversi liv elli di aggregazione e per i diversi livelli territoriali di 
riferimento che hanno avuto una quota di imputazioni superiore al 50% (in termini di prezzi mancanti e/o di peso) 
sono individuabili con il flag “i” (dato imputato).  
Informazioni sugli indici dei prezzi al consumo sono disponibili sulla banca dati Congiuntura.Stat , che raccoglie e 
sistematizza le statistiche congiunturali prodotte dall’Istat e si propone quale strumento di approfondimento per policy 
maker, operatori sociali, studiosi e cittadini.  
Informazioni sulle serie storiche di tutti e tre gli indici, a partire dal 1861 e fino al 2015, sono disponibili sul sito 
dell’Istat all’indirizzo http://seriestoriche.istat.it/ . 
 
 
| 18 
 
PREZZI  
AL CONSUMO  
 
Dati riepilogativi e approfondimenti sui prezzi al consumo e sul paniere dei beni e servizi sono, inoltre, contenuti in 
alcuni prodotti editoriali diffusi dall’Istat a cadenza annuale, quali l’ Annuario statistico , il Rapporto annuale  e la 
pubblicazione Noi Italia . 
In adempimento al Regolamento europeo n. 2016/792, del Parlamento europeo e del Consiglio relativo agli indici dei 
prezzi al consumo armonizzati e all'indice dei prezzi delle abitazioni, e recante abrogazione del regolamento (CE) n. 
2494/95 del Consiglio, così come modificato dal Reg.(UE) 2024/3159 della Commissione per quanto riguarda la 
classificazione dei consumi e l’inclusione di giochi, lotterie e scommesse, i dati dell’indagine sui prezzi al consumo 
sono trasmessi due volte al mese a Eurostat. I princ ipali indicatori, archiviati nel database di Eurostat, sono 
consultabili all’indirizzo http://ec.europa.eu/eurostat/data/database (Tema “Economy and finance”, argomento 
“Prices”).  
 
 
 
 
Per chiarimenti  tecnici  e metodologici  
 
Manuela Morricone  
tel. +39 06 4673 2181  
manuela.morricone@istat.it  Alessandro Brunetti  
tel. +39 06 4673 2545  
alessandro.brunetti@istat.it  
 
 
 
| 19 
 
 
 
 
 
  
 
 
 
 LA STATISTICA UFFICIALE  
ASCOLTA I SUOI UTENTI  
 
In occasione del Centenario dalla sua fondazione, l’Istat promuove una consultazione pubblica  per raccogliere 
contributi, osservazioni e proposte sui bisogni informativi non ancora pienamente soddisfatti dalla statistica 
ufficiale.  
Al centro della consultazione non vi sono le modalità di comunicazione o diffusione dei dati, ma la  produzione 
statistica.  
L’iniziativa intende rafforzare la qualità, la rilevanza e l’utilizzabilità della produzione statistica, favorendo al tempo 
stesso trasparenza e partecipazione.  
La consultazione è aperta a istituzioni, comunità scientifica, operatori dell’informazione, imprese, associazioni e 
cittadini.  
 
 
  
 PARTECIPA  ADESSO  
"
Prezzi al consumo – Luglio 2026,PRECONLUG2026,de92146a6756fc6136774446e4bcca388602e1a2d6c6dd958c2884738dd513d1,https://www.istat.it/comunicato-stampa/prezzi-al-consumo-luglio-2026/,https://www.istat.it/wp-content/uploads/2026/08/CS_Prezzi-al-consumo_Def_Luglio2026.pdf," 
  
UFFICIO STAMPA tel. +39 06 4673.2243/44 ufficiostampa@istat.it CONTACT CENTRE contact.istat.it    Luglio 2026 Prezzi al consumo Dati definitivi   n Nel mese di luglio 2026 l’indice nazionale dei prezzi al consumo per l’intera collettività (NIC), al lordo dei tabacchi, registra una variazione del +0,3% su base mensile e del +2,9% su base annua (da +3,0% di giugno); la stima preliminare era 2,8%. n Il lieve rallentamento dell’inflazione riflette la dinamica dei prezzi degli Energetici non regolamentati (da +13,3% a +11,4%), degli Alimentari non lavorati (da +4,4% a +3,6%) e dei Servizi vari (da +2,5% a +1,8%); in accelerazione sono, invece, i prezzi degli Energetici regolamentati (da +9,2% a +14,8%), dei Servizi relativi ai trasporti (da +1,1% a +1,6%) e dei Servizi ricreativi, culturali e per la cura della persona (da +2,7% a +3,0%). n Nel mese di luglio l’“inflazione di fondo”, al netto degli energetici e degli alimentari freschi, resta stabile a +1,6%, mentre quella al netto dei soli beni energetici rallenta da +1,9% a +1,8%. n I prezzi dei beni decelerano (da +3,3% a +3,2%), mentre la dinamica di quelli dei servizi è in lieve accelerazione (da +2,6% a +2,7%). Il differenziale tra il comparto dei servizi e quello dei beni passa da -0,7 a -0,5 punti percentuali. n Il tasso di variazione tendenziale dei prezzi dei Beni alimentari, per la cura della casa e della persona scende (da +1,3% a +1,0%), come quello dei prodotti ad alta frequenza d’acquisto (da +3,9% a +3,4%). n La variazione congiunturale dell’indice generale riflette l’aumento dei prezzi degli Energetici regolamentati (+6,5%), dei Servizi relativi ai trasporti (+1,4%), dei Servizi ricreativi, culturali e per la cura della persona (+0,6%), degli Energetici non regolamentati1 (+0,5%), degli Alimentari lavorati e dei Servizi relativi all’abitazione (+0,3% entrambi); tali effetti sono solo parzialmente compensati dalla diminuzione degli Alimentari non lavorati (-1,3%). n L’inflazione acquisita per il 2026 è pari a +2,7% per l’indice generale e a +1,8% per la componente di fondo. n L’indice armonizzato dei prezzi al consumo (IPCA) registra una variazione pari a -1,0% su base mensile, a causa dei saldi estivi di cui il NIC non tiene conto, e a +2,9% su base annua (da +3,0% del mese precedente), confermando la stima preliminare. n L’indice nazionale dei prezzi al consumo per le famiglie di operai e impiegati (FOI), al netto dei tabacchi, registra una variazione congiunturale pari a +0,3% e una tendenziale di +2,8%.  
 1 Si ricorda che per i carburanti l’indice rappresenta la variazione della media mensile dei prezzi rilevati tramite la banca dati dell’Osservatorio Carburanti del Mimit. Pertanto, il dato di Luglio incorpora le dinamiche dei prezzi osservate nel corso del mese, che hanno mostrato una decelerazione nella prima parte e un’accelerazione nella seconda, in concomitanza con la ripresa del conflitto tra Stati Uniti e Iran.                      Il commento  A luglio 2026 l’inflazione scende al +2,9% (dal +3,0% di giugno), per effetto soprattutto della dinamica dei prezzi degli Alimentari non lavorati e degli Energetici non regolamentati. Di contro, un sostegno all’inflazione è esercitato dai prezzi degli Energetici regolamentati e di alcune tipologie di servizi. I prezzi dei beni che compongono il “carrello della spesa” rallentano su base annua portandosi al +1,0%, mentre l’inflazione di fondo rimane stabile (a +1,6%). L’inflazione acquisita a luglio, per il 2026, sale a +2,7%.  PROSSIMA  DIFFUSIONE 1 settembre 2026  Link utili http://dati.istat.it/ http://www.istat.it/it/congiuntura http://rivaluta.istat.it/Rivaluta/ 
12 agosto 2026 

 
| 2 
PREZZI  AL CONSUMO  FIGURA 1. INDICI DEI PREZZI AL CONSUMO NIC  Gennaio 2021 (base 2015=100 fino a dicembre 2025) - luglio 2026 (base 2025=100), variazioni percentuali congiunturali e tendenziali 
   PROSPETTO 1. INDICI DEI PREZZI AL CONSUMO NIC, IPCA E FOI Luglio 2026, indici e variazioni percentuali congiunturali e tendenziali (base 2025=100)  Indici Variazioni congiunturali Variazioni tendenziali luglio 2026 lug-26 giu-26 lug-26 lug-25 Indice nazionale per l’intera collettività NIC  103,4 +0,3 +2,9 Indice armonizzato IPCA  102,6 -1,0 +2,9 Indice per le famiglie di operai e impiegati FOI (senza tabacchi) 103,1 +0,3 +2,8   

 
| 3 
PREZZI  AL CONSUMO  Indice nazionale dei prezzi al consumo per l’intera collettività (NIC)  LE DIVISIONI DI SPESA A luglio, le principali divisioni di spesa che registrano dinamiche di prezzo in accelerazione su base annua sono quelle di Informazione e comunicazione, che si riporta su valori positivi (da -1,2% a +0,2%), e dei Servizi di ristoranti e servizi di alloggio (da +2,9% a +3,4%); sul fronte opposto, un rallentamento si osserva per i prezzi dei Servizi finanziari e assicurativi (da +4,3% a +1,9%), dei Prodotti alimentari e bevande analcoliche (da +1,8% a +1,4%), dei Trasporti (da +4,7% a +4,3%) e di Ricreazione, sport e cultura (da +1,2% a +0,8%) (Prospetto 2 e Figura 2). Scomponendo il tasso di inflazione nella somma dei contributi dovuti alle singole divisioni, l’impatto più ampio sulla crescita tendenziale dell’indice generale dei prezzi al consumo deriva dai prezzi di Abitazione, acqua, elettricità, gas e altri combustibili (0,878 punti percentuali), Trasporti (0,650 p.p.), Servizi di ristoranti e servizi di alloggio (0,430 p.p.) e Prodotti alimentari e bevande analcoliche (0,224 p.p.)   PROSPETTO 2. INDICI DEI PREZZI AL CONSUMO NIC PER DIVISIONE DI SPESA  Luglio 2026, pesi, variazioni percentuali congiunturali e tendenziali e contributi alla variazione tend. dell’indice generale (base 2025=100) DIVISIONI DI SPESA Pesi Variazioni congiunturali* Variazioni tendenziali Contributo alla variazione tendenziale dell’indice generale Inflazione acquisita a luglio lug-26 giu-26 lug-25 giu-25 lug-26 lug-25 giu-26 giu-25 Prodotti alimentari e bevande analcoliche 172.256 -0,4 0,0 +1,4 +1,8 0,224 +1,8 Bevande alcoliche e tabacchi 29.104 +0,1 -0,1 +2,4 +2,3 0,068 +2,5 Abbigliamento e calzature 60.192 0,0 0,0 +0,9 +0,9 0,054 +0,7 Abitazione, acqua, elettricità, gas e altri combustibili 120.000 +1,1 +1,1 +7,2 +7,2 0,878 +5,1 Arredamenti, apparecchi per uso domestico e manutenzione corrente dell’abitazione 67.696 +0,1 -0,1 +1,7 +1,5 0,118 +1,7 Sanità 81.502 +0,1 0,0 +1,3 +1,2 0,101 +1,1 Trasporti 154.540 +0,6 +1,0 +4,3 +4,7 0,650 +3,6 Informazione e comunicazione 28.613 +0,7 -0,7 +0,2 -1,2 0,002 -0,9 Ricreazione, sport e cultura 58.992 +0,9 +1,3 +0,8 +1,2 0,049 +1,4 Servizi di istruzione 9.678 0,0 0,0 +1,6 +1,6 0,014 +1,2 Servizi di ristoranti e servizi di alloggio 121.827 +0,4 -0,1 +3,4 +2,9 0,430 +3,9 Servizi finanziari e assicurativi 26.667 0,0 +2,4 +1,9 +4,3 0,053 +2,9 Assistenza alla persona, protezione sociale e beni e servizi vari 68.933 0,0 +0,1 +3,2 +3,3 0,214 +3,0 Indice generale 1.000.000 +0,3 +0,4 +2,9 +3,0  +2,7 *Le variazioni percentuali congiunturali dell’anno precedente si riferiscono alle serie ricostruite secondo la Ecoicopv2.  FIGURA 2. INDICI DEI PREZZI AL CONSUMO NIC PER DIVISIONE DI SPESA Luglio 2026, variazioni percentuali tendenziali (base 2025=100) 
 

 
| 4 
PREZZI  AL CONSUMO  LE TIPOLOGIE DI PRODOTTO Con riferimento alle tipologie di prodotto, nel comparto dei beni il tasso di variazione tendenziale diminuisce (da +3,3% a +3,2%; +0,2% su giugno), mentre in quello dei servizi sale a +2,7% (da +2,6%; +0,5% su giugno). Pertanto, il differenziale inflazionistico tra il comparto dei servizi e quello dei beni si riduce rispetto al mese precedente (da -0,7 a -0,5 punti percentuali). Il settore alimentare registra una complessiva lieve decelerazione dei prezzi su base annua (da +1,6% a +1,1%; -0,4% su giugno), frenato dalla dinamica dei prezzi degli Alimentari non lavorati (da +4,4% a +3,6%; -1,3% su giugno), in particolare di quelli di Frutta e frutta a guscio (da +1,4% a -0,7%; -4,8% su giugno) e di Ortaggi, tuberi, banane plantano, banane da cucina e legumi (da +3,6% a +2,6%; -1,4% su giugno). I prezzi degli Alimentari lavorati, invece, mantengono inalterato il loro ritmo di crescita su base annua (-0,2%; +0,3% su giugno). Anche nel comparto energetico, i prezzi evidenziano nel complesso un rallentamento (da +13,0% a +11,6%; +0,9% su giugno), sintesi di andamenti contrapposti delle due componenti dell’aggregato. In dettaglio, il tasso di variazione tendenziale dei prezzi degli Energetici regolamentati sale a +14,8% (da +9,2%; +6,5% su giugno), per effetto dell’andamento dei prezzi del Gas di città e gas naturale mercato tutelato, (da +11,2% a +21,8%; +8,5% su giugno) e di quelli dell’Elettricità mercato tutelato (da +7,1% a +9,7%; +4,5% su giugno).  PROSPETTO 3. INDICE DEI PREZZI AL CONSUMO NIC PER TIPOLOGIA DI PRODOTTO Luglio 2026, pesi e variazioni congiunturali e tendenziali percentuali (base 2025=100) TIPOLOGIE DI PRODOTTO Pesi Variazioni congiunturali* Variazioni tendenziali Inflazione acquisita     a luglio lug-26 giu-26 lug-25 giu-25 lug-26 lug-25 giu-26 giu-25 Beni alimentari, di cui: 181.055 -0,4 +0,1 +1,1 +1,6 +1,6 Alimentari lavorati 111.222 +0,3 +0,3 -0,2 -0,2 +0,3 Alimentari non lavorati 69.833 -1,3 -0,6 +3,6 +4,4 +3,8 Beni energetici, di cui: 105.124 +0,9 +2,1 +11,6 +13,0 +8,2 Energetici regolamentati 6.982 +6,5 +1,3 +14,8 +9,2 +8,7 Energetici non regolamentati 98.142 +0,5 +2,2 +11,4 +13,3 +8,2 Tabacchi 20.305 0,0 0,0 +4,1 +4,1 +4,0 Altri beni, di cui: 251.172 +0,1 -0,1 +0,7 +0,5 +0,5 Beni durevoli 91.549 +0,1 -0,2 +0,7 +0,4 +0,4 Beni non durevoli 61.497 0,0 0,0 -0,1 -0,1 0,0 Beni semidurevoli 98.126 +0,2 0,0 +1,2 +1,0 +1,0 Beni 557.656 +0,2 +0,3 +3,2 +3,3 +2,6 Servizi relativi all'abitazione 69.410 +0,3 +0,1 +4,5 +4,3 +4,2 Servizi relativi alle comunicazioni 13.964 0,0 -0,1 -0,4 -0,5 -0,3 Servizi ricreativi, culturali e per la cura della persona 173.454 +0,6 +0,3 +3,0 +2,7 +3,5 Servizi relativi ai trasporti 71.442 +1,4 +0,9 +1,6 +1,1 +1,8 Servizi vari 114.074 0,0 +0,6 +1,8 +2,5 +1,9 Servizi 442.344 +0,5 +0,4 +2,7 +2,6 +2,8 Indice generale 1.000.000 +0,3 +0,4 +2,9 +3,0 +2,7 Indice generale al netto degli energetici e alimentari freschi (Componente di fondo) 825.043 +0,3 +0,3 +1,6 +1,6 +1,8 Indice generale al netto dell’energia, degli alimentari (incluse bevande alcoliche) e tabacchi 693.516 +0,4 +0,3 +1,9 +1,8 +2,0 Indice generale al netto degli energetici 894.876 +0,2 +0,3 +1,8 +1,9 +2,0 Indice dei beni alimentari, per la cura della casa e della persona 204.361 -0,3 0,0 +1,0 +1,3 +1,4 *Le variazioni percentuali congiunturali dell’anno precedente si riferiscono alle serie ricostruite secondo la ECOICOPv2.   
 
| 5 
PREZZI  AL CONSUMO  D’altro canto, i prezzi degli Energetici non regolamentati evidenziano una decelerazione (da +13,3% a +11,4%; +0,5% su giugno), dovuta al rallentamento di quelli del Gasolio per riscaldamento (da +26,6% a +18,2%; -3,6% su giugno), dell’Elettricità mercato libero (da +14,0% a +13,9%; +4,0% su giugno) e del Gas di città e gas naturale mercato libero (da +9,9% a +7,4%; -1,1% su giugno). Rallenta anche la dinamica tendenziale dei prezzi dei carburanti, in sensibile calo nella prima parte del mese e in rapido rialzo nella seconda. In particolare, si attenua la crescita dei prezzi del Gasolio per mezzi di trasporto (da +21,6% a +18,8%; +0,7% su giugno), della Benzina (da +10,3% a +8,0%; -0,8% su giugno) e di Altri carburanti per mezzi personali di trasporto (da +8,4% a +5,9%; -3,0% su giugno). Nel comparto dei servizi, a rallentare sono i prezzi dei Servizi vari (da +2,5% a +1,8%; nullo il congiunturale), soprattutto per effetto della dinamica di quelli degli Oneri espliciti imposti dagli istituti di deposito (da +4,8% a +0,8%; nullo il congiunturale). In accelerazione, invece, i prezzi dei Servizi relativi ai trasporti (da +1,1% a +1,6%; +1,4% su giugno), trainati dalla risalita dei prezzi del Trasporto aereo di passeggeri (da -10,3% a -5,6%; +10,1% su giugno), e quelli dei Servizi ricreativi, culturali e per la cura della persona (da +2,7% a +3,0%; +0,6% su giugno), per effetto della dinamica dei prezzi dei Servizi di alloggio (da +2,2% a +4,0%; +0,5% su giugno). L’impatto sul tasso di inflazione di luglio della dinamica dei prezzi delle diverse tipologie di prodotto è misurato dai contributi alla variazione tendenziale dell’indice generale dei prezzi al consumo (Figura 4).  FIGURA 3. INDICI DEI PREZZI AL CONSUMO NIC PER CATEGORIE DI PRODOTTO Gennaio 2021 (base 2015=100 fino a dicembre 2025) – luglio 2026 (base 2025=100), variazioni percentuali tendenziali 
 *Dati fino a dicembre 2025 ricostruiti secondo la classificazione Ecoicop v2.  FIGURA 4. INDICE DEI PREZZI AL CONSUMO NIC, CONTRIBUTI ALLA VARIAZIONE PERCENTUALE TENDENZIALE PER TIPOLOGIA DI PRODOTTO. Luglio 2026, punti percentuali 
  

 
| 6 
PREZZI  AL CONSUMO  I BENI E I SERVIZI REGOLAMENTATI  PROSPETTO 4. INDICI DEI PREZZI AL CONSUMO NIC PER BENI E SERVIZI REGOLAMENTATI E NON REGOLAMENTATI Luglio 2026, pesi, variazioni percentuali congiunturali e tendenziali e contributi alla variazione tendenziale dell’indice generale (base 2025=100)  TIPOLOGIE DI PRODOTTO Pesi Variazioni congiunturali* Variazioni tendenziali Contributo alla variazione tendenziale dell’indice generale Inflazione acquisita a luglio lug-26 giu-26 lug-25 giu-25 lug-26 lug-25 giu-26 giu-25 Beni non regolamentati 530.573 0,0 +0,4 +3,0 +3,4 1,614 +2,5 Beni regolamentati 27.083 +1,9 +0,4 +3,9 +2,4 0,110 +2,3 Beni 557.656 +0,2 +0,3 +3,2 +3,3 1,723 +2,6 Servizi non regolamentati 391.369 +0,6 +0,5 +2,7 +2,6 1,067 +3,0 Servizi regolamentati 50.975 +0,1 +0,1 +1,3 +1,3 0,064 +1,2 Servizi 442.344 +0,5 +0,4 +2,7 +2,6 1,131 +2,8 Indice generale 1.000.000 +0,3 +0,4 +2,9 +3,0  +2,7 *Le variazioni percentuali congiunturali dell’anno precedente si riferiscono alle serie ricostruite secondo la ECOICOPv2.  I PRODOTTI PER FREQUENZA DI ACQUISTO  PROSPETTO 5. INDICI DEI PREZZI AL CONSUMO NIC PER PRODOTTI A DIVERSA FREQUENZA DI ACQUISTO (a) Luglio 2026, pesi, variazioni percentuali congiunturali e tendenziali e contributi alla variazione tendenziale dell’indice generale (base 2025=100) TIPOLOGIE DI PRODOTTO Pesi Variazioni congiunturali* Variazioni tendenziali Contributo alla variazione tendenziale dell’indice generale Inflazione acquisita a luglio lug-26 giu-26 lug-25 giu-25 lug-26 lug-25 giu-26 giu-25 Alta frequenza 409.790 -0,1 +0,3 +3,4 +3,9 1,388 +3,2 Media frequenza  399.634 +0,7 +0,6 +3,0 +3,0 1,210 +2,8 Bassa frequenza  190.576 +0,1 -0,1 +1,4 +1,2 0,257 +1,0 Indice generale 1.000.000 +0,3 +0,4 +2,9 +3,0  +2,7 *Le variazioni percentuali congiunturali dell’anno precedente si riferiscono alle serie ricostruite secondo la Ecoicopv2.    
 
| 7 
PREZZI  AL CONSUMO  I DATI DEL TERRITORIO Con riferimento alle regioni (Figura 5), a luglio 2026 la crescita tendenziale dei prezzi al consumo è pari a quella nazionale in Friuli-Venezia Giulia, Umbria e Abruzzo, mentre è più alta in Calabria, Campania, Puglia, Sicilia, Lazio, Sardegna e Liguria; nelle altre regioni il tasso d’inflazione si mantiene al di sotto di quello nazionale. Tra i capoluoghi delle regioni e delle province autonome e i comuni non capoluoghi di regione con più di 150mila abitanti (Figura 6), l’inflazione più elevata si osserva a Reggio Calabria (+4,0%), a Napoli e a Catania (+3,4% entrambe); la più contenuta si registra a Firenze (+2,2%) ed Aosta (+2,1%).  FIGURA 5. INDICI DEI PREZZI AL CONSUMO NIC PER REGIONE E RIPARTIZIONE GEOGRAFICA Giugno 2026 – luglio 2026, variazioni percentuali tendenziali (base 2025=100)  
  FIGURA 6. INDICI DEI PREZZI AL CONSUMO NIC PER CAPOLUOGO DI REGIONE, PROVINCIA AUTONOMA E GRANDI COMUNI (a) Luglio 2026, graduatoria delle variazioni percentuali tendenziali (base 2025=100) 
 (a)  I grandi comuni presenti nel grafico sono i comuni capoluogo di provincia con più di 150.000 abitanti che partecipano all’indagine.  * A partire dai dati di maggio 2026, Parma si aggiunge alle città che effettuano diffusione diretta dei dati comunali degli indici dei prezzi al consumo.   

 
| 8 
PREZZI  AL CONSUMO  Indice armonizzato dei prezzi al consumo (IPCA) A luglio 2026 l’indice armonizzato dei prezzi al consumo (IPCA) evidenzia una diminuzione congiunturale dell’1,0%, e una crescita tendenziale del 2,9% (in decelerazione rispetto al +3,0% del mese precedente) (Prospetto 6). Analogamente a quanto si osserva per il NIC, le divisioni di spesa i cui prezzi mostrano accelerazioni su base annua più marcate sono quelle di Informazione e comunicazione (da -1,2% a +0,2%) e Servizi di ristoranti e servizi di alloggio (da +2,8% a +3,4%). A decelerare, invece, sono le divisioni Servizi finanziari e assicurativi (da +4,4% a +2,0%), Ricreazione, sport e cultura (da +1,3% a +0,3%), Prodotti alimentari e bevande analcoliche (da +1,8% a +1,3%), Trasporti (da +4,7% a +4,3%) e Assistenza alla persona, protezione sociale e beni e servizi vari (da +3,2% a +2,8%). L’indice armonizzato dei prezzi al consumo a tassazione costante (IPCA-TC) registra una diminuzione congiunturale dell’1,2%, più consistente rispetto a quella dell’IPCA; a differenza di quest’ultimo, l’IPCA-TC è calcolato escludendo l’impatto (teorico) delle variazioni sulle imposte indirette sui prezzi al consumo e, dunque, non tiene conto della fine dello sconto generalizzato avvenuto nella prima settimana di luglio.  PROSPETTO 6. INDICI DEI PREZZI AL CONSUMO IPCA PER DIVISIONE DI SPESA  Luglio 2026, pesi e variazioni percentuali congiunturali e tendenziali (base 2025=100)  DIVISIONI DI SPESA Pesi Variazioni congiunturali* Variazioni tendenziali Inflazione  acquisita a luglio lug-26 giu-26 lug-25 giu-25 lug-26 lug-25 giu-26 giu-25 Prodotti alimentari e bevande analcoliche 179.043 -0,4 +0,1 +1,3 +1,8 +1,8 Bevande alcoliche e tabacchi 30.265 +0,1 0,0 +2,3 +2,2 +2,4 Abbigliamento e calzature 67.505 -18,1 -18,2 +0,9 +0,8 -5,1 Abitazione, acqua, elettricità, gas e altri combustibili 124.803 +1,0 +1,1 +7,2 +7,3 +5,2 Arredamenti, apparecchi per uso domestico e manutenzione corrente dell’abitazione 70.640 -0,6 -0,5 +0,8 +0,9 +0,8 Sanità 39.870 +0,1 +0,3 +1,2 +1,4 +1,4 Trasporti 160.350 +0,5 +0,9 +4,3 +4,7 +3,7 Informazione e comunicazione 29.758 +0,7 -0,7 +0,2 -1,2 -1,0 Ricreazione, sport e cultura 61.241 +0,7 +1,7 +0,3 +1,3 +1,4 Servizi di istruzione 10.067 0,0 0,0 +1,5 +1,5 +1,1 Servizi di ristoranti e servizi di alloggio 126.720 +0,4 -0,2 +3,4 +2,8 +3,9 Servizi finanziari e assicurativi 27.733 0,0 +2,3 +2,0 +4,4 +2,9 Assistenza alla persona, protezione sociale e beni e servizi vari 72.005 -1,0 -0,6 +2,8 +3,2 +2,6 Indice generale 1.000.000 -1,0 -0,9 +2,9 +3,0 +2,3 Indice generale a tassazione costante 1.000.000 -1,2 -0,9 +2,8 +3,1 +2,3 *Le variazioni percentuali congiunturali dell’anno precedente si riferiscono alle serie ricostruite secondo la ECOICOPv2.  GLI AGGREGATI SPECIALI Con riferimento agli aggregati speciali dell’IPCA, a luglio 2026 i prezzi dei Beni decelerano (da +3,3% a +3,0%). A trainare l’andamento del comparto è principalmente il settore energetico, che mostra una tendenza su base annua in apprezzabile calo (da +12,9% a +11,7%), per effetto di entrambe le componenti: Combustibili liquidi, carburanti per mezzi di trasporto personali, la cui variazione tendenziale passa da +15,3% a +12,7%, e Elettricità, gas, combustibili solidi ed energia termica, da +11,2% a +10,7%. In rallentamento sono anche i prezzi dei Prodotti alimentari (da +1,8% a +1,4%), per effetto dell’attenuazione delle tensioni sui prezzi dei Prodotti alimentari non trasformati (da +4,4% a +3,3%) e su quelli dei Prodotti alimentari trasformati, compresi alcol e tabacco (da +0,5% a +0,4%). 
 
| 9 
PREZZI  AL CONSUMO  Il comparto dei Servizi è stabile (a +2,5%), sintesi di andamenti contrapposti, quali l’accelerazione dei prezzi dei Servizi relativi ai trasporti (da +1,0% a +1,6%), da un lato, e il rallentamento di quelli dei Servizi vari (da +2,6% a +1,9%), dall’altro.  PROSPETTO 7. INDICI DEI PREZZI AL CONSUMO IPCA PER AGGREGATI SPECIALI (*) Luglio 2026, pesi e variazioni percentuali congiunturali e tendenziali (base 2025=100) AGGREGATI SPECIALI Pesi Variazioni congiunturali* Variazioni tendenziali Inflazione  acquisita a luglio lug-26 giu-26 lug-25 giu-25 lug-26 lug-25 giu-26 giu-25 Prodotti alimentari, compresi alcol e tabacco, di cui: 209.308 -0,4 0,0 +1,4 +1,8 +1,9 Prodotti alimentari trasformati, compresi alcol e tabacco 136.762 +0,2 +0,3 +0,4 +0,5 +0,9 Prodotti alimentari non trasformati 72.546 -1,3 -0,3 +3,3 +4,4 +3,7 Energia, di cui: 109.332 +0,9 +2,1 +11,7 +12,9 +8,2 Elettricità, gas, combustibili solidi ed energia termica 62.218 +1,9 +2,3 +10,7 +11,2 +6,8 Combustibili liquidi, carburanti per mezzi di trasporto personali 47.114 -0,3 +2,0 +12,7 +15,3 +10,0  Beni industriali non energetici, di cui: 259.733 -5,1 -5,2 +0,6 +0,5 -1,0 Beni durevoli 95.417 -0,3 -0,4 +0,5 +0,4 +0,2 Beni non durevoli 56.969 -0,2 -0,2 +0,1 +0,1 +0,3 Beni semidurevoli 107.347 -12,0 -12,3 +1,2 +0,9 -2,9 Beni 578.373 -2,1 -1,9 +3,0 +3,3 +1,9 Servizi relativi all’abitazione 72.235 +0,2 +0,1 +3,8 +3,7 +3,5 Servizi relativi alla comunicazione 14.523 0,0 -0,1 -0,5 -0,6 -0,3 Servizi relativi alla ricreazione, comprese riparazioni e igiene personale 180.266 +0,5 +0,4 +2,5 +2,5 +3,3 Servizi relativi al trasporto 73.900 +1,4 +0,8 +1,6 +1,0 +1,8 Servizi vari 80.703 +0,1 +0,8 +1,9 +2,6 +2,1 Servizi 421.627 +0,5 +0,5 +2,5 +2,5 +2,8 Indice generale 1.000.000 -1,0 -0,9 +2,9 +3,0 +2,3 Indice generale al netto dell’energia e degli alimentari freschi (Componente di fondo) 818.122 -1,3 -1,4 +1,6 +1,5 +1,3 Indice generale al netto dell’energia 890.668 -1,3 -1,2 +1,7 +1,8 +1,5 *Le variazioni percentuali congiunturali dell’anno precedente si riferiscono alle serie ricostruite secondo la ECOICOPv2.  FIGURA 7. INDICI DEI PREZZI AL CONSUMO IPCA, ITALIA E UNIONE ECONOMICA E MONETARIA2 Gennaio 2021 - luglio 2026 (base 2025=100), variazioni percentuali tendenziali 
  2 L’indice IPCA per l’Unione Economica e Monetaria (Uem) di luglio 2026 è la stima anticipata diffusa da Eurostat venerdì 31 luglio 2026.  

 
| 10 
PREZZI  AL CONSUMO  Le stime preliminari e definitive delle variazioni congiunturali e tendenziali degli indici generali NIC e IPCA relative al mese di luglio 2026 sono messe a confronto per valutare l’eventuale revisione intercorsa e, quindi, l’accuratezza della stima preliminare (Prospetto 15). Per un’analisi più ampia dell’accuratezza e una descrizione della metodologia della stima provvisoria dell’inflazione si rimanda alla nota metodologica allegata al comunicato.  PROSPETTO 8. REVISIONI DEGLI INDICI DEI PREZZI AL CONSUMO  Luglio 2026, indici e variazioni percentuali congiunturali e tendenziali (base 2025=100)  DATI PROVVISORI DATI DEFINITIVI indici variazioni congiunturali variazioni tendenziali indici variazioni congiunturali variazioni tendenziali luglio 2026 lug-26 giu-26 lug-26 lug-25 luglio 2026 lug-26 giu-26 lug-26 lug-25 Indice nazionale per l’intera collettività NIC  103,3 +0,2 +2,8 103,4 +0,3 +2,9 Indice armonizzato IPCA  102,6 -1,0 +2,9 102,6 -1,0 +2,9     
 
| 11 
PREZZI  AL CONSUMO  Altri beni: comprendono i beni di consumo ad esclusione dei beni alimentari, dei beni energetici e dei tabacchi. Altri beni regolamentati: comprendono l’acqua potabile e i medicinali. Beni alimentari: comprendono oltre ai generi alimentari (come, ad esempio, il pane, la carne, i formaggi), le bevande analcoliche e quelle alcoliche. Si definiscono lavorati i beni alimentari destinati al consumo finale che sono il risultato di un processo di trasformazione industriale (come, ad esempio, i succhi di frutta, gli insaccati, i prodotti surgelati). Si dicono non lavorati i beni alimentari non trasformati (come la carne fresca, il pesce fresco, la frutta e la verdura fresca). Beni alimentari, per la cura della casa e della persona (cosiddetto ""carrello della spesa""): includono, oltre ai beni alimentari, i beni per la pulizia e la manutenzione ordinaria della casa e i beni per l’igiene personale e prodotti di bellezza. Beni durevoli: includono i beni di trasporto, gli articoli di arredamento, gli elettrodomestici, le attrezzature sanitarie e gli apparecchi terapeutici, gli apparecchi telefonici, gli apparecchi per la ricreazione, i prodotti della gioielleria e orologeria. Beni non durevoli: comprendono i detergenti per la pulizia della casa, i prodotti per la cura della persona, i medicinali, i prodotti per la riparazione e manutenzione della casa, i prodotti per il giardinaggio, i giornali e periodici, gli articoli di cancelleria. Beni semidurevoli: comprendono i capi di abbigliamento, le calzature, gli articoli tessili per la casa, la cristalleria, stoviglie e utensili domestici, i pezzi di ricambio e gli accessori per i mezzi di trasporto, gli accessori per gli apparecchi per la ricreazione, i giochi e i prodotti per gli hobby, i prodotti relativi agli effetti personali, i libri.  Beni energetici regolamentati: includono le tariffe per l’energia elettrica mercato tutelato e il gas di rete per uso domestico mercato tutelato. Beni energetici non regolamentati: comprendono i carburanti per gli autoveicoli, i lubrificanti, la ricarica elettrica per auto, i combustibili per uso domestico non regolamentati, il gas di rete per uso domestico mercato libero, l’energia elettrica mercato libero. Beni regolamentati: includono i beni energetici regolamentati e gli altri beni regolamentati. COICOP: classificazione dei consumi individuali secondo l’utilizzo finale. Componente di fondo: viene calcolata escludendo i beni alimentari non lavorati e i beni energetici.  Contributo alla variazione tendenziale dell’indice generale: permette di valutare l’incidenza delle variazioni di prezzo delle singole componenti sull’aumento o sulla diminuzione dell’indice aggregato. A tal fine, il tasso di variazione tendenziale dell’indice generale viene scomposto nella somma degli effetti attribuibili a ciascuna delle variazioni delle sue componenti. Poiché si tratta di un indice concatenato, il contributo della componente i-esima alla variazione dell’indice generale è funzione della dinamica di prezzo di tale componente e della modifica del suo peso relativo nei due anni a confronto. I contributi alla variazione tendenziale dell’indice generale sono calcolati a partire dagli indici elementari di prezzo dei prodotti del paniere di riferimento. Per effetto degli arrotondamenti, la loro somma può differire dalla variazione dell’indice generale. ECOICOP: classificazione europea dei consumi individuali secondo l’utilizzo finale, che prevede un livello di dettaglio (le sottoclassi) maggiore rispetto alla COICOP. FOI: indice nazionale dei prezzi al consumo per le famiglie di operai e impiegati. Inflazione: misura le variazioni nel tempo dei prezzi di un insieme di prodotti (paniere) rappresentativo di tutti i beni e servizi destinati al consumo finale delle famiglie, acquistabili sul mercato attraverso transazioni monetarie. Inflazione acquisita: rappresenta la variazione media dell’indice nell’anno indicato, che si avrebbe ipotizzando che l’indice stesso rimanga al medesimo livello dell’ultimo dato mensile disponibile nella restante parte dell’anno.  Inflazione “ereditata” nell’anno t dall’anno t-1: variazione percentuale misurata tra il mese di dicembre dell’anno t-1 e la media dell’anno t-1. In altre parole, se nel corso dell’anno t non si verificassero variazioni congiunturali dell’indice generale dei prezzi, la sua variazione media annua risulterebbe pari all’inflazione ereditata. Inflazione “propria” dell’anno t: variazione percentuale misurata tra la media dell’anno t e il dicembre dell’anno t-1. Essa rappresenta la variazione dell’indice generale dovuta alle variazioni di prezzo verificatesi nel corso dell’anno t.  
 
| 12 
PREZZI  AL CONSUMO  IPCA: indice armonizzato dei prezzi al consumo per i Paesi dell’Unione europea. IPCA-AS: indici armonizzati dei prezzi al consumo per aggregati speciali sono indicatori costruiti secondo uno schema classificatorio diverso dalla ECOICOP-IPCA e da quello utilizzato per gli indici NIC per tipologia di prodotto. La struttura di classificazione e le procedure di calcolo sono comuni a quelle utilizzate da Eurostat e ne condividono le innovazioni di carattere metodologico. In particolare, dalla diffusione degli indici definitivi di gennaio 2019 cambia il metodo di calcolo degli aggregati speciali dell’IPCA che sono ottenuti aggregando gli indici delle sottoclassi della ECOICOP (in precedenza, per il computo di questi indicatori erano utilizzati gli indici delle classi). Per una migliore fruibilità dei nuovi indicatori, le serie degli aggregati speciali, secondo il nuovo schema, sono state ricostruite per il periodo gennaio 2017 - dicembre 2018 e sostituiscono, per l’intervallo temporale in questione, quelle precedentemente diffuse, basate sulla vecchia metodologia di calcolo.  IPCA-TC: indice armonizzato dei prezzi al consumo a tassazione costante per i Paesi dell’Unione europea. Viene calcolato escludendo l’impatto (teorico) delle variazioni delle imposte indirette sui prezzi al consumo. NIC: indice nazionale dei prezzi al consumo per l’intera collettività. Prodotti ad alta frequenza di acquisto: includono, oltre ai generi alimentari, le bevande alcoliche e analcoliche, i tabacchi, le spese per l’affitto, i beni non durevoli per la casa, i servizi per la pulizia e manutenzione della casa, i carburanti, i trasporti urbani, i giornali e i periodici, i servizi di ristorazione, le spese di assistenza. Prodotti a media frequenza di acquisto: comprendono, tra gli altri, le spese di abbigliamento, le tariffe elettriche e quelle relative all’acqua potabile e lo smaltimento dei rifiuti, i medicinali, i servizi medici e quelli dentistici, i trasporti stradali, ferroviari marittimi e aerei, i servizi postali e telefonici, i servizi ricreativi e culturali, i pacchetti vacanze, i libri, gli alberghi e gli altri servizi di alloggio. Prodotti a bassa frequenza di acquisto: comprendono gli elettrodomestici, i servizi ospedalieri, l’acquisto dei mezzi di trasporto, i servizi di trasloco, gli apparecchi audiovisivi, fotografici e informatici, gli articoli sportivi. Servizi regolamentati: tipologie di servizio i cui prezzi sono stabiliti da amministrazioni nazionali o locali e da servizi di pubblica utilità soggetti a regolamentazione da parte di specifiche Agenzie (Authority). Comprendono i certificati, i documenti di riconoscimento, la tariffa per i rifiuti solidi, la tariffa per la raccolta di acque reflue, l’istruzione secondaria, le mense scolastiche, i trasporti urbani unimodali e multimodali (biglietti e abbonamenti), il trasporto extra-urbano su bus e multimodale, i taxi, i trasporti ferroviari regionali, i pedaggi autostradali, i musei, i giochi lotterie e scommesse, la revisione auto, alcuni servizi postali, i nidi d’infanzia comunali, i servizi di alloggio universitario. Servizi relativi ai trasporti: comprendono i trasporti aerei, marittimi, ferroviari e stradali, i servizi di manutenzione e riparazione di mezzi di trasporto, le assicurazioni sui mezzi di trasporto. Servizi relativi all’abitazione: comprendono i servizi di riparazione, la pulizia e la manutenzione della casa, la tariffa per i rifiuti solidi, la tariffa per la raccolta acque reflue, il canone d’affitto, le spese condominiali, i servizi assicurativi connessi all’abitazione. Servizi relativi alle comunicazioni: comprendono i servizi di telefonia e i servizi postali. Servizi ricreativi, culturali e per la cura della persona: comprendono i pacchetti vacanza, i servizi di alloggio, i ristoranti, bar e simili, le mense, la riparazione di apparecchi audiovisivi, fotografici e informatici, i servizi per l'abbigliamento, i servizi per l’igiene personale, i servizi ricreativi e culturali vari, i giochi lotterie e scommesse. Servizi vari: comprendono l’istruzione, i servizi medici, i servizi per l’assistenza, i servizi finanziari, professioni liberali, servizio funebre, servizi veterinari, servizi assicurativi privati connessi alla salute. Spesa equivalente: è calcolata dividendo il valore della spesa familiare per un opportuno coefficiente di correzione (scala di equivalenza), che permette di tener conto dell’effetto delle economie di scala e di rendere direttamente confrontabili i livelli di spesa di famiglie di ampiezza diversa. Nel presente comunicato si utilizza la scala di equivalenza Carbonaro. Trascinamento all’anno t+1: variazione percentuale misurata tra il mese di dicembre dell’anno t e la media dell’anno t. In altre parole, il trascinamento non è altro che l’eredità, in termini di inflazione, che l’anno t lascia all’anno t+1. Variazione congiunturale: variazione rispetto al periodo precedente. Variazione tendenziale: variazione rispetto allo stesso periodo dell’anno precedente.    
 
| 13 
PREZZI  AL CONSUMO  Introduzione e quadro normativo La rilevazione dei prezzi al consumo misura le variazioni nel tempo dei prezzi di un insieme di beni e servizi (paniere) rappresentativo di tutti quelli acquistati dalle famiglie per finalità di consumo (sono escluse le transazioni a titolo gratuito, gli autoconsumi, i fitti figurativi, ecc.). Gli indici dei prezzi al consumo sono calcolati utilizzando l’indice a catena del tipo Laspeyres, in cui sia il campione di beni e servizi sia il sistema dei pesi vengono aggiornati con cadenza annuale. In particolare, a dicembre di ogni anno, nel corso delle attività di ribasamento, si rinnova il disegno campionario dell’indagine e la struttura di ponderazione, ossia gli elementi di base per il calcolo degli indici dell’anno successivo. Il sistema degli indici dei prezzi al consumo è articolato in tre diversi indicatori:  
 l’indice nazionale dei prezzi al consumo per l’intera collettività (NIC) è utilizzato come misura dell’inflazione per l’intero sistema economico; in altre parole, si considera la collettività nazionale come un’unica grande famiglia di consumatori sebbene caratterizzata, al suo interno, da abitudini di spesa molto differenziate;  
 l’indice dei prezzi al consumo per le famiglie di operai e impiegati (FOI) si riferisce ai consumi dell’insieme delle famiglie che fanno capo ad un lavoratore dipendente; è l’indice usato per adeguare periodicamente valori monetari, quali i canoni di affitto o gli assegni dovuti al coniuge separato;  
 l’indice dei prezzi al consumo armonizzato per i paesi dell’Unione europea (IPCA) assicura una misura dell’inflazione comparabile tra i diversi paesi europei, attraverso l’adozione di un impianto concettuale, metodologico e tecnico condiviso; viene quindi assunto come indicatore per verificare la convergenza delle economie dei paesi membri dell’Unione europea; l’indice viene calcolato, pubblicato e inviato mensilmente dall’Istat a Eurostat secondo un calendario prefissato. Eurostat, a sua volta, diffonde gli indici armonizzati dei singoli paesi dell’Ue, sulla base dei quali elabora e diffonde l’indice sintetico europeo; l’indice IPCA è elaborato anche nella versione “a tassazione costante (IPCA-TC)”. A partire dai dati provvisori di gennaio 2026, l’indice IPCA è calcolato e diffuso con base di riferimento 2025=100, in linea con gli altri Paesi dell’Unione europea e in ottemperanza a quanto richiesto dal Regolamento (UE) 2024/3159 del 20 dicembre 2024 e dal Regolamento di esecuzione (UE) 2025/1182 del 18 giugno 2025. Le serie degli indici nazionali NIC e FOI hanno la medesima base di riferimento 2025=100.  La rilevazione dei prezzi al consumo è disciplinata anche da diverse leggi e regolamenti che definiscono i soggetti coinvolti (l’Istituto nazionale di statistica e i Comuni) e le relative funzioni: • il Regio Decreto Legge n. 222/1927, che conferisce l’incarico all’Istituto centrale di statistica di promuovere la formazione di indici del costo della vita in tutti i comuni con più di 100.000 abitanti e in altri, preferibilmente scelti tra i capoluoghi di provincia o tra quelli con più di 50.000 abitanti che abbiano uffici di statistica idonei; • la Legge n. 621/1975 modifica come di seguito il regio decreto relativamente ai comuni cui spetta l’obbligo di condurre l’indagine sui prezzi al consumo: “tra i comuni di cui all’art. 1 … devono intendersi compresi tutti i comuni capoluogo di provincia e quelli con oltre 30.000 abitanti che abbiano un ufficio di statistica idoneo”; • il D.lgs n. 322/1989, che disciplina le attività di rilevazione, elaborazione, analisi e diffusione e archiviazione dei dati statistici svolte dagli enti e organismi pubblici di informazione statistica, al fine di realizzare l’unità di indirizzo, l’omogeneità organizzativa e la razionalizzazione dei flussi a livello centrale e locale.  Copertura dell’indagine e organizzazione della rilevazione  I dati che concorrono alla costruzione degli indici mensili dei prezzi al consumo sono raccolti attraverso l’utilizzo di una pluralità di fonti: la rilevazione territoriale, condotta dagli Uffici comunali di statistica (UCS); la rilevazione centralizzata, condotta dall’Istat direttamente o attraverso la collaborazione con grandi fornitori di dati; gli scanner data provenienti dalla Grande Distribuzione Organizzata (GDO); la fonte amministrativa.  Nel 2026, i beni e servizi rilevati in modo esclusivo mediante la rilevazione territoriale ammontano, in termini di peso, a circa il 49,9% del paniere, contro il 25,6% di quelli a rilevazione esclusivamente centralizzata. Tramite l’acquisizione dei dati scanner dalla GDO vengono rilevati i prezzi dei beni cosiddetti grocery (beni alimentari confezionati e beni per la cura della casa e della persona) e le quotazioni di alcune tipologie di frutta e verdura fresca a peso imposto. Nel complesso, i beni a rilevazione scanner rappresentano il 13,3% del paniere in termini di peso. A queste tre modalità si aggiunge l’utilizzo delle fonti amministrative: la base dati del Ministero delle imprese e del made in Italy (MIMIT, ex MISE Ministero dello Sviluppo Economico) per la rilevazione dei prezzi dei carburanti, che copre il 4,5% del paniere; i dati forniti dall’Osservatorio immobiliare dell’Agenzia delle entrate per la rilevazione dei prezzi degli Affitti reali per abitazioni di privati che pesa per il 2,9% e l’Agenzia delle dogane e dei monopoli per la rilevazione dei tabacchi che incide sul paniere per il 3,8%. 
 
| 14 
PREZZI  AL CONSUMO  Nel 2026, i comuni che concorrono al calcolo degli indici per tutti gli aggregati di prodotto del paniere sono 80 (di cui 19 capoluoghi di regione, 61 capoluoghi di provincia3), invariati rispetto al 2025. Sono 10 i comuni4 che partecipano al calcolo degli indici per un sottoinsieme di prodotti (tariffe locali quali fornitura acqua, raccolta rifiuti, raccolta acque reflue, trasporti urbani, taxi, mense scolastiche, nido d’infanzia comunale, e altri servizi come manifestazioni sportive, cinema, spettacoli teatrali, istruzione secondaria superiore, mense universitarie, ecc.). Nei 90 comuni si contano più di 46mila unità di rilevazione (tra punti vendita, imprese e istituzioni) dove gli Uffici comunali di statistica monitorano il prezzo di almeno un prodotto; a queste si aggiungono più di 2.900 abitazioni per la rilevazione dei canoni di affitto di abitazioni di Enti pubblici5. Nel complesso sono quasi 402mila le quotazioni che contribuiscono al calcolo dell’inflazione, inviate mensilmente all’Istat dagli Uffici comunali di statistica (erano circa 388mila del 2025. Nel 2026, sono circa 187mila le quotazioni di prezzo raccolte ogni mese centralmente dall’Istat. Le informazioni di prezzo sono ottenute tramite web, anche con l’utilizzo di procedure di web scraping o acquisendo informazioni da soggetti esterni (Ivass, ANCE, Aiscat, Farmadati, AIE, GfK Italia s.r.l, ecc.); inoltre, ne vengono rilevate mediante indagine diretta, condotta presso un campione di imprese di assicurazione, le quali forniscono i prezzi relativi a tre profili assicurativi riconducibili alla copertura dei rischi contro incendio, furto e danneggiamento del contenuto dell’abitazione. La rilevazione dei prezzi al consumo tramite scanner data interessa cinque tipologie distributive della Grande Distribuzione Organizzata: ipermercati, supermercati, discount, piccole superfici di vendita (note anche come “libero servizio”, punti vendita con superficie compresa tra i 100 e i 400 mq) e specialist drug (specialisti dei prodotti per la cura della casa e della persona). Nel complesso nel 2026, la rilevazione dei prezzi tramite scanner data interessa 179 aggregati di prodotto, appartenenti a sei divisioni della ECOICOP (Prodotti alimentari e bevande analcoliche, Bevande alcoliche e tabacco, Arredamenti, apparecchi per uso domestico e manutenzione corrente dell'abitazione, Sanità, Ricreazione, sport e cultura, Assistenza alla persona, protezione sociale e beni e servizi vari). L’utilizzo stabile di informazioni provenienti dalle casse della GDO per la stima dell’inflazione si è reso possibile grazie a una proficua collaborazione dell’Istat con l’Associazione della Distribuzione moderna (ADM) e i rappresentanti delle principali catene operanti in Italia. L’accordo prevede che i dati vengano acquisiti dall’Istat per il tramite della società A.C. Nielsen, previa autorizzazione all’utilizzo dei dati da parte delle catene della Grande Distribuzione. L’Istat acquisisce i dati settimanali di fatturato e quantità distinti per punto vendita e per GTIN (codice a barre), per singolo punto vendita di 19 grandi gruppi della GDO in Italia per tutte le province del territorio nazionale. Il campione dei punti vendita è rappresentativo di tutto l’universo delle cinque tipologie distributive della GDO e comprende oltre 4.250 punti vendita distribuiti sull’intero territorio nazionale. L’individuazione delle referenze che entrano nel calcolo dell’indice avviene tramite i codici a barre (GTIN), che identificano univocamente i prodotti sull’intero territorio nazionale. Il valore unitario del prezzo per ciascun codice a barre è la media dei prezzi effettivamente pagati dai consumatori per quei prodotti. Per la selezione delle referenze, l’Istat utilizza un approccio di tipo dinamico che implica una selezione del campione di referenze in ciascun mese. L’approccio dinamico permette di utilizzare l’informazione proveniente dall’universo dei GTIN venduti in ciascun punto vendita e di seguire l’evoluzione dei prodotti che entrano ed escono dal mercato nei dodici mesi dell’anno. Nel complesso, per ciascuna settimana, si acquisiscono per il calcolo degli indici circa 22 milioni di referenze il cui prezzo settimanale viene calcolato sulla base dei dati di fatturato e quantità vendute in ciascun punto vendita e relative a oltre 280mila GTIN distinti. Il totale delle quotazioni di prezzo mensili utilizzate si attesta su circa 27 milioni. A seguito della selezione dinamica contribuiscono mediamente ogni mese al calcolo degli indici circa 13 milioni di referenze. Le rilevazioni di fonte amministrativa per il calcolo dei prezzi al consumo sono diverse. Tra queste rientrano quelle relative ai Tabacchi i cui dati sono forniti dall’Agenzia delle dogane e dei monopoli (ADM). Gli indici calcolati sono relativi a tre aggregati di prodotto: Sigarette, Sigari e sigaretti e Altri tabacchi (trinciati per sigarette, tabacco da fiuto e da mastico, altri tabacchi da fumo, tabacchi da inalazione). Il campione e il sistema di ponderazione sono ottenuti sulla base del valore annuo delle vendite dei principali tabacchi lavorati in commercio. Dal 2017 anche per i prezzi al consumo dei carburanti si utilizzano dati di fonte amministrativa, grazie a un accordo siglato con il MIMIT (ex MISE) che, in ottemperanza alla normativa vigente, raccoglie i dati sui prezzi di questi prodotti. In particolare, nel 2026, gli indici dei prezzi dei carburanti sono calcolati attraverso l’elaborazione di circa 203mila osservazioni di prezzo al mese, provenienti da circa 19.500 impianti, pari all’81,3% di quelli attivi e presenti nella  3 Il comune di Olbia da gennaio 2026 è uno dei nuovi capoluoghi di provincia (insieme a Tempio Pausania) della provincia della Gallura Nord-Est Sardegna, istituita nel 2021 e operativa dal 2025. 4 Si tratta dei comuni di Asti, Chieti, Foggia, Frosinone, L’Aquila, Matera, Prato, Ragusa, Verbania e Vibo Valentia. 5 A partire da gennaio 2022 la rilevazione dei canoni di affitto per le abitazioni di privati è condotta centralmente dall’Istat tramite l’utilizzo di dati di fonte amministrativa e in particolare della base dati locazioni immobiliari dell’Osservatorio del mercato immobiliare dell’Agenzia delle entrate. 
 
| 15 
PREZZI  AL CONSUMO banca dati del MIMIT. La copertura dei distributori di carburanti per area territoriale comprende oltre 4.600 impianti nel Nord-Ovest, quasi 4.000 nel Nord-Est, oltre 4.300 al Centro, oltre 4.500 al Sud e quasi 2.200 nelle Isole. I dati del Ministero delle Imprese e del Made in Italy coprono i quattro aggregati di prodotto riferiti ai carburanti per autotrazione che compongono il paniere: Benzina, Gasolio per mezzi di trasporto, Gas GPL e Gas metano per autotrazione. Infine, la rilevazione sui canoni di affitto per le abitazioni di proprietà privata viene effettuata dall’Istat avvalendosi della base dati delle locazioni immobiliari dell’Osservatorio del mercato immobiliare dell’Agenzia delle entrate. In seguito alla operazione di validazione dei dati, sono circa un milione e mezzo i canoni di affitto utilizzabili per il calcolo dell’indice mensile.  Metodologia di calcolo degli indici e delle variazioni Struttura di ponderazione  Non tutti i beni e i servizi che entrano nel paniere hanno la stessa importanza nei consumi della popolazione. L’esigenza di misurare il livello dei prezzi e la loro dinamica temporale attraverso indicatori di sintesi richiede la definizione di un sistema di ponderazione che consenta di elaborare tali indicatori tenendo conto della diversa rilevanza che i singoli prodotti assumono sulla spesa complessiva per consumi delle famiglie.  Ogni anno i coefficienti di ponderazione degli indici sono aggiornati per tener conto dell’evoluzione dei consumi finali delle famiglie (secondo le stime della Contabilità nazionale) e dell’informazione derivante dall’indagine sulle Spese delle famiglie; vengono inoltre considerati i dati provenienti da altre fonti ausiliarie interne ed esterne all’Istat, come ad esempio le basi dati di importanti società di analisi e ricerche di mercato (A.C. Nielsen o GfK Italia S.r.l.). Al fine di salvaguardare la coerenza tra la struttura di ponderazione degli indici e quella dei bilanci delle famiglie - nel rispetto delle linee guida Eurostat - per la revisione dei pesi sono stati utilizzati i dati più recenti delle principali fonti Istat. In particolare, i dati di riferimento sono relativi al 2025 per la fonte di Contabilità nazionale e al 2024 per l’indagine sulle Spese delle famiglie.  Nel Prospetto 1 è riportata la versione finale della struttura dei pesi per divisione di spesa utilizzata per il calcolo dei tre indici dei prezzi al consumo (NIC, IPCA e FOI). PROSPETTO 1. PESI UTILIZZATI PER IL CALCOLO DEGLI INDICI NAZIONALI DEI PREZZI AL CONSUMO, PER DIVISIONI DI SPESA. Anno 2026, valori percentuali  DIVISIONI DI SPESA Pesi NIC IPCA FOI Prodotti alimentari e bevande analcoliche 17,2256 17,9043 15,65 Bevande alcoliche e tabacco 2,9104 3,0265 3,1901 Abbigliamento e calzature 6,0192 6,7505 6,1708 Abitazione, acqua, elettricità, gas e altri combustibili 12,00 12,4803 12,7237 Arredamenti, apparecchi per uso domestico e manutenzione corrente dell’abitazione 6,7696 7,064 6,5151 Sanità 8,1502 3,987 7,2952 Trasporti 15,454 16,035 17,5806 Informazione e comunicazione 2,8613 2,9758 3,1942 Ricreazione, sport e cultura 5,8992 6,1241 6,0249 Servizi di istruzione 0,9678 1,0067 1,1721 Servizi di ristoranti e servizi di alloggio 12,1827 12,672 11,5396 Servizi finanziari e assicurativi 2,6667 2,7733 2,4246 Assistenza alla persona, protezione sociale e beni e servizi vari 6,8933 7,2005 6,5191 Indice generale 100,0000 100,0000 100,0000       
 
| 16 
PREZZI  AL CONSUMO Indici nazionali e territoriali  La metodologia di calcolo degli indici dei prezzi al consumo prevede quattro diversi processi di aggregazione degli indici di ciascun aggregato di prodotto calcolati per ogni capoluogo di provincia.  L’indice nazionale si ottiene nel modo seguente: 
 si aggregano tra loro gli indici provinciali di aggregato di prodotto per costruire l’indice regionale di aggregato di prodotto; per quanto riguarda i beni alimentari (esclusi i prodotti freschi) e per la cura della casa e della persona, gli indici regionali di aggregato di prodotto sono calcolati tendendo distinte le diverse tipologie distributive (ipermercati, supermercati, discount, libero servizio, specialist drug) per i quali si utilizzano le informazioni provenienti dai registratori elettronici di cassa (scanner data); per un numero limitato di aggregati, l’indice viene calcolato integrando le informazioni provenienti dagli scanner data con quelle rilevate direttamente dagli Uffici Comunali di Statistica; i coefficienti di ponderazione adoperati per le sintesi degli indici provinciali si basano, in generale, sul peso di ciascun capoluogo di provincia in termini di popolazione residente;  
 si aggregano tra loro gli indici regionali di aggregato di prodotto per costruire l’indice nazionale di aggregato di prodotto; i coefficienti di ponderazione utilizzati si basano sul peso di ciascuna regione in termini di consumi delle famiglie;  
 l’indice generale nazionale dei prezzi al consumo si ottiene come media ponderata degli indici nazionali di aggregato di prodotto. I coefficienti di ponderazione utilizzati si basano sul peso di ciascun aggregato di prodotto in termini di consumi delle famiglie.  Gli indici per capoluogo di provincia, regione e ripartizione geografica si ottengono come segue: 
 l’indice generale per regione e per ripartizione geografica dei prezzi sono calcolati rispettivamente come media ponderata degli indici regionali e ripartizionali di aggregato di prodotto; i coefficienti di ponderazione utilizzati si basano sul peso di ciascun aggregato di prodotto in termini di consumi delle famiglie; 
 l’indice generale provinciale si ottiene come media aritmetica ponderata degli aggregati di prodotto calcolati a livello di capoluogo di provincia; i coefficienti di ponderazione utilizzati si basano sul peso di ciascun aggregato di prodotto in termini di consumi delle famiglie. La struttura di ponderazione utilizzata è quella definita a livello regionale. Il calcolo degli indici sintetici (per ogni livello di sintesi degli aggregati) avviene applicando la formula dell’indice a catena di Laspeyres; pertanto, gli indici mensili dell’anno corrente sono calcolati con riferimento al mese di dicembre dell’anno precedente (base di calcolo) e successivamente raccordati al periodo scelto come base di riferimento dell’indice per misurare la dinamica dei prezzi su un periodo di tempo pluriennale.  Classificazione degli indici dei prezzi al consumo La classificazione adottata per gli indici dei prezzi al consumo è la European Classification of Individual Consumption by Purpose (ECOICOP versione 2), allegata al nuovo Regolamento quadro europeo degli indici dei prezzi al consumo armonizzati e dell’indice dei prezzi delle abitazioni (Reg. (UE) n. 2016/792 del Paramento europeo e del Consiglio relativo agli indici dei prezzi al consumo armonizzati e all'indice dei prezzi delle abitazioni, e recante abrogazione del regolamento (CE) n. 2494/95 del Consiglio, così come modificato dal Reg.(UE) 2024/3159 della Commissione per quanto riguarda la classificazione dei consumi e l’inclusione di giochi, lotterie e scommesse). La ECOICOP v2 è articolata su quattro livelli classificatori gerarchicamente ordinati: Divisioni, Gruppi, Classi e Sottoclassi. Ai fini del calcolo degli indici dei prezzi al consumo, le Sottoclassi di prodotto sono ulteriormente disaggregate in Segmenti di consumo. In base alla struttura di classificazione degli indici e al dettaglio territoriale, gli indici NIC sono pubblicati fino al livello dei segmenti di consumo se riferiti all’intero territorio nazionale6, fino a quello dei gruppi di prodotto se riferiti a ripartizione, regione e provincia. Gli indici FOI sono diffusi a livello nazionale e provinciale fino alle divisioni di spesa.  In aggiunta, sia con riferimento all’indice NIC sia all’IPCA, vengono calcolati indici dei prezzi basati su schemi classificatori alternativi alla classificazione ECOICOPv2, rispettivamente gli indici per tipologia di prodotto e quelli degli aggregati speciali (IPCA-AS). In particolare, gli IPCA-AS sono elaborati adottando lo stesso metodo di calcolo  6 Gli indici riferiti agli Aggregati di prodotto, nei quali si articolano ulteriormente i Segmenti di consumo, sono forniti su richiesta per specifiche finalità di studio e analisi.  
 
| 17 
PREZZI  AL CONSUMO utilizzato da Eurostat (diverso da quello adottato per le tipologie di prodotto del NIC), al fine di permettere la piena comparabilità tra gli indici italiani e quelli elaborati da Eurostat per l’Ue, la zona euro e gli altri Paesi europei7.   Rilevazione e calcolo degli indici dei prezzi dei prodotti stagionali Dai dati di gennaio 2011 viene adottata la metodologia di rilevazione e calcolo degli indici dei prezzi dei prodotti stagionali, conforme alle norme previste prima dal Regolamento (CE) n. 330/2009 del 22 aprile 2009 e poi dal Regolamento di Esecuzione (UE) n. 2020/1148 della Commissione del 31 luglio 2020 (che ha abrogato il Regolamento 330/2009), per i prodotti stagionali appartenenti ai gruppi e classi di prodotto Frutta, Vegetali, Abbigliamento e Calzature. La metodologia è adottata per i tre indici NIC, FOI e IPCA. Secondo il citato Regolamento si definisce prodotto stagionale un singolo prodotto acquistabile o acquistato in quantità significative solo durante una parte dell’anno secondo uno schema ricorrente.  Il Regolamento stabilisce, inoltre, che, in un dato mese, i prodotti stagionali siano considerati “in stagione” o “fuori stagione”. Sulla base di tale norma, ogni anno, l’Istat provvede alla definizione del calendario mensile valido per tutto l’anno, che stabilisce in un dato mese quando ogni specifico prodotto, appartenente alle suddette categorie o ai suddetti gruppi, deve essere considerato “in stagione” oppure “fuori stagione”. L’adozione di un calendario della stagionalità comporta che la rilevazione territoriale dei prezzi al consumo sia effettuata solo nei mesi in cui il prodotto in questione è definito “in stagione”, mentre i prezzi dei prodotti “fuori stagione” sono stimati sulla base di una metodologia coerente con le indicazioni contenute nel Regolamento europeo.  Stima delle osservazioni mancanti negli indici dei prezzi al consumo Le procedure di imputazione delle osservazioni mancanti adottate dall’Istat per la stima dell’inflazione sono coerenti con l’impianto metodologico indicato da Eurostat e condiviso con gli Stati membri dell’Unione europea8.  Questo impianto, che riguarda tutti e tre gli indici (NIC, FOI e IPCA), si basa su tre principi:  1. stabilità dei pesi degli aggregati di prodotto che compongono il paniere, 2. calcolo degli indici per tutti gli aggregati di prodotto e i diversi livelli di disaggregazione previsti dalla ECOICOP, 3. minimizzazione del numero di prezzi imputati9. Le regole di imputazione si applicano sia ai casi in cui non è possibile rilevare il prezzo di un prodotto, sia ai casi nei quali l’assenza del prezzo deriva dalla sua indisponibilità nel mercato, e comportano l’applicazione di procedure di ricostruzione del prezzo mancante della referenza, basate prevalentemente sulla variazione del prezzo rispetto al mese precedente.  L’individuazione della variazione congiunturale più idonea per la procedura di imputazione non è univocamente determinata, ma dipende da diversi fattori (tra i quali la quota di mancate rilevazioni per prodotto, la sua posizione nella struttura gerarchica, il suo grado di volatilità mensile e il carattere stagionale della dinamica dei prezzi).  Le regole di imputazione delle mancate rilevazioni dei prezzi applicate ai prodotti delle diverse categorie merceologiche, sono di seguito elencate: a. Per i prodotti grocery rilevati tramite scanner data, nell’ambito dell’approccio dinamico utilizzato per il calcolo degli indici e in accordo con le linee guida dell’Eurostat, i prezzi delle referenze (GTIN) temporaneamente assenti (per cause stagionali o accidentali) vengono imputati per un massimo di 14 mesi consecutivi. In particolare, qualora i prezzi mensili di alcune referenze di un determinato aggregato di prodotto risultino mancanti (come nel caso di assenza di vendite di un prodotto), essi vengono imputati per variazione,  7 La pubblicazione degli indici IPCA-AS è stata avviata a partire dai dati di febbraio 2013. La descrizione delle categorie merceologiche che definiscono i diversi aggregati speciali è disponibile sul sito web di Eurostat al seguente indirizzo:  http://ec.europa.eu/eurostat/ramon/nomenclatures/index.cfm?TargetUrl=LST_NOM_DTL&StrNom=HICP_2000&StrLanguageCode=EN&IntPcKey=&StrLayoutCode  Per la metodologia utilizzata per la sintesi degli indici, si consulti il Compendio dell’IPCA disponibile in formato pdf all’indirizzo:  http://ec.europa.eu/eurostat/documents/3859598/5926625/KS-RA-13-017-EN.PDF/59eb2c1c-da1f-472c-b191-3d0c76521f9b?version=1.0.  Le serie a partire da gennaio 2001 sono disponibili su IstatData, il data warehouse delle statistiche prodotte dall’Istituto, sotto il tema “Prezzi” e “Prezzi al consumo”.  8 Durante il periodo dell’emergenza sanitaria legata alla diffusione del Covid-19, l’insieme delle procedure per l’imputazione delle mancate rilevazioni è stato aggiornato, in cooperazione con gli altri Istituti nazionali di statistica dei paesi dell’Unione europea e sotto il coordinamento dell’Eurostat, per tenere conto delle criticità emerse relativamente alla raccolta dei dati nella fase di pandemia. 9 Il criterio della minimizzazione del numero di prezzi imputati implica che, nella selezione dei prodotti che compongono il paniere, si deve tenere conto della loro effettiva disponibilità all’acquisto da parte delle famiglie.  
 
| 18 
PREZZI  AL CONSUMO utilizzando il tasso di crescita su base mensile delle altre referenze, tenendo conto delle regole di aggregazione, per step successivi, adottate per la sintesi degli indici10.  Più in dettaglio, i prezzi mancanti vengono imputati all’interno di ciascun punto vendita stimando l’evoluzione dei prezzi dei GTIN effettivamente venduti nel mercato ECR cui il GTIN mancante appartiene. Per i GTIN che non trovano donatori all’interno del mercato ECR si considera lo strato cui appartiene il punto vendita e i prezzi mancanti vengono stimati seguendo l’evoluzione dei prezzi dello stesso mercato nello strato. Qualora non esistano donatori la procedura di stima sale di livello (provincia/aggregato di prodotto) fino ad imputare tutti i prezzi delle referenze mancanti. La metodologia implementata garantisce che la variazione degli aggregati di prodotto tenga conto delle sole informazioni effettivamente disponibili (l’imputazione è neutrale rispetto all’aggregazione). Le stesse regole di imputazione valgono nel caso in cui l’indisponibilità delle informazioni è dovuta alla chiusura del punto vendita. In tal caso vengono imputati i prezzi di tutte le corrispondenti referenze. b. Nel settore dell’abbigliamento e calzature e per i prodotti alimentari freschi, quali frutta e vegetali freschi, per i quali è prevista la rilevazione bimensile, nel caso in cui non siano disponibili i prezzi per entrambe le date di rilevazione, le mancate risposte sono imputate per variazione dei prezzi delle referenze che sono state rilevate per lo stesso prodotto nel capoluogo di provincia, oppure nella regione o a livello nazionale, applicando le consuete procedure per la stima dei prezzi dei prodotti stagionali. c. Per la stima dei prezzi dei prodotti alimentari freschi (per i quali è prevista la rilevazione mensile), dei prodotti ittici freschi (per i quali è prevista la rilevazione bimensile, nel caso in cui non siano disponibili i prezzi per entrambe le date di rilevazione), le mancate risposte sono imputate per variazione dei prezzi delle referenze rilevate per lo stesso prodotto nel capoluogo di provincia, oppure nella regione o a livello nazionale. d. Per i prodotti dei servizi ricettivi, quali camera d’albergo e bed and breakfast le mancate risposte sono imputate utilizzando la variazione congiunturale dei prezzi rilevati nelle strutture ricettive della provincia per la stessa categoria per gli alberghi, oppure nello stesso aggregato; se invece il numero di osservazioni disponibili nel mese di riferimento dei dati non lo consente, il dato mancante viene imputato utilizzando la variazione congiunturale osservata nella provincia nello stesso mese dell’anno precedente, al fine di preservare la dinamica stagionale dell’aggregato. e. Per i prezzi dei prodotti di arredamento e dei prodotti per la casa si applica il metodo del carry forward (ripetizione del prezzo del mese precedente), data la limitata variabilità temporale dei prezzi di questa categoria di prodotti. f. Analogamente il metodo del carry forward viene adottato per i prezzi dei servizi di ristorazione e dei servizi culturali e di intrattenimento. g. Per i prodotti rilevati centralmente dall’Istat ogni quotazione mancante viene stimata utilizzando la variazione congiunturale degli indici che appartengono allo stesso strato; qualora i prezzi di uno strato risultino completamente assenti, la procedura di stima è basata sulla variazione degli indici di strato superiori. h. Per i prodotti indisponibili alla fruizione da parte delle famiglie (come accaduto nei periodi di lockdown durante la pandemia causata dal Covid-19) e che presentano un chiaro profilo stagionale, viene utilizzata la variazione dell’indice generale calcolata al netto di questi stessi prodotti. Gli indici ai diversi livelli di aggregazione qualora abbiano una quota di imputazioni superiore al 50% (in termini di prezzi mancanti e/o di peso) sono segnalate, sulla base delle indicazioni di Eurostat, mediante l’utilizzo del flag “i” (dato imputato) sia nelle tabelle del Comunicato stampa, sia su Istat.Data e nelle altre pubblicazioni.  Per quanto riguarda gli indici diffusi su Rivaluta, in occasione del rilascio dei dati definitivi, quelli che presentano una quota di imputazioni superiore al 50% (in termini di prezzi mancanti e/o di peso) non sono resi disponibili.  Stima preliminare degli indici dei prezzi al consumo IPCA: accuratezza e metodologia di calcolo La diffusione degli indici dei prezzi al consumo avviene in due successivi istanti temporali secondo una diversa modalità di rilascio dei dati: prima come stima provvisoria, poi come stima definitiva. La diffusione della stima provvisoria degli indici IPCA (e degli indici NIC) avviene alla fine del mese di riferimento nel rispetto del calendario Eurostat di diffusione della stima anticipata dell’inflazione nell’area euro. Il rilascio dei dati definitivi avviene intorno alla metà del mese successivo a quello di riferimento.    10 La stessa procedura si applica al caso di stima dei prezzi outlier. 
 
| 19 
PREZZI  AL CONSUMO  La finalità della diffusione dei dati provvisori, sia dell’indice IPCA sia dall’indice NIC, è quella di fornire informazioni più tempestive sull’andamento dei prezzi al consumo, stimando nel modo più accurato possibile il dato definitivo dell’inflazione rilasciato circa due settimane dopo. In questo contesto, l’analisi delle revisioni delle stime provvisorie dei tassi tendenziali rappresenta un importante strumento per valutare il corretto bilanciamento tra le due dimensioni della qualità dei dati, tempestività e accuratezza. In linea con la politica di diffusione di Eurostat, che pubblica mensilmente una nota sull’accuratezza della stima anticipata dell’inflazione per l’area euro, questa sezione è dedicata all’analisi dell’accuratezza e alla metodologia utilizzata per il calcolo della stima preliminare dell’indice IPCA.  Accuratezza delle stime preliminari Nel Prospetto 2 sono confrontati i tassi di variazione tendenziale definitivi e provvisori dell’indice generale IPCA. A luglio 2026, tra la stima definitiva e quella provvisoria del tasso tendenziale dell’indice generale IPCA non vi è stata differenza. Nel prospetto sono riportati anche i tendenziali dei principali aggregati da cui si evince che, per lo stesso mese di riferimento, una differenza pari a +0,7 p.p. ha riguardato l’aggregato Energia e una -0,4 p.p. ha interessato i Prodotti alimentari compresi alcol e tabacco.  PROSPETTO 2. STIME PRELIMINARI E DEFINITIVE DEGLI INDICI DEI PREZZI AL CONSUMO IPCA E DEI PRINCIPALI AGGREGATI SPECIALI.  Gennaio 2026 – gennaio 2027, valori percentuali tendenziali (base 2025=100) Aggregati speciali   gen-26 feb-26 mar-26 apr-26 mag-26 giu-26 lug-26 ago-26 set-26 ott-26 nov-26 dic-26 gen-27 Prodotti alimentari compresi alcol e tabacco, di cui: P - +2,6 +2,6 +3,2 +2,8 +2,1 +1,8 - - - - - - D +2,2 +2,5 +2,7 +2,9 +2,5 +1,8 +1,4 - - - - -      Prodotti alimentari trasformati, compresi alcol e tabacco P - +2,0 +1,7 +1,6 +1,2 +0,9 +0,8 - - - - - - D +2,1 +1,8 +1,6 +1,2 +0,8 +0,5 +0,4 - - - - -      Prodotti alimentari non trasformati P - +3,6 +4,2 +6,2 +5,9 +4,6 +3,6 - - - - - - D +2,5 +3,7 +4,6 +6,0 +5,5 +4,4 +3,3 - - - - -  Energia P - -6,6 -2,3 +9,7 +12,0 +12,6 +11,0 - - - - - - D -6,2 -6,6 -2,1 +9,3 +12,0 +12,9 +11,7 - - - - -  Beni industriali non energetici P - +0,6 +0,2 +0,6 +0,5 +0,5 +0,7 - - - - - - D +0,5 +0,6 +0,1 +0,6 +0,6 +0,5 +0,6 - - - - -  Servizi P - +3,9 +2,9 +2,3 +2,7 +2,5 +2,5 - - - - - - D +2,7 +3,9 +2,9 +2,3 +2,7 +2,5 +2,5 - - - - -  Indice generale P +1,0 +1,6 +1,5 +2,9 +3,3 +3,1 +2,9 - - - - - - D +1,0 +1,5 +1,6 +2,8 +3,2 +3,0 +2,9 - - - - - - Indice generale al netto dell’energia e degli alimentari freschi (Componente di fondo) P - +2,7 +1,8 +1,6 +1,8 +1,6 +1,7 - - - - - - D +1,9- +2,6 +1,8 +1,6 +1,8 +1,5 +1,6 - - - - -  Indice generale energia esclusa P - +2,7 +2,0 +2,0 +2,1 +1,9 +1,7 - - - - - - D +1,9 +2,7 +2,0 +2,0 +2,1 +1,8 +1,7 - - - - -            
 
| 20 
PREZZI  AL CONSUMO  Calcolo delle variazioni degli indici  Il calcolo delle variazioni congiunturali e tendenziali degli indici dei prezzi al consumo si effettua, sulle serie pubblicate, secondo le regole seguenti: • la variazione percentuale tra indici mensili, espressi nella stessa base di riferimento, è pari al rapporto degli indici messi a confronto, per 100, meno 100. Il risultato finale è arrotondato a 1 decimale (per esempio per calcolare la variazione percentuale dell’indice generale NIC tra febbraio e marzo 2022, l’indice di marzo 2022 (base 2015=100) è pari a 110,4, quello di febbraio è 109,3, quindi il calcolo è 110,4/109,3*100-100=+1,0%);  • la variazione percentuale tra indici medi annui, espressi nella medesima base di riferimento è pari al rapporto degli indici degli anni posti a confronto, per 100, meno 100; il risultato finale è arrotondato a 1 decimale (per esempio per calcolare la variazione percentuale dell’indice generale NIC tra gli anni 2022 e 2020, l’indice medio annuo del 2022, con base 2015=100, è 113,2, quello del 2020, con base 2015=100, è 102,7, quindi il calcolo è 113,2/102,7*100-100=+10,2%). Fa eccezione l’indice armonizzato (IPCA), per il quale la variazione percentuale media annua viene calcolata a partire dagli indici mensili; per esempio, per calcolare la variazione percentuale dell’indice generale IPCA tra gli anni 2022 e 2020, il calcolo è (107,8+108,7+111,3+111,7+112,7+114,1+112,8+113,8+115,6+120,0+120,8+121,1)/(101,9+ 101,4+103,6+104,1+103,8+103,8+103,1+101,8+102,7+103,3+103,3+103,5)*100-100=+10,8% • la variazione percentuale tra indici mensili o medi annui NIC (o alternativamente FOI), con diversa base di riferimento (per intervalli di tempo all’interno dei quali si registra uno o più cambiamenti di base) è pari al rapporto degli indici messi a confronto, moltiplicato per i coefficienti di raccordo tra basi contigue (tanti quanti sono i cambiamenti di base nell’intervallo considerato), per 100, meno 100. Il risultato finale è arrotondato a 1 decimale; per esempio, per calcolare variazione percentuale dell’indice generale NIC tra gli anni 2022 e 2008, l’indice medio annuo del 2022, con base 2015=100, è 113,2, quello del 2008, in base 1995=100, è 136,0; il coefficiente di raccordo da base 1995 a base 2010 è pari a 1,398; quello da base 2010 a base 2015 è pari a 1,075; il calcolo, quindi, è 113,2/136,0*1,398*1,075*100-100= +22,4%.   La diffusione: tempestività e banche dati La diffusione degli indici dei prezzi al consumo da parte dell’Istat avviene in due momenti temporali successivi secondo una diversa modalità di rilascio dei dati: stima provvisoria e stima definitiva. La diffusione della stima provvisoria degli indici NIC (generale, per divisione di spesa, per tipologia di prodotto e per frequenza d’acquisto) e dell’indice IPCA (generale, per divisione di spesa e per aggregati speciali) avviene alla fine del mese di riferimento, mentre la diffusione dei dati definitivi dei tre indici NIC, IPCA e FOI avviene non oltre la metà del mese successivo a quello di riferimento. I tempi di pubblicazione sono stabiliti da un calendario https://www.istat.it/it/informazioni-e-servizi/per-i-giornalisti/appuntamenti/calendario-diffusioni-ed-eventi concordato con Eurostat, nel mese di dicembre di ogni anno, per l’anno successivo e secondo gli standard di diffusione (SDDS – Special Data Dissemination Standard) definiti dal Fondo Monetario Internazionale. Con la pubblicazione dei dati di gennaio 2019, la diffusione diretta degli indici comunali dei prezzi al consumo è effettuata dai comuni autorizzati in concomitanza con l’uscita degli indici definitivi da parte dell’Istat.  Gli indici, sia per la stima preliminare sia per quella definitiva, sono diffusi attraverso il comunicato stampa “Prezzi al consumo” disponibile sul sito web dell’Istituto all’indirizzo https://www.istat.it/it/archivio/prezzi+al+consumo. Le serie degli indici aggiornate sono pubblicate, in concomitanza con la diffusione del comunicato stampa, sul data warehouse IstatData (https://esploradati.istat.it/) all’interno del tema Prezzi - Prezzi al consumo. Unitamente agli indici mensili sono diffuse le variazioni percentuali congiunturali e tendenziali, gli indici medi annui, le variazioni medie annue e i pesi calcolati annualmente. Gli indici ai diversi livelli di aggregazione e per i diversi livelli territoriali di riferimento che hanno avuto una quota di imputazioni superiore al 50% (in termini di prezzi mancanti e/o di peso) sono individuabili con il flag “i” (dato imputato). Informazioni sugli indici dei prezzi al consumo sono disponibili sulla banca dati Congiuntura.Stat, che raccoglie e sistematizza le statistiche congiunturali prodotte dall’Istat e si propone quale strumento di approfondimento per policy maker, operatori sociali, studiosi e cittadini. Informazioni sulle serie storiche di tutti e tre gli indici, a partire dal 1861 e fino al 2015, sono disponibili sul sito dell’Istat all’indirizzo http://seriestoriche.istat.it/.   
 
| 21 
PREZZI  AL CONSUMO  Dati riepilogativi e approfondimenti sui prezzi al consumo e sul paniere dei beni e servizi sono, inoltre, contenuti in alcuni prodotti editoriali diffusi dall’Istat a cadenza annuale, quali l’Annuario statistico, il Rapporto annuale e la pubblicazione Noi Italia. In adempimento al Regolamento europeo n. 2016/792, del Parlamento europeo e del Consiglio relativo agli indici dei prezzi al consumo armonizzati e all'indice dei prezzi delle abitazioni, e recante abrogazione del regolamento (CE) n. 2494/95 del Consiglio, così come modificato dal Reg.(UE) 2024/3159 della Commissione per quanto riguarda la classificazione dei consumi e l’inclusione di giochi, lotterie e scommesse, i dati dell’indagine sui prezzi al consumo sono trasmessi due volte al mese a Eurostat. I principali indicatori, archiviati nel database di Eurostat, sono consultabili all’indirizzo http://ec.europa.eu/eurostat/data/database (Tema “Economy and finance”, argomento “Prices”).     Per chiarimenti tecnici e metodologici Manuela Morricone tel. +39 06 4673 2181 manuela.morricone@istat.it Alessandro Brunetti tel. +39 06 4673 2545 alessandro.brunetti@istat.it     
 
| 22 
PREZZI  AL CONSUMO           LA STATISTICA UFFICIALE  ASCOLTA I SUOI UTENTI  In occasione del Centenario dalla sua fondazione, l’Istat promuove una consultazione pubblica per raccogliere contributi, osservazioni e proposte sui bisogni informativi non ancora pienamente soddisfatti dalla statistica ufficiale. Al centro della consultazione non vi sono le modalità di comunicazione o diffusione dei dati, ma la produzione statistica. L’iniziativa intende rafforzare la qualità, la rilevanza e l’utilizzabilità della produzione statistica, favorendo al tempo stesso trasparenza e partecipazione. La consultazione è aperta a istituzioni, comunità scientifica, operatori dell’informazione, imprese, associazioni e cittadini.      PARTECIPA  ADESSO 
"
Produzione industriale – Giugno 2026,PROINDGIU2026,65b76e7ddf7b7cca90f2a702f437c4f5e132ef190dee67f00c5cbb2f7972e993,https://www.istat.it/comunicato-stampa/produzione-industriale-giugno-2026/,https://www.istat.it/wp-content/uploads/2026/08/Produzione-industriale_giugno2026.pdf," 
  
30 SETTEMBRE 2026 
UFFICIO STAMPA tel. +39 06 4673.2243/44 ufficiostampa@istat.it CONTACT CENTRE contact.istat.it    Giugno 2026   Produzione industriale  30 SETTEMBRE n A giugno 2026 si stima che l’indice destagionalizzato della produzione industriale diminuisca dell’1,0% rispetto a maggio. Nella media del secondo trimestre si registra una crescita del livello della produzione dello 0,4% rispetto al primo trimestre 2026. n L’indice destagionalizzato mensile cresce su base congiunturale solo per l’energia (+0,8%), mentre diminuisce per i beni di consumo (-0,7%), i beni intermedi (-0,9%) e i beni strumentali (-2,1%). n Al netto degli effetti di calendario, a giugno 2026 l’indice generale diminuisce in termini tendenziali dello 0,6% (i giorni lavorativi di calendario sono stati 21 contro i 20 di giugno 2025). Mostrano un calo i beni consumo (-3,2%) e i beni intermedi (-1,2%). Viceversa, si osserva una crescita tendenziale per i beni strumentali (+0,6%) e, con maggiore intensità, per l’energia (+1,7%). n I settori di attività economica che registrano gli incrementi tendenziali più elevati sono la fabbricazione di computer, prodotti di elettronica e ottica, apparecchi elettromedicali, apparecchi di misurazione e orologi (+4,5%), la fabbricazione di mezzi di trasporto (+3,2%) e la fornitura di energia elettrica, gas, vapore ed aria (+2,3%). Le flessioni maggiori si osservano nelle industrie tessili, abbigliamento, pelli e accessori (-7,1%), nelle altre industrie manifatturiere, riparazione e installazione di macchine ed apparecchiature (-3,6%) e nella fabbricazione di macchinari e attrezzature n.c.a. (-2,3%).                           Il commento     A giugno l’indice destagionalizzato della produzione industriale registra un calo rispetto a maggio. La flessione è diffusa ai principali raggruppamenti di industrie, con esclusione dell’energia. Risulta invece positivo l’andamento congiunturale complessivo nella media del secondo trimestre (+0,4%). Anche in termini tendenziali la produzione, al netto degli effetti di calendario, è in flessione. Il calo è marcato nei beni di consumo, mentre l’energia e i beni strumentali registrano una crescita moderata. Nel primo semestre dell’anno, la produzione totale al netto degli effetti di calendario registra una crescita tendenziale modesta (+0,5%), con un incremento particolarmente sostenuto nella fabbricazione di mezzi di trasporto.  PROSSIMA DIFFUSIONE 10 settembre 2026  Link utili  IstatData Nota informativa  
6 agosto 2026 

 
 | 2 
PRODUZIONE  INDUSTRIALE  FIGURA 1. PRODUZIONE INDUSTRIALE, INDICE DESTAGIONALIZZATO E MEDIA MOBILE A TRE MESI Gennaio 2021 – giugno 2026 (base 2021=100) 
      FIGURA 2. PRODUZIONE INDUSTRIALE, VARIAZIONI PERCENTUALI TENDENZIALI Gennaio 2022 – giugno 2026, dati corretti per gli effetti di calendario (base 2021=100)  
  9092949698100102104106
202120222023202420252026Indice mensileMedia mobile a tre mesi

 
 | 3 
PRODUZIONE  INDUSTRIALE PROSPETTO 1. PRODUZIONE INDUSTRIALE Giugno 2026 (a), indice e variazioni percentuali congiunturali e tendenziali (base 2021=100)  Indice Variazioni congiunturali Variazioni tendenziali giu 26 mag 26 apr26-giu26 gen26-mar26 giu 26 giu 25 gen-giu 26 gen-giu 25 Dati destagionalizzati  93,5 -1,0 0,4 - - Dati corretti per gli effetti di calendario  97,4 - - -0,6 0,5 Dati grezzi  97,7 - - 2,4 1,1  (a) I dati di giugno 2026 sono provvisori; il prospetto 4 riporta le revisioni dei dati relativi a maggio. Le serie complete degli indici sono disponibili nella banca dati IstatData.   PROSPETTO 2. PRODUZIONE INDUSTRIALE PER RAGGRUPPAMENTO PRINCIPALE DI INDUSTRIE Giugno 2026 (a), variazioni percentuali congiunturali e tendenziali (base 2021=100) RAGGRUPPAMENTI PRINCIPALI DI INDUSTRIE Dati destagionalizzati Dati corretti per gli effetti di calendario giu 26 mag 26 apr26-giu26 gen26-mar26 giu 26 giu 25 gen-giu 26 gen-giu 25 Beni di consumo -0,7 -1,2 -3,2 -2,9  Durevoli -1,1 -3,5 -10,7 -9,2  Non durevoli -0,5 -0,5 -1,5 -1,5 Beni strumentali -2,1 1,4 0,6 3,5 Beni intermedi -0,9 0,1 -1,2 0,1 Energia 0,8 -0,1 1,7 0,6 Totale -1,0 0,4 -0,6 0,5 (a) Gli indici vengono corretti per gli effetti di calendario e destagionalizzati utilizzando il metodo diretto, ossia separatamente per ciascun settore di attività economica, raggruppamento principale di industrie e per l’indice generale. Le serie aggregate, trattate con tale metodo, possono differire da quelle che si otterrebbero dalla sintesi degli indici corretti e destagionalizzati dei livelli inferiori di classificazione (metodo indiretto).               
 
 | 4 
PRODUZIONE  INDUSTRIALE PROSPETTO 3. PRODUZIONE INDUSTRIALE PER SETTORE DI ATTIVITÀ ECONOMICA Giugno 2026, variazioni percentuali congiunturali e tendenziali (base 2021=100) SETTORI DI ATTIVITÀ ECONOMICA Dati destagionalizzati Dati corretti per gli effetti di calendario giu 26 mag 26 apr26-giu26 gen26-mar26 giu 26 giu 25 gen-giu 26 gen-giu 25 B Attività estrattiva -0,6 1,6 -1,8 -1,5 C Attività manifatturiere -0,8 0,3 -0,9 0,5 CA Industrie alimentari, bevande e tabacco -0,3 0,0 0,7 0,1 CB Industrie tessili, abbigliamento, pelli e accessori -1,7 -2,9 -7,1 -5,1 CC Industria del legno, della carta e stampa -1,3 0,5 -1,1 -1,9 CD Fabbricazione di coke e prodotti petroliferi raffinati -0,3 10,4 -1,9 -3,6 CE Fabbricazioni di prodotti chimici -4,2 6,4 -1,8 -3,1 CF Produzione di prodotti farmaceutici di base e preparati farmaceutici 0,3 -0,2 1,0 3,3 CG Fabbricazione di articoli in gomma e materie plastiche, altri prodotti della lavorazione di minerali non metalliferi -2,6 -0,1 -1,4 1,2 CH Metallurgia e fabbricazione di prodotti in metallo (esclusi macchine e impianti) -2,2 1,2 -1,5 -0,5 CI Fabbricazione di computer, prodotti di elettronica e ottica, apparecchi elettromedicali, apparecchi di misurazione e orologi 3,0 -0,7 4,5 3,1 CJ Fabbricazione di apparecchiature elettriche e apparecchiature per uso domestico non elettriche 1,3 -1,7 -1,0 0,0 CK Fabbricazione di macchinari e attrezzature n.c.a. -1,5 -0,4 -2,3 2,0 CL Fabbricazione di mezzi di trasporto -2,6 3,1 3,2 10,0 CM Altre industrie manifatturiere, riparazione e installazione di macchine ed apparecchiature 0,4 -0,6 -3,6 -4,6 D Fornitura di energia elettrica, gas, vapore ed aria 0,9 -2,1 2,3 1,4 Totale -1,0 0,4 -0,6 0,5    
 
 | 5 
PRODUZIONE  INDUSTRIALE FIGURA 3. PRODUZIONE INDUSTRIALE, GRADUATORIA DEI SETTORI SECONDO LE VARIAZIONI TENDENZIALI Giugno 2026, indici corretti per gli effetti di calendario (base 2021=100)    

 
 | 6 
PRODUZIONE  INDUSTRIALE  Il prospetto 4 riepiloga le revisioni che sono calcolate come differenza tra i tassi di variazione rilasciati in occasione del comunicato stampa odierno e quelli diffusi nel comunicato precedente. Per le variazioni tendenziali, calcolate sugli indici grezzi, si tratta della revisione corrente che viene effettuata ogni mese. Per le variazioni congiunturali, calcolate sugli indici destagionalizzati, la revisione tiene conto sia dell’aggiunta di una nuova osservazione sia di aggiornamenti nelle specifiche dei modelli di destagionalizzazione effettuati dall'Istat annualmente.   PROSPETTO 4. PRODUZIONE INDUSTRIALE PER RAGGRUPPAMENTO PRINCIPALE DI INDUSTRIE, REVISIONI Maggio 2026, revisioni delle variazioni percentuali, differenze in punti percentuali (base 2021=100) Indice generale Beni di consumo durevoli Beni di consumo non durevoli Beni strumentali Beni intermedi Energia Cong (a) Tend  (b) Cong (a) Tend  (b) Cong (a) Tend  (b) Cong (a) Tend  (b) Cong (a) Tend  (b) Cong (a) Tend  (b) 0,0 0,1 0,0 0,0 0,3 0,4 -0,1 -0,1 0,1 0,0 -0,2 -0,3  
 
 | 7 
 Beni di consumo durevoli: includono, tra gli altri, la fabbricazione di apparecchi per uso domestico, la fabbricazione di mobili, motocicli, la fabbricazione di apparecchi per la riproduzione del suono e dell’immagine. Beni di consumo non durevoli: includono, tra gli altri, la produzione, la lavorazione e la conservazione di prodotti alimentari e bevande, alcune industrie tessili, la fabbricazione di prodotti farmaceutici. Beni intermedi: includono, tra gli altri, la fabbricazione di prodotti chimici, la fabbricazione di metalli e prodotti in metallo, la fabbricazione di apparecchi elettrici, l’industria del legno, la fabbricazione di tessuti. Beni strumentali: includono, tra gli altri, la fabbricazione di macchine e motori, la fabbricazione di strumenti e apparecchi di misurazione e controllo, la fabbricazione di autoveicoli. Campione teorico: l’insieme delle unità sottoposte a rilevazione. Nell'ambito delle rilevazioni congiunturali viene definito in modo ragionato in occasione del ribasamento quinquennale degli indici e mantenuto in modalità longitudinale o panel nei periodi successivi tenendo conto degli eventi societari di trasformazione delle imprese. Dati corretti per gli effetti di calendario: dati depurati, mediante apposite tecniche statistiche, dalla variabilità attribuibile alla composizione del calendario nei singoli periodi (mesi o trimestri), dell’anno, dovuta al diverso numero di giorni di lavorativi o di giorni specifici della settimana in essi contenuti e alla presenza di festività nazionali civili e religiose, fisse e mobili (festività pasquali) nonché dell’anno bisestile. Il ricorso a tale trasformazione dei dati consente di cogliere in maniera più adeguata sia le variazioni tendenziali (calcolate rispetto allo stesso periodo dell’anno precedente) sia le variazioni medie annue. Dati destagionalizzati: dati depurati, mediante apposite tecniche statistiche, dalle fluttuazioni attribuibili alla componente stagionale (dovute a fattori metereologici, consuetudinari, legislativi, ecc.) e, se significativi, dagli effetti calendario. Questa trasformazione dei dati è la più idonea a cogliere l’evoluzione congiunturale di un indicatore.  Energia: include l’industria estrattiva di materie prime energetiche (petrolio, gas naturale), l’industria della raffinazione e la fornitura di energia elettrica, gas, vapore ed aria. Giorni lavorativi di calendario: giorni di calendario del mese diminuiti dei sabati, domeniche e festività civili e religiose nazionali. Indice della produzione industriale: numero indice che misura la variazione nel tempo del volume fisico della produzione effettuata dall’industria in senso stretto (ovvero dell’industria con esclusione delle costruzioni). Raggruppamenti principali di industrie (Rpi): beni di consumo durevoli, beni di consumo non durevoli, beni strumentali, beni intermedi ed energia. Il Regolamento di esecuzione (UE) 2020/1197 fissa, per tutti i paesi membri, i criteri per la definizione degli Rpi: a ciascuno di essi vengono attribuiti, secondo il criterio della prevalenza, interi gruppi e/o divisioni di attività economica. L’Istat provvede a pubblicare anche l’indice per i beni di consumo nel loro complesso, ottenuto come media ponderata degli indici dei beni di consumo durevoli e quelli non durevoli. Settori di attività economica: secondo la classificazione SNA/ISIC A38. La classificazione NACE Rev. 2 - da cui la classificazione Ateco 2007 deriva - non prevede, nella struttura degli aggregati, le Sottosezioni. Per continuità storica con l’informazione precedentemente fornita prima del gennaio 2009, nel Prospetto 3 sono pubblicati gli indici per settore di attività economica. Variazione congiunturale: variazione percentuale rispetto al mese o periodo precedente. Variazione tendenziale: variazione percentuale rispetto allo stesso mese o periodo dell'anno precedente.    PRODUZIONE  INDUSTRIALE 
 
 | 8 
 Quadro normativo L’indice della produzione industriale misura la variazione nel tempo del volume fisico della produzione effettuata dall’industria in senso stretto (ovvero dell’industria con esclusione delle costruzioni).  A partire dal 1° gennaio 2021 ha effetto il Regolamento (UE) 2019/2152 del  Parlamento europeo e del Consiglio del 27 novembre 2019  (con successivo Regolamento di esecuzione (UE) 2020/1197 della Commissione europea del 30 luglio 2020) che sostituisce  il regolamento (CE) n. 1165/1998 del Consiglio europeo e stabilisce il livello di dettaglio, la metodologia e la cadenza con cui  gli indicatori congiunturali devono essere prodotti e trasmessi a Eurostat. La rilevazione è prevista dal Programma statistico nazionale in vigore, consultabile sul sito internet dell'Istat all'indirizzo https://www.sistan.it/index.php?id=52.  Fonti, popolazione, unità di analisi e di rilevazione  Gli indici del 2026 sono calcolati con il metodo del concatenamento introdotto dalla pubblicazione dei dati relativi al mese di gennaio 2022. L’indice della produzione industriale si basa sui risultati di una rilevazione statistica campionaria, condotta presso le imprese (unità di rilevazione), che misura il volume di produzione dei beni inclusi in un paniere rappresentativo di prodotti (unità di analisi). Ciò consente di calcolare numeri indici per voci di prodotto che, a loro volta, sono sintetizzati per attività economica secondo la formula di Laspeyres utilizzando una struttura di pesi che riflette la distribuzione settoriale del valore aggiunto industriale nell’anno che costituisce la base di calcolo, fissata al 2025. La base di riferimento, in linea con gli altri indicatori congiunturali resta l’anno 2021. La lista di riferimento per l'individuazione delle imprese che entrano a far parte del campione è costituita dall'Archivio Statistico delle Imprese Attive (Asia), mentre la selezione avviene a partire dall’analisi dei risultati dell’indagine annuale ProdCom1. Già a partire dalla base di calcolo 2023, per alcuni gruppi di attività economica, la rilevazione sulla produzione industriale utilizza le informazioni derivanti dalla rilevazione mensile sul fatturato dell’industria (FAT). Con la nuova base di calcolo è cresciuto il numero dei gruppi rilevati tramite FAT2, che in totale sono 41 con un peso complessivo del 16,0% rispetto a quello totale. Disegno di rilevazione e raccolta dei dati Con riferimento alla base di calcolo 2025, l'indagine mensile sulla produzione industriale viene effettuata direttamente presso un panel di circa 4.600 imprese che comunicano i dati relativi a poco più di 7.800 flussi mensili di produzione, definiti generalmente in termini di quantità fisiche. In aggiunta a tali dati, per la stima degli andamenti produttivi di specifici settori industriali, vengono utilizzate altre fonti statistiche. Tra di esse vi sono: l’indagine sul bestiame macellato a carni rosse e bianche condotta dall’Istat; le informazioni provenienti del Ministero dell’Ambiente e della Sicurezza Energetica (MASE) per la distribuzione del gas; i dati della produzione di energia elettrica rilevati da TERNA (Rete Elettrica Nazionale).  Con il passaggio per alcuni gruppi agli indici del fatturato cresce la quota – espressa in termini del relativo peso sull’indice generale – dei prodotti rilevati in valore (opportunamente deflazionati con gli indici dei prezzi alla produzione) a detrimento delle altre unità di misura utilizzate nella rilevazione (ore e quantità fisiche). Facendo riferimento al sistema di ponderazione aggiornato con i dati di Frame-SBS 2023 e Prodcom 2024, resta preponderante l’incidenza dei prodotti rilevati in quantità, in calo tuttavia rispetto alla base precedente (65,0% a fronte di 69,8%), seguita dai prodotti rilevati in valore della produzione (24,0%), la cui quota cresce di quasi 5 punti percentuali rispetto alla base di calcolo 2024. Infine, rimane all’11,0% l’incidenza delle produzioni misurate mediante le ore lavorate opportunamente modificate per tenere conto delle variazioni della produttività del lavoro.  Indicatori e strutture dei pesi, sistemi di classificazione utilizzati Le innovazioni introdotte sono in linea con le indicazioni dei principali manuali metodologici e con l’orientamento di Eurostat3. In dettaglio riguardano l’introduzione del nuovo sistema di ponderazione e il rinnovo del campione di imprese utilizzato nella rilevazione.  1  Rilevazione annuale della produzione industriale. 2  Nello specifico ai gruppi 81, 89, 102, 120, 131, 133, 142, 161, 202, 203, 206, 211, 212, 232, 237, 253, 254, 262, 264, 266, 267, 272, 274, 283, 321, 322, 323, 324, 325, 332 sono stati aggiunti i gruppi 106, 109, 132, 152, 234, 239, 252, 279, 292, 309, 329. 3  Recommendations for the Index of Industrial Production 2010 (IRIIP 2010), Department of Economic and Social Affairs, International United Nations New York, 2013 - https://unstats.un.org/unsd/industry/Docs/F107_edited.pdf  Final Report Task Force Chain-Linking in STS- Doc Eurostat/G3 STS TF Chain-Linking SEP 2012 EN- https://ec.europa.eu/eurostat/statistics-explained/index.php?title=Short-term_business_statistics_and_(annual)_chain_linking   PRODUZIONE  INDUSTRIALE 
 
 | 9 
Le imprese forniscono mensilmente informazioni dettagliate riguardo alla produzione di specifici prodotti, appartenenti a un paniere di riferimento scelto in modo da essere rappresentativo dell’insieme delle attività produttive che costituiscono l’industria italiana. I dati pervenuti, opportunamente aggregati, danno luogo ai numeri indice relativi alle singole voci di prodotto. Gli indici elementari sono poi sintetizzati per attività economica, secondo la formula di Laspeyres, utilizzando una struttura di pesi che riflette la distribuzione settoriale del valore aggiunto industriale nell’anno base di calcolo (il 2025 nell’attuale versione). Gli indici così ottenuti sono opportunamente slittati per ogni livello di aggregazione in modo da riportarli alla base di riferimento 2021=100. L’indice viene calcolato, secondo la classificazione delle attività economiche Ateco 2007 (aggiornamento 2022), versione italiana della Nace Rev. 2.  Con l’adozione della base di calcolo 2025 è stato rivisto anche il paniere dei prodotti.  Nello specifico sono stati eliminati 195 prodotti, dei quali 116 a seguito dell’integrazione dei dati dell’indagine con quelli provenienti dalla rilevazione sul fatturato industriale. Nel contempo, al fine di aumentare la copertura nelle classi Ateco seguite dall’indagine, sono stati introdotti 26 nuovi prodotti divenuti significativi.  Con il passaggio alla base di calcolo 2025, dunque, il precedente paniere di 584 voci di prodotto (macroprodotti) si è ridotto a 532 voci. A fronte dell’uscita dal paniere di 74 macroprodotti, tra i 22 entrati, 11 corrispondono agli indici dei gruppi di attività economica recepiti dall’indagine sul fatturato.  L’indagine calcola dunque gli indici elementari di 532 macroprodotti e, per aggregazione di questi ultimi, gli indici di attività economica (secondo la classificazione delle attività economiche Ateco 2007), quello generale e quelli per Raggruppamenti Principali di Industrie (Rpi), definiti dal Regolamento della Commissione n. 656/2007 (G.U. delle Comunità europee del 14 giugno 2007). I Raggruppamenti Principali di Industrie sono: beni di consumo durevoli, beni di consumo non durevoli, beni strumentali, beni intermedi ed energia. Il Regolamento comunitario ha fissato, per tutti i paesi membri, i criteri per la definizione degli RPI: a ciascuno di essi vengono attribuiti, secondo il criterio della prevalenza, interi gruppi e/o divisioni di attività economica. Il prospetto 5 riporta i pesi, assegnati all’interno del sistema di ponderazione utilizzato per il calcolo dell’indice della produzione industriale, dei raggruppamenti principali di industrie e dei settori di attività economica.  PROSPETTO 5. STRUTTURE DI PONDERAZIONE PER SETTORE DI ATTIVITÁ ECONOMICA. Base di calcolo 2025 (*), valori percentuali    RAGGRUPPAMENTI PRINCIPALI DI INDUSTRIE Base di calcolo 2025  Beni di consumo 25,2875     Beni di consumo durevoli 3,9054     Beni di consumo non durevoli 21,3821  Beni strumentali 29,8007  Prodotti intermedi 33,5535  Energia 11,3583 SETTORI DI ATTIVITÀ ECONOMICA  B Attività estrattiva 0,8826 C Attività manifatturiere 89,7598 CA Industrie alimentari, bevande e tabacco 10,0130 CB Industrie tessili, abbigliamento, pelli 7,5314 CC Industria del legno, carta e stampa 4,7738 CD Fabbricazione di coke e prodotti petroliferi raffinati 1,5238 CE Fabbricazioni di prodotti chimici 4,0633 CF Produzione di prodotti farmaceutici di base e di preparati farmaceutici 3,1490 CG Fabbricazione di articoli in gomma e materie plastiche; altri prodotti della lavorazione di minerali non metalliferi 8,5044 CH Metallurgia e fabbricazione di prodotti in metallo (esclusi macchine e impianti) 15,2732 CI Fabbricazione di computer, prodotti di elettronica e ottica, apparecchi elettromedicali, apparecchi di misurazione e orologi 2,7714 CJ Fabbricazione di apparecchiature elettriche e apparecchiature per uso domestico non elettriche 3,7763 CK Fabbricazione di macchinari e attrezzature n.c.a. 12,9417 CL Fabbricazione di mezzi di trasporto 8,1281 CM Altre industrie manifatturiere, riparazione e installazione di macchine ed apparecchiature 7,3104 D Fornitura di energia elettrica, gas, vapore ed aria 9,3576 Indice generale 100,0000  (*)   Per la base corrente quella riportata rappresenta la versione provvisoria della struttura ponderale. La metodologia del concatenamento, prevede una revisione annuale della struttura ponderale, in cui vengono di volta in volta utilizzate le versioni più aggiornate delle fonti informative ProdCom e Frame-SBS. La versione revisionata della struttura ponderale viene elaborata in occasione della revisione annuale degli indici e sarà resa disponibile con il comunicato di gennaio 2026. Per ulteriori approfondimenti si veda la Nota Informativa associata alla statistica flash.   
 
 | 10 
Le serie corrette per gli effetti di calendario e le serie destagionalizzate In aggiunta agli indici originali (cosiddetti “grezzi”) vengono pubblicati gli indici corretti per gli effetti di calendario. Conformemente alle linee guida sulla destagionalizzazione per il Sistema statistico europeo, la correzione viene operata con il metodo di regressione (applicato utilizzando la procedura TRAMO), il quale individua l’effetto dei giorni lavorativi (giorni di calendario del mese diminuiti dei sabati, domeniche e festività civili e religiose nazionali non coincidenti con i sabati e le domeniche), degli anni bisestili e della Pasqua attraverso l’introduzione di un set di regressori nel modello univariato che descrive l’andamento della serie. Va segnalato che le serie di indici corretti per gli effetti di calendario tramite questo metodo non presenterebbero necessariamente una media pari a 100 per l’anno base di riferimento (il 2021 nel caso specifico), in quanto l’effetto dovuto ai giorni lavorativi non è a media nulla su base annuale. Al fine di diffondere un set di indici con una base comune e permettere a Eurostat di compiere più agevolmente le operazioni necessarie alla costruzione degli aggregati europei, le serie storiche corrette vengono riportate in base 2021=100 attraverso un riproporzionamento che ne mantiene inalterato il profilo dinamico. Inoltre, il metodo dei regressori comporta la revisione dei dati poiché ogni informazione mensile che si aggiunge alla serie può determinare nuove stime dei parametri di regressione. Le caratteristiche delle procedure sin qui descritte rendono possibile che, a parità di numero di giorni lavorativi, emerga una differenza nella variazione tendenziale calcolata sulla serie grezza e su quella corretta. Differenze di entità trascurabile possono essere determinate dal riproporzionamento e dal successivo arrotondamento; differenze più significative sono dovute, invece, all’effetto attribuito all’anno bisestile e alla Pasqua e al tipo di modello utilizzato per la correzione degli effetti di calendario. Nel caso del modello additivo, infatti, le differenze risultano inversamente proporzionali al livello degli indici e direttamente proporzionali al valore assoluto delle variazioni tendenziali calcolate sulle serie grezze. In continuità con le scelte già fatte in occasione del precedente cambio base, il periodo di stima delle serie è fissato a gennaio 2001 e gli indici relativi al periodo 1990-2000 non saranno soggetti ad ulteriori modifiche. Gli indici destagionalizzati, infine, sono ottenuti attraverso la procedura TRAMO-SEATS+. Come le altre procedure di destagionalizzazione, anche TRAMO-SEATS+ si basa sull’ipotesi che ogni serie storica a cadenza infrannuale sia rappresentabile come una combinazione di diverse componenti, non osservabili direttamente: una componente di ciclo-trend, che descrive la tendenza di medio e lungo periodo; una componente stagionale, costituita da movimenti periodici, la cui influenza si esaurisce nel corso di un anno; una componente irregolare, dovuta a fattori erratici. TRAMO-SEATS+, in particolare, utilizza un approccio model-based, cioè si fonda sull'identificazione di un modello statistico rappresentativo del comportamento della serie storica da destagionalizzare. Per procedere all'eliminazione della stagionalità, è necessario ipotizzare una modalità di scomposizione della serie “grezza” nelle diverse componenti prima elencate: gli indici della produzione industriale vengono destagionalizzati utilizzando sia una scomposizione di tipo additivo (il dato osservato è costituito dalla somma delle componenti non osservabili), sia una scomposizione di tipo moltiplicativo (il dato osservato è il prodotto delle componenti non osservabili). Gli indici della produzione industriale vengono corretti e destagionalizzati separatamente per ciascun settore di attività economica, raggruppamento principale di industrie e per l’indice generale, per cui gli indici più aggregati non sono calcolati come sintesi dei dati destagionalizzati riferiti ai livelli inferiori di classificazione. Poiché l'aggiunta di una nuova informazione mensile consente una migliore valutazione delle diverse componenti delle serie, ogni mese i dati già pubblicati relativi agli ultimi anni sono soggetti a revisione. Come è pratica consolidata, i modelli statistici utilizzati per la destagionalizzazione e per la correzione, vengono rivisti, all’inizio di ogni anno, per assicurare la capacità di rappresentare correttamente l'andamento della singola serie storica. In corrispondenza della diffusione degli indici relativi a gennaio 2026, oltre alla rettifica delle serie grezze, è stata operata, anche la revisione dei modelli utilizzati per la destagionalizzazione fino al livello di sottosezione di attività economica. Nei prossimi mesi si procederà alla revisione dei modelli relativi alle divisioni, ai gruppi e alle classi di attività economica. Le eccezionali variazioni dei dati grezzi registrate durante l’emergenza sanitaria del 2020-21 sono state gestite secondo le indicazioni contenute nelle linee guida diffuse da Eurostat, disponibili all’URL: https://ec.europa.eu/eurostat/documents/10186/10693286/Time_series_treatment_guidance.pdf Le specifiche dei modelli statistici impiegate per la destagionalizzazione e per la correzione per gli effetti di calendario sono disponibili su richiesta.     
 
 | 11 
La revisione degli indici Gli indici della produzione industriale relativi al mese più recente sono provvisori e sono soggetti ad una revisione che viene effettuata nel mese successivo, sulla base di informazioni aggiuntive che pervengono dalle imprese (gli indici rettificati sono diffusi con il relativo comunicato). Un secondo tipo di revisione avviene a cadenza annuale e riguarda le serie storiche degli indici. Tale revisione ha lo scopo di incorporare negli indici tre tipologie di informazioni che si rendono disponibili successivamente alla pubblicazione della prima rettifica. Nello specifico, gli elementi considerati nel processo di revisione sono i seguenti: u le risposte pervenute dalle imprese dopo la chiusura degli indici rettificati (che avviene di regola intorno a 60 giorni dalla fine del periodo di riferimento); si tratta di una quota di risposte molto limitata, che pesa in media lo 0,5% del campione (misurato in termini di volume di produzione) ma che può determinare rettifiche di un qualche rilievo sugli indici disaggregati; u le correzioni a posteriori di informazioni già pervenute dalle imprese e che sulla base di successive verifiche sono risultate affette da imprecisioni nella misurazione del fenomeno. Si tratta di modifiche che hanno, in media, un effetto contenuto sugli indici aggregati ma che, occasionalmente, possono causare revisioni significative per specifici settori; u l’aggiornamento e la periodica revisione delle statistiche congiunturali (indice di fatturato e ore lavorate) su cui si basano i coefficienti annuali di produttività che, come accennato in precedenza, si utilizzano per i prodotti rilevati in ore lavorate. Tali prodotti, il cui peso è dell’11,0% (nella base di calcolo 2024 basata sulla versione definitiva del sistema ponderale), risultano concentrati in alcuni settori (in particolare, macchine e apparecchi meccanici, apparecchi elettrici e di precisione, mezzi di trasporto, riparazioni ed installazione impianti). Ne deriva che l’effetto della revisione dei coefficienti può risultare più ampia per quegli specifici settori. Dall’anno 2022 le revisioni annuali riguardano solo l’anno precedente, pertanto con i dati di gennaio 2026 vengono diffusi gli indici mensili rivisti del 2025 che, oltre agli effetti sopra descritti, incorporano anche l’aggiornamento del sistema ponderale.  Dettaglio territoriale Gli indici vengono calcolati e diffusi a livello nazionale.  Tempestività La diffusione degli indici mensili della produzione industriale avviene mediante comunicati stampa e nella banca dati IstatData entro 40 giorni dalla fine del periodo di riferimento.  Diffusione I comunicati stampa contengono anche una descrizione dei principali aspetti metodologici della rilevazione e sono disponibili sul sito internet www.istat.it. Gli indici mensili della produzione industriale sono resi disponibili su IstatData. Le serie storiche relative all’indice generale ed ai Raggruppamenti Principali di Industrie, in forma grezza, corretta per gli effetti di calendario e destagionalizzati, sono disponibili per il periodo più recente anche nella pagina web del comunicato stampa nel file excel “Serie storiche”. La descrizione delle modalità di esecuzione della rilevazione e delle attività svolte per garantire la qualità dell'informazione prodotta è disponibile nel Sistema Informativo sulla Qualità (SIQual) dei processi statistici dell’Istat (http://siqual.istat.it/SIQual/visualizza.do?id=0026000).  Per chiarimenti tecnici e metodologici Angela Golino tel. 06 4673.6577 golino@istat.it 
 
 | 12 
         LA STATISTICA UFFICIALE  ASCOLTA I SUOI UTENTI In occasione del Centenario dalla sua fondazione, l’Istat promuove una consultazione pubblica per raccogliere contributi, osservazioni e proposte sui bisogni informativi non ancora pienamente soddisfatti dalla statistica ufficiale. Al centro della consultazione non vi sono le modalità di comunicazione o diffusione dei dati, ma la produzione statistica. L’iniziativa intende rafforzare la qualità, la rilevanza e l’utilizzabilità della produzione statistica, favorendo al tempo stesso trasparenza e partecipazione. La consultazione è aperta a istituzioni, comunità scientifica, operatori dell’informazione, imprese, associazioni e cittadini.      PARTECIPA ADESSO 
"
